firm_name,business_type,firm_street,exists_since,owner_name,owner_street,register_no,notice_date,raw,issue_date,object_id,source_url,ocr_file
,,,,Wacław Bartoszewski,Łuckiej 201,2228,,"Wacław Bartoszewski, zam. w Kowlu przy ul. Łuckiej 201. 2228",1923-06-13,0a455f7d-9260-40f3-88a9-c90a07786990,https://polona.pl/preview/0a455f7d-9260-40f3-88a9-c90a07786990,1923-06-13_Obwieszczenia_Publiczne_dodatek_do_Dziennika_Urzędowego_Ministerstwa_Sprawiedliw_0a455f7d-9260-40f3-88a9-c90a07786990.txt
,,,,Zajwel Bronsztejn,Nowo-Kolejowej 88,979,,"Zajwel Bronsztejn, zam. w Kowlu, przy ul. Nowo-Kolejowej 88. 979",1924-03-04,3ad57a76-0fcd-49c3-b9f8-045287778e22,https://polona.pl/preview/3ad57a76-0fcd-49c3-b9f8-045287778e22,1924-03-04_Obwieszczenia_Publiczne_dodatek_do_Dziennika_Urzędowego_Ministerstwa_Sprawiedliw_3ad57a76-0fcd-49c3-b9f8-045287778e22.txt
Owszyja Sztejnbach,handel maszynami do szycia i instru mentami muzycznemi,,,,,,,„Owszyja Sztejnbach” — handel maszynami do szycia i instru mentami muzycznemi w Kowlu,1924-03-06,445e4a60-bc5e-4ea1-a980-e4408ee76f3d,https://polona.pl/preview/445e4a60-bc5e-4ea1-a980-e4408ee76f3d,1924-03-06_Obwieszczenia_Publiczne_dodatek_do_Dziennika_Urzędowego_Ministerstwa_Sprawiedliw_445e4a60-bc5e-4ea1-a980-e4408ee76f3d.txt
,,,,Szymon Pugacz,Góika Ns 12,1021,,"Szymon Pugacz, zam. w Kowlu, ul. Góika Ns 12. 1021",1924-03-06,445e4a60-bc5e-4ea1-a980-e4408ee76f3d,https://polona.pl/preview/445e4a60-bc5e-4ea1-a980-e4408ee76f3d,1924-03-06_Obwieszczenia_Publiczne_dodatek_do_Dziennika_Urzędowego_Ministerstwa_Sprawiedliw_445e4a60-bc5e-4ea1-a980-e4408ee76f3d.txt
Pesia Rojter,handel materjałami piśmiennemi,Lucka 68,1918,Pesia Rojter,Łuckiej 105,798,,"„Pesia Rojter"", handel materjałami piśmiennemi w Kowlu, ul. Lucka 68. Istnieje od 1918 r. Właśc. Pesia Rojter, zam. w Kowlu, przy ul. Łuckiej 105. 798",1924-03-08,8f29b1f0-607c-4681-8578-eada52a24000,https://polona.pl/preview/8f29b1f0-607c-4681-8578-eada52a24000,1924-03-08_Obwieszczenia_Publiczne_dodatek_do_Dziennika_Urzędowego_Ministerstwa_Sprawiedliw_8f29b1f0-607c-4681-8578-eada52a24000.txt
Józef Barwikowski,pracownia i sprzedaż wyrobów betono wych,,,,,,,"„Józef Barwikowski"", pracownia i sprzedaż wyrobów betono wych w Kowlu",1924-03-08,8f29b1f0-607c-4681-8578-eada52a24000,https://polona.pl/preview/8f29b1f0-607c-4681-8578-eada52a24000,1924-03-08_Obwieszczenia_Publiczne_dodatek_do_Dziennika_Urzędowego_Ministerstwa_Sprawiedliw_8f29b1f0-607c-4681-8578-eada52a24000.txt
Nuchim-Lejb Pugacz,handel artykułami spożywczemi i sprze daż papierosów,,,,,,,„Nuchim-Lejb Pugacz”—handel artykułami spożywczemi i sprze daż papierosów w Kowlu,1924-03-15,e1039650-b528-4871-8510-f1b94ef00550,https://polona.pl/preview/e1039650-b528-4871-8510-f1b94ef00550,1924-03-15_Obwieszczenia_Publiczne_dodatek_do_Dziennika_Urzędowego_Ministerstwa_Sprawiedliw_e1039650-b528-4871-8510-f1b94ef00550.txt
Szaja Giber,sprzedaż wyrobów tytuniowych,,,Szaja Giber,"Udzielono prokury Wolfowi Barowi, zamies",,,"„Szaja Giber”—sprzedaż wyrobów tytuniowych w Kowlu, ul. Luc ka N° 175. Właśc. Szaja Giber, zamieszkały w Kowlu. Udzielono prokury Wolfowi Barowi, zamies",1924-03-15,e1039650-b528-4871-8510-f1b94ef00550,https://polona.pl/preview/e1039650-b528-4871-8510-f1b94ef00550,1924-03-15_Obwieszczenia_Publiczne_dodatek_do_Dziennika_Urzędowego_Ministerstwa_Sprawiedliw_e1039650-b528-4871-8510-f1b94ef00550.txt
Leon Lasota,sklep artykułów spożywczych,,,,,,,"„Leon Lasota”, sklep artykułów spożywczych w Kowlu",1924-03-15,f2df8e25-42bf-4e29-9752-78d21b1f9f84,https://polona.pl/preview/f2df8e25-42bf-4e29-9752-78d21b1f9f84,1924-03-15_Obwieszczenia_Publiczne_dodatek_do_Dziennika_Urzędowego_Ministerstwa_Sprawiedliw_f2df8e25-42bf-4e29-9752-78d21b1f9f84.txt
Franciszek Labuś,sprzedaż wyrobów tytuniowych,,,,,,,"„Franciszek Labuś”, sprzedaż wyrobów tytuniowych w Kowlu",1924-03-15,f2df8e25-42bf-4e29-9752-78d21b1f9f84,https://polona.pl/preview/f2df8e25-42bf-4e29-9752-78d21b1f9f84,1924-03-15_Obwieszczenia_Publiczne_dodatek_do_Dziennika_Urzędowego_Ministerstwa_Sprawiedliw_f2df8e25-42bf-4e29-9752-78d21b1f9f84.txt
Nuchim Twerski,handel wyrobami tytuniowemi,Kolejowa 13,,Nuchim Twerski,Brzeskiej 47,1306,,"„Nuchim Twerski”, handel wyrobami tytuniowemi w Kowlu, ul. Kolejowa 13. Właśc. Nuchim Twerski, zam. w Kowlu, przy ul. Brzeskiej 47. 1306",1924-03-15,f2df8e25-42bf-4e29-9752-78d21b1f9f84,https://polona.pl/preview/f2df8e25-42bf-4e29-9752-78d21b1f9f84,1924-03-15_Obwieszczenia_Publiczne_dodatek_do_Dziennika_Urzędowego_Ministerstwa_Sprawiedliw_f2df8e25-42bf-4e29-9752-78d21b1f9f84.txt
Chaskiel Pomeranc,hurtowy skład piwa i handel wyrobami tytunio- wemi,,,,,,,"„Chaskiel Pomeranc”, hurtowy skład piwa i handel wyrobami tytunio- wemi w Kowlu",1924-03-15,f2df8e25-42bf-4e29-9752-78d21b1f9f84,https://polona.pl/preview/f2df8e25-42bf-4e29-9752-78d21b1f9f84,1924-03-15_Obwieszczenia_Publiczne_dodatek_do_Dziennika_Urzędowego_Ministerstwa_Sprawiedliw_f2df8e25-42bf-4e29-9752-78d21b1f9f84.txt
Zelman Zak,handel artykułami spożywczemi i wyrobami ty- tuniowemi,Górka 10,,,,,,"„Zelman Zak"", handel artykułami spożywczemi i wyrobami ty- tuniowemi w Kowlu, ul. Górka 10.",1924-03-19,47bcdddc-87e3-4f51-a542-5fa0d22e8fa0,https://polona.pl/preview/47bcdddc-87e3-4f51-a542-5fa0d22e8fa0,1924-03-19_Obwieszczenia_Publiczne_dodatek_do_Dziennika_Urzędowego_Ministerstwa_Sprawiedliw_47bcdddc-87e3-4f51-a542-5fa0d22e8fa0.txt
Mojsze Kandel,kawiarnia i sprzedaż wyrobów tytuniowych,Górka 7,,,,,,"„Mojsze Kandel”, kawiarnia i sprzedaż wyrobów tytuniowych w Kowlu, ul. Górka 7",1924-03-22,3b146af4-e419-4545-a13a-25290240e7da,https://polona.pl/preview/3b146af4-e419-4545-a13a-25290240e7da,1924-03-22_Obwieszczenia_Publiczne_dodatek_do_Dziennika_Urzędowego_Ministerstwa_Sprawiedliw_3b146af4-e419-4545-a13a-25290240e7da.txt
Icek Bauch,bufet,Łucka 149,1923,Icek Bauch,Foksal 11,1015,,"„Icek Bauch"", bufet w Kowlu, ul. Łucka 149. Istnieje od 1923 r. Właśc. Icek Bauch, zam. w Kowlu, przy ul. Foksal 11. 1015",1924-04-05,43c93c4a-e102-47a7-bbc2-48e59690f7b9,https://polona.pl/preview/43c93c4a-e102-47a7-bbc2-48e59690f7b9,1924-04-05_Obwieszczenia_Publiczne_dodatek_do_Dziennika_Urzędowego_Ministerstwa_Sprawiedliw_43c93c4a-e102-47a7-bbc2-48e59690f7b9.txt
Bejła Landa,handel artykułami spożywczemi,Brzeska 22,1900,,,,,"„Bejła Landa"", handel artykułami spożywczemi w Kowlu, ul. Brzeska 22. Istnieje od 1900 r.",1924-04-05,43c93c4a-e102-47a7-bbc2-48e59690f7b9,https://polona.pl/preview/43c93c4a-e102-47a7-bbc2-48e59690f7b9,1924-04-05_Obwieszczenia_Publiczne_dodatek_do_Dziennika_Urzędowego_Ministerstwa_Sprawiedliw_43c93c4a-e102-47a7-bbc2-48e59690f7b9.txt
Chaja Wajnsztejn,handel spożywczy,,,Chaja Wajnsztejn,Kolejowej 84,,,"„Chaja Wajnsztejn"", handel spożywczy w Kowlu, ul. Kolejo wa 88. Istnieje od 1921 r. Właśc. Chaja Wajnsztejn, zam. w Kowlu, przy ul. Kolejowej 84",1924-04-05,43c93c4a-e102-47a7-bbc2-48e59690f7b9,https://polona.pl/preview/43c93c4a-e102-47a7-bbc2-48e59690f7b9,1924-04-05_Obwieszczenia_Publiczne_dodatek_do_Dziennika_Urzędowego_Ministerstwa_Sprawiedliw_43c93c4a-e102-47a7-bbc2-48e59690f7b9.txt
Szaja Majzlisz,sprzedaż papierosów,Łucka 2,1922,Szaja Majzlisz,Łu- •ckiej 100,1023,,"„Szaja Majzlisz"", sprzedaż papierosów w Kowlu, ul. Łucka 2. Istnieje od 1922 r. Właśc. Szaja Majzlisz, zam. w Kowlu, przy ul. Łu- •ckiej 100. 1023",1924-04-05,43c93c4a-e102-47a7-bbc2-48e59690f7b9,https://polona.pl/preview/43c93c4a-e102-47a7-bbc2-48e59690f7b9,1924-04-05_Obwieszczenia_Publiczne_dodatek_do_Dziennika_Urzędowego_Ministerstwa_Sprawiedliw_43c93c4a-e102-47a7-bbc2-48e59690f7b9.txt
Chyl Segał,handel wyrobami tytuniowemi,,,,,,,"„Chyl Segał"", handel wyrobami tytuniowemi w Kowlu",1924-04-05,43c93c4a-e102-47a7-bbc2-48e59690f7b9,https://polona.pl/preview/43c93c4a-e102-47a7-bbc2-48e59690f7b9,1924-04-05_Obwieszczenia_Publiczne_dodatek_do_Dziennika_Urzędowego_Ministerstwa_Sprawiedliw_43c93c4a-e102-47a7-bbc2-48e59690f7b9.txt
Jadwiga Burczyńska,handel spożywczy,,,Jadwiga Burczyńska,Górka 13,1108,,"„Jadwiga Burczyńska"", handel spożywczy w Kowlu, przy ul. Górka 3. Właśc. Jadwiga Burczyńska, zam. w Kowlu, przy ul. Górka 13. 1108",1924-04-05,43c93c4a-e102-47a7-bbc2-48e59690f7b9,https://polona.pl/preview/43c93c4a-e102-47a7-bbc2-48e59690f7b9,1924-04-05_Obwieszczenia_Publiczne_dodatek_do_Dziennika_Urzędowego_Ministerstwa_Sprawiedliw_43c93c4a-e102-47a7-bbc2-48e59690f7b9.txt
Jowel-Ber Bronsztejn,handel spożywczy,,,,,,,"„Jowel-Ber Bronsztejn"", handel spożywczy w Kowlu",1924-04-05,43c93c4a-e102-47a7-bbc2-48e59690f7b9,https://polona.pl/preview/43c93c4a-e102-47a7-bbc2-48e59690f7b9,1924-04-05_Obwieszczenia_Publiczne_dodatek_do_Dziennika_Urzędowego_Ministerstwa_Sprawiedliw_43c93c4a-e102-47a7-bbc2-48e59690f7b9.txt
SruI Finkelsztejn,skład apteczny,Lucka 59,,Srul Finkelsztejn,Stra żackiej 22,,7 czerwca 1924,"»SruI Finkelsztejn”, skład apteczny w Kowlu, ul. Lucka 59. 1st* nieje odI 1919 r. Właśc. Srul Finkelsztejn, zam. w Kowlu, przy ul. Stra żackiej 22. d. 7 czerwca 1924 r",1924-04-05,a062b514-0445-45d0-bae9-4447c9aebbdb,https://polona.pl/preview/a062b514-0445-45d0-bae9-4447c9aebbdb,1924-04-05_Obwieszczenia_Publiczne_dodatek_do_Dziennika_Urzędowego_Ministerstwa_Sprawiedliw_a062b514-0445-45d0-bae9-4447c9aebbdb.txt
Icek Barg,hotel „Belwiu”,Lucka 131,1921,,,,,"„Icek Barg”, hotel „Belwiu”, w Kowlu, ul. Lucka 131. Istnieje od 1921 r.",1924-04-05,a062b514-0445-45d0-bae9-4447c9aebbdb,https://polona.pl/preview/a062b514-0445-45d0-bae9-4447c9aebbdb,1924-04-05_Obwieszczenia_Publiczne_dodatek_do_Dziennika_Urzędowego_Ministerstwa_Sprawiedliw_a062b514-0445-45d0-bae9-4447c9aebbdb.txt
Poliszuk Cal,handel galanterją,Lucka 161,1906,,,,,"„Poliszuk Cal”, handel galanterją w Kowlu, ul. Lucka 161. Istnieje od 1906 r.",1924-04-05,a062b514-0445-45d0-bae9-4447c9aebbdb,https://polona.pl/preview/a062b514-0445-45d0-bae9-4447c9aebbdb,1924-04-05_Obwieszczenia_Publiczne_dodatek_do_Dziennika_Urzędowego_Ministerstwa_Sprawiedliw_a062b514-0445-45d0-bae9-4447c9aebbdb.txt
Stanisław Włodarski,handel obuwiem i przyborami szewskiemi,Lucka 118,1908,,,,,"„Stanisław Włodarski”, handel obuwiem i przyborami szewskiemi w Kowlu, ul. Lucka 118. Istnieje od 1908 r.",1924-04-05,a062b514-0445-45d0-bae9-4447c9aebbdb,https://polona.pl/preview/a062b514-0445-45d0-bae9-4447c9aebbdb,1924-04-05_Obwieszczenia_Publiczne_dodatek_do_Dziennika_Urzędowego_Ministerstwa_Sprawiedliw_a062b514-0445-45d0-bae9-4447c9aebbdb.txt
Dawid Mvcznik,księgarnia i handel materjałami piśmiennemi,Lucka 127,1900,Dawid Mycznik,Łuckiej 121,1401,,"„Dawid Mvcznik”, księgarnia i handel materjałami piśmiennemi w Kowlu, ul. Lucka 127. Istnieje od 1900 r. Właśc. Dawid Mycznik, zam. w Kowlu, przy ul. Łuckiej 121. 1401",1924-04-05,a062b514-0445-45d0-bae9-4447c9aebbdb,https://polona.pl/preview/a062b514-0445-45d0-bae9-4447c9aebbdb,1924-04-05_Obwieszczenia_Publiczne_dodatek_do_Dziennika_Urzędowego_Ministerstwa_Sprawiedliw_a062b514-0445-45d0-bae9-4447c9aebbdb.txt
Józef Goldsztejn,pracownia kapeluszy i handel galanterją,,,Józef Goldsztejn,Kolejowej 77,1443,12 sierpnia 1924,"„Józef Goldsztejn”, pracownia kapeluszy i handel galanterją w Kowlu, przy ul. Łuckiej 117. Istnieje od 1921 r. Właśc. Józef Goldsztejn, zam. w Kowlu, przy ul. Kolejowej 77. d. 12 sierpnia 1924 r. 1443",1924-04-05,a062b514-0445-45d0-bae9-4447c9aebbdb,https://polona.pl/preview/a062b514-0445-45d0-bae9-4447c9aebbdb,1924-04-05_Obwieszczenia_Publiczne_dodatek_do_Dziennika_Urzędowego_Ministerstwa_Sprawiedliw_a062b514-0445-45d0-bae9-4447c9aebbdb.txt
Marja Grinblat,handel artykułami spożywczemi i galanterją,,,Marja Grinblat,Kolejowej 38,1424,18 lipca 1924,"„Marja Grinblat”, handel artykułami spożywczemi i galanterją w Kowlu, przy ul. Łuckiej 38. Istnieje od 1912 r. Właśc. Marja Grinblat, zam. w Kowlu, przy ul. Kolejowej 38. d. 18 lipca 1924 r. 1424",1924-04-05,a062b514-0445-45d0-bae9-4447c9aebbdb,https://polona.pl/preview/a062b514-0445-45d0-bae9-4447c9aebbdb,1924-04-05_Obwieszczenia_Publiczne_dodatek_do_Dziennika_Urzędowego_Ministerstwa_Sprawiedliw_a062b514-0445-45d0-bae9-4447c9aebbdb.txt
Karol Olszowiec,koncesjonowano-kaucjonowane biuro komi sowe i techniczno-handlowe,,,Karol Olszowiec,Łuckiej 147,1460,14 sierpnia 1924,"„Karol Olszowiec”, koncesjonowano-kaucjonowane biuro komi sowe i techniczno-handlowe w Kowlu, przy ul. Łuckiej 147. Właśc. Karol Olszowiec, zam. w Kowlu, przy ul. Łuckiej 147. d. 14 sierpnia 1924 r. 1460",1924-04-05,a062b514-0445-45d0-bae9-4447c9aebbdb,https://polona.pl/preview/a062b514-0445-45d0-bae9-4447c9aebbdb,1924-04-05_Obwieszczenia_Publiczne_dodatek_do_Dziennika_Urzędowego_Ministerstwa_Sprawiedliw_a062b514-0445-45d0-bae9-4447c9aebbdb.txt
,,,,Chynia Garber,Strażacka 32,,,"Chynia Garber, zam. w Kowlu, ul. Strażacka 32",1924-04-05,a062b514-0445-45d0-bae9-4447c9aebbdb,https://polona.pl/preview/a062b514-0445-45d0-bae9-4447c9aebbdb,1924-04-05_Obwieszczenia_Publiczne_dodatek_do_Dziennika_Urzędowego_Ministerstwa_Sprawiedliw_a062b514-0445-45d0-bae9-4447c9aebbdb.txt
Joś Sochaczewski,handel wyrobami tytuniowemi,Ko- *,,,,,,"„Joś Sochaczewski"", handel wyrobami tytuniowemi w Kowlu, ul. Ko- *",1924-04-12,623c4806-8034-4eae-be21-9dda5a5a93a8,https://polona.pl/preview/623c4806-8034-4eae-be21-9dda5a5a93a8,1924-04-12_Obwieszczenia_Publiczne_dodatek_do_Dziennika_Urzędowego_Ministerstwa_Sprawiedliw_623c4806-8034-4eae-be21-9dda5a5a93a8.txt
Srul Sztofenberg,handel wyrobami tytuniowemi,,,Srul Sztofenberg,Wojskowej 17,1160,,"„Srul Sztofenberg"", handel wyrobami tytuniowemi w Kowlu, przy ul. Łuckiej 193. Właśc. Srul Sztofenberg, zam. w Kowlu, przy ul. Wojskowej 17. 1160",1924-04-12,623c4806-8034-4eae-be21-9dda5a5a93a8,https://polona.pl/preview/623c4806-8034-4eae-be21-9dda5a5a93a8,1924-04-12_Obwieszczenia_Publiczne_dodatek_do_Dziennika_Urzędowego_Ministerstwa_Sprawiedliw_623c4806-8034-4eae-be21-9dda5a5a93a8.txt
Mejer Pomeranc,handel wyrobami tytuniowemi,,,,,,,"„Mejer Pomeranc"", handel wyrobami tytuniowemi w Kowlu",1924-04-12,623c4806-8034-4eae-be21-9dda5a5a93a8,https://polona.pl/preview/623c4806-8034-4eae-be21-9dda5a5a93a8,1924-04-12_Obwieszczenia_Publiczne_dodatek_do_Dziennika_Urzędowego_Ministerstwa_Sprawiedliw_623c4806-8034-4eae-be21-9dda5a5a93a8.txt
Josif Spiwak,handel galanterją i konfekcją dziecinną,Łucka 89,,,,,,"„Josif Spiwak"", handel galanterją i konfekcją dziecinną w Kowlu, Łucka 89.",1924-04-26,a7f21fd6-344c-49c8-a705-e099da18e039,https://polona.pl/preview/a7f21fd6-344c-49c8-a705-e099da18e039,1924-04-26_Obwieszczenia_Publiczne_dodatek_do_Dziennika_Urzędowego_Ministerstwa_Sprawiedliw_a7f21fd6-344c-49c8-a705-e099da18e039.txt
Chaim-Jankiel Byk,handel mięsem,Brzeska 25,1921,,,,,"„Chaim-Jankiel Byk“, handel mięsem w Kowlu, ul. Brzeska 25. Istnieje od 1921 r.",1924-04-26,a7f21fd6-344c-49c8-a705-e099da18e039,https://polona.pl/preview/a7f21fd6-344c-49c8-a705-e099da18e039,1924-04-26_Obwieszczenia_Publiczne_dodatek_do_Dziennika_Urzędowego_Ministerstwa_Sprawiedliw_a7f21fd6-344c-49c8-a705-e099da18e039.txt
Srul Jucht,handel artykułami spożywczemi,,,Srul Jucht,Handlowej 47,1129,,"„Srul Jucht"", handel artykułami spożywczemi w Kowlu, ul. Han dlowa 3. Istnieje od 1922 r. Właśc. Srul Jucht, zamieszkały w Kowlu, przy ul. Handlowej 47. 1129",1924-04-26,a7f21fd6-344c-49c8-a705-e099da18e039,https://polona.pl/preview/a7f21fd6-344c-49c8-a705-e099da18e039,1924-04-26_Obwieszczenia_Publiczne_dodatek_do_Dziennika_Urzędowego_Ministerstwa_Sprawiedliw_a7f21fd6-344c-49c8-a705-e099da18e039.txt
Paja Linzen,piwiarnia,Włodzimierska 6,1910,,,,,"„Paja Linzen"", piwiarnia w Kowlu, ul. Włodzimierska 6. Istniej 3 od 1910 r.",1924-04-26,a7f21fd6-344c-49c8-a705-e099da18e039,https://polona.pl/preview/a7f21fd6-344c-49c8-a705-e099da18e039,1924-04-26_Obwieszczenia_Publiczne_dodatek_do_Dziennika_Urzędowego_Ministerstwa_Sprawiedliw_a7f21fd6-344c-49c8-a705-e099da18e039.txt
Jankiel Fidel,handel skórami surowemi i prasowanemi oraz szczeciną,Magistracka 19,1884,,,,,"„Jankiel Fidel"", handel skórami surowemi i prasowanemi oraz szczeciną w Kowlu, ul. Magistracka 19. Istnieje od 1884 r.",1924-04-26,a7f21fd6-344c-49c8-a705-e099da18e039,https://polona.pl/preview/a7f21fd6-344c-49c8-a705-e099da18e039,1924-04-26_Obwieszczenia_Publiczne_dodatek_do_Dziennika_Urzędowego_Ministerstwa_Sprawiedliw_a7f21fd6-344c-49c8-a705-e099da18e039.txt
Chaja Zyskind,handel galanterją,Łucka 5Ł,1915,Chaja Zyskind,Włodzimierskiej 81,1132,,"„Chaja Zyskind"", handel galanterją w Kowlu, ul. Łucka 5Ł Istnieje od 1915 r. Właśc. Chaja Zyskind, zamieszkała w Kowlu, przy ul. Włodzimierskiej 81. 1132",1924-04-26,a7f21fd6-344c-49c8-a705-e099da18e039,https://polona.pl/preview/a7f21fd6-344c-49c8-a705-e099da18e039,1924-04-26_Obwieszczenia_Publiczne_dodatek_do_Dziennika_Urzędowego_Ministerstwa_Sprawiedliw_a7f21fd6-344c-49c8-a705-e099da18e039.txt
Motel Maluszka,handel artykułami spożywczemi,Handlowa 10,1905,Motel Maluszka,Maciejowskiej 49,1134,,"„Motel Maluszka"", handel artykułami spożywczemi w Kowlu, ul. Handlowa 10. Istnieje od 1905 r. Właśc. Motel Maluszka, zamieszkały w Kowlu, przy ul. Maciejowskiej 49. 1134",1924-04-26,a7f21fd6-344c-49c8-a705-e099da18e039,https://polona.pl/preview/a7f21fd6-344c-49c8-a705-e099da18e039,1924-04-26_Obwieszczenia_Publiczne_dodatek_do_Dziennika_Urzędowego_Ministerstwa_Sprawiedliw_a7f21fd6-344c-49c8-a705-e099da18e039.txt
Gedalja Szul,handel artykułami spożywczemi,Kolejowa 58,1902,,,,,"„Gedalja Szul"", handel artykułami spożywczemi w Kowlu, ul- Kolejowa 58. Istnieje od 1902 r.",1924-04-26,a7f21fd6-344c-49c8-a705-e099da18e039,https://polona.pl/preview/a7f21fd6-344c-49c8-a705-e099da18e039,1924-04-26_Obwieszczenia_Publiczne_dodatek_do_Dziennika_Urzędowego_Ministerstwa_Sprawiedliw_a7f21fd6-344c-49c8-a705-e099da18e039.txt
Ejnbinder Józef,handel galanterją,Łucka 86,1924,,,,,"„Ejnbinder Józef”, handel galanterją w Kowlu, ul. Łucka 86. istnieje od 1924 r.",1924-04-26,b4b059a8-d099-433a-84d2-825199586a4d,https://polona.pl/preview/b4b059a8-d099-433a-84d2-825199586a4d,1924-04-26_Obwieszczenia_Publiczne_dodatek_do_Dziennika_Urzędowego_Ministerstwa_Sprawiedliw_b4b059a8-d099-433a-84d2-825199586a4d.txt
Rejder Cyrla,handel spożywczy,Łucka 195,,,,,,"„Rejder Cyrla”, handel spożywczy w Kowlu, ul. Łucka 195",1924-04-26,b4b059a8-d099-433a-84d2-825199586a4d,https://polona.pl/preview/b4b059a8-d099-433a-84d2-825199586a4d,1924-04-26_Obwieszczenia_Publiczne_dodatek_do_Dziennika_Urzędowego_Ministerstwa_Sprawiedliw_b4b059a8-d099-433a-84d2-825199586a4d.txt
Segenkagan Pesia,pracownia kapeluszy i handel galanterją,Łucka 71,1913,,,,,"„Segenkagan Pesia”, pracownia kapeluszy i handel galanterją w Kowlu, ul. Łucka 71. Istnieje od 1913 r.",1924-04-26,b4b059a8-d099-433a-84d2-825199586a4d,https://polona.pl/preview/b4b059a8-d099-433a-84d2-825199586a4d,1924-04-26_Obwieszczenia_Publiczne_dodatek_do_Dziennika_Urzędowego_Ministerstwa_Sprawiedliw_b4b059a8-d099-433a-84d2-825199586a4d.txt
Sosna Icko,handel spożywczy,Listopadowa 87,,,,,,"„Sosna Icko”, handel spożywczy w Kowlu, ul. Listopadowa 87",1924-04-26,b4b059a8-d099-433a-84d2-825199586a4d,https://polona.pl/preview/b4b059a8-d099-433a-84d2-825199586a4d,1924-04-26_Obwieszczenia_Publiczne_dodatek_do_Dziennika_Urzędowego_Ministerstwa_Sprawiedliw_b4b059a8-d099-433a-84d2-825199586a4d.txt
Szechter Marjam,handel obuwiem,Łucka 100,,Szechter Marjam,Pomni kowej 12,1061,,"„Szechter Marjam”, handel obuwiem w Kowlu, ul. Łucka 100. Jstnieje od 1922 r. Właśc. Szechter Marjam, zam. w Kowlu, przy ul. Pomni kowej 12 . . 1061",1924-04-26,b4b059a8-d099-433a-84d2-825199586a4d,https://polona.pl/preview/b4b059a8-d099-433a-84d2-825199586a4d,1924-04-26_Obwieszczenia_Publiczne_dodatek_do_Dziennika_Urzędowego_Ministerstwa_Sprawiedliw_b4b059a8-d099-433a-84d2-825199586a4d.txt
Ejnoch Jakób,handel spożywczy,Brzeska 11,,,,,,"„Ejnoch Jakób”, handel spożywczy w Kowlu, ul. Brzeska 11",1924-04-26,b4b059a8-d099-433a-84d2-825199586a4d,https://polona.pl/preview/b4b059a8-d099-433a-84d2-825199586a4d,1924-04-26_Obwieszczenia_Publiczne_dodatek_do_Dziennika_Urzędowego_Ministerstwa_Sprawiedliw_b4b059a8-d099-433a-84d2-825199586a4d.txt
Chaja Sztejnberg,handel spożywczy,,,,,,,"„Chaja Sztejnberg”, handel spożywczy w Kowlu, ul",1924-04-26,b4b059a8-d099-433a-84d2-825199586a4d,https://polona.pl/preview/b4b059a8-d099-433a-84d2-825199586a4d,1924-04-26_Obwieszczenia_Publiczne_dodatek_do_Dziennika_Urzędowego_Ministerstwa_Sprawiedliw_b4b059a8-d099-433a-84d2-825199586a4d.txt
Linzen Hersz,piwiarnia,Łucka 38,,,,,,"„Linzen Hersz”, piwiarnia w Kowlu, ul. Łucka 38",1924-04-26,b4b059a8-d099-433a-84d2-825199586a4d,https://polona.pl/preview/b4b059a8-d099-433a-84d2-825199586a4d,1924-04-26_Obwieszczenia_Publiczne_dodatek_do_Dziennika_Urzędowego_Ministerstwa_Sprawiedliw_b4b059a8-d099-433a-84d2-825199586a4d.txt
Bronzaft Szulim,"handel skórami, przyborami szewckiemi i obu* 'em",Łucka 18,1897,,,,,"„Bronzaft Szulim”, handel skórami, przyborami szewckiemi i obu* 'em w Kowlu, ul. Łucka 18. Istnieje od 1897 r.",1924-04-26,b4b059a8-d099-433a-84d2-825199586a4d,https://polona.pl/preview/b4b059a8-d099-433a-84d2-825199586a4d,1924-04-26_Obwieszczenia_Publiczne_dodatek_do_Dziennika_Urzędowego_Ministerstwa_Sprawiedliw_b4b059a8-d099-433a-84d2-825199586a4d.txt
Dawidowicz flron,sprzedaż mięsa,Mało-Włodzi- •erska 6,1921,Dawidowicz flron,y ul,,,"„Dawidowicz flron”, sprzedaż mięsa w Kowlu, ul. Mało-Włodzi- •erska 6. Istnieje od 1921 r. Właśc. Dawidowicz flron, zam. w Kowlu, prz y ul",1924-04-26,b4b059a8-d099-433a-84d2-825199586a4d,https://polona.pl/preview/b4b059a8-d099-433a-84d2-825199586a4d,1924-04-26_Obwieszczenia_Publiczne_dodatek_do_Dziennika_Urzędowego_Ministerstwa_Sprawiedliw_b4b059a8-d099-433a-84d2-825199586a4d.txt
Fajner Chaja,handel galanterją,Kolejowa 79,,,,,,"„Fajner Chaja"", handel galanterją w Kowlu, ul. Kolejowa 79",1924-04-26,b4b059a8-d099-433a-84d2-825199586a4d,https://polona.pl/preview/b4b059a8-d099-433a-84d2-825199586a4d,1924-04-26_Obwieszczenia_Publiczne_dodatek_do_Dziennika_Urzędowego_Ministerstwa_Sprawiedliw_b4b059a8-d099-433a-84d2-825199586a4d.txt
Kadiec Lejzor,handel artykułami spożywczemi,• Mieszczańska 4,1904,,,,,"„Kadiec Lejzor”, handel artykułami spożywczemi w Kowlu, • Mieszczańska 4. Istnieje od 1904 r.",1924-04-26,b4b059a8-d099-433a-84d2-825199586a4d,https://polona.pl/preview/b4b059a8-d099-433a-84d2-825199586a4d,1924-04-26_Obwieszczenia_Publiczne_dodatek_do_Dziennika_Urzędowego_Ministerstwa_Sprawiedliw_b4b059a8-d099-433a-84d2-825199586a4d.txt
Cukierman Szyfra,handel artykułami spożywczemi,^'• Handlowa 11,1921,,,,,"„Cukierman Szyfra”, handel artykułami spożywczemi w Kowlu, ^'• Handlowa 11. Istnieje od 1921 r.",1924-04-26,b4b059a8-d099-433a-84d2-825199586a4d,https://polona.pl/preview/b4b059a8-d099-433a-84d2-825199586a4d,1924-04-26_Obwieszczenia_Publiczne_dodatek_do_Dziennika_Urzędowego_Ministerstwa_Sprawiedliw_b4b059a8-d099-433a-84d2-825199586a4d.txt
Chaja Zafran,handel spożywczy,Pomnikowa 51,1901,,,,,"„Chaja Zafran”, handel spożywczy w Kowlu, ul. Pomnikowa 51- Istnieje od 1901 r",1924-04-26,b4b059a8-d099-433a-84d2-825199586a4d,https://polona.pl/preview/b4b059a8-d099-433a-84d2-825199586a4d,1924-04-26_Obwieszczenia_Publiczne_dodatek_do_Dziennika_Urzędowego_Ministerstwa_Sprawiedliw_b4b059a8-d099-433a-84d2-825199586a4d.txt
Froim Sztejnberg,handel towarami spożywczemi i zbożem,Łucka 271,1921,,,,,"„Froim Sztejnberg”, handel towarami spożywczemi i zbożem w Kowlu, ul. Łucka 271. Istnieje od 1921 r.",1924-04-26,b4b059a8-d099-433a-84d2-825199586a4d,https://polona.pl/preview/b4b059a8-d099-433a-84d2-825199586a4d,1924-04-26_Obwieszczenia_Publiczne_dodatek_do_Dziennika_Urzędowego_Ministerstwa_Sprawiedliw_b4b059a8-d099-433a-84d2-825199586a4d.txt
Nojech Olszecki,handel towarami łokciowemi,D,,,,,,"„Nojech Olszecki”, handel towarami łokciowemi w Kowlu, ul. D",1924-04-26,b4b059a8-d099-433a-84d2-825199586a4d,https://polona.pl/preview/b4b059a8-d099-433a-84d2-825199586a4d,1924-04-26_Obwieszczenia_Publiczne_dodatek_do_Dziennika_Urzędowego_Ministerstwa_Sprawiedliw_b4b059a8-d099-433a-84d2-825199586a4d.txt
Icko Chmiel,handel mięsem,,,Icko Chmiel,M,,,"„Icko Chmiel”, handel mięsem w Kowlu, przy ul. Brzeskiej 50- Istnieje od 1919 r. Właśc. Icko Chmiel, zam. w Kowlu, przy ul. M",1924-04-26,b4b059a8-d099-433a-84d2-825199586a4d,https://polona.pl/preview/b4b059a8-d099-433a-84d2-825199586a4d,1924-04-26_Obwieszczenia_Publiczne_dodatek_do_Dziennika_Urzędowego_Ministerstwa_Sprawiedliw_b4b059a8-d099-433a-84d2-825199586a4d.txt
(Jszer Cuperfajn,handel farbami suchemi,,,Uszer Cuperfajn,Handlowej 15,1080,,"„(Jszer Cuperfajn”, handel farbami suchemi w Kowlu, ul. Hand lowa 7. Istnieje od 1900 r. Właśc. Uszer Cuperfajn, zam. w Kowlu, przy Handlowej 15. 1080",1924-04-26,b4b059a8-d099-433a-84d2-825199586a4d,https://polona.pl/preview/b4b059a8-d099-433a-84d2-825199586a4d,1924-04-26_Obwieszczenia_Publiczne_dodatek_do_Dziennika_Urzędowego_Ministerstwa_Sprawiedliw_b4b059a8-d099-433a-84d2-825199586a4d.txt
Ajzen Dawid,piwiarnia,Kolejowa 91,1905,,,,,"„Ajzen Dawid”, piwiarnia w Kowlu, ul. Kolejowa 91. Istnieje od 1905 r.",1924-04-26,b4b059a8-d099-433a-84d2-825199586a4d,https://polona.pl/preview/b4b059a8-d099-433a-84d2-825199586a4d,1924-04-26_Obwieszczenia_Publiczne_dodatek_do_Dziennika_Urzędowego_Ministerstwa_Sprawiedliw_b4b059a8-d099-433a-84d2-825199586a4d.txt
Mytnik Hersz,handel mięsem,Łucka 150,1918,Mytnik Hersz,Legjonowej 36,1082,,"„Mytnik Hersz"", handel mięsem w Kowlu, ul. Łucka 150. Istnieje od 1918 r. Właśc. Mytnik Hersz, zam. w Kowlu, przy ul. Legjonowej 36. 1082",1924-04-26,b4b059a8-d099-433a-84d2-825199586a4d,https://polona.pl/preview/b4b059a8-d099-433a-84d2-825199586a4d,1924-04-26_Obwieszczenia_Publiczne_dodatek_do_Dziennika_Urzędowego_Ministerstwa_Sprawiedliw_b4b059a8-d099-433a-84d2-825199586a4d.txt
Szumowska Anna,sprzedaż artykułów spożywczych i piw 3,Dzika 28,,,,,,"„Szumowska Anna”, sprzedaż artykułów spożywczych i piw 3 w Kowlu, ul. Dzika 28.",1924-04-26,b4b059a8-d099-433a-84d2-825199586a4d,https://polona.pl/preview/b4b059a8-d099-433a-84d2-825199586a4d,1924-04-26_Obwieszczenia_Publiczne_dodatek_do_Dziennika_Urzędowego_Ministerstwa_Sprawiedliw_b4b059a8-d099-433a-84d2-825199586a4d.txt
Fridman Czerna,handel ubraniami i chustkami,,,Fridman Czerna,M,,,"„Fridman Czerna”, handel ubraniami i chustkami w Kowlu, ul. Łuc ka 6. Istnieje od 1920 r. Właśc. Fridman Czerna, zam. w Kowlu, przy ul. M",1924-04-26,b4b059a8-d099-433a-84d2-825199586a4d,https://polona.pl/preview/b4b059a8-d099-433a-84d2-825199586a4d,1924-04-26_Obwieszczenia_Publiczne_dodatek_do_Dziennika_Urzędowego_Ministerstwa_Sprawiedliw_b4b059a8-d099-433a-84d2-825199586a4d.txt
Fridman Benjamin,handel galanterją,Łucka 113,1905,Fridman Benjamin,Łuckiej 115,1085,,"„Fridman Benjamin”, handel galanterją w Kowlu, ul. Łucka 113- Istnieje od 1905 r. Właśc. Fridman Benjamin, zam. w Kowlu, przy ul. Łuckiej 115. 1085",1924-04-26,b4b059a8-d099-433a-84d2-825199586a4d,https://polona.pl/preview/b4b059a8-d099-433a-84d2-825199586a4d,1924-04-26_Obwieszczenia_Publiczne_dodatek_do_Dziennika_Urzędowego_Ministerstwa_Sprawiedliw_b4b059a8-d099-433a-84d2-825199586a4d.txt
Chaim-Duwid Cukierman,handel artykułami spożywczemi,Handlowa 18,1921,Chaim-Duwid Cukier man,Sobornej 4,1086,,"„Chaim-Duwid Cukierman”, handel artykułami spożywczemi w Kowlu, ul. Handlowa 18. Istnieje od 1921 r. Właśc. Chaim-Duwid Cukier man, zam. w Kowlu, przy ul. Sobornej 4. 1086",1924-04-26,b4b059a8-d099-433a-84d2-825199586a4d,https://polona.pl/preview/b4b059a8-d099-433a-84d2-825199586a4d,1924-04-26_Obwieszczenia_Publiczne_dodatek_do_Dziennika_Urzędowego_Ministerstwa_Sprawiedliw_b4b059a8-d099-433a-84d2-825199586a4d.txt
Gutman Idei,handel artykułami spożywczemi,,,Gutman Idei,Listopadowej 74,1087,,"„Gutman Idei”, handel artykułami spożywczemi w Kowlu, ul. fl r "" tyleryjska 6. Istnieje od 1918 r. Właśc. Gutman Idei, zam. w Kowlu, przy ul. Listopadowej 74. 1087",1924-04-26,b4b059a8-d099-433a-84d2-825199586a4d,https://polona.pl/preview/b4b059a8-d099-433a-84d2-825199586a4d,1924-04-26_Obwieszczenia_Publiczne_dodatek_do_Dziennika_Urzędowego_Ministerstwa_Sprawiedliw_b4b059a8-d099-433a-84d2-825199586a4d.txt
Hersz-Wolf Landa,handel skórami surowemi,,,,,,,"„Hersz-Wolf Landa”, handel skórami surowemi w Kowlu, ul",1924-04-30,703d0d66-f6f4-451e-9638-08f04b344b21,https://polona.pl/preview/703d0d66-f6f4-451e-9638-08f04b344b21,1924-04-30_Obwieszczenia_Publiczne_dodatek_do_Dziennika_Urzędowego_Ministerstwa_Sprawiedliw_703d0d66-f6f4-451e-9638-08f04b344b21.txt
Srul Orajewer,handel manufakturą i chustkami,on- 7 3,1912,,,,,"„Srul Orajewer”, handel manufakturą i chustkami w Kowlu, on- 7 3 Istnieje od 1912 r",1924-04-30,703d0d66-f6f4-451e-9638-08f04b344b21,https://polona.pl/preview/703d0d66-f6f4-451e-9638-08f04b344b21,1924-04-30_Obwieszczenia_Publiczne_dodatek_do_Dziennika_Urzędowego_Ministerstwa_Sprawiedliw_703d0d66-f6f4-451e-9638-08f04b344b21.txt
Bronisław Szterba,handel wyrobami masarskiemi,Sienkiewicza 21,1919,,,,,"„Bronisław Szterba”, handel wyrobami masarskiemi w Kowlu, ul, Sienkiewicza 21. Istnieje od 1919 r",1924-04-30,703d0d66-f6f4-451e-9638-08f04b344b21,https://polona.pl/preview/703d0d66-f6f4-451e-9638-08f04b344b21,1924-04-30_Obwieszczenia_Publiczne_dodatek_do_Dziennika_Urzędowego_Ministerstwa_Sprawiedliw_703d0d66-f6f4-451e-9638-08f04b344b21.txt
Hersz Lejb Curyf,handel artykułami spożywczemi,Pomnikowa 33; wlaśc,,,,,,"„Hersz Lejb Curyf”, handel artykułami spożywczemi w Kowlu, Pomnikowa 33; wlaśc",1924-04-30,703d0d66-f6f4-451e-9638-08f04b344b21,https://polona.pl/preview/703d0d66-f6f4-451e-9638-08f04b344b21,1924-04-30_Obwieszczenia_Publiczne_dodatek_do_Dziennika_Urzędowego_Ministerstwa_Sprawiedliw_703d0d66-f6f4-451e-9638-08f04b344b21.txt
,,,,Ela Finkielsztejn,Targowej 4,1066,13 marca 1924,"Ela Finkielsztejn, zam. w Kowlu, przy ul. Targowej 4. d. 13 marca 1924 r. 1066",1924-04-30,703d0d66-f6f4-451e-9638-08f04b344b21,https://polona.pl/preview/703d0d66-f6f4-451e-9638-08f04b344b21,1924-04-30_Obwieszczenia_Publiczne_dodatek_do_Dziennika_Urzędowego_Ministerstwa_Sprawiedliw_703d0d66-f6f4-451e-9638-08f04b344b21.txt
,,,,Nojech Rojzen,Macie jowskiej 17,1070,,"Nojech Rojzen, zam. w Kowlu, przy ul. Macie jowskiej 17. 1070",1924-04-30,703d0d66-f6f4-451e-9638-08f04b344b21,https://polona.pl/preview/703d0d66-f6f4-451e-9638-08f04b344b21,1924-04-30_Obwieszczenia_Publiczne_dodatek_do_Dziennika_Urzędowego_Ministerstwa_Sprawiedliw_703d0d66-f6f4-451e-9638-08f04b344b21.txt
Szulim Rojzen,sprzedaż szkła i naczyń szklanych,Maciejowska 17,1920,,,,,"„Szulim Rojzen”, sprzedaż szkła i naczyń szklanych w Kowlu, ul. Maciejowska 17. Istnieje od 1920 r.",1924-05-03,4885526c-bae0-4d03-8b1a-21d868b1afe5,https://polona.pl/preview/4885526c-bae0-4d03-8b1a-21d868b1afe5,1924-05-03_Obwieszczenia_Publiczne_dodatek_do_Dziennika_Urzędowego_Ministerstwa_Sprawiedliw_4885526c-bae0-4d03-8b1a-21d868b1afe5.txt
Frejden Frejda,handel skórami i przyborami szewckiemi,Łucka 20,1918,,,,,"„Frejden Frejda”, handel skórami i przyborami szewckiemi w Kowlu, ul. Łucka 20. Istnieje od 1918 r.",1924-05-03,4885526c-bae0-4d03-8b1a-21d868b1afe5,https://polona.pl/preview/4885526c-bae0-4d03-8b1a-21d868b1afe5,1924-05-03_Obwieszczenia_Publiczne_dodatek_do_Dziennika_Urzędowego_Ministerstwa_Sprawiedliw_4885526c-bae0-4d03-8b1a-21d868b1afe5.txt
,,,,Elka Winter,Mickie wicza 28,1096,17 marca 1924,"Elka Winter, zam. w Kowlu, przy ul. Mickie wicza 28. d. 17 marca 1924 r. 1096",1924-05-03,4885526c-bae0-4d03-8b1a-21d868b1afe5,https://polona.pl/preview/4885526c-bae0-4d03-8b1a-21d868b1afe5,1924-05-03_Obwieszczenia_Publiczne_dodatek_do_Dziennika_Urzędowego_Ministerstwa_Sprawiedliw_4885526c-bae0-4d03-8b1a-21d868b1afe5.txt
Antoni Bugień,sprzedaż wyrobów tytuniowych,,,,,,,"„Antoni Bugień”, sprzedaż wyrobów tytuniowych w Kowlu",1924-05-14,eacf2984-b611-45d2-ad43-240f602bb295,https://polona.pl/preview/eacf2984-b611-45d2-ad43-240f602bb295,1924-05-14_Obwieszczenia_Publiczne_dodatek_do_Dziennika_Urzędowego_Ministerstwa_Sprawiedliw_eacf2984-b611-45d2-ad43-240f602bb295.txt
,,,,Zemel Kojfa,v ul,,,"Zemel Kojfa, zam. w Kowlu, przv ul",1924-05-17,3b2a90fa-9c14-417f-a02d-763459806283,https://polona.pl/preview/3b2a90fa-9c14-417f-a02d-763459806283,1924-05-17_Obwieszczenia_Publiczne_dodatek_do_Dziennika_Urzędowego_Ministerstwa_Sprawiedliw_3b2a90fa-9c14-417f-a02d-763459806283.txt
Szyk Hersz,handel obuwiem,Łucka 24,1923,Szyk Hersz,Mieszczańskiej 12,1101,,"„Szyk Hersz"", handel obuwiem w Kowlu, Łucka 24. Istnieje od 1923 r. Właśc. Szyk Hersz, zamieszkały w Kowlu przy ul. Mieszczańskiej 12. 1101",1924-05-17,ff08cb8e-9efb-40ee-8f02-05d2a7e8b60f,https://polona.pl/preview/ff08cb8e-9efb-40ee-8f02-05d2a7e8b60f,1924-05-17_Obwieszczenia_Publiczne_dodatek_do_Dziennika_Urzędowego_Ministerstwa_Sprawiedliw_ff08cb8e-9efb-40ee-8f02-05d2a7e8b60f.txt
Zelmen Atłas,handel skórami i obuwiem,Łucka 18,1895,Zelman Atłas,Stra żackiej 24,1102,,"„Zelmen Atłas”, handel skórami i obuwiem w Kowlu, ul. Łucka 18. Istnieje od 1895 r. Właśc. Zelman Atłas, zamieszkały w Kowlu przy ul. Stra żackiej 24. 1102",1924-05-17,ff08cb8e-9efb-40ee-8f02-05d2a7e8b60f,https://polona.pl/preview/ff08cb8e-9efb-40ee-8f02-05d2a7e8b60f,1924-05-17_Obwieszczenia_Publiczne_dodatek_do_Dziennika_Urzędowego_Ministerstwa_Sprawiedliw_ff08cb8e-9efb-40ee-8f02-05d2a7e8b60f.txt
Fidel Złata,handel delikatesami,Kolejowa 2,1917,Fidel Złata,Foksal 13,1103,,"„Fidel Złata”, handel delikatesami w Kowlu, Kolejowa 2. Istnieje od 1917 r. Właśc. Fidel Złata, zamieszkała w Kowlu przy ul. Foksal 13. 1103",1924-05-17,ff08cb8e-9efb-40ee-8f02-05d2a7e8b60f,https://polona.pl/preview/ff08cb8e-9efb-40ee-8f02-05d2a7e8b60f,1924-05-17_Obwieszczenia_Publiczne_dodatek_do_Dziennika_Urzędowego_Ministerstwa_Sprawiedliw_ff08cb8e-9efb-40ee-8f02-05d2a7e8b60f.txt
Głouszek Wilhelm,masarnia i sprzedaż wędlin,Kolejowa 63,1912,,,,,"„Głouszek Wilhelm”, masarnia i sprzedaż wędlin w Kowlu, ul. Kolejowa 63. Istnieje od 1912 r.",1924-05-17,ff08cb8e-9efb-40ee-8f02-05d2a7e8b60f,https://polona.pl/preview/ff08cb8e-9efb-40ee-8f02-05d2a7e8b60f,1924-05-17_Obwieszczenia_Publiczne_dodatek_do_Dziennika_Urzędowego_Ministerstwa_Sprawiedliw_ff08cb8e-9efb-40ee-8f02-05d2a7e8b60f.txt
Gorin Dawid,handel mięsem,Sienna 6,1922,Gorin Dawid,Krótkiej 60,1105,,"„Gorin Dawid”, handel mięsem w Kowlu, Sienna 6. Istnieje od 1922 r. Właśc. Gorin Dawid, zamieszkały w Kowlu przy ul. Krótkiej 60. 1105",1924-05-17,ff08cb8e-9efb-40ee-8f02-05d2a7e8b60f,https://polona.pl/preview/ff08cb8e-9efb-40ee-8f02-05d2a7e8b60f,1924-05-17_Obwieszczenia_Publiczne_dodatek_do_Dziennika_Urzędowego_Ministerstwa_Sprawiedliw_ff08cb8e-9efb-40ee-8f02-05d2a7e8b60f.txt
Kowalski Srul,handel naczyniami kuchennemi,Łucka 18,1875,Kowalski Srul,Przy ul,,,"„Kowalski Srul”, handel naczyniami kuchennemi w Kowlu, Łucka 18. Istnieje od 1875 r. Właśc. Kowalski Srul, zamieszkały w Kowlu Przy ul",1924-05-17,ff08cb8e-9efb-40ee-8f02-05d2a7e8b60f,https://polona.pl/preview/ff08cb8e-9efb-40ee-8f02-05d2a7e8b60f,1924-05-17_Obwieszczenia_Publiczne_dodatek_do_Dziennika_Urzędowego_Ministerstwa_Sprawiedliw_ff08cb8e-9efb-40ee-8f02-05d2a7e8b60f.txt
Barańska Florentyna,handel artykułami spożywczemi,Dzika 26,1923,Barańska Florentyna,Dzikiej 18,1111,,"„Barańska Florentyna”, handel artykułami spożywczemi w Kowlu, ul. Dzika 26. Istnieje od 1923 r. Właśc. Barańska Florentyna, zamieszkała w Kowlu przy ul. Dzikiej 18. 1111",1924-05-17,ff08cb8e-9efb-40ee-8f02-05d2a7e8b60f,https://polona.pl/preview/ff08cb8e-9efb-40ee-8f02-05d2a7e8b60f,1924-05-17_Obwieszczenia_Publiczne_dodatek_do_Dziennika_Urzędowego_Ministerstwa_Sprawiedliw_ff08cb8e-9efb-40ee-8f02-05d2a7e8b60f.txt
Ejnoch Mordko,handel towarami ludowemi,Łucka 51,1923,,,,,"„Ejnoch Mordko”, handel towarami ludowemi w Kowlu, Łucka 51. Istnieje od 1923 r.",1924-05-17,ff08cb8e-9efb-40ee-8f02-05d2a7e8b60f,https://polona.pl/preview/ff08cb8e-9efb-40ee-8f02-05d2a7e8b60f,1924-05-17_Obwieszczenia_Publiczne_dodatek_do_Dziennika_Urzędowego_Ministerstwa_Sprawiedliw_ff08cb8e-9efb-40ee-8f02-05d2a7e8b60f.txt
Hochman Ajzik,handel mięsem,Handlowa 23,1921,Hochman Ajzik,Włodzimierskiej 24’,1113,,"„Hochman Ajzik”, handel mięsem w Kowlu, ul. Handlowa 23. Istnieje od 1921 r. Właśc. Hochman Ajzik, zamieszkały w Kowlu przy ul. Włodzimierskiej 24’. 1113",1924-05-17,ff08cb8e-9efb-40ee-8f02-05d2a7e8b60f,https://polona.pl/preview/ff08cb8e-9efb-40ee-8f02-05d2a7e8b60f,1924-05-17_Obwieszczenia_Publiczne_dodatek_do_Dziennika_Urzędowego_Ministerstwa_Sprawiedliw_ff08cb8e-9efb-40ee-8f02-05d2a7e8b60f.txt
Goryń Jankiel,handel mięsem,St,,Goryń Jankiel,Tar gowej 18,1114,,"„Goryń Jankiel”, handel mięsem w Kowlu, ul. St. Kolejowa 20. Istnieje od 1918 r. Właśc. Goryń Jankiel, zamieszkały w Kowlu przy ul. Tar gowej 18. 1114",1924-05-17,ff08cb8e-9efb-40ee-8f02-05d2a7e8b60f,https://polona.pl/preview/ff08cb8e-9efb-40ee-8f02-05d2a7e8b60f,1924-05-17_Obwieszczenia_Publiczne_dodatek_do_Dziennika_Urzędowego_Ministerstwa_Sprawiedliw_ff08cb8e-9efb-40ee-8f02-05d2a7e8b60f.txt
Bachowicz Szmul,handel artykułami spożywczemi,Handlowa 2,1922,Bachowicz Szmul,Krótkiej 7,1116,,"„Bachowicz Szmul”, handel artykułami spożywczemi w Kowlu, ul. Handlowa 2. Istnieje od 1922 r. Właśc. Bachowicz Szmul, zamieszkały w Kowlu przy ul. Krótkiej 7. 1116",1924-05-17,ff08cb8e-9efb-40ee-8f02-05d2a7e8b60f,https://polona.pl/preview/ff08cb8e-9efb-40ee-8f02-05d2a7e8b60f,1924-05-17_Obwieszczenia_Publiczne_dodatek_do_Dziennika_Urzędowego_Ministerstwa_Sprawiedliw_ff08cb8e-9efb-40ee-8f02-05d2a7e8b60f.txt
Lewin Szemdla,handel przyborami do czapek i towarem lu dowym,Zakościelna 4,1924,,,,,"„Lewin Szemdla”, handel przyborami do czapek i towarem lu dowym w Kowlu, ul. Zakościelna 4. Istnieje od 1924 r.",1924-05-17,ff08cb8e-9efb-40ee-8f02-05d2a7e8b60f,https://polona.pl/preview/ff08cb8e-9efb-40ee-8f02-05d2a7e8b60f,1924-05-17_Obwieszczenia_Publiczne_dodatek_do_Dziennika_Urzędowego_Ministerstwa_Sprawiedliw_ff08cb8e-9efb-40ee-8f02-05d2a7e8b60f.txt
Furszteler Chaim,handel drzewem,Kolejowa 5,1922,Furszteler Chaim,Nowy- Swiat 21,1138,,"„Furszteler Chaim”, handel drzewem w Kowlu, ul. Kolejowa 5. Istnieje od 1922 r. Właśc. Furszteler Chaim, zam. w Kowlu, przy ul. Nowy- Swiat 21. 1138",1924-05-17,ff08cb8e-9efb-40ee-8f02-05d2a7e8b60f,https://polona.pl/preview/ff08cb8e-9efb-40ee-8f02-05d2a7e8b60f,1924-05-17_Obwieszczenia_Publiczne_dodatek_do_Dziennika_Urzędowego_Ministerstwa_Sprawiedliw_ff08cb8e-9efb-40ee-8f02-05d2a7e8b60f.txt
Abram Gojzen,handel drożdżami,Aptekarska 11,1922,,,,,"„Abram Gojzen”, handel drożdżami w Kowlu, ul. Aptekarska 11. Istnieje od 1922 r.",1924-05-17,ff08cb8e-9efb-40ee-8f02-05d2a7e8b60f,https://polona.pl/preview/ff08cb8e-9efb-40ee-8f02-05d2a7e8b60f,1924-05-17_Obwieszczenia_Publiczne_dodatek_do_Dziennika_Urzędowego_Ministerstwa_Sprawiedliw_ff08cb8e-9efb-40ee-8f02-05d2a7e8b60f.txt
Michel Ejdelsztejn,handel galanterją,Łucka 20,1905,Michel Ejdelsztejn,Apte karskiej 18,1140,,"„Michel Ejdelsztejn”, handel galanterją w Kowlu, ul. Łucka 20. Istnieje od 1905 r. Właśc. Michel Ejdelsztejn, zam. w Kowlu, przy ul. Apte karskiej 18. 1140",1924-05-17,ff08cb8e-9efb-40ee-8f02-05d2a7e8b60f,https://polona.pl/preview/ff08cb8e-9efb-40ee-8f02-05d2a7e8b60f,1924-05-17_Obwieszczenia_Publiczne_dodatek_do_Dziennika_Urzędowego_Ministerstwa_Sprawiedliw_ff08cb8e-9efb-40ee-8f02-05d2a7e8b60f.txt
Ruwin Borek,handel papierosami,Łucka 62,1920,Ruwin Borek,Aptekar skiej 32,1142,,"„Ruwin Borek”, handel papierosami w Kowlu, ul. Łucka 62. Istnieje od 1920 r. Właśc. Ruwin Borek, zam. w Kowlu, przy ul. Aptekar skiej 32. 1142",1924-05-17,ff08cb8e-9efb-40ee-8f02-05d2a7e8b60f,https://polona.pl/preview/ff08cb8e-9efb-40ee-8f02-05d2a7e8b60f,1924-05-17_Obwieszczenia_Publiczne_dodatek_do_Dziennika_Urzędowego_Ministerstwa_Sprawiedliw_ff08cb8e-9efb-40ee-8f02-05d2a7e8b60f.txt
Gersz Klejner,handel obuwiem i galanterją,,,,,,,"„Gersz Klejner”, handel obuwiem i galanterją w Kowlu, ul",1924-05-17,ff08cb8e-9efb-40ee-8f02-05d2a7e8b60f,https://polona.pl/preview/ff08cb8e-9efb-40ee-8f02-05d2a7e8b60f,1924-05-17_Obwieszczenia_Publiczne_dodatek_do_Dziennika_Urzędowego_Ministerstwa_Sprawiedliw_ff08cb8e-9efb-40ee-8f02-05d2a7e8b60f.txt
Idei Rejder,handel naftą,Łucka 216,1924,,,,,"„Idei Rejder”, handel naftą w Kowlu, ul. Łucka 216. Istnieje od 1924 r.",1924-05-17,ff08cb8e-9efb-40ee-8f02-05d2a7e8b60f,https://polona.pl/preview/ff08cb8e-9efb-40ee-8f02-05d2a7e8b60f,1924-05-17_Obwieszczenia_Publiczne_dodatek_do_Dziennika_Urzędowego_Ministerstwa_Sprawiedliw_ff08cb8e-9efb-40ee-8f02-05d2a7e8b60f.txt
Małka Werba,handel artykułami spożywczemi,,,,,,,"„Małka Werba”, handel artykułami spożywczemi w Kowlu",1924-05-17,ff08cb8e-9efb-40ee-8f02-05d2a7e8b60f,https://polona.pl/preview/ff08cb8e-9efb-40ee-8f02-05d2a7e8b60f,1924-05-17_Obwieszczenia_Publiczne_dodatek_do_Dziennika_Urzędowego_Ministerstwa_Sprawiedliw_ff08cb8e-9efb-40ee-8f02-05d2a7e8b60f.txt
Pinchos Szejnbojm,handel galanterją,Łucka 103,1923,,,,,"„Pinchos Szejnbojm”, handel galanterją w Kowlu, ul. Łucka 103. Istnieje od 1923 r.",1924-05-17,ff08cb8e-9efb-40ee-8f02-05d2a7e8b60f,https://polona.pl/preview/ff08cb8e-9efb-40ee-8f02-05d2a7e8b60f,1924-05-17_Obwieszczenia_Publiczne_dodatek_do_Dziennika_Urzędowego_Ministerstwa_Sprawiedliw_ff08cb8e-9efb-40ee-8f02-05d2a7e8b60f.txt
Guz Pinchas,handel artykułami spożywczemi,Ry- *?,,Guz Pinchas,Stra- Za ckiej 11,1130,,"„Guz Pinchas”, handel artykułami spożywczemi w Kowlu, ul. Ry- *? e k 9. Istnieje od 1890 r. Właśc. Guz Pinchas, zam. w Kowlu, przy ul. Stra- Za ckiej 11. 1130",1924-05-17,ff08cb8e-9efb-40ee-8f02-05d2a7e8b60f,https://polona.pl/preview/ff08cb8e-9efb-40ee-8f02-05d2a7e8b60f,1924-05-17_Obwieszczenia_Publiczne_dodatek_do_Dziennika_Urzędowego_Ministerstwa_Sprawiedliw_ff08cb8e-9efb-40ee-8f02-05d2a7e8b60f.txt
Sziper Masza,kawiarnia,Łucka 127,,,,,,"„Sziper Masza”, kawiarnia w Kowlu, ul. Łucka 127",1924-05-17,ff08cb8e-9efb-40ee-8f02-05d2a7e8b60f,https://polona.pl/preview/ff08cb8e-9efb-40ee-8f02-05d2a7e8b60f,1924-05-17_Obwieszczenia_Publiczne_dodatek_do_Dziennika_Urzędowego_Ministerstwa_Sprawiedliw_ff08cb8e-9efb-40ee-8f02-05d2a7e8b60f.txt
Cal Cwik,handel skórami i obuwiem,Łucka 37,,Cal Ćwik,Strażackiej 30,2865,,"„Cal Cwik„, handel skórami i obuwiem w Kowlu, ul. Łucka 37. st nieje od 1918 r. Właśc. Cal Ćwik, zam. w Kowlu, przy ul. Strażackiej 30. 2865",1924-05-17,ff08cb8e-9efb-40ee-8f02-05d2a7e8b60f,https://polona.pl/preview/ff08cb8e-9efb-40ee-8f02-05d2a7e8b60f,1924-05-17_Obwieszczenia_Publiczne_dodatek_do_Dziennika_Urzędowego_Ministerstwa_Sprawiedliw_ff08cb8e-9efb-40ee-8f02-05d2a7e8b60f.txt
Wiktor - Mieczysław Krukowski,hurtownia wódek,Włodzimierska 5,1921,Wiktor-Mieczysław Krukowski,Kościelnej 18,,26 kwietnia 1924,"„Wiktor - Mieczysław Krukowski”, hurtownia wódek w Kowlu, Włodzimierska 5. Istnieje od 1921 r. Właśc. Wiktor-Mieczysław Krukowski, zam. w Kowlu, przy ul. Kościelnej 18. d. 26 kwietnia 1924 r",1924-05-31,3d624fef-e95f-41a3-8c79-589fec7411e0,https://polona.pl/preview/3d624fef-e95f-41a3-8c79-589fec7411e0,1924-05-31_Obwieszczenia_Publiczne_dodatek_do_Dziennika_Urzędowego_Ministerstwa_Sprawiedliw_3d624fef-e95f-41a3-8c79-589fec7411e0.txt
Jan Szytler,kawiarnia,,,,,,,"„Jan Szytler”, kawiarnia w Kowlu",1924-06-11,b5f86edb-c031-4310-af11-a2caa1abe13e,https://polona.pl/preview/b5f86edb-c031-4310-af11-a2caa1abe13e,1924-06-11_Obwieszczenia_Publiczne_dodatek_do_Dziennika_Urzędowego_Ministerstwa_Sprawiedliw_b5f86edb-c031-4310-af11-a2caa1abe13e.txt
Neoniła Łysakowska,handel artykułami spożywczemi,Pomnikowa 17,,,,,,"„Neoniła Łysakowska”, handel artykułami spożywczemi w Kowlu, ul. Pomnikowa 17.",1924-06-11,b5f86edb-c031-4310-af11-a2caa1abe13e,https://polona.pl/preview/b5f86edb-c031-4310-af11-a2caa1abe13e,1924-06-11_Obwieszczenia_Publiczne_dodatek_do_Dziennika_Urzędowego_Ministerstwa_Sprawiedliw_b5f86edb-c031-4310-af11-a2caa1abe13e.txt
Stanisław Mianowski,sprzedaż wyrobów wódczanych,Włodzimierska 5,,Stanisław Mianowski,Szpi talnej 4,,,"„Stanisław Mianowski"", sprzedaż wyrobów wódczanych w Kowlu, Włodzimierska 5. Właśc. Stanisław Mianowski, zam. w Kowlu, przy ul. Szpi talnej 4",1924-06-11,b5f86edb-c031-4310-af11-a2caa1abe13e,https://polona.pl/preview/b5f86edb-c031-4310-af11-a2caa1abe13e,1924-06-11_Obwieszczenia_Publiczne_dodatek_do_Dziennika_Urzędowego_Ministerstwa_Sprawiedliw_b5f86edb-c031-4310-af11-a2caa1abe13e.txt
Mozes Dunajewiecki,hg/del towarem ludowym,Lucka 59,1922,Mozes Dunajewiecki,Łucka 42,,,"„Mozes Dunajewiecki”, hg/del towarem ludowym w Kowlu, ul. Lucka 59. Istnieje od 1922 r. Właśc. Mozes Dunajewiecki, zam. w Kowlu, ul. Łucka 42",1924-06-11,b5f86edb-c031-4310-af11-a2caa1abe13e,https://polona.pl/preview/b5f86edb-c031-4310-af11-a2caa1abe13e,1924-06-11_Obwieszczenia_Publiczne_dodatek_do_Dziennika_Urzędowego_Ministerstwa_Sprawiedliw_b5f86edb-c031-4310-af11-a2caa1abe13e.txt
Nuchim Kirszenbaum,sprzedaż skóry i narzędzi szewckich,Łucka 18,1910,,,,,"„Nuchim Kirszenbaum”, sprzedaż skóry i narzędzi szewckich w Kowlu, ul. Łucka 18. Istnieje od 1910 r.",1924-06-11,b5f86edb-c031-4310-af11-a2caa1abe13e,https://polona.pl/preview/b5f86edb-c031-4310-af11-a2caa1abe13e,1924-06-11_Obwieszczenia_Publiczne_dodatek_do_Dziennika_Urzędowego_Ministerstwa_Sprawiedliw_b5f86edb-c031-4310-af11-a2caa1abe13e.txt
Jankiel Poryckier,handel artykułami spozywczemi,Rynek 1,1918,Jankiel Poryckier,Maciejowskiej 5,,,"„Jankiel Poryckier”, handel artykułami spozywczemi w Kowlu, ul. Rynek 1. Istnieje od 1918 r. Właśc. Jankiel Poryckier, zam. w Kowlu, przy ul. Maciejowskiej 5",1924-06-11,b5f86edb-c031-4310-af11-a2caa1abe13e,https://polona.pl/preview/b5f86edb-c031-4310-af11-a2caa1abe13e,1924-06-11_Obwieszczenia_Publiczne_dodatek_do_Dziennika_Urzędowego_Ministerstwa_Sprawiedliw_b5f86edb-c031-4310-af11-a2caa1abe13e.txt
Hersz Worcel,handel żelazem,Łucka 11,1890,,,,,"„Hersz Worcel”, handel żelazem w Kowlu, ul. Łucka 11. Istnieje od 1890 r.",1924-06-11,b5f86edb-c031-4310-af11-a2caa1abe13e,https://polona.pl/preview/b5f86edb-c031-4310-af11-a2caa1abe13e,1924-06-11_Obwieszczenia_Publiczne_dodatek_do_Dziennika_Urzędowego_Ministerstwa_Sprawiedliw_b5f86edb-c031-4310-af11-a2caa1abe13e.txt
Brucha Wajner,handel obuwiem i galanterją,Łucka 57,1914,,,,,"„Brucha Wajner"", handel obuwiem i galanterją w Kowlu, ul. Łucka 57. Istnieje od 1914 r.",1924-06-11,b5f86edb-c031-4310-af11-a2caa1abe13e,https://polona.pl/preview/b5f86edb-c031-4310-af11-a2caa1abe13e,1924-06-11_Obwieszczenia_Publiczne_dodatek_do_Dziennika_Urzędowego_Ministerstwa_Sprawiedliw_b5f86edb-c031-4310-af11-a2caa1abe13e.txt
,,,,Jan Golenko,"Udzielono prokury Motelowi Kandelowi, za",,,"Jan Golenko, zam. w Kowlu. Udzielono prokury Motelowi Kandelowi, za",1924-06-11,b5f86edb-c031-4310-af11-a2caa1abe13e,https://polona.pl/preview/b5f86edb-c031-4310-af11-a2caa1abe13e,1924-06-11_Obwieszczenia_Publiczne_dodatek_do_Dziennika_Urzędowego_Ministerstwa_Sprawiedliw_b5f86edb-c031-4310-af11-a2caa1abe13e.txt
Chana-Pesia Goldszmidt,handel materjałami piśmiennemi i wyro bami tytoniowemi,Łucka 10,,Chana-Pesia Goldszmidt,Cerkiewnej 13,3370,,"„Chana-Pesia Goldszmidt”, handel materjałami piśmiennemi i wyro bami tytoniowemi w Kowlu, ul. Łucka 10. Właśc. Chana-Pesia Goldszmidt, zam. w Kowlu, przy ul. Cerkiewnej 13. 3370",1924-06-14,84002901-6a4c-4a48-8512-16db605faf46,https://polona.pl/preview/84002901-6a4c-4a48-8512-16db605faf46,1924-06-14_Obwieszczenia_Publiczne_dodatek_do_Dziennika_Urzędowego_Ministerstwa_Sprawiedliw_84002901-6a4c-4a48-8512-16db605faf46.txt
Jan Różański,sprzedaż przyborów myśliwskich,Lucka 133,1922,Jan Różański,Kościuszki 9,1321,,"„Jan Różański”, sprzedaż przyborów myśliwskich w Kowlu, Lucka 133. Istnieje od 1922 r. Właśc. Jan Różański, zam. w Kowlu, przy ul. Kościuszki 9. 1321",1924-06-18,a31bd9f3-e4ad-43bf-936d-519fbd247df3,https://polona.pl/preview/a31bd9f3-e4ad-43bf-936d-519fbd247df3,1924-06-18_Obwieszczenia_Publiczne_dodatek_do_Dziennika_Urzędowego_Ministerstwa_Sprawiedliw_a31bd9f3-e4ad-43bf-936d-519fbd247df3.txt
Pinchas Godomiczer,handel towarami łokciowemi,Lucka 110,,,,,,"„Pinchas Godomiczer”, handel towarami łokciowemi w Kowlu, Lucka 110.",1924-06-18,a31bd9f3-e4ad-43bf-936d-519fbd247df3,https://polona.pl/preview/a31bd9f3-e4ad-43bf-936d-519fbd247df3,1924-06-18_Obwieszczenia_Publiczne_dodatek_do_Dziennika_Urzędowego_Ministerstwa_Sprawiedliw_a31bd9f3-e4ad-43bf-936d-519fbd247df3.txt
Chasia Frankfowicz,handel artykułami spożywczemi,Nowo-Kolejowa 2,1919,Chasia Frankfowicz,Pomnikowej 37,1210,,"„Chasia Frankfowicz”, handel artykułami spożywczemi w Kowlu, ul. Nowo-Kolejowa 2. Istnieje od 1919 r. Właśc. Chasia Frankfowicz, zam. w Kowlu, przy ul. Pomnikowej 37. 1210",1924-06-25,b267a341-c32c-48f7-b58b-7cbde60f819b,https://polona.pl/preview/b267a341-c32c-48f7-b58b-7cbde60f819b,1924-06-25_Obwieszczenia_Publiczne_dodatek_do_Dziennika_Urzędowego_Ministerstwa_Sprawiedliw_b267a341-c32c-48f7-b58b-7cbde60f819b.txt
Szmul Gutman,handel żelazem,Łucka 148,1920,,,,,"„Szmul Gutman”, handel żelazem w Kowlu, ul. Łucka 148- Istnieje od 1920 r.",1924-06-25,b267a341-c32c-48f7-b58b-7cbde60f819b,https://polona.pl/preview/b267a341-c32c-48f7-b58b-7cbde60f819b,1924-06-25_Obwieszczenia_Publiczne_dodatek_do_Dziennika_Urzędowego_Ministerstwa_Sprawiedliw_b267a341-c32c-48f7-b58b-7cbde60f819b.txt
Cipa Goldberg,handel delikatesami,Łucka 139,1922,,,,,"„Cipa Goldberg”, handel delikatesami w Kowlu, ul. Łucka 139. Istnieje od 1922 r.",1924-06-25,b267a341-c32c-48f7-b58b-7cbde60f819b,https://polona.pl/preview/b267a341-c32c-48f7-b58b-7cbde60f819b,1924-06-25_Obwieszczenia_Publiczne_dodatek_do_Dziennika_Urzędowego_Ministerstwa_Sprawiedliw_b267a341-c32c-48f7-b58b-7cbde60f819b.txt
Chana Zajdel,handel galanterją,Łucka 16,1921,,,,,"„Chana Zajdel”, handel galanterją w Kowlu, ul. Łucka 16. Istnieje od 1921 r.",1924-06-25,b267a341-c32c-48f7-b58b-7cbde60f819b,https://polona.pl/preview/b267a341-c32c-48f7-b58b-7cbde60f819b,1924-06-25_Obwieszczenia_Publiczne_dodatek_do_Dziennika_Urzędowego_Ministerstwa_Sprawiedliw_b267a341-c32c-48f7-b58b-7cbde60f819b.txt
Chaim Guz,handel żelazem,Łucka 10,1921,,,,,"„Chaim Guz”, handel żelazem w Kowlu, ul. Łucka 10. istnieje od 1921 r.",1924-06-25,b267a341-c32c-48f7-b58b-7cbde60f819b,https://polona.pl/preview/b267a341-c32c-48f7-b58b-7cbde60f819b,1924-06-25_Obwieszczenia_Publiczne_dodatek_do_Dziennika_Urzędowego_Ministerstwa_Sprawiedliw_b267a341-c32c-48f7-b58b-7cbde60f819b.txt
Bencjon Guz,handel żelazem,Łucka 59,,,,,,"„Bencjon Guz”, handel żelazem w Kowlu, ul. Łucka 59.",1924-06-25,b267a341-c32c-48f7-b58b-7cbde60f819b,https://polona.pl/preview/b267a341-c32c-48f7-b58b-7cbde60f819b,1924-06-25_Obwieszczenia_Publiczne_dodatek_do_Dziennika_Urzędowego_Ministerstwa_Sprawiedliw_b267a341-c32c-48f7-b58b-7cbde60f819b.txt
Szendla Efrus,handel naczyniem,Łucka 42,1922,,,,,"„Szendla Efrus”, handel naczyniem w Kowlu, ul. Łucka 42. Istnieje od 1922 r.",1924-06-25,b267a341-c32c-48f7-b58b-7cbde60f819b,https://polona.pl/preview/b267a341-c32c-48f7-b58b-7cbde60f819b,1924-06-25_Obwieszczenia_Publiczne_dodatek_do_Dziennika_Urzędowego_Ministerstwa_Sprawiedliw_b267a341-c32c-48f7-b58b-7cbde60f819b.txt
Ruchla Sztejnberg,handel artykułami spożywczemi,Staro-Kolejowa 28,1918,,,,,"„Ruchla Sztejnberg”, handel artykułami spożywczemi w Kowlu, ul Staro-Kolejowa 28. Istnieje od 1918 r.",1924-06-25,b267a341-c32c-48f7-b58b-7cbde60f819b,https://polona.pl/preview/b267a341-c32c-48f7-b58b-7cbde60f819b,1924-06-25_Obwieszczenia_Publiczne_dodatek_do_Dziennika_Urzędowego_Ministerstwa_Sprawiedliw_b267a341-c32c-48f7-b58b-7cbde60f819b.txt
Chaja Gelier,kawiarnia,Staro - Kolejowa 28,1921,,,,,"„Chaja Gelier”, kawiarnia w Kowlu, ul. Staro - Kolejowa 28. Istnieje od 1921 r.",1924-06-25,b267a341-c32c-48f7-b58b-7cbde60f819b,https://polona.pl/preview/b267a341-c32c-48f7-b58b-7cbde60f819b,1924-06-25_Obwieszczenia_Publiczne_dodatek_do_Dziennika_Urzędowego_Ministerstwa_Sprawiedliw_b267a341-c32c-48f7-b58b-7cbde60f819b.txt
Chana Łande,handel artykułami spożywczemi,Brzeska 14,1922,Zelman Rejder,Cerkiewnej 23,,,"„Chana Łande”, handel artykułami spożywczemi w Kowlu, ul. Brzeska 14. Istnieje od 1922 r. Właśc. Chana Łande, zam. tamże. , -Zelman Rejder”, handel artykułami spożywczemi w Kowlu, ul. Łucka 35. Istnieje od 1920 r. Właśc. Zelman Rejder, zam. w Kowlu, przy ul. Cerkiewnej 23",1924-06-25,b267a341-c32c-48f7-b58b-7cbde60f819b,https://polona.pl/preview/b267a341-c32c-48f7-b58b-7cbde60f819b,1924-06-25_Obwieszczenia_Publiczne_dodatek_do_Dziennika_Urzędowego_Ministerstwa_Sprawiedliw_b267a341-c32c-48f7-b58b-7cbde60f819b.txt
Szloma-Michel Szapiro,handel towarami ludowemi,Lucka 3,1923,,,,,"„Szloma-Michel Szapiro”, handel towarami ludowemi w Kowlu, ul. Lucka 3. Istnieje od 1923 r",1924-06-25,b267a341-c32c-48f7-b58b-7cbde60f819b,https://polona.pl/preview/b267a341-c32c-48f7-b58b-7cbde60f819b,1924-06-25_Obwieszczenia_Publiczne_dodatek_do_Dziennika_Urzędowego_Ministerstwa_Sprawiedliw_b267a341-c32c-48f7-b58b-7cbde60f819b.txt
Jeruchim Finkielsztejn,bufet słodki i owocowy,' Lucka 157,,,,,,"„Jeruchim Finkielsztejn”, bufet słodki i owocowy w Kowlu, ul. ' Lucka 157.",1924-06-25,b267a341-c32c-48f7-b58b-7cbde60f819b,https://polona.pl/preview/b267a341-c32c-48f7-b58b-7cbde60f819b,1924-06-25_Obwieszczenia_Publiczne_dodatek_do_Dziennika_Urzędowego_Ministerstwa_Sprawiedliw_b267a341-c32c-48f7-b58b-7cbde60f819b.txt
Szyja Kamin,handel artykułami spożywczemi i delikatesami,Lucka 163,1912,,,,,"„Szyja Kamin”, handel artykułami spożywczemi i delikatesami w Kowlu, ul. Lucka 163. Istnieje od 1912 r.",1924-06-25,b267a341-c32c-48f7-b58b-7cbde60f819b,https://polona.pl/preview/b267a341-c32c-48f7-b58b-7cbde60f819b,1924-06-25_Obwieszczenia_Publiczne_dodatek_do_Dziennika_Urzędowego_Ministerstwa_Sprawiedliw_b267a341-c32c-48f7-b58b-7cbde60f819b.txt
Icko Bruszankier,handel artykułami spożywczemi,Kolejowa 48,1922,,,,,"„Icko Bruszankier”, handel artykułami spożywczemi w Kowlu, ul. Kolejowa 48. Istnieje od 1922 r.",1924-06-28,ce7cc465-061d-4d65-8e76-1f91ac6f74dc,https://polona.pl/preview/ce7cc465-061d-4d65-8e76-1f91ac6f74dc,1924-06-28_Obwieszczenia_Publiczne_dodatek_do_Dziennika_Urzędowego_Ministerstwa_Sprawiedliw_ce7cc465-061d-4d65-8e76-1f91ac6f74dc.txt
Icek Zokner,handel artykułami spożywczemi,Łucka 158,1920,,,,,"„Icek Zokner”, handel artykułami spożywczemi w Kowlu, ul. Łucka 158. Istnieje od 1920 r.",1924-06-28,ce7cc465-061d-4d65-8e76-1f91ac6f74dc,https://polona.pl/preview/ce7cc465-061d-4d65-8e76-1f91ac6f74dc,1924-06-28_Obwieszczenia_Publiczne_dodatek_do_Dziennika_Urzędowego_Ministerstwa_Sprawiedliw_ce7cc465-061d-4d65-8e76-1f91ac6f74dc.txt
Mordko Stepak,"handel artykułami spożywczemi, żelazem i sitami",Lucka 80,1920,Mordko Stepak,Łuckiej 69,1253,7 maja 1924,"„Mordko Stepak”, handel artykułami spożywczemi, żelazem i sitami w Kowlu, ul. Lucka 80. Istnieje od 1920 r. Właśc. Mordko Stepak, zam. w Kowlu, przy ul. Łuckiej 69. d. 7 maja 1924 r. 1253",1924-06-28,ce7cc465-061d-4d65-8e76-1f91ac6f74dc,https://polona.pl/preview/ce7cc465-061d-4d65-8e76-1f91ac6f74dc,1924-06-28_Obwieszczenia_Publiczne_dodatek_do_Dziennika_Urzędowego_Ministerstwa_Sprawiedliw_ce7cc465-061d-4d65-8e76-1f91ac6f74dc.txt
Motel Wydra,handel ludowemi towarami,Lucka 42,1912,,,,,"„Motel Wydra”, handel ludowemi towarami w Kowlu, ul. Lucka 42. Istnieje od 1912 r.",1924-06-28,ce7cc465-061d-4d65-8e76-1f91ac6f74dc,https://polona.pl/preview/ce7cc465-061d-4d65-8e76-1f91ac6f74dc,1924-06-28_Obwieszczenia_Publiczne_dodatek_do_Dziennika_Urzędowego_Ministerstwa_Sprawiedliw_ce7cc465-061d-4d65-8e76-1f91ac6f74dc.txt
Szmul Wajsberg,pracownia i sprzedaż zegarków,Lucka 63,1915,,,,,"„Szmul Wajsberg”, pracownia i sprzedaż zegarków w Kowlu, ul. Lucka 63. Istnieje od 1915 r.",1924-06-28,ce7cc465-061d-4d65-8e76-1f91ac6f74dc,https://polona.pl/preview/ce7cc465-061d-4d65-8e76-1f91ac6f74dc,1924-06-28_Obwieszczenia_Publiczne_dodatek_do_Dziennika_Urzędowego_Ministerstwa_Sprawiedliw_ce7cc465-061d-4d65-8e76-1f91ac6f74dc.txt
lcko Lewin,drobny handel galanterją,Lucka 9,1914,,,,,"„lcko Lewin ”, drobny handel galanterją w Kowlu, ul. Lucka 9. Istnieje od 1914 r.",1924-06-28,ce7cc465-061d-4d65-8e76-1f91ac6f74dc,https://polona.pl/preview/ce7cc465-061d-4d65-8e76-1f91ac6f74dc,1924-06-28_Obwieszczenia_Publiczne_dodatek_do_Dziennika_Urzędowego_Ministerstwa_Sprawiedliw_ce7cc465-061d-4d65-8e76-1f91ac6f74dc.txt
Bejrisz Rabinerzon,handel obuwiem,Lucka 49,1885,,,,,"„Bejrisz Rabinerzon”, handel obuwiem w Kowlu, ul. Lucka 49. Istnieje od 1885 r.",1924-06-28,ce7cc465-061d-4d65-8e76-1f91ac6f74dc,https://polona.pl/preview/ce7cc465-061d-4d65-8e76-1f91ac6f74dc,1924-06-28_Obwieszczenia_Publiczne_dodatek_do_Dziennika_Urzędowego_Ministerstwa_Sprawiedliw_ce7cc465-061d-4d65-8e76-1f91ac6f74dc.txt
,,,,Wolf Lejwi,Listopadowej 24,3837,,"Wolf Lejwi, zam. w Kowlu, przy ul. Listopadowej 24. 3837",1924-06-28,ce7cc465-061d-4d65-8e76-1f91ac6f74dc,https://polona.pl/preview/ce7cc465-061d-4d65-8e76-1f91ac6f74dc,1924-06-28_Obwieszczenia_Publiczne_dodatek_do_Dziennika_Urzędowego_Ministerstwa_Sprawiedliw_ce7cc465-061d-4d65-8e76-1f91ac6f74dc.txt
Olga Choromańska,handel wyrobami tytuniowemi,Sienkiewicza 43,1921,,,,,"„Olga Choromańska”, handel wyrobami tytuniowemi w Kowlu, ul. Sienkiewicza 43. Istnieje od 1921 r.",1924-07-05,66827c04-dc59-4b2b-b031-63613e0723f0,https://polona.pl/preview/66827c04-dc59-4b2b-b031-63613e0723f0,1924-07-05_Obwieszczenia_Publiczne_dodatek_do_Dziennika_Urzędowego_Ministerstwa_Sprawiedliw_66827c04-dc59-4b2b-b031-63613e0723f0.txt
Szepsel Gutman,handel gotowemi ubraniami ludowemi,Łucka 8,1922,Aron Gutman,Ogrodowej 14,1342,6 czerwca 1924,"„Szepsel Gutman”, handel gotowemi ubraniami ludowemi w Kowlu, ul. Łucka 8. Istnieje od 1922 r. Właśc. Szepsel Gutman, zam. 1*310. Aron Gutman”, handel ubraniami gotowemi w Kowlu, ul. Ry nek 26. Istnieje od 1921 r. Właśc. Aron Gutman, zamieszk. w Kowlu, przy ul. Ogrodowej 14. d. 6 czerwca 1924 r. 1342",1924-07-05,66827c04-dc59-4b2b-b031-63613e0723f0,https://polona.pl/preview/66827c04-dc59-4b2b-b031-63613e0723f0,1924-07-05_Obwieszczenia_Publiczne_dodatek_do_Dziennika_Urzędowego_Ministerstwa_Sprawiedliw_66827c04-dc59-4b2b-b031-63613e0723f0.txt
Władysław Jaroszewicz i S-ka,spółka firmowa,Łucka 188,,,,,,"„Władysław Jaroszewicz i S-ka”, spółka firmowa w Kowlu, Łucka 188",1924-07-05,66827c04-dc59-4b2b-b031-63613e0723f0,https://polona.pl/preview/66827c04-dc59-4b2b-b031-63613e0723f0,1924-07-05_Obwieszczenia_Publiczne_dodatek_do_Dziennika_Urzędowego_Ministerstwa_Sprawiedliw_66827c04-dc59-4b2b-b031-63613e0723f0.txt
Chil Ejbuszyc,handel galanterją i obuwiem,Lucka 91,,,,,,"„Chil Ejbuszyc”, handel galanterją i obuwiem w Kowlu, ul. Lucka 91.",1924-07-09,5bb5957b-8942-4481-a5ce-5533cbb1fc8d,https://polona.pl/preview/5bb5957b-8942-4481-a5ce-5533cbb1fc8d,1924-07-09_Obwieszczenia_Publiczne_dodatek_do_Dziennika_Urzędowego_Ministerstwa_Sprawiedliw_5bb5957b-8942-4481-a5ce-5533cbb1fc8d.txt
Leja Lejkach,handel artykułami spożywczemi,,,,,,,"„Leja Lejkach” — handel artykułami spożywczemi w Kowlu, ul",1924-07-16,2b78893c-7027-437c-9db2-c0094b7181a6,https://polona.pl/preview/2b78893c-7027-437c-9db2-c0094b7181a6,1924-07-16_Obwieszczenia_Publiczne_dodatek_do_Dziennika_Urzędowego_Ministerstwa_Sprawiedliw_2b78893c-7027-437c-9db2-c0094b7181a6.txt
Julja Babicka,handel artykułami spożywczemi,Kolejowa 36,1922,,,,,"„Julja Babicka”, handel artykułami spożywczemi w Kowlu, ul. Kolejowa 36. Istnieje od 1922 r.",1924-08-02,7788a2ea-fb16-44f2-bccf-0fe60af0241a,https://polona.pl/preview/7788a2ea-fb16-44f2-bccf-0fe60af0241a,1924-08-02_Obwieszczenia_Publiczne_dodatek_do_Dziennika_Urzędowego_Ministerstwa_Sprawiedliw_7788a2ea-fb16-44f2-bccf-0fe60af0241a.txt
Mordko Ajzenberg,handel gotowym ubraniem i chustkami,Włodzimierska 2,1924,,,,,"„Mordko Ajzenberg” — handel gotowym ubraniem i chustkami w Kowlu, ul. Włodzimierska 2. Istnieje od 1924 r.",1924-08-02,7788a2ea-fb16-44f2-bccf-0fe60af0241a,https://polona.pl/preview/7788a2ea-fb16-44f2-bccf-0fe60af0241a,1924-08-02_Obwieszczenia_Publiczne_dodatek_do_Dziennika_Urzędowego_Ministerstwa_Sprawiedliw_7788a2ea-fb16-44f2-bccf-0fe60af0241a.txt
Aszkenazy Szloma,handel przyborami piśmiennemi,Lucka 69,1894,,,,,"„Aszkenazy Szloma” — handel przyborami piśmiennemi w Kowlu, ul. Lucka 69. Istnieje od 1894 r.",1924-08-02,7788a2ea-fb16-44f2-bccf-0fe60af0241a,https://polona.pl/preview/7788a2ea-fb16-44f2-bccf-0fe60af0241a,1924-08-02_Obwieszczenia_Publiczne_dodatek_do_Dziennika_Urzędowego_Ministerstwa_Sprawiedliw_7788a2ea-fb16-44f2-bccf-0fe60af0241a.txt
Brandla Sztejngard,"handel galanterją, bufet i sprzedaż wyro bów tytuniowych",Kolejowa 13,1904,,,,,"„Brandla Sztejngard”, handel galanterją, bufet i sprzedaż wyro bów tytuniowych w Kowlu, ul. Kolejowa 13. Istnieje od 1904 r.",1924-08-09,9d2b6521-3c7a-44e9-98d3-3544e8a9ef0a,https://polona.pl/preview/9d2b6521-3c7a-44e9-98d3-3544e8a9ef0a,1924-08-09_Obwieszczenia_Publiczne_dodatek_do_Dziennika_Urzędowego_Ministerstwa_Sprawiedliw_9d2b6521-3c7a-44e9-98d3-3544e8a9ef0a.txt
Cynamon Sosia,handel naczyniem kuchennem,Łucka 5,1910,Cynamon Sosia,Brzeskiej 6,,,"„Cynamon Sosia”, handel naczyniem kuchennem w Kowlu, ul. Łucka 5. Istnieje od 1910 r. Właśc. Cynamon Sosia, zamieszkała w Kowlu, przy ul. Brzeskiej 6",1924-08-09,9d2b6521-3c7a-44e9-98d3-3544e8a9ef0a,https://polona.pl/preview/9d2b6521-3c7a-44e9-98d3-3544e8a9ef0a,1924-08-09_Obwieszczenia_Publiczne_dodatek_do_Dziennika_Urzędowego_Ministerstwa_Sprawiedliw_9d2b6521-3c7a-44e9-98d3-3544e8a9ef0a.txt
Jankiel Kagan,handel galanterją,Kolejowa 11,1910,,,,,"„Jankiel Kagan”, handel galanterją w Kowlu, ul. Kolejowa 11. Istnieje od 1910 r.",1924-08-09,9d2b6521-3c7a-44e9-98d3-3544e8a9ef0a,https://polona.pl/preview/9d2b6521-3c7a-44e9-98d3-3544e8a9ef0a,1924-08-09_Obwieszczenia_Publiczne_dodatek_do_Dziennika_Urzędowego_Ministerstwa_Sprawiedliw_9d2b6521-3c7a-44e9-98d3-3544e8a9ef0a.txt
Jankiel-Łuzer Goldberg,handel galanterją i gotowemi ubra niami,,,,,,,"„Jankiel-Łuzer Goldberg” — handel galanterją i gotowemi ubra niami w Kowlu, ul",1924-08-09,9d2b6521-3c7a-44e9-98d3-3544e8a9ef0a,https://polona.pl/preview/9d2b6521-3c7a-44e9-98d3-3544e8a9ef0a,1924-08-09_Obwieszczenia_Publiczne_dodatek_do_Dziennika_Urzędowego_Ministerstwa_Sprawiedliw_9d2b6521-3c7a-44e9-98d3-3544e8a9ef0a.txt
Szyja Klejner,handel obuwiem,Lucka 132,1922,,,,,"„Szyja Klejner” — handel obuwiem w Kowlu, ul. Lucka 132. Istnieje od 1922 r.",1924-08-09,9d2b6521-3c7a-44e9-98d3-3544e8a9ef0a,https://polona.pl/preview/9d2b6521-3c7a-44e9-98d3-3544e8a9ef0a,1924-08-09_Obwieszczenia_Publiczne_dodatek_do_Dziennika_Urzędowego_Ministerstwa_Sprawiedliw_9d2b6521-3c7a-44e9-98d3-3544e8a9ef0a.txt
Bejla Tenenbaum,handel artykułami spożywczemi,Kolejowa 49,1923,,,,,"„Bejla Tenenbaum”—handel artykułami spożywczemi w Kowlu, ul. Kolejowa 49. Istnieje od 1923 r.",1924-08-09,9d2b6521-3c7a-44e9-98d3-3544e8a9ef0a,https://polona.pl/preview/9d2b6521-3c7a-44e9-98d3-3544e8a9ef0a,1924-08-09_Obwieszczenia_Publiczne_dodatek_do_Dziennika_Urzędowego_Ministerstwa_Sprawiedliw_9d2b6521-3c7a-44e9-98d3-3544e8a9ef0a.txt
Mojsze Ledersznajder,pracownia i sprzedaż ubrań ludowych,Łucka 20,1923,,,,,"„Mojsze Ledersznajder”—pracownia i sprzedaż ubrań ludowych w Kowlu, ul. Łucka 20. Istnieje od 1923 r.",1924-08-09,9d2b6521-3c7a-44e9-98d3-3544e8a9ef0a,https://polona.pl/preview/9d2b6521-3c7a-44e9-98d3-3544e8a9ef0a,1924-08-09_Obwieszczenia_Publiczne_dodatek_do_Dziennika_Urzędowego_Ministerstwa_Sprawiedliw_9d2b6521-3c7a-44e9-98d3-3544e8a9ef0a.txt
Ita Szerman,handel gotowemi ubraniami,,,,,,,"„Ita Szerman” — handel gotowemi ubraniami w Kowlu, ul",1924-08-09,9d2b6521-3c7a-44e9-98d3-3544e8a9ef0a,https://polona.pl/preview/9d2b6521-3c7a-44e9-98d3-3544e8a9ef0a,1924-08-09_Obwieszczenia_Publiczne_dodatek_do_Dziennika_Urzędowego_Ministerstwa_Sprawiedliw_9d2b6521-3c7a-44e9-98d3-3544e8a9ef0a.txt
Eijasz Jakubowski,kawiarnia,Kolejowa 69,16 w,,,,,"„Eijasz Jakubowski”—kawiarnia w Kowlu, ul. Kolejowa 69. Istnieje od 16 wr",1924-08-13,65208553-b5d4-4b10-9464-cc6a5ac95106,https://polona.pl/preview/65208553-b5d4-4b10-9464-cc6a5ac95106,1924-08-13_Obwieszczenia_Publiczne_dodatek_do_Dziennika_Urzędowego_Ministerstwa_Sprawiedliw_65208553-b5d4-4b10-9464-cc6a5ac95106.txt
Cywja Kwaśnik,drobny handel delikatesami,,,,,,,"„Cywja Kwaśnik”— drobny handel delikatesami w Kowlu, ul",1924-08-13,65208553-b5d4-4b10-9464-cc6a5ac95106,https://polona.pl/preview/65208553-b5d4-4b10-9464-cc6a5ac95106,1924-08-13_Obwieszczenia_Publiczne_dodatek_do_Dziennika_Urzędowego_Ministerstwa_Sprawiedliw_65208553-b5d4-4b10-9464-cc6a5ac95106.txt
Motel Jucht,handel artykułami spożywczemi,Brzeska 8,,,,,,"„Motel Jucht” — handel artykułami spożywczemi w Kowlu, ul. Brzeska 8.",1924-08-13,65208553-b5d4-4b10-9464-cc6a5ac95106,https://polona.pl/preview/65208553-b5d4-4b10-9464-cc6a5ac95106,1924-08-13_Obwieszczenia_Publiczne_dodatek_do_Dziennika_Urzędowego_Ministerstwa_Sprawiedliw_65208553-b5d4-4b10-9464-cc6a5ac95106.txt
Poznań,Oddział,”,,,,,,"„Poznań”, Oddział w Kowlu”",1924-08-13,65208553-b5d4-4b10-9464-cc6a5ac95106,https://polona.pl/preview/65208553-b5d4-4b10-9464-cc6a5ac95106,1924-08-13_Obwieszczenia_Publiczne_dodatek_do_Dziennika_Urzędowego_Ministerstwa_Sprawiedliw_65208553-b5d4-4b10-9464-cc6a5ac95106.txt
Wiktor-Bolesław Mrówczyński,sprzedaż wyrobów tytoniowy cn,,,Mieczysławowi Krukowskiemu,Kościelnej 18,1166,8 kwietnia 1924,"„Wiktor-Bolesław Mrówczyński"", sprzedaż wyrobów tytoniowy cn w Kowlu, ul. Nowo-Kolejowa Ne 36. Właśc. Wiktor-Bolesław Mrówczyński- zam. we wsi Paszki-Małe, gm. Biała, pow. Radzyńskiego. Udzielono pełnej prokury Wiktorowi-Mieczysławowi Krukowskiemu, zam. w Kowlu, przy ul- Kościelnej 18. d. 8 kwietnia 1924 r. 1166",1924-08-16,2adeecd4-e417-42de-95f8-e6b729def9a7,https://polona.pl/preview/2adeecd4-e417-42de-95f8-e6b729def9a7,1924-08-16_Obwieszczenia_Publiczne_dodatek_do_Dziennika_Urzędowego_Ministerstwa_Sprawiedliw_2adeecd4-e417-42de-95f8-e6b729def9a7.txt
Wolf Litwak,sprzedaż wyrobów żelaznych,,,,,,,„Wolf Litwak” — sprzedaż wyrobów żelaznych w Kowlu,1924-08-16,2adeecd4-e417-42de-95f8-e6b729def9a7,https://polona.pl/preview/2adeecd4-e417-42de-95f8-e6b729def9a7,1924-08-16_Obwieszczenia_Publiczne_dodatek_do_Dziennika_Urzędowego_Ministerstwa_Sprawiedliw_2adeecd4-e417-42de-95f8-e6b729def9a7.txt
Klara Brener,bufet,Lucka 134,1923,,,,,"„Klara Brener”—bufet w Kowlu, Lucka 134. Istnieje od 1923 r",1924-08-16,2adeecd4-e417-42de-95f8-e6b729def9a7,https://polona.pl/preview/2adeecd4-e417-42de-95f8-e6b729def9a7,1924-08-16_Obwieszczenia_Publiczne_dodatek_do_Dziennika_Urzędowego_Ministerstwa_Sprawiedliw_2adeecd4-e417-42de-95f8-e6b729def9a7.txt
Laks Chaskiel,handel artykułami spożywczemi,,,Laks Chaskiel,Aptecznej 36,1196,25 kwietnia 1924,"„Laks Chaskiel”, handel artykułami spożywczemi w Kowlu, Lu cka 77. Istnieje od 1918 r. Właśc. Laks Chaskiel, zam, w Kowlu, pr z “ ul. Aptecznej 36. d. 25 kwietnia 1924 r. 1196",1924-08-16,2adeecd4-e417-42de-95f8-e6b729def9a7,https://polona.pl/preview/2adeecd4-e417-42de-95f8-e6b729def9a7,1924-08-16_Obwieszczenia_Publiczne_dodatek_do_Dziennika_Urzędowego_Ministerstwa_Sprawiedliw_2adeecd4-e417-42de-95f8-e6b729def9a7.txt
Żurach Zafran,handel żelazem,Lucka 16,1893,,,,,"„Żurach Zafran”, handel żelazem w Kowlu, ul. Lucka 16. Istnieje od 1893 r.",1924-08-16,2adeecd4-e417-42de-95f8-e6b729def9a7,https://polona.pl/preview/2adeecd4-e417-42de-95f8-e6b729def9a7,1924-08-16_Obwieszczenia_Publiczne_dodatek_do_Dziennika_Urzędowego_Ministerstwa_Sprawiedliw_2adeecd4-e417-42de-95f8-e6b729def9a7.txt
Boruch Lederman,handel artykułami spożywczemi i wyroby mi tytoniowemi,Lucka 138,1912,,,,,"„Boruch Lederman”—handel artykułami spożywczemi i wyroby mi tytoniowemi w Kowlu, ul. Lucka 138. Istnieje od 1912 r.",1924-08-16,2adeecd4-e417-42de-95f8-e6b729def9a7,https://polona.pl/preview/2adeecd4-e417-42de-95f8-e6b729def9a7,1924-08-16_Obwieszczenia_Publiczne_dodatek_do_Dziennika_Urzędowego_Ministerstwa_Sprawiedliw_2adeecd4-e417-42de-95f8-e6b729def9a7.txt
Jankiel Mandel,handel żelazem i towaremi łokciowe^,uł,,,,,,"„Jankiel Mandel” — handel żelazem i towaremi łokciowe^ w Kowlu, uł",1924-08-16,2adeecd4-e417-42de-95f8-e6b729def9a7,https://polona.pl/preview/2adeecd4-e417-42de-95f8-e6b729def9a7,1924-08-16_Obwieszczenia_Publiczne_dodatek_do_Dziennika_Urzędowego_Ministerstwa_Sprawiedliw_2adeecd4-e417-42de-95f8-e6b729def9a7.txt
Mojsze Ingberg,handel artykułami spożywczemi i galanterią,,,,,,,"„Mojsze Ingberg”—handel artykułami spożywczemi i galanterią w Kowlu, ul",1924-08-16,2adeecd4-e417-42de-95f8-e6b729def9a7,https://polona.pl/preview/2adeecd4-e417-42de-95f8-e6b729def9a7,1924-08-16_Obwieszczenia_Publiczne_dodatek_do_Dziennika_Urzędowego_Ministerstwa_Sprawiedliw_2adeecd4-e417-42de-95f8-e6b729def9a7.txt
Wolf Erlich,handel lampami i szkłem,Lucka,1914,Wolf Erlich,Brzeskiej o- Ns 74,,,"„Wolf Erlich”—handel lampami i szkłem w Kowlu, ul. Lucka Istnieje od 1914 r. Właśc. Wolf Erlich, zam. w Kowlu, przy ul. Brzeskiej o- Ns 74",1924-08-16,2adeecd4-e417-42de-95f8-e6b729def9a7,https://polona.pl/preview/2adeecd4-e417-42de-95f8-e6b729def9a7,1924-08-16_Obwieszczenia_Publiczne_dodatek_do_Dziennika_Urzędowego_Ministerstwa_Sprawiedliw_2adeecd4-e417-42de-95f8-e6b729def9a7.txt
Michał Dichter,handel artykułami spożywczemi,Staro-Kolejowa 26,1891,,,,,"„Michał Dichter” — handel artykułami spożywczemi w Kowlu, ul. Staro-Kolejowa 26. istnieje od 1891 r.",1924-08-16,2adeecd4-e417-42de-95f8-e6b729def9a7,https://polona.pl/preview/2adeecd4-e417-42de-95f8-e6b729def9a7,1924-08-16_Obwieszczenia_Publiczne_dodatek_do_Dziennika_Urzędowego_Ministerstwa_Sprawiedliw_2adeecd4-e417-42de-95f8-e6b729def9a7.txt
Uszer Bregman,handel skórami i przyborami szewckiemi,Lucka 18,1890,,,,,"„Uszer Bregman” — handel skórami i przyborami szewckiemi w Kowlu, ul. Lucka 18. Istnieje od 1890 r.",1924-08-16,2adeecd4-e417-42de-95f8-e6b729def9a7,https://polona.pl/preview/2adeecd4-e417-42de-95f8-e6b729def9a7,1924-08-16_Obwieszczenia_Publiczne_dodatek_do_Dziennika_Urzędowego_Ministerstwa_Sprawiedliw_2adeecd4-e417-42de-95f8-e6b729def9a7.txt
Ester Rozenbaum,kawiarnia i sprzedaż delikatesów,,,,,,,„Ester Rozenbaum”—kawiarnia i sprzedaż delikatesów w Kowlu ul,1924-08-16,2adeecd4-e417-42de-95f8-e6b729def9a7,https://polona.pl/preview/2adeecd4-e417-42de-95f8-e6b729def9a7,1924-08-16_Obwieszczenia_Publiczne_dodatek_do_Dziennika_Urzędowego_Ministerstwa_Sprawiedliw_2adeecd4-e417-42de-95f8-e6b729def9a7.txt
Josif Lejdersznajder,handel gotowemi ubraniami,Łucka 24,1923,,,,,"„Josif Lejdersznajder"" — handel gotowemi ubraniami w Kowlu, Łucka 24. Istnieje od 1923 r.",1924-08-16,2adeecd4-e417-42de-95f8-e6b729def9a7,https://polona.pl/preview/2adeecd4-e417-42de-95f8-e6b729def9a7,1924-08-16_Obwieszczenia_Publiczne_dodatek_do_Dziennika_Urzędowego_Ministerstwa_Sprawiedliw_2adeecd4-e417-42de-95f8-e6b729def9a7.txt
Sara Finkiel,handel artykułami spożywczeni,Sienkiewicza 2,1917,,,,,"„Sara Finkiel” — handel artykułami spożywczeni w Kowlu, ul. Sienkiewicza 2. Istnieje od 1917 r.",1924-08-16,2adeecd4-e417-42de-95f8-e6b729def9a7,https://polona.pl/preview/2adeecd4-e417-42de-95f8-e6b729def9a7,1924-08-16_Obwieszczenia_Publiczne_dodatek_do_Dziennika_Urzędowego_Ministerstwa_Sprawiedliw_2adeecd4-e417-42de-95f8-e6b729def9a7.txt
Herszko Koliren,handel artykułami spożywczemi,Nowo-Kolejowa 39,1921,,,,,"„Herszko Koliren”, handel artykułami spożywczemi w Kowlu, ul. Nowo-Kolejowa 39. Istnieje od 1921 r.",1924-08-16,2adeecd4-e417-42de-95f8-e6b729def9a7,https://polona.pl/preview/2adeecd4-e417-42de-95f8-e6b729def9a7,1924-08-16_Obwieszczenia_Publiczne_dodatek_do_Dziennika_Urzędowego_Ministerstwa_Sprawiedliw_2adeecd4-e417-42de-95f8-e6b729def9a7.txt
Icko-Lejb Erlich,handel farbami suchemi,,,Icko Lejb Erlich,Krótkiej 40,1266,,"„Icko-Lejb Erlich”—handel farbami suchemi w Kowlu, ul. Han dlowa 17. Istnieje od 1914 r. Właśc. Icko Lejb Erlich, zam. w Kowlu, przy ul. Krótkiej 40. 1266",1924-08-16,2adeecd4-e417-42de-95f8-e6b729def9a7,https://polona.pl/preview/2adeecd4-e417-42de-95f8-e6b729def9a7,1924-08-16_Obwieszczenia_Publiczne_dodatek_do_Dziennika_Urzędowego_Ministerstwa_Sprawiedliw_2adeecd4-e417-42de-95f8-e6b729def9a7.txt
Cal Bregman,handel galanterją,Łucka 91,1919,,,,,"„Cal Bregman”—handel galanterją w Kowlu, ul. Łucka 91. Istnieje od 1919 r.",1924-08-16,2adeecd4-e417-42de-95f8-e6b729def9a7,https://polona.pl/preview/2adeecd4-e417-42de-95f8-e6b729def9a7,1924-08-16_Obwieszczenia_Publiczne_dodatek_do_Dziennika_Urzędowego_Ministerstwa_Sprawiedliw_2adeecd4-e417-42de-95f8-e6b729def9a7.txt
ftbram Goldberg,handel artykułami spożywczemi i galanterją,Staro-Kolejowa 43,1904,Abram Gold berg,Sienkiewicza 43,1279,,"„ftbram Goldberg”—handel artykułami spożywczemi i galanterją w Kowlu, ul. Staro-Kolejowa 43. Istnieje od 1904 r. Właśc. Abram Gold berg, zam. w Kowlu, przy ul. Sienkiewicza 43. 1279",1924-08-16,2adeecd4-e417-42de-95f8-e6b729def9a7,https://polona.pl/preview/2adeecd4-e417-42de-95f8-e6b729def9a7,1924-08-16_Obwieszczenia_Publiczne_dodatek_do_Dziennika_Urzędowego_Ministerstwa_Sprawiedliw_2adeecd4-e417-42de-95f8-e6b729def9a7.txt
Mordko Ojwental,handel szkłem i lampami,,,Mordko Ojwental,Maciejowskiej 7,1280,,"„Mordko Ojwental”—handel szkłem i lampami w Kowlu, ul. Lu cka 111. Istnieje od 1910. Właśc. Mordko Ojwental, zam. w Kowlu, przy ul. Maciejowskiej 7. 1280",1924-08-16,2adeecd4-e417-42de-95f8-e6b729def9a7,https://polona.pl/preview/2adeecd4-e417-42de-95f8-e6b729def9a7,1924-08-16_Obwieszczenia_Publiczne_dodatek_do_Dziennika_Urzędowego_Ministerstwa_Sprawiedliw_2adeecd4-e417-42de-95f8-e6b729def9a7.txt
Józef Goldweber,handel artykułami spożywczemi i zbożem,,,Józef Goldweber,Brzeskiej 41,1284,15 maja 1924,"„Józef Goldweber”—handel artykułami spożywczemi i zbożem w Kowlu, ul. Brzeska Na 11. Istnieje od 1919 r. Właśc. Józef Goldweber, zam. w Kowlu, przy ul. Brzeskiej 41. d. 15 maja 1924 r. 1284",1924-08-16,2adeecd4-e417-42de-95f8-e6b729def9a7,https://polona.pl/preview/2adeecd4-e417-42de-95f8-e6b729def9a7,1924-08-16_Obwieszczenia_Publiczne_dodatek_do_Dziennika_Urzędowego_Ministerstwa_Sprawiedliw_2adeecd4-e417-42de-95f8-e6b729def9a7.txt
Sura Licht,handel artykułami spożywczemi,,,Sura Licht,Szkolnej 18,1299,17 maja 1924,"„Sura Licht”—handel artykułami spożywczemi w Kowlu, ul. Ma ło-Włodzimierska 15. Właśc. Sura Licht, zam. w Kowlu, przy ul. Szkolnej 18. d. 17 maja 1924 r. 1299",1924-08-16,2adeecd4-e417-42de-95f8-e6b729def9a7,https://polona.pl/preview/2adeecd4-e417-42de-95f8-e6b729def9a7,1924-08-16_Obwieszczenia_Publiczne_dodatek_do_Dziennika_Urzędowego_Ministerstwa_Sprawiedliw_2adeecd4-e417-42de-95f8-e6b729def9a7.txt
Szepsel Klejner,handel artykułami spożywczemi i słodyczami,Łucka 125,1920,,,,,"„Szepsel Klejner”—handel artykułami spożywczemi i słodyczami w Kowlu, ul. Łucka 125. Istnieje od 1920 r.",1924-08-16,2adeecd4-e417-42de-95f8-e6b729def9a7,https://polona.pl/preview/2adeecd4-e417-42de-95f8-e6b729def9a7,1924-08-16_Obwieszczenia_Publiczne_dodatek_do_Dziennika_Urzędowego_Ministerstwa_Sprawiedliw_2adeecd4-e417-42de-95f8-e6b729def9a7.txt
Józef Bursztejn,handel obuwiem,Lucka 65,1922,,,,,"„Józef Bursztejn” — handel obuwiem w Kowlu, ul. Lucka 65. Istnieje od 1922 r.",1924-08-16,2adeecd4-e417-42de-95f8-e6b729def9a7,https://polona.pl/preview/2adeecd4-e417-42de-95f8-e6b729def9a7,1924-08-16_Obwieszczenia_Publiczne_dodatek_do_Dziennika_Urzędowego_Ministerstwa_Sprawiedliw_2adeecd4-e417-42de-95f8-e6b729def9a7.txt
Jakób-Hersz Poliszuk,handel galanterją i instrumentami mu- zycznemi,Lucka 161,1909,,,,,"„Jakób-Hersz Poliszuk”—handel galanterją i instrumentami mu- zycznemi w Kowlu, ul. Lucka 161. Istnieje od 1909 r.",1924-08-16,2adeecd4-e417-42de-95f8-e6b729def9a7,https://polona.pl/preview/2adeecd4-e417-42de-95f8-e6b729def9a7,1924-08-16_Obwieszczenia_Publiczne_dodatek_do_Dziennika_Urzędowego_Ministerstwa_Sprawiedliw_2adeecd4-e417-42de-95f8-e6b729def9a7.txt
Leon Kopecki,przedmiotem przedsiębiorstwa jest prowadze nie,2 sklepów,,Leon Kopecki,Sienkiewicza 31,4790,,"„Leon Kopecki”—przedmiotem przedsiębiorstwa jest prowadze nie w Kowlu 2 sklepów: galanterji i manufaktury przy ul. Sienkiewicza Na 31 i spożywczego przy ul. Sienkiewicza N: 35. Właśc. Leon Kopecki, zam. w Kowlu, przy ul. Sienkiewicza 31. 4790",1924-08-16,2adeecd4-e417-42de-95f8-e6b729def9a7,https://polona.pl/preview/2adeecd4-e417-42de-95f8-e6b729def9a7,1924-08-16_Obwieszczenia_Publiczne_dodatek_do_Dziennika_Urzędowego_Ministerstwa_Sprawiedliw_2adeecd4-e417-42de-95f8-e6b729def9a7.txt
,,,,Chaim Szwarc,Kolejowej 4,1278,,"Chaim Szwarc, zam. w Kowlu, przy ul. Kolejowej 4. 1278",1924-08-16,2adeecd4-e417-42de-95f8-e6b729def9a7,https://polona.pl/preview/2adeecd4-e417-42de-95f8-e6b729def9a7,1924-08-16_Obwieszczenia_Publiczne_dodatek_do_Dziennika_Urzędowego_Ministerstwa_Sprawiedliw_2adeecd4-e417-42de-95f8-e6b729def9a7.txt
Chana Gołąbka,handel galanterją i konfekcją,Łucka 38,,,,,,"„Chana Gołąbka"", handel galanterją i konfekcją w Kowlu, ul. Łucka 38.",1924-08-20,10d237da-d64b-457e-b670-d847ca3a8c4b,https://polona.pl/preview/10d237da-d64b-457e-b670-d847ca3a8c4b,1924-08-20_Obwieszczenia_Publiczne_dodatek_do_Dziennika_Urzędowego_Ministerstwa_Sprawiedliw_10d237da-d64b-457e-b670-d847ca3a8c4b.txt
Ziskind Mojsze,handel towarami ludowemi,,,,,,,"„Ziskind Mojsze”, handel towarami ludowemi w Kowlu, ul",1924-08-20,10d237da-d64b-457e-b670-d847ca3a8c4b,https://polona.pl/preview/10d237da-d64b-457e-b670-d847ca3a8c4b,1924-08-20_Obwieszczenia_Publiczne_dodatek_do_Dziennika_Urzędowego_Ministerstwa_Sprawiedliw_10d237da-d64b-457e-b670-d847ca3a8c4b.txt
Mojsze Woliweler,handel artykułami spoźywczemi i wyrobami tytoniowemi,Lucka 18,1885,,,,,"„Mojsze Woliweler”, handel artykułami spoźywczemi i wyrobami tytoniowemi w Kowlu, ul. Lucka 18. Istnieje od 1885 r.",1924-08-20,10d237da-d64b-457e-b670-d847ca3a8c4b,https://polona.pl/preview/10d237da-d64b-457e-b670-d847ca3a8c4b,1924-08-20_Obwieszczenia_Publiczne_dodatek_do_Dziennika_Urzędowego_Ministerstwa_Sprawiedliw_10d237da-d64b-457e-b670-d847ca3a8c4b.txt
Baranik Zysia,jadłodajnia,,,,,,,"„Baranik Zysia”, jadłodajnia w Kowlu",1924-08-20,10d237da-d64b-457e-b670-d847ca3a8c4b,https://polona.pl/preview/10d237da-d64b-457e-b670-d847ca3a8c4b,1924-08-20_Obwieszczenia_Publiczne_dodatek_do_Dziennika_Urzędowego_Ministerstwa_Sprawiedliw_10d237da-d64b-457e-b670-d847ca3a8c4b.txt
Djanowski Jerzy,handel galanterją,Lucka 107,1923,Djanowski Jerzy,Kole jowej 2,4741,,"„Djanowski Jerzy”, handel galanterją w Kowlu, ul. Lucka 107. Istnieje od 1923 r. Właśc. Djanowski Jerzy, zam. w Kowlu, przy ul. Kole jowej 2. 4741",1924-08-20,10d237da-d64b-457e-b670-d847ca3a8c4b,https://polona.pl/preview/10d237da-d64b-457e-b670-d847ca3a8c4b,1924-08-20_Obwieszczenia_Publiczne_dodatek_do_Dziennika_Urzędowego_Ministerstwa_Sprawiedliw_10d237da-d64b-457e-b670-d847ca3a8c4b.txt
Chaim Motiuk,handel artykułami spożywczemi,Brzeska 5,1890,Chaim Motiuk,Mało-Włodzimierskiej 37,1369,24 czerwca 1924,"„Chaim Motiuk”, handel artykułami spożywczemi w Kowlu, ul. Brzeska 5. Istnieje od 1890 r. Właśc. Chaim Motiuk, zam. w Kowlu, przy ul. Mało-Włodzimierskiej 37. d. 24 czerwca 1924 r. 1369",1924-08-20,10d237da-d64b-457e-b670-d847ca3a8c4b,https://polona.pl/preview/10d237da-d64b-457e-b670-d847ca3a8c4b,1924-08-20_Obwieszczenia_Publiczne_dodatek_do_Dziennika_Urzędowego_Ministerstwa_Sprawiedliw_10d237da-d64b-457e-b670-d847ca3a8c4b.txt
Abram Tojbicz,"skład piwa, porteru i miodu",,,,,,,"„Abram Tojbicz”, skład piwa, porteru i miodu w Kowlu",1924-08-20,10d237da-d64b-457e-b670-d847ca3a8c4b,https://polona.pl/preview/10d237da-d64b-457e-b670-d847ca3a8c4b,1924-08-20_Obwieszczenia_Publiczne_dodatek_do_Dziennika_Urzędowego_Ministerstwa_Sprawiedliw_10d237da-d64b-457e-b670-d847ca3a8c4b.txt
Aron Fradelis,handel jubilerski i sprzedaż zegarków,,,,,,,"„Aron Fradelis”, handel jubilerski i sprzedaż zegarków w Kowlu",1924-08-23,6b99d55f-d15e-4c4e-ae14-676e854e58f7,https://polona.pl/preview/6b99d55f-d15e-4c4e-ae14-676e854e58f7,1924-08-23_Obwieszczenia_Publiczne_dodatek_do_Dziennika_Urzędowego_Ministerstwa_Sprawiedliw_6b99d55f-d15e-4c4e-ae14-676e854e58f7.txt
Bromberg Zemel,handel manufakturą,,,,,,,"„Bromberg Zemel”, handel manufakturą w Kowlu",1924-08-23,6b99d55f-d15e-4c4e-ae14-676e854e58f7,https://polona.pl/preview/6b99d55f-d15e-4c4e-ae14-676e854e58f7,1924-08-23_Obwieszczenia_Publiczne_dodatek_do_Dziennika_Urzędowego_Ministerstwa_Sprawiedliw_6b99d55f-d15e-4c4e-ae14-676e854e58f7.txt
Rojtenberg Awrum Geszel,handel manufakturą,,,,,,,"„Rojtenberg Awrum Geszel”, handel manufakturą w Kowlu",1924-08-23,6b99d55f-d15e-4c4e-ae14-676e854e58f7,https://polona.pl/preview/6b99d55f-d15e-4c4e-ae14-676e854e58f7,1924-08-23_Obwieszczenia_Publiczne_dodatek_do_Dziennika_Urzędowego_Ministerstwa_Sprawiedliw_6b99d55f-d15e-4c4e-ae14-676e854e58f7.txt
Bass Wolf,handel biżuterią,,,,,,,"„Bass Wolf”, handel biżuterią w Kowlu",1924-08-23,6b99d55f-d15e-4c4e-ae14-676e854e58f7,https://polona.pl/preview/6b99d55f-d15e-4c4e-ae14-676e854e58f7,1924-08-23_Obwieszczenia_Publiczne_dodatek_do_Dziennika_Urzędowego_Ministerstwa_Sprawiedliw_6b99d55f-d15e-4c4e-ae14-676e854e58f7.txt
Gierszon Cukierman,handel gotowemi ubraniami,* ul,,,,,,"„Gierszon Cukierman”, handel gotowemi ubraniami w Kowlu* ul",1924-08-23,6b99d55f-d15e-4c4e-ae14-676e854e58f7,https://polona.pl/preview/6b99d55f-d15e-4c4e-ae14-676e854e58f7,1924-08-23_Obwieszczenia_Publiczne_dodatek_do_Dziennika_Urzędowego_Ministerstwa_Sprawiedliw_6b99d55f-d15e-4c4e-ae14-676e854e58f7.txt
,,,,Jan Segert,Poprzecznej 14,1402,16 lipca 1924,"Jan Segert, zamieszkały w Kowlu, przy ul. Poprzecznej 14. d. 16 lipca 1924 r. 1402",1924-08-23,6b99d55f-d15e-4c4e-ae14-676e854e58f7,https://polona.pl/preview/6b99d55f-d15e-4c4e-ae14-676e854e58f7,1924-08-23_Obwieszczenia_Publiczne_dodatek_do_Dziennika_Urzędowego_Ministerstwa_Sprawiedliw_6b99d55f-d15e-4c4e-ae14-676e854e58f7.txt
Rafał Cymeryng,handel naczyniami i manufakturą,Łucka 57,1905,Rafał Cymeryng,Handlowej 4,1224,26 kwietnia 1924,"„Rafał Cymeryng”, handel naczyniami i manufakturą w Kowlu, ul. Łucka 57. Istnieje od 1905 r. Właśc. Rafał Cymeryng, zam. w Kowlu przy ul. Handlowej 4. d. 26 kwietnia 1924 r. 1224",1924-08-30,4f8782f1-29b3-46fb-a92c-435fcbb0cd47,https://polona.pl/preview/4f8782f1-29b3-46fb-a92c-435fcbb0cd47,1924-08-30_Obwieszczenia_Publiczne_dodatek_do_Dziennika_Urzędowego_Ministerstwa_Sprawiedliw_4f8782f1-29b3-46fb-a92c-435fcbb0cd47.txt
Uszer Szwarc,handel artykułami spożywczemi,,,,,,,"„Uszer Szwarc”, handel artykułami spożywczemi w Kowlu",1924-08-30,4f8782f1-29b3-46fb-a92c-435fcbb0cd47,https://polona.pl/preview/4f8782f1-29b3-46fb-a92c-435fcbb0cd47,1924-08-30_Obwieszczenia_Publiczne_dodatek_do_Dziennika_Urzędowego_Ministerstwa_Sprawiedliw_4f8782f1-29b3-46fb-a92c-435fcbb0cd47.txt
Aron-Szmul Mełamed,handel towarami ludowemi,Łucka 42,1921,,,,,"„Aron-Szmul Mełamed”, handel towarami ludowemi w Kowlu, ul. Łucka 42. Istnieje od 1921 r.",1924-08-30,4f8782f1-29b3-46fb-a92c-435fcbb0cd47,https://polona.pl/preview/4f8782f1-29b3-46fb-a92c-435fcbb0cd47,1924-08-30_Obwieszczenia_Publiczne_dodatek_do_Dziennika_Urzędowego_Ministerstwa_Sprawiedliw_4f8782f1-29b3-46fb-a92c-435fcbb0cd47.txt
Jankiel Bon,dom zajezdny i jadłodajnia,,,,,,,"„Jankiel Bon”, dom zajezdny i jadłodajnia w Kowlu",1924-08-30,4f8782f1-29b3-46fb-a92c-435fcbb0cd47,https://polona.pl/preview/4f8782f1-29b3-46fb-a92c-435fcbb0cd47,1924-08-30_Obwieszczenia_Publiczne_dodatek_do_Dziennika_Urzędowego_Ministerstwa_Sprawiedliw_4f8782f1-29b3-46fb-a92c-435fcbb0cd47.txt
Zelman Wajner,handel staremi rzeczami,,,Zelman Wajner,* Brzeska 31,1441,4 sierpnia 1924,"„Zelman Wajner”, handel staremi rzeczami w Kowlu, ul. Han dlowa 6. Istnieje od 1922 r. Właśc. Zelman Wajner, zam. w Kowlu, ul* Brzeska 31. d. 4 sierpnia 1924 r. 1441",1924-08-30,4f8782f1-29b3-46fb-a92c-435fcbb0cd47,https://polona.pl/preview/4f8782f1-29b3-46fb-a92c-435fcbb0cd47,1924-08-30_Obwieszczenia_Publiczne_dodatek_do_Dziennika_Urzędowego_Ministerstwa_Sprawiedliw_4f8782f1-29b3-46fb-a92c-435fcbb0cd47.txt
Menasze Ejczys,handel galanterją,Lucka 3,1893,,,,,"„Menasze Ejczys”, handel galanterją w Kowlu, ul. Lucka 3. Istnieje od 1893 r.",1924-09-13,a648c9f4-2fca-4d39-bd78-5f9e0af75e7e,https://polona.pl/preview/a648c9f4-2fca-4d39-bd78-5f9e0af75e7e,1924-09-13_Obwieszczenia_Publiczne_dodatek_do_Dziennika_Urzędowego_Ministerstwa_Sprawiedliw_a648c9f4-2fca-4d39-bd78-5f9e0af75e7e.txt
Chaja Kraska,handel artykułami spożywczemi,,,Chaja Kraska,Bazarnej 14,1452,13 sierpnia 1924,"„Chaja Kraska”, handel artykułami spożywczemi w Kowlu, Plac Handlowy. Istnieje od 1920 r. Właśc. Chaja Kraska, zam. w Kowlu, przy ul. Bazarnej 14. d. 13 sierpnia 1924 r. 1452",1924-09-13,a648c9f4-2fca-4d39-bd78-5f9e0af75e7e,https://polona.pl/preview/a648c9f4-2fca-4d39-bd78-5f9e0af75e7e,1924-09-13_Obwieszczenia_Publiczne_dodatek_do_Dziennika_Urzędowego_Ministerstwa_Sprawiedliw_a648c9f4-2fca-4d39-bd78-5f9e0af75e7e.txt
Natalja Frydrychson,apteka,,,,,,,"„Natalja Frydrychson”, apteka w Kowlu",1924-09-13,a648c9f4-2fca-4d39-bd78-5f9e0af75e7e,https://polona.pl/preview/a648c9f4-2fca-4d39-bd78-5f9e0af75e7e,1924-09-13_Obwieszczenia_Publiczne_dodatek_do_Dziennika_Urzędowego_Ministerstwa_Sprawiedliw_a648c9f4-2fca-4d39-bd78-5f9e0af75e7e.txt
Chaim-Lejzor Press,handel koszykami i powrozami,,,,,,,"„Chaim-Lejzor Press”, handel koszykami i powrozami w Kowlu",1924-09-13,a648c9f4-2fca-4d39-bd78-5f9e0af75e7e,https://polona.pl/preview/a648c9f4-2fca-4d39-bd78-5f9e0af75e7e,1924-09-13_Obwieszczenia_Publiczne_dodatek_do_Dziennika_Urzędowego_Ministerstwa_Sprawiedliw_a648c9f4-2fca-4d39-bd78-5f9e0af75e7e.txt
Kaiman-Jojne Bass,handel manufakturą i konfekcją damską,,,,,,,"„Kaiman-Jojne Bass”, handel manufakturą i konfekcją damską w Kowlu",1924-09-13,a648c9f4-2fca-4d39-bd78-5f9e0af75e7e,https://polona.pl/preview/a648c9f4-2fca-4d39-bd78-5f9e0af75e7e,1924-09-13_Obwieszczenia_Publiczne_dodatek_do_Dziennika_Urzędowego_Ministerstwa_Sprawiedliw_a648c9f4-2fca-4d39-bd78-5f9e0af75e7e.txt
Wiktor Kirschner,biuro techniczno-budowlane,,,,,,,"„Wiktor Kirschner”, biuro techniczno-budowlane w Kowlu",1924-09-13,a648c9f4-2fca-4d39-bd78-5f9e0af75e7e,https://polona.pl/preview/a648c9f4-2fca-4d39-bd78-5f9e0af75e7e,1924-09-13_Obwieszczenia_Publiczne_dodatek_do_Dziennika_Urzędowego_Ministerstwa_Sprawiedliw_a648c9f4-2fca-4d39-bd78-5f9e0af75e7e.txt
Gonik Motel,handel skórami i pracownia kamaszy,Łucka 84,1922,Gonik Motel,Maciejowskiej 40,1409,,"„Gonik Motel”, handel skórami i pracownia kamaszy w Kowlu, ul. Łucka 84. Istnieje od 1922 r. Właśc. Gonik Motel, zam. w Kowlu, przy ul. Maciejowskiej 40. 1409",1924-09-20,ad3c3a74-0110-4005-bd79-2db471a259ef,https://polona.pl/preview/ad3c3a74-0110-4005-bd79-2db471a259ef,1924-09-20_Obwieszczenia_Publiczne_dodatek_do_Dziennika_Urzędowego_Ministerstwa_Sprawiedliw_ad3c3a74-0110-4005-bd79-2db471a259ef.txt
Jankiel Karsz,handel mięsem,Mickiewicza 1,1918,Jankiel Karsz,Mickie wicza 44,1437,,"„Jankiel Karsz”, handel mięsem w Kowlu, ul. Mickiewicza 1. Istnieje od 1918 r. Właśc. Jankiel Karsz, zam. w Kowlu, przy ul. Mickie wicza 44. 1437",1924-09-20,ad3c3a74-0110-4005-bd79-2db471a259ef,https://polona.pl/preview/ad3c3a74-0110-4005-bd79-2db471a259ef,1924-09-20_Obwieszczenia_Publiczne_dodatek_do_Dziennika_Urzędowego_Ministerstwa_Sprawiedliw_ad3c3a74-0110-4005-bd79-2db471a259ef.txt
Bencjon Rojzen,bufet,Łucka 71,1910,,,,,"„Bencjon Rojzen”, bufet w Kowlu, ul. Łucka 71. Istnieje od 1910 r.",1924-09-20,ad3c3a74-0110-4005-bd79-2db471a259ef,https://polona.pl/preview/ad3c3a74-0110-4005-bd79-2db471a259ef,1924-09-20_Obwieszczenia_Publiczne_dodatek_do_Dziennika_Urzędowego_Ministerstwa_Sprawiedliw_ad3c3a74-0110-4005-bd79-2db471a259ef.txt
Mordko Mandel,bufet,Łucka 135,1920,Mordko Mandel,Więziennej 14,1454,13 sierpnia 1924,"„Mordko Mandel”, bufet w Kowlu, ul. Łucka 135. Istnieje od 1920 r. Właśc. Mordko Mandel, zam w Kowlu, przy ul. Więziennej 14. d. 13 sierpnia 1924 r. 1454",1924-09-20,ad3c3a74-0110-4005-bd79-2db471a259ef,https://polona.pl/preview/ad3c3a74-0110-4005-bd79-2db471a259ef,1924-09-20_Obwieszczenia_Publiczne_dodatek_do_Dziennika_Urzędowego_Ministerstwa_Sprawiedliw_ad3c3a74-0110-4005-bd79-2db471a259ef.txt
Józef Bober,handel galanterją,,,,,,,"„Józef Bober”, handel galanterją w Kowlu",1924-09-20,ad3c3a74-0110-4005-bd79-2db471a259ef,https://polona.pl/preview/ad3c3a74-0110-4005-bd79-2db471a259ef,1924-09-20_Obwieszczenia_Publiczne_dodatek_do_Dziennika_Urzędowego_Ministerstwa_Sprawiedliw_ad3c3a74-0110-4005-bd79-2db471a259ef.txt
Mejer Chanis,handel artykułami spożywczemi,,,,,,,"„Mejer Chanis”, handel artykułami spożywczemi w Kowlu",1924-09-20,ad3c3a74-0110-4005-bd79-2db471a259ef,https://polona.pl/preview/ad3c3a74-0110-4005-bd79-2db471a259ef,1924-09-20_Obwieszczenia_Publiczne_dodatek_do_Dziennika_Urzędowego_Ministerstwa_Sprawiedliw_ad3c3a74-0110-4005-bd79-2db471a259ef.txt
Moszko Lejbenberg,handel artykułami spożywczemi i włosz czyzną,Rynek 15,1924,,,,,"„Moszko Lejbenberg”, handel artykułami spożywczemi i włosz czyzną w Kowlu, ul. Rynek 15. Istnieje od 1924 r.",1924-09-20,ad3c3a74-0110-4005-bd79-2db471a259ef,https://polona.pl/preview/ad3c3a74-0110-4005-bd79-2db471a259ef,1924-09-20_Obwieszczenia_Publiczne_dodatek_do_Dziennika_Urzędowego_Ministerstwa_Sprawiedliw_ad3c3a74-0110-4005-bd79-2db471a259ef.txt
Garber Mojsze,"handel obuwiem, skórami i przyborami szew- ckiemi",,,,,,,"„Garber Mojsze”, handel obuwiem, skórami i przyborami szew- ckiemi w Kowlu",1924-09-20,ad3c3a74-0110-4005-bd79-2db471a259ef,https://polona.pl/preview/ad3c3a74-0110-4005-bd79-2db471a259ef,1924-09-20_Obwieszczenia_Publiczne_dodatek_do_Dziennika_Urzędowego_Ministerstwa_Sprawiedliw_ad3c3a74-0110-4005-bd79-2db471a259ef.txt
L. Marynowski i F\. Pomeranc,»Ekspres«,Mickiewicza 10,,,,,,"„L. Marynowski i F\. Pomeranc”—-»Ekspres« w Kowlu, ul. Mickiewicza 10",1924-09-24,8df16142-0fcf-44a6-8448-efaa765482e0,https://polona.pl/preview/8df16142-0fcf-44a6-8448-efaa765482e0,1924-09-24_Obwieszczenia_Publiczne_dodatek_do_Dziennika_Urzędowego_Ministerstwa_Sprawiedliw_8df16142-0fcf-44a6-8448-efaa765482e0.txt
Szaja Gutman,pracownia krawiecka i handel ubraniami ludo- Wemi,Lucka 18,1922,,,,,"„Szaja Gutman”, pracownia krawiecka i handel ubraniami ludo- Wemi w Kowlu, ul. Lucka 18. Istnieje od 1922 r.",1924-10-01,98c5fc23-b2f8-48c8-9d27-204367af7084,https://polona.pl/preview/98c5fc23-b2f8-48c8-9d27-204367af7084,1924-10-01_Obwieszczenia_Publiczne_dodatek_do_Dziennika_Urzędowego_Ministerstwa_Sprawiedliw_98c5fc23-b2f8-48c8-9d27-204367af7084.txt
Szwarc Chana,handel artykułami spożywczemi,,1894,Właśc Chana Szwarc,ftptecznej 10,1462,14 sierpnia 1924,"„Szwarc Chana”, handel artykułami spożywczemi w Kowlu. Istnieje od 1894 r,. Właśc Chana Szwarc, zam. w Kowlu, przy ul. ftptecznej 10. d. 14 sierpnia 1924 r. 1462",1924-10-01,98c5fc23-b2f8-48c8-9d27-204367af7084,https://polona.pl/preview/98c5fc23-b2f8-48c8-9d27-204367af7084,1924-10-01_Obwieszczenia_Publiczne_dodatek_do_Dziennika_Urzędowego_Ministerstwa_Sprawiedliw_98c5fc23-b2f8-48c8-9d27-204367af7084.txt
Gitla Mełamed,handel towarami ludowemi,,,,,,,"„Gitla Mełamed”, handel towarami ludowemi w Kowlu",1924-10-01,98c5fc23-b2f8-48c8-9d27-204367af7084,https://polona.pl/preview/98c5fc23-b2f8-48c8-9d27-204367af7084,1924-10-01_Obwieszczenia_Publiczne_dodatek_do_Dziennika_Urzędowego_Ministerstwa_Sprawiedliw_98c5fc23-b2f8-48c8-9d27-204367af7084.txt
Zajwel Bronsztejn,tartak parowy,,,Zajwel Bronsztejn,ica Sienkiewicza 8,1487,,"„Zajwel Bronsztejn"", tartak parowy w Kowlu, przy ul. Kołodni- ckiej. Egzystuje od 1924 r. Właśc. Zajwel Bronsztejn, zam. w Kowlu, ulica Sienkiewicza 8. 1487",1924-10-01,98c5fc23-b2f8-48c8-9d27-204367af7084,https://polona.pl/preview/98c5fc23-b2f8-48c8-9d27-204367af7084,1924-10-01_Obwieszczenia_Publiczne_dodatek_do_Dziennika_Urzędowego_Ministerstwa_Sprawiedliw_98c5fc23-b2f8-48c8-9d27-204367af7084.txt
Szejndla Nejman,handel galanterją,,,,,,,"„Szejndla Nejman"", handel galanterją, w Kowlu",1924-10-11,5c2ecb58-ae18-457e-9fd6-d4f3cc8bd80c,https://polona.pl/preview/5c2ecb58-ae18-457e-9fd6-d4f3cc8bd80c,1924-10-11_Obwieszczenia_Publiczne_dodatek_do_Dziennika_Urzędowego_Ministerstwa_Sprawiedliw_5c2ecb58-ae18-457e-9fd6-d4f3cc8bd80c.txt
Chasia Łande,drobny handel zbożem,,,,,,,"„Chasia Łande"", drobny handel zbożem w Kowlu",1924-10-11,5c2ecb58-ae18-457e-9fd6-d4f3cc8bd80c,https://polona.pl/preview/5c2ecb58-ae18-457e-9fd6-d4f3cc8bd80c,1924-10-11_Obwieszczenia_Publiczne_dodatek_do_Dziennika_Urzędowego_Ministerstwa_Sprawiedliw_5c2ecb58-ae18-457e-9fd6-d4f3cc8bd80c.txt
Chaim Melamed,handel naftą i smarami,,,,,,,"„Chaim Melamed"", handel naftą i smarami w Kowlu",1924-10-11,5c2ecb58-ae18-457e-9fd6-d4f3cc8bd80c,https://polona.pl/preview/5c2ecb58-ae18-457e-9fd6-d4f3cc8bd80c,1924-10-11_Obwieszczenia_Publiczne_dodatek_do_Dziennika_Urzędowego_Ministerstwa_Sprawiedliw_5c2ecb58-ae18-457e-9fd6-d4f3cc8bd80c.txt
Chasis Pinchas,handel artykułami spożywczemi,,,,,,,"„Chasis Pinchas"", handel artykułami spożywczemi w Kowlu",1924-10-11,5c2ecb58-ae18-457e-9fd6-d4f3cc8bd80c,https://polona.pl/preview/5c2ecb58-ae18-457e-9fd6-d4f3cc8bd80c,1924-10-11_Obwieszczenia_Publiczne_dodatek_do_Dziennika_Urzędowego_Ministerstwa_Sprawiedliw_5c2ecb58-ae18-457e-9fd6-d4f3cc8bd80c.txt
Razinzońska Dina,handel wyrobami żelaznemi,Targowa 23,1918,,,,,"„Razinzońska Dina"", handel wyrobami żelaznemi w Kowlu, ul. Targowa 23. Istnieje od 1918 r.",1924-10-11,5c2ecb58-ae18-457e-9fd6-d4f3cc8bd80c,https://polona.pl/preview/5c2ecb58-ae18-457e-9fd6-d4f3cc8bd80c,1924-10-11_Obwieszczenia_Publiczne_dodatek_do_Dziennika_Urzędowego_Ministerstwa_Sprawiedliw_5c2ecb58-ae18-457e-9fd6-d4f3cc8bd80c.txt
,,,,Chasia Zelcer,Włodzimierskiej 24,6230,,"Chasia Zelcer, zam. w Kowlu, przy ul. Włodzimierskiej 24. 6230",1924-10-11,5c2ecb58-ae18-457e-9fd6-d4f3cc8bd80c,https://polona.pl/preview/5c2ecb58-ae18-457e-9fd6-d4f3cc8bd80c,1924-10-11_Obwieszczenia_Publiczne_dodatek_do_Dziennika_Urzędowego_Ministerstwa_Sprawiedliw_5c2ecb58-ae18-457e-9fd6-d4f3cc8bd80c.txt
,,,,Józef Kiejnerman,Brzeskiej 40,,,"Józef Kiejnerman, zam. w Kowlu, przy ul. Brzeskiej 40",1924-10-11,5c2ecb58-ae18-457e-9fd6-d4f3cc8bd80c,https://polona.pl/preview/5c2ecb58-ae18-457e-9fd6-d4f3cc8bd80c,1924-10-11_Obwieszczenia_Publiczne_dodatek_do_Dziennika_Urzędowego_Ministerstwa_Sprawiedliw_5c2ecb58-ae18-457e-9fd6-d4f3cc8bd80c.txt
Mordko Pereł,handel resztkami towarów łokciowych,Lucka 42,1923,,,,,"„Mordko Pereł”, handel resztkami towarów łokciowych w Kowlu, ul. Lucka 42. Istnieje od 1923 r.",1924-10-18,695f6b42-aae3-4f91-bbe9-4b8e171ba2db,https://polona.pl/preview/695f6b42-aae3-4f91-bbe9-4b8e171ba2db,1924-10-18_Obwieszczenia_Publiczne_dodatek_do_Dziennika_Urzędowego_Ministerstwa_Sprawiedliw_695f6b42-aae3-4f91-bbe9-4b8e171ba2db.txt
Basia Zafran,handel towarami ludowemi,,,,,,,"„Basia Zafran”, handel towarami ludowemi w Kowlu",1924-10-18,695f6b42-aae3-4f91-bbe9-4b8e171ba2db,https://polona.pl/preview/695f6b42-aae3-4f91-bbe9-4b8e171ba2db,1924-10-18_Obwieszczenia_Publiczne_dodatek_do_Dziennika_Urzędowego_Ministerstwa_Sprawiedliw_695f6b42-aae3-4f91-bbe9-4b8e171ba2db.txt
ftntoni Michalski,handel bławatno-galanteryjny,Lucka 110,1923,,,,,"„ftntoni Michalski”, handel bławatno-galanteryjny w Kowlu, ul. Lucka 110. Istnieje od 1923 r.",1924-10-18,695f6b42-aae3-4f91-bbe9-4b8e171ba2db,https://polona.pl/preview/695f6b42-aae3-4f91-bbe9-4b8e171ba2db,1924-10-18_Obwieszczenia_Publiczne_dodatek_do_Dziennika_Urzędowego_Ministerstwa_Sprawiedliw_695f6b42-aae3-4f91-bbe9-4b8e171ba2db.txt
Mojsze Kerżner,"hotel „ftstorja""",,,,,,,"„Mojsze Kerżner”, hotel „ftstorja"" w Kowlu",1924-10-18,695f6b42-aae3-4f91-bbe9-4b8e171ba2db,https://polona.pl/preview/695f6b42-aae3-4f91-bbe9-4b8e171ba2db,1924-10-18_Obwieszczenia_Publiczne_dodatek_do_Dziennika_Urzędowego_Ministerstwa_Sprawiedliw_695f6b42-aae3-4f91-bbe9-4b8e171ba2db.txt
ftndrzej Szeroczenko,kawiarnia,Górna 8,,,,,,"„ftndrzej Szeroczenko”, kawiarnia w Kowlu, ul. Górna 8",1924-10-18,695f6b42-aae3-4f91-bbe9-4b8e171ba2db,https://polona.pl/preview/695f6b42-aae3-4f91-bbe9-4b8e171ba2db,1924-10-18_Obwieszczenia_Publiczne_dodatek_do_Dziennika_Urzędowego_Ministerstwa_Sprawiedliw_695f6b42-aae3-4f91-bbe9-4b8e171ba2db.txt
Zygmunt Motel,handel artykułami spożywczemi i sprzedaż wyrobów tytoniowych,Kolejowa 85,,,,,,"„Zygmunt Motel”, handel artykułami spożywczemi i sprzedaż wyrobów tytoniowych w Kowlu, ul. Kolejowa 85",1924-10-22,4182d5e1-7e15-44c0-aabb-a28a7013a962,https://polona.pl/preview/4182d5e1-7e15-44c0-aabb-a28a7013a962,1924-10-22_Obwieszczenia_Publiczne_dodatek_do_Dziennika_Urzędowego_Ministerstwa_Sprawiedliw_4182d5e1-7e15-44c0-aabb-a28a7013a962.txt
Fejga Blajguz,handel galanterją,,,,,,,"„Fejga Blajguz”, handel galanterją w Kowlu",1924-10-22,4182d5e1-7e15-44c0-aabb-a28a7013a962,https://polona.pl/preview/4182d5e1-7e15-44c0-aabb-a28a7013a962,1924-10-22_Obwieszczenia_Publiczne_dodatek_do_Dziennika_Urzędowego_Ministerstwa_Sprawiedliw_4182d5e1-7e15-44c0-aabb-a28a7013a962.txt
Szmul Werba,handel galanterją,,,,,,,"„Szmul Werba”, handel galanterją w Kowlu",1924-10-22,4182d5e1-7e15-44c0-aabb-a28a7013a962,https://polona.pl/preview/4182d5e1-7e15-44c0-aabb-a28a7013a962,1924-10-22_Obwieszczenia_Publiczne_dodatek_do_Dziennika_Urzędowego_Ministerstwa_Sprawiedliw_4182d5e1-7e15-44c0-aabb-a28a7013a962.txt
Mendel Kossowski,drobny handel wyrobami tytoniowemi,Łucka 160,,,,,,"„Mendel Kossowski”, drobny handel wyrobami tytoniowemi w Kowlu, ul. Łucka 160.",1924-10-22,4182d5e1-7e15-44c0-aabb-a28a7013a962,https://polona.pl/preview/4182d5e1-7e15-44c0-aabb-a28a7013a962,1924-10-22_Obwieszczenia_Publiczne_dodatek_do_Dziennika_Urzędowego_Ministerstwa_Sprawiedliw_4182d5e1-7e15-44c0-aabb-a28a7013a962.txt
Waks Bencjon,handel zbożem i mąką,3 Maja 5,1920,,,,,"„Waks Bencjon”, handel zbożem i mąką w Kowlu, ul. 3 Maja 5. Istnieje od 1920 r.",1924-10-25,b075cfae-9120-40cd-b8ef-3d016f9b540d,https://polona.pl/preview/b075cfae-9120-40cd-b8ef-3d016f9b540d,1924-10-25_Obwieszczenia_Publiczne_dodatek_do_Dziennika_Urzędowego_Ministerstwa_Sprawiedliw_b075cfae-9120-40cd-b8ef-3d016f9b540d.txt
Kasztan Idei,handel artykułami spożywczemi,,,Kasztan Idei,ui Magistrackiej 17,1428,28 lipca 1924,"„Kasztan Idei"", handel artykułami spożywczemi w Kowlu, ulica Łucka 18. Istnieje od 1915 r. Właśc. Kasztan Idei, zam. w Kowlu, przy ui Magistrackiej 17. d. 28 lipca 1924 r. 1428",1924-10-25,b075cfae-9120-40cd-b8ef-3d016f9b540d,https://polona.pl/preview/b075cfae-9120-40cd-b8ef-3d016f9b540d,1924-10-25_Obwieszczenia_Publiczne_dodatek_do_Dziennika_Urzędowego_Ministerstwa_Sprawiedliw_b075cfae-9120-40cd-b8ef-3d016f9b540d.txt
Mania Jeruchimowicz,handel galanterją,,,,,,,"„Mania Jeruchimowicz”, handel galanterją w Kowlu",1924-10-25,b075cfae-9120-40cd-b8ef-3d016f9b540d,https://polona.pl/preview/b075cfae-9120-40cd-b8ef-3d016f9b540d,1924-10-25_Obwieszczenia_Publiczne_dodatek_do_Dziennika_Urzędowego_Ministerstwa_Sprawiedliw_b075cfae-9120-40cd-b8ef-3d016f9b540d.txt
Judis Finkielsztejn,handel artykułami spożywczemi i zbożem,Handlowa 17,1922,,,,,"„Judis Finkielsztejn”, handel artykułami spożywczemi i zbożem w Kowlu, ul. Handlowa 17. Istnieje od 1922 r.",1924-10-25,b075cfae-9120-40cd-b8ef-3d016f9b540d,https://polona.pl/preview/b075cfae-9120-40cd-b8ef-3d016f9b540d,1924-10-25_Obwieszczenia_Publiczne_dodatek_do_Dziennika_Urzędowego_Ministerstwa_Sprawiedliw_b075cfae-9120-40cd-b8ef-3d016f9b540d.txt
Noma Sztern,handel naczyniami,,,Noma Sztern,Łuckiej 13,1465,,"„Noma Sztern”, handel naczyniami w Kowlu, przy ul. Łuckiej 13. istnieje od 1920 r. Właśc. Noma Sztern, zam. w Kowlu, przy ul. Łuckiej 13. 1465",1924-10-25,b075cfae-9120-40cd-b8ef-3d016f9b540d,https://polona.pl/preview/b075cfae-9120-40cd-b8ef-3d016f9b540d,1924-10-25_Obwieszczenia_Publiczne_dodatek_do_Dziennika_Urzędowego_Ministerstwa_Sprawiedliw_b075cfae-9120-40cd-b8ef-3d016f9b540d.txt
Sonia Guterman,handel żelazem,,,,,,,"„Sonia Guterman"", handel żelazem w Kowlu",1924-10-25,b075cfae-9120-40cd-b8ef-3d016f9b540d,https://polona.pl/preview/b075cfae-9120-40cd-b8ef-3d016f9b540d,1924-10-25_Obwieszczenia_Publiczne_dodatek_do_Dziennika_Urzędowego_Ministerstwa_Sprawiedliw_b075cfae-9120-40cd-b8ef-3d016f9b540d.txt
Michel Sziter,sprzedaż zegarków,Lucka 128,1923,,,,,"„Michel Sziter”, sprzedaż zegarków w Kowlu, ul. Lucka 128. Istnieje od 1923 r.",1924-11-01,2aedbfec-a6d7-4103-9ec5-375353c56f73,https://polona.pl/preview/2aedbfec-a6d7-4103-9ec5-375353c56f73,1924-11-01_Obwieszczenia_Publiczne_dodatek_do_Dziennika_Urzędowego_Ministerstwa_Sprawiedliw_2aedbfec-a6d7-4103-9ec5-375353c56f73.txt
Duwid Segał,handel artykułami spożywczemi,,,,,,,"„Duwid Segał”, handel artykułami spożywczemi w Kowlu",1924-11-01,2aedbfec-a6d7-4103-9ec5-375353c56f73,https://polona.pl/preview/2aedbfec-a6d7-4103-9ec5-375353c56f73,1924-11-01_Obwieszczenia_Publiczne_dodatek_do_Dziennika_Urzędowego_Ministerstwa_Sprawiedliw_2aedbfec-a6d7-4103-9ec5-375353c56f73.txt
Mojach Wajnsztejn,handel galanterją,,,,,,,"„Mojach Wajnsztejn”, handel galanterją w Kowlu",1924-11-01,2aedbfec-a6d7-4103-9ec5-375353c56f73,https://polona.pl/preview/2aedbfec-a6d7-4103-9ec5-375353c56f73,1924-11-01_Obwieszczenia_Publiczne_dodatek_do_Dziennika_Urzędowego_Ministerstwa_Sprawiedliw_2aedbfec-a6d7-4103-9ec5-375353c56f73.txt
Chaim Wajnsztejn,hotel „Metropol”,Kolejowa 77,,,,,,"„Chaim Wajnsztejn”, hotel „Metropol” w Kowlu, ul. Kolejowa 77",1924-11-01,2aedbfec-a6d7-4103-9ec5-375353c56f73,https://polona.pl/preview/2aedbfec-a6d7-4103-9ec5-375353c56f73,1924-11-01_Obwieszczenia_Publiczne_dodatek_do_Dziennika_Urzędowego_Ministerstwa_Sprawiedliw_2aedbfec-a6d7-4103-9ec5-375353c56f73.txt
Nechemja Polak,handel towarami ludowemi,,,,,,,"„Nechemja Polak”, handel towarami ludowemi w Kowlu",1924-11-01,d0a5e785-760c-4fdd-b023-c8d30f564d47,https://polona.pl/preview/d0a5e785-760c-4fdd-b023-c8d30f564d47,1924-11-01_Obwieszczenia_Publiczne_dodatek_do_Dziennika_Urzędowego_Ministerstwa_Sprawiedliw_d0a5e785-760c-4fdd-b023-c8d30f564d47.txt
Sznajder Chil,handel naczyniami szklannemi,,,Sznajder Chil,Maciejowskiej 24,1498,,"„Sznajder Chil”, handel naczyniami szklannemi w Kowlu, przy ul. Łuckiej 13. Istnieje od 1918 r. Właśc. Sznajder Chil, zam. w Kowlu, przy ul. Maciejowskiej 24. 1498",1924-11-01,d0a5e785-760c-4fdd-b023-c8d30f564d47,https://polona.pl/preview/d0a5e785-760c-4fdd-b023-c8d30f564d47,1924-11-01_Obwieszczenia_Publiczne_dodatek_do_Dziennika_Urzędowego_Ministerstwa_Sprawiedliw_d0a5e785-760c-4fdd-b023-c8d30f564d47.txt
Pres Josif,handel powrozami i koszykami,,,Pres Josif,Łuckiej 112,1499,,"„Pres Josif”, handel powrozami i koszykami w Kowlu, przy ul. Łuckiej 46. Istnieje od 1923 r. Właśc. Pres Josif, zam. w Kowlu, przy ul. Łuckiej 112. 1499",1924-11-01,d0a5e785-760c-4fdd-b023-c8d30f564d47,https://polona.pl/preview/d0a5e785-760c-4fdd-b023-c8d30f564d47,1924-11-01_Obwieszczenia_Publiczne_dodatek_do_Dziennika_Urzędowego_Ministerstwa_Sprawiedliw_d0a5e785-760c-4fdd-b023-c8d30f564d47.txt
Zachary Szwarcblat,handel towarami łokciowemi’ i ludowemi,,,,,,,"„Zachary Szwarcblat”, handel towarami łokciowemi’ i ludowemi w Kowlu",1924-11-01,d0a5e785-760c-4fdd-b023-c8d30f564d47,https://polona.pl/preview/d0a5e785-760c-4fdd-b023-c8d30f564d47,1924-11-01_Obwieszczenia_Publiczne_dodatek_do_Dziennika_Urzędowego_Ministerstwa_Sprawiedliw_d0a5e785-760c-4fdd-b023-c8d30f564d47.txt
Berko Awruch,kawiarnia,Kolejowa 87,1923,,,,,"„Berko Awruch”, kawiarnia w Kowlu, ul. Kolejowa 87. Istnieje od 1923 r.",1924-11-01,d0a5e785-760c-4fdd-b023-c8d30f564d47,https://polona.pl/preview/d0a5e785-760c-4fdd-b023-c8d30f564d47,1924-11-01_Obwieszczenia_Publiczne_dodatek_do_Dziennika_Urzędowego_Ministerstwa_Sprawiedliw_d0a5e785-760c-4fdd-b023-c8d30f564d47.txt
Rywka Segał,handel artykułami spożywczemi i galanterją,,,,,,,"„Rywka Segał”, handel artykułami spożywczemi i galanterją w Kowlu",1924-11-01,d0a5e785-760c-4fdd-b023-c8d30f564d47,https://polona.pl/preview/d0a5e785-760c-4fdd-b023-c8d30f564d47,1924-11-01_Obwieszczenia_Publiczne_dodatek_do_Dziennika_Urzędowego_Ministerstwa_Sprawiedliw_d0a5e785-760c-4fdd-b023-c8d30f564d47.txt
Chasia Rojzen,księgarnia,Łucka 71,,,,,,"„Chasia Rojzen”, księgarnia w Kowlu, ul. Łucka 71.",1924-11-08,ff47319b-0f32-466e-92dd-bc4cd36be115,https://polona.pl/preview/ff47319b-0f32-466e-92dd-bc4cd36be115,1924-11-08_Obwieszczenia_Publiczne_dodatek_do_Dziennika_Urzędowego_Ministerstwa_Sprawiedliw_ff47319b-0f32-466e-92dd-bc4cd36be115.txt
Bereł Kerżner,"handel artykułami spożywczemi, galanterją i wyrobami tytuniowemi",,,,,,,"„Bereł Kerżner”, handel artykułami spożywczemi, galanterją i wyrobami tytuniowemi w Kowlu",1924-11-08,ff47319b-0f32-466e-92dd-bc4cd36be115,https://polona.pl/preview/ff47319b-0f32-466e-92dd-bc4cd36be115,1924-11-08_Obwieszczenia_Publiczne_dodatek_do_Dziennika_Urzędowego_Ministerstwa_Sprawiedliw_ff47319b-0f32-466e-92dd-bc4cd36be115.txt
Etla-Sura Fiszer,kawiarnia,,,,,,,"„Etla-Sura Fiszer”, kawiarnia w Kowlu",1924-11-08,ff47319b-0f32-466e-92dd-bc4cd36be115,https://polona.pl/preview/ff47319b-0f32-466e-92dd-bc4cd36be115,1924-11-08_Obwieszczenia_Publiczne_dodatek_do_Dziennika_Urzędowego_Ministerstwa_Sprawiedliw_ff47319b-0f32-466e-92dd-bc4cd36be115.txt
Frejda Cun,handel artykułami spożywczemi i galanterją,,,,,,,"„Frejda Cun”, handel artykułami spożywczemi i galanterją w Kowlu",1924-11-08,ff47319b-0f32-466e-92dd-bc4cd36be115,https://polona.pl/preview/ff47319b-0f32-466e-92dd-bc4cd36be115,1924-11-08_Obwieszczenia_Publiczne_dodatek_do_Dziennika_Urzędowego_Ministerstwa_Sprawiedliw_ff47319b-0f32-466e-92dd-bc4cd36be115.txt
Mordko Kuzniec,hotel,,,,,,,"„Mordko Kuzniec”, hotel w Kowlu",1924-11-08,ff47319b-0f32-466e-92dd-bc4cd36be115,https://polona.pl/preview/ff47319b-0f32-466e-92dd-bc4cd36be115,1924-11-08_Obwieszczenia_Publiczne_dodatek_do_Dziennika_Urzędowego_Ministerstwa_Sprawiedliw_ff47319b-0f32-466e-92dd-bc4cd36be115.txt
Eleonora Rudnicka,handel spożywczy,Górka 9,,,,,,"„Eleonora Rudnicka” — handel spożywczy w Kowlu, ul. Górka 9.",1924-11-08,ff47319b-0f32-466e-92dd-bc4cd36be115,https://polona.pl/preview/ff47319b-0f32-466e-92dd-bc4cd36be115,1924-11-08_Obwieszczenia_Publiczne_dodatek_do_Dziennika_Urzędowego_Ministerstwa_Sprawiedliw_ff47319b-0f32-466e-92dd-bc4cd36be115.txt
,,,,Jankiel Goldberg,Fab rycznej 21,1325,26 maja 1924,"Jankiel Goldberg, zam. w Kowlu, przy ul. Fab rycznej 21. d. 26 maja 1924 r. 1325",1924-11-08,ff47319b-0f32-466e-92dd-bc4cd36be115,https://polona.pl/preview/ff47319b-0f32-466e-92dd-bc4cd36be115,1924-11-08_Obwieszczenia_Publiczne_dodatek_do_Dziennika_Urzędowego_Ministerstwa_Sprawiedliw_ff47319b-0f32-466e-92dd-bc4cd36be115.txt
Chuna Furszteler,handel materiałami budowlanemi,,,,,,,"„Chuna Furszteler”, handel materiałami budowlanemi w Kowlu",1924-11-19,6f14eded-43a5-4015-aad1-761aa8c8efdc,https://polona.pl/preview/6f14eded-43a5-4015-aad1-761aa8c8efdc,1924-11-19_Obwieszczenia_Publiczne_dodatek_do_Dziennika_Urzędowego_Ministerstwa_Sprawiedliw_6f14eded-43a5-4015-aad1-761aa8c8efdc.txt
Gerszon Goldsztejn,przedsiębiorstwo robót budowlanych i dro gowych,Pomnikowa 14,,,,,,"„Gerszon Goldsztejn”, przedsiębiorstwo robót budowlanych i dro gowych w Kowlu, Pomnikowa 14.",1924-11-19,6f14eded-43a5-4015-aad1-761aa8c8efdc,https://polona.pl/preview/6f14eded-43a5-4015-aad1-761aa8c8efdc,1924-11-19_Obwieszczenia_Publiczne_dodatek_do_Dziennika_Urzędowego_Ministerstwa_Sprawiedliw_6f14eded-43a5-4015-aad1-761aa8c8efdc.txt
Pesia Rlperin,handel szkłem i naczyniami,,,,,,,"„Pesia Rlperin”, handel szkłem i naczyniami w Kowlu, ul",1924-11-19,6f14eded-43a5-4015-aad1-761aa8c8efdc,https://polona.pl/preview/6f14eded-43a5-4015-aad1-761aa8c8efdc,1924-11-19_Obwieszczenia_Publiczne_dodatek_do_Dziennika_Urzędowego_Ministerstwa_Sprawiedliw_6f14eded-43a5-4015-aad1-761aa8c8efdc.txt
Sara Tejtelbaum,handel artykułami spożywczemi i galanterją,Lucka 69,1919,,,,,"„Sara Tejtelbaum”, handel artykułami spożywczemi i galanterją w Kowlu, ul. Lucka 69. Istnieje od 1919 r.",1924-11-19,6f14eded-43a5-4015-aad1-761aa8c8efdc,https://polona.pl/preview/6f14eded-43a5-4015-aad1-761aa8c8efdc,1924-11-19_Obwieszczenia_Publiczne_dodatek_do_Dziennika_Urzędowego_Ministerstwa_Sprawiedliw_6f14eded-43a5-4015-aad1-761aa8c8efdc.txt
Boruch Kac,handel qalanterją,,1921,Boruch Kac,Łuckiej 89,1466,14 sierpnia 1924,"„Boruch Kac"", handel qalanterją w Kowlu. Istnieje od 1921 r. Właśc. Boruch Kac, zam. w Kowlu, przy ul. Łuckiej 89. d. 14 sierpnia 1924 r. 1466",1924-11-19,6f14eded-43a5-4015-aad1-761aa8c8efdc,https://polona.pl/preview/6f14eded-43a5-4015-aad1-761aa8c8efdc,1924-11-19_Obwieszczenia_Publiczne_dodatek_do_Dziennika_Urzędowego_Ministerstwa_Sprawiedliw_6f14eded-43a5-4015-aad1-761aa8c8efdc.txt
Lejbisz Szyter,sprzedaż zegarków,Lucka 150,1923,,,,,"„Lejbisz Szyter”, sprzedaż zegarków w Kowlu, ul. Lucka 150. Istnieje od 1923 r.",1924-11-19,6f14eded-43a5-4015-aad1-761aa8c8efdc,https://polona.pl/preview/6f14eded-43a5-4015-aad1-761aa8c8efdc,1924-11-19_Obwieszczenia_Publiczne_dodatek_do_Dziennika_Urzędowego_Ministerstwa_Sprawiedliw_6f14eded-43a5-4015-aad1-761aa8c8efdc.txt
Gerszon Chusid,handel towarami mieszanemi,,,,,,,"„Gerszon Chusid”, handel towarami mieszanemi w Kowlu",1924-11-19,6f14eded-43a5-4015-aad1-761aa8c8efdc,https://polona.pl/preview/6f14eded-43a5-4015-aad1-761aa8c8efdc,1924-11-19_Obwieszczenia_Publiczne_dodatek_do_Dziennika_Urzędowego_Ministerstwa_Sprawiedliw_6f14eded-43a5-4015-aad1-761aa8c8efdc.txt
Szaja Kagan,handel kiszkami surowemi,,,,,,,"„Szaja Kagan”, handel kiszkami surowemi w Kowlu",1924-11-19,6f14eded-43a5-4015-aad1-761aa8c8efdc,https://polona.pl/preview/6f14eded-43a5-4015-aad1-761aa8c8efdc,1924-11-19_Obwieszczenia_Publiczne_dodatek_do_Dziennika_Urzędowego_Ministerstwa_Sprawiedliw_6f14eded-43a5-4015-aad1-761aa8c8efdc.txt
Rbram-lcek Erlich,handel galanterją,,,,,,,"„Rbram-lcek Erlich”, handel galanterją w Kowlu",1924-11-19,6f14eded-43a5-4015-aad1-761aa8c8efdc,https://polona.pl/preview/6f14eded-43a5-4015-aad1-761aa8c8efdc,1924-11-19_Obwieszczenia_Publiczne_dodatek_do_Dziennika_Urzędowego_Ministerstwa_Sprawiedliw_6f14eded-43a5-4015-aad1-761aa8c8efdc.txt
Mirla Struzer,hotel „Gdański”,Kolejowa 80,,,,,,"„Mirla Struzer”, hotel „Gdański” w Kowlu, Kolejowa 80.",1924-11-19,6f14eded-43a5-4015-aad1-761aa8c8efdc,https://polona.pl/preview/6f14eded-43a5-4015-aad1-761aa8c8efdc,1924-11-19_Obwieszczenia_Publiczne_dodatek_do_Dziennika_Urzędowego_Ministerstwa_Sprawiedliw_6f14eded-43a5-4015-aad1-761aa8c8efdc.txt
Pelagja Berska,hotel „Polonja,Łucka 135,1 sie,,,,,"„Pelagja Berska"", hotel „Polonja w Kowlu, Łucka 135. Istnieje od 1 sier",1924-11-19,6f14eded-43a5-4015-aad1-761aa8c8efdc,https://polona.pl/preview/6f14eded-43a5-4015-aad1-761aa8c8efdc,1924-11-19_Obwieszczenia_Publiczne_dodatek_do_Dziennika_Urzędowego_Ministerstwa_Sprawiedliw_6f14eded-43a5-4015-aad1-761aa8c8efdc.txt
Małka Duniec,pokoje umeblowane,Kolejowa 87,,,,,,"„Małka Duniec”, pokoje umeblowane w Kowlu, ul. Kolejowa 87.",1924-11-19,6f14eded-43a5-4015-aad1-761aa8c8efdc,https://polona.pl/preview/6f14eded-43a5-4015-aad1-761aa8c8efdc,1924-11-19_Obwieszczenia_Publiczne_dodatek_do_Dziennika_Urzędowego_Ministerstwa_Sprawiedliw_6f14eded-43a5-4015-aad1-761aa8c8efdc.txt
Icko Glejzer,hotel „Wersal”,Mickiewicza 4,1903,,,,,"„Icko Glejzer”, hotel „Wersal” w Kowlu, Mickiewicza 4. Istnieje od 1903 r.",1924-11-19,6f14eded-43a5-4015-aad1-761aa8c8efdc,https://polona.pl/preview/6f14eded-43a5-4015-aad1-761aa8c8efdc,1924-11-19_Obwieszczenia_Publiczne_dodatek_do_Dziennika_Urzędowego_Ministerstwa_Sprawiedliw_6f14eded-43a5-4015-aad1-761aa8c8efdc.txt
,,,,Icko Goldberg,Fab rycznej 16,1529,20 września 1924,"Icko Goldberg, zam. w Kowlu, przy ul. Fab rycznej 16. d. 20 września 1924 r. 1529",1924-11-19,6f14eded-43a5-4015-aad1-761aa8c8efdc,https://polona.pl/preview/6f14eded-43a5-4015-aad1-761aa8c8efdc,1924-11-19_Obwieszczenia_Publiczne_dodatek_do_Dziennika_Urzędowego_Ministerstwa_Sprawiedliw_6f14eded-43a5-4015-aad1-761aa8c8efdc.txt
Szloma Trejster,handel towarami łokciowemi,,,,,,,„Szloma Trejster”—handel towarami łokciowemi w Kowlu,1924-11-29,79276d66-1194-4c55-b526-d0a21718f114,https://polona.pl/preview/79276d66-1194-4c55-b526-d0a21718f114,1924-11-29_Obwieszczenia_Publiczne_dodatek_do_Dziennika_Urzędowego_Ministerstwa_Sprawiedliw_79276d66-1194-4c55-b526-d0a21718f114.txt
Naftule Kapszuk,"handel skórami surewemi, szczeciną i wło sem",,,,,,,"„Naftule Kapszuk”—handel skórami surewemi, szczeciną i wło sem w Kowlu",1924-11-29,79276d66-1194-4c55-b526-d0a21718f114,https://polona.pl/preview/79276d66-1194-4c55-b526-d0a21718f114,1924-11-29_Obwieszczenia_Publiczne_dodatek_do_Dziennika_Urzędowego_Ministerstwa_Sprawiedliw_79276d66-1194-4c55-b526-d0a21718f114.txt
Mordko Fiszbein,handel farbami i klejem,,,,,,,„Mordko Fiszbein”— handel farbami i klejem w Kowlu,1924-11-29,79276d66-1194-4c55-b526-d0a21718f114,https://polona.pl/preview/79276d66-1194-4c55-b526-d0a21718f114,1924-11-29_Obwieszczenia_Publiczne_dodatek_do_Dziennika_Urzędowego_Ministerstwa_Sprawiedliw_79276d66-1194-4c55-b526-d0a21718f114.txt
Cyrla Bar,handel towarami łokciowemi i gotowym ubraniem,,,,,,,„Cyrla Bar”—handel towarami łokciowemi i gotowym ubraniem w Kowlu,1924-11-29,79276d66-1194-4c55-b526-d0a21718f114,https://polona.pl/preview/79276d66-1194-4c55-b526-d0a21718f114,1924-11-29_Obwieszczenia_Publiczne_dodatek_do_Dziennika_Urzędowego_Ministerstwa_Sprawiedliw_79276d66-1194-4c55-b526-d0a21718f114.txt
Mejer Kapszuk,handel surewemi skórami i szczeciną,,,,,,,„Mejer Kapszuk”—handel surewemi skórami i szczeciną w Kowlu,1924-11-29,79276d66-1194-4c55-b526-d0a21718f114,https://polona.pl/preview/79276d66-1194-4c55-b526-d0a21718f114,1924-11-29_Obwieszczenia_Publiczne_dodatek_do_Dziennika_Urzędowego_Ministerstwa_Sprawiedliw_79276d66-1194-4c55-b526-d0a21718f114.txt
Szloma Granicz,handel artykułami spożywczemi,,,Szloma Granicz,Włodzimierskiej 24,1516,,"„Szloma Granicz” — handel artykułami spożywczemi w Kowlu, przy ul. Włodzimierskiej 5. Właśc. Szloma Granicz, zam. w Kowlu, przy ul. Włodzimierskiej 24. 1516",1924-11-29,79276d66-1194-4c55-b526-d0a21718f114,https://polona.pl/preview/79276d66-1194-4c55-b526-d0a21718f114,1924-11-29_Obwieszczenia_Publiczne_dodatek_do_Dziennika_Urzędowego_Ministerstwa_Sprawiedliw_79276d66-1194-4c55-b526-d0a21718f114.txt
Lana Kasztan,handel towarami iudowemi,,,,,,,"„Lana Kasztan”, handel towarami iudowemi w Kowlu, ul",1924-12-06,79fd97cc-eca8-4ef2-932f-9795dbab7ead,https://polona.pl/preview/79fd97cc-eca8-4ef2-932f-9795dbab7ead,1924-12-06_Obwieszczenia_Publiczne_dodatek_do_Dziennika_Urzędowego_Ministerstwa_Sprawiedliw_79fd97cc-eca8-4ef2-932f-9795dbab7ead.txt
Rejzia Baskin,skład apteczny,Lucka 53,,,,,,"„Rejzia Baskin”, skład apteczny w Kowlu, ul. Lucka 53",1924-12-06,79fd97cc-eca8-4ef2-932f-9795dbab7ead,https://polona.pl/preview/79fd97cc-eca8-4ef2-932f-9795dbab7ead,1924-12-06_Obwieszczenia_Publiczne_dodatek_do_Dziennika_Urzędowego_Ministerstwa_Sprawiedliw_79fd97cc-eca8-4ef2-932f-9795dbab7ead.txt
Pinchos Goldfarb,handel artykułami spożywczemi i naczynia mi kuchennemi,Maciejowska 6,1922,Pinchos Goldfarb,Maciejowskiej 17,1479,13 września 1924,"„Pinchos Goldfarb”, handel artykułami spożywczemi i naczynia mi kuchennemi w Kowlu, ul. Maciejowska 6. Istnieje od 1922 r. Właśc. Pinchos Goldfarb, zam. w Kowlu przy ul. Maciejowskiej 17. d. 13 września 1924 r. 1479",1924-12-20,f7849491-8501-4016-93bc-dcc849aa9171,https://polona.pl/preview/f7849491-8501-4016-93bc-dcc849aa9171,1924-12-20_Obwieszczenia_Publiczne_dodatek_do_Dziennika_Urzędowego_Ministerstwa_Sprawiedliw_f7849491-8501-4016-93bc-dcc849aa9171.txt
Fiszel Mitnik,kawiarnia i handel delikatesami,ui,,,,,,"„Fiszel Mitnik”, kawiarnia i handel delikatesami w Kowlu, ui",1924-12-20,f7849491-8501-4016-93bc-dcc849aa9171,https://polona.pl/preview/f7849491-8501-4016-93bc-dcc849aa9171,1924-12-20_Obwieszczenia_Publiczne_dodatek_do_Dziennika_Urzędowego_Ministerstwa_Sprawiedliw_f7849491-8501-4016-93bc-dcc849aa9171.txt
,,,,Motel Chinenzon,Kr,,,"Motel Chinenzon, zam. w Kowlu przy ul. Kr",1924-12-20,f7849491-8501-4016-93bc-dcc849aa9171,https://polona.pl/preview/f7849491-8501-4016-93bc-dcc849aa9171,1924-12-20_Obwieszczenia_Publiczne_dodatek_do_Dziennika_Urzędowego_Ministerstwa_Sprawiedliw_f7849491-8501-4016-93bc-dcc849aa9171.txt
Nechama Gulisz,Hotel Warszawski,,,,,,,"„Nechama Gulisz”, Hotel Warszawski w Kowlu",1925-02-14,2daf0155-b35c-4daa-8198-00eaac258bb6,https://polona.pl/preview/2daf0155-b35c-4daa-8198-00eaac258bb6,1925-02-14_Obwieszczenia_Publiczne_dodatek_do_Dziennika_Urzędowego_Ministerstwa_Sprawiedliw_2daf0155-b35c-4daa-8198-00eaac258bb6.txt
Marjan Gradoszyński,skład piwa,,,Marjan Gradoszyński,Łuckiej 13,1822,1 listopada 1924,"„Marjan Gradoszyński”, skład piwa w Kowlu, przy ul. Łuckiej 154. istnieje od 1923 r. Właśc. Marjan Gradoszyński, zam. w Kowlu, przy ul. Łuckiej 13. d. 1 listopada 1924 r. 1822",1925-06-20,518232ea-5284-454e-83cf-9f8f7aaf824d,https://polona.pl/preview/518232ea-5284-454e-83cf-9f8f7aaf824d,1925-06-20_Obwieszczenia_Publiczne_dodatek_do_Dziennika_Urzędowego_Ministerstwa_Sprawiedliw_518232ea-5284-454e-83cf-9f8f7aaf824d.txt
Pozna,oddział,“,,,,,,"„Pozna“, oddział w Kowlu“",1926-01-30,308cbef0-01e0-4859-bd30-1f2b844f833e,https://polona.pl/preview/308cbef0-01e0-4859-bd30-1f2b844f833e,1926-01-30_Obwieszczenia_Publiczne_dodatek_do_Dziennika_Urzędowego_Ministerstwa_Sprawiedliw_308cbef0-01e0-4859-bd30-1f2b844f833e.txt
,,,,Bronisław Brandel,Sienkiewicza 14,2782,,"Bronisław Brandel, zam. w Kowlu, przy ul. Sienkiewicza 14. 2782",1926-06-12,04dd600e-a29f-4dd7-bb01-033a28d6674e,https://polona.pl/preview/04dd600e-a29f-4dd7-bb01-033a28d6674e,1926-06-12_Obwieszczenia_Publiczne_dodatek_do_Dziennika_Urzędowego_Ministerstwa_Sprawiedliw_04dd600e-a29f-4dd7-bb01-033a28d6674e.txt
Chaja-Rywka Atłas,handel obuwiem,"Warszawska 201 (Łucka 18), Wałśc",,Chaja-Rywka Atłas,Przy ul,,,"„Chaja-Rywka Atłas"" — handel obuwiem — w Kowlu, ul. Warszawska 201 (Łucka 18), Wałśc. Chaja-Rywka Atłas, zam. w Kowlu Przy ul",1926-06-16,a43c1384-8179-44aa-820c-19f4d606cfcf,https://polona.pl/preview/a43c1384-8179-44aa-820c-19f4d606cfcf,1926-06-16_Obwieszczenia_Publiczne_dodatek_do_Dziennika_Urzędowego_Ministerstwa_Sprawiedliw_a43c1384-8179-44aa-820c-19f4d606cfcf.txt
Srul-Mojsze Bass,księgarnia,,,,,,,„Srul-Mojsze Bass“ — księgarnia w Kowlu,1926-07-28,8bbf7c23-ed81-446d-88a3-dc73e8b2de88,https://polona.pl/preview/8bbf7c23-ed81-446d-88a3-dc73e8b2de88,1926-07-28_Obwieszczenia_Publiczne_dodatek_do_Dziennika_Urzędowego_Ministerstwa_Sprawiedliw_8bbf7c23-ed81-446d-88a3-dc73e8b2de88.txt
Baszejwa Ejnach,sprzedaż towarów bławatnych i ma nufaktury ludowej,,,,,,,„Baszejwa Ejnach“ — sprzedaż towarów bławatnych i ma nufaktury ludowej w Kowlu,1926-07-28,8bbf7c23-ed81-446d-88a3-dc73e8b2de88,https://polona.pl/preview/8bbf7c23-ed81-446d-88a3-dc73e8b2de88,1926-07-28_Obwieszczenia_Publiczne_dodatek_do_Dziennika_Urzędowego_Ministerstwa_Sprawiedliw_8bbf7c23-ed81-446d-88a3-dc73e8b2de88.txt
Icko Błumenfeld,sprzedaż marek i weksli,,,Icek Blumenfeld,Królowej Bony 8,2811,19 kwietnia 1926,"„Icko Błumenfeld"" — sprzedaż marek i weksli w Kowlu, Ko lejowa 1. Istnieje od 1 stycznia 1922 r. Właśc. Icek Blumenfeld, zam. w Kowlu, przy ul. Królowej Bony 8. d. 19 kwietnia 1926 r. 2811",1926-07-28,8bbf7c23-ed81-446d-88a3-dc73e8b2de88,https://polona.pl/preview/8bbf7c23-ed81-446d-88a3-dc73e8b2de88,1926-07-28_Obwieszczenia_Publiczne_dodatek_do_Dziennika_Urzędowego_Ministerstwa_Sprawiedliw_8bbf7c23-ed81-446d-88a3-dc73e8b2de88.txt
Aron Bezzubow,handel naczyń,,,,,,,"„Aron Bezzubow"" — handel naczyń w Kowlu",1926-07-28,8bbf7c23-ed81-446d-88a3-dc73e8b2de88,https://polona.pl/preview/8bbf7c23-ed81-446d-88a3-dc73e8b2de88,1926-07-28_Obwieszczenia_Publiczne_dodatek_do_Dziennika_Urzędowego_Ministerstwa_Sprawiedliw_8bbf7c23-ed81-446d-88a3-dc73e8b2de88.txt
Chana Elfant,handel spożywczy,,,Chana Elfant,Handlowej 45/47,2814,,"„Chana Elfant“ — handel spożywczy w Kowlu, przy ul. Han dlowej 20. Istnieje od lat 30-tu. Właśc. Chana Elfant, zam. w Kowlu, przy ul. Handlowej 45/47. 2814",1926-07-28,8bbf7c23-ed81-446d-88a3-dc73e8b2de88,https://polona.pl/preview/8bbf7c23-ed81-446d-88a3-dc73e8b2de88,1926-07-28_Obwieszczenia_Publiczne_dodatek_do_Dziennika_Urzędowego_Ministerstwa_Sprawiedliw_8bbf7c23-ed81-446d-88a3-dc73e8b2de88.txt
Geszel Fridlender,skład apteczny,,,Szija-Eszel Fridlender,Mickiewicza 9,2818,,"„Geszel Fridlender“ — skład apteczny w Kowlu, przy uli cy Warszawskiej 14. Istnieje od 1924 r. Właśc. Szija-Eszel Fridlender, zam. w Kowlu, przy ul. Mickiewicza 9. 2818",1926-07-28,8bbf7c23-ed81-446d-88a3-dc73e8b2de88,https://polona.pl/preview/8bbf7c23-ed81-446d-88a3-dc73e8b2de88,1926-07-28_Obwieszczenia_Publiczne_dodatek_do_Dziennika_Urzędowego_Ministerstwa_Sprawiedliw_8bbf7c23-ed81-446d-88a3-dc73e8b2de88.txt
Szaja Bursztejn,piwiarnia,,,,,,,„Szaja Bursztejn“ — piwiarnia w Kowlu,1926-07-28,8bbf7c23-ed81-446d-88a3-dc73e8b2de88,https://polona.pl/preview/8bbf7c23-ed81-446d-88a3-dc73e8b2de88,1926-07-28_Obwieszczenia_Publiczne_dodatek_do_Dziennika_Urzędowego_Ministerstwa_Sprawiedliw_8bbf7c23-ed81-446d-88a3-dc73e8b2de88.txt
Zelman Osiuk,handel detaliczny napojami alkoholowe mi w naczyniach zamkniętych,,,,,,,"„Zelman Osiuk"" — handel detaliczny napojami alkoholowe mi w naczyniach zamkniętych w Kowlu",1926-09-04,8b2a82e5-472d-4fd1-ad91-fdbe3b38e8fe,https://polona.pl/preview/8b2a82e5-472d-4fd1-ad91-fdbe3b38e8fe,1926-09-04_Obwieszczenia_Publiczne_dodatek_do_Dziennika_Urzędowego_Ministerstwa_Sprawiedliw_8b2a82e5-472d-4fd1-ad91-fdbe3b38e8fe.txt
Josif Erlichgereeht,handel spożywczy i sprzedaż drob nej galanterji,,,,,,,"„Josif Erlichgereeht"" — handel spożywczy i sprzedaż drob nej galanterji w Kowlu",1926-09-04,8b2a82e5-472d-4fd1-ad91-fdbe3b38e8fe,https://polona.pl/preview/8b2a82e5-472d-4fd1-ad91-fdbe3b38e8fe,1926-09-04_Obwieszczenia_Publiczne_dodatek_do_Dziennika_Urzędowego_Ministerstwa_Sprawiedliw_8b2a82e5-472d-4fd1-ad91-fdbe3b38e8fe.txt
Szmul Erlich,handel obuwiem i galanterją,,,,,,,"„Szmul Erlich"" — handel obuwiem i galanterją w Kowlu",1926-09-04,8b2a82e5-472d-4fd1-ad91-fdbe3b38e8fe,https://polona.pl/preview/8b2a82e5-472d-4fd1-ad91-fdbe3b38e8fe,1926-09-04_Obwieszczenia_Publiczne_dodatek_do_Dziennika_Urzędowego_Ministerstwa_Sprawiedliw_8b2a82e5-472d-4fd1-ad91-fdbe3b38e8fe.txt
Szmul Byk,handel spożywczy,,,,,,,"„Szmul Byk"" — handel spożywczy w Kowlu",1926-09-04,8b2a82e5-472d-4fd1-ad91-fdbe3b38e8fe,https://polona.pl/preview/8b2a82e5-472d-4fd1-ad91-fdbe3b38e8fe,1926-09-04_Obwieszczenia_Publiczne_dodatek_do_Dziennika_Urzędowego_Ministerstwa_Sprawiedliw_8b2a82e5-472d-4fd1-ad91-fdbe3b38e8fe.txt
Maradla Fridman,handel galanterją,,,,,,,"„Maradla Fridman"" — handel galanterją w Kowlu",1926-09-04,8b2a82e5-472d-4fd1-ad91-fdbe3b38e8fe,https://polona.pl/preview/8b2a82e5-472d-4fd1-ad91-fdbe3b38e8fe,1926-09-04_Obwieszczenia_Publiczne_dodatek_do_Dziennika_Urzędowego_Ministerstwa_Sprawiedliw_8b2a82e5-472d-4fd1-ad91-fdbe3b38e8fe.txt
Gitla Bojm,handel galanferją,,,,,,,"„Gitla Bojm"" — handel galanferją w Kowlu",1926-09-15,4f82249b-142f-4713-9cd6-7765d7c36ea5,https://polona.pl/preview/4f82249b-142f-4713-9cd6-7765d7c36ea5,1926-09-15_Obwieszczenia_Publiczne_dodatek_do_Dziennika_Urzędowego_Ministerstwa_Sprawiedliw_4f82249b-142f-4713-9cd6-7765d7c36ea5.txt
Bluma Berchman,sprzedaż gotowych ubrań,,,,,,,"„Bluma Berchman"" — sprzedaż gotowych ubrań w Kowlu",1926-09-15,4f82249b-142f-4713-9cd6-7765d7c36ea5,https://polona.pl/preview/4f82249b-142f-4713-9cd6-7765d7c36ea5,1926-09-15_Obwieszczenia_Publiczne_dodatek_do_Dziennika_Urzędowego_Ministerstwa_Sprawiedliw_4f82249b-142f-4713-9cd6-7765d7c36ea5.txt
Leon Fuchs,"biuro pisania podań, tłumaczeń i przepisy wania na maszynie",,,,,,,"„Leon Fuchs"" — biuro pisania podań, tłumaczeń i przepisy wania na maszynie w Kowlu",1926-09-15,4f82249b-142f-4713-9cd6-7765d7c36ea5,https://polona.pl/preview/4f82249b-142f-4713-9cd6-7765d7c36ea5,1926-09-15_Obwieszczenia_Publiczne_dodatek_do_Dziennika_Urzędowego_Ministerstwa_Sprawiedliw_4f82249b-142f-4713-9cd6-7765d7c36ea5.txt
Pinchos Fitersojbel,handel mięsem,,,,,,,"„Pinchos Fitersojbel"", handel mięsem w Kowlu",1926-09-22,9f973f19-fb8d-46a8-802c-760d7bd4a137,https://polona.pl/preview/9f973f19-fb8d-46a8-802c-760d7bd4a137,1926-09-22_Obwieszczenia_Publiczne_dodatek_do_Dziennika_Urzędowego_Ministerstwa_Sprawiedliw_9f973f19-fb8d-46a8-802c-760d7bd4a137.txt
Chaja Ajzenberg,"bufet, handel spożywczy i mleczarnia",,,,,,,"„Chaja Ajzenberg"" — bufet, handel spożywczy i mleczarnia w Kowlu",1926-09-25,fd16e1be-5df0-4b5e-9c34-323923cbc0d5,https://polona.pl/preview/fd16e1be-5df0-4b5e-9c34-323923cbc0d5,1926-09-25_Obwieszczenia_Publiczne_dodatek_do_Dziennika_Urzędowego_Ministerstwa_Sprawiedliw_fd16e1be-5df0-4b5e-9c34-323923cbc0d5.txt
Szymon Goldberg i Syn,skład apteczny,,,,,,,"„Szymon Goldberg i Syn"", skład apteczny w Kowlu",1926-09-25,fd16e1be-5df0-4b5e-9c34-323923cbc0d5,https://polona.pl/preview/fd16e1be-5df0-4b5e-9c34-323923cbc0d5,1926-09-25_Obwieszczenia_Publiczne_dodatek_do_Dziennika_Urzędowego_Ministerstwa_Sprawiedliw_fd16e1be-5df0-4b5e-9c34-323923cbc0d5.txt
Berko Atłas,handel skórami i obuwiem,,,,,,,"„Berko Atłas“, handel skórami i obuwiem w Kowlu",1926-09-25,fd16e1be-5df0-4b5e-9c34-323923cbc0d5,https://polona.pl/preview/fd16e1be-5df0-4b5e-9c34-323923cbc0d5,1926-09-25_Obwieszczenia_Publiczne_dodatek_do_Dziennika_Urzędowego_Ministerstwa_Sprawiedliw_fd16e1be-5df0-4b5e-9c34-323923cbc0d5.txt
Rejzla Blumenkranc,bufet i sprzedaż artykułów spożywczych,,,,,,,"„Rejzla Blumenkranc"", bufet i sprzedaż artykułów spożywczych w Kowlu",1926-09-25,fd16e1be-5df0-4b5e-9c34-323923cbc0d5,https://polona.pl/preview/fd16e1be-5df0-4b5e-9c34-323923cbc0d5,1926-09-25_Obwieszczenia_Publiczne_dodatek_do_Dziennika_Urzędowego_Ministerstwa_Sprawiedliw_fd16e1be-5df0-4b5e-9c34-323923cbc0d5.txt
Marjam Epsztejn,drobna sprzedaż galanterji,,,,,,,"»Marjam Epsztejn“, drobna sprzedaż galanterji w Kowlu",1926-10-02,31a3e2d2-5763-47d6-8d23-b5269a57a382,https://polona.pl/preview/31a3e2d2-5763-47d6-8d23-b5269a57a382,1926-10-02_Obwieszczenia_Publiczne_dodatek_do_Dziennika_Urzędowego_Ministerstwa_Sprawiedliw_31a3e2d2-5763-47d6-8d23-b5269a57a382.txt
Aron Choc,drobny handel galanterją ii obuwiem dziecinnym,,,,,,,"„Aron Choc"", drobny handel galanterją ii obuwiem dziecinnym w Kowlu",1926-10-02,a9b7c3da-9e5f-4f57-b050-53715e353d51,https://polona.pl/preview/a9b7c3da-9e5f-4f57-b050-53715e353d51,1926-10-02_Obwieszczenia_Publiczne_dodatek_do_Dziennika_Urzędowego_Ministerstwa_Sprawiedliw_a9b7c3da-9e5f-4f57-b050-53715e353d51.txt
Abram Blumsztejn,handel chłopskim obuwiem,,,,,,,"„Abram Blumsztejn"", handel chłopskim obuwiem w Kowlu",1926-10-02,a9b7c3da-9e5f-4f57-b050-53715e353d51,https://polona.pl/preview/a9b7c3da-9e5f-4f57-b050-53715e353d51,1926-10-02_Obwieszczenia_Publiczne_dodatek_do_Dziennika_Urzędowego_Ministerstwa_Sprawiedliw_a9b7c3da-9e5f-4f57-b050-53715e353d51.txt
Lejb Arkadier,handel manufakturą,,,,,,,"„Lejb Arkadier"", handel manufakturą w Kowlu",1926-10-02,a9b7c3da-9e5f-4f57-b050-53715e353d51,https://polona.pl/preview/a9b7c3da-9e5f-4f57-b050-53715e353d51,1926-10-02_Obwieszczenia_Publiczne_dodatek_do_Dziennika_Urzędowego_Ministerstwa_Sprawiedliw_a9b7c3da-9e5f-4f57-b050-53715e353d51.txt
Szmul Charat,handel spożywczy,,,,,,,"„Szmul Charat“, handel spożywczy w Kowlu",1926-10-06,be317ba7-b737-4f1e-9ab5-12983c0979be,https://polona.pl/preview/be317ba7-b737-4f1e-9ab5-12983c0979be,1926-10-06_Obwieszczenia_Publiczne_dodatek_do_Dziennika_Urzędowego_Ministerstwa_Sprawiedliw_be317ba7-b737-4f1e-9ab5-12983c0979be.txt
Abram Merzyk,handel manufakturą,,,,,,,"„Abram Merzyk"", handel manufakturą w Kowlu",1926-10-13,694c6a06-8e4f-4284-9098-3ef16e33a4f2,https://polona.pl/preview/694c6a06-8e4f-4284-9098-3ef16e33a4f2,1926-10-13_Obwieszczenia_Publiczne_dodatek_do_Dziennika_Urzędowego_Ministerstwa_Sprawiedliw_694c6a06-8e4f-4284-9098-3ef16e33a4f2.txt
Hinda Binder,handel wyrobami tytoniowemi i spożywczemi oraz sprzedaż galanterji,,,,,,,"„Hinda Binder"", handel wyrobami tytoniowemi i spożywczemi oraz sprzedaż galanterji w Kowlu",1926-11-13,20d64d20-d8e4-4d96-9fe3-fbd11c15c495,https://polona.pl/preview/20d64d20-d8e4-4d96-9fe3-fbd11c15c495,1926-11-13_Obwieszczenia_Publiczne_dodatek_do_Dziennika_Urzędowego_Ministerstwa_Sprawiedliw_20d64d20-d8e4-4d96-9fe3-fbd11c15c495.txt
Włodzimierz Baranowski,sprzedaż wyrobów tytoniowych,,,,,,,"„Włodzimierz Baranowski"", sprzedaż wyrobów tytoniowych w Kowlu",1926-11-17,966d02cf-e8d2-454c-bfcd-03945f1fdda6,https://polona.pl/preview/966d02cf-e8d2-454c-bfcd-03945f1fdda6,1926-11-17_Obwieszczenia_Publiczne_dodatek_do_Dziennika_Urzędowego_Ministerstwa_Sprawiedliw_966d02cf-e8d2-454c-bfcd-03945f1fdda6.txt
Ajzyk Finkielsztejn,handel spożywczy,,,,,,,"„Ajzyk Finkielsztejn"", handel spożywczy w Kowlu",1926-11-17,966d02cf-e8d2-454c-bfcd-03945f1fdda6,https://polona.pl/preview/966d02cf-e8d2-454c-bfcd-03945f1fdda6,1926-11-17_Obwieszczenia_Publiczne_dodatek_do_Dziennika_Urzędowego_Ministerstwa_Sprawiedliw_966d02cf-e8d2-454c-bfcd-03945f1fdda6.txt
Mejer Barg,handel ludowem ubraniem,,,,,,,"„Mejer Barg“, handel ludowem ubraniem w Kowlu",1926-11-24,6ceae765-3f6d-4e29-aace-627197b8055d,https://polona.pl/preview/6ceae765-3f6d-4e29-aace-627197b8055d,1926-11-24_Obwieszczenia_Publiczne_dodatek_do_Dziennika_Urzędowego_Ministerstwa_Sprawiedliw_6ceae765-3f6d-4e29-aace-627197b8055d.txt
Motel Bober,piwiarnia,,,,,,,"„Motel Bober“, piwiarnia w Kowlu",1926-11-24,6ceae765-3f6d-4e29-aace-627197b8055d,https://polona.pl/preview/6ceae765-3f6d-4e29-aace-627197b8055d,1926-11-24_Obwieszczenia_Publiczne_dodatek_do_Dziennika_Urzędowego_Ministerstwa_Sprawiedliw_6ceae765-3f6d-4e29-aace-627197b8055d.txt
Genia Atłas,handel mięsem,,,Genia Atłas,Tuszow- skiego 6,3488,,"„Genia Atłas"", handel mięsem w Kowlu, przy ul. Kolejowej 29. Istnieje od 1924 r. Właśc. Genia Atłas, zam. w Kowlu, przy ul. Tuszow- skiego 6. 3488",1926-12-01,d2d13466-afb4-4454-a5c8-94f97fea6482,https://polona.pl/preview/d2d13466-afb4-4454-a5c8-94f97fea6482,1926-12-01_Obwieszczenia_Publiczne_dodatek_do_Dziennika_Urzędowego_Ministerstwa_Sprawiedliw_d2d13466-afb4-4454-a5c8-94f97fea6482.txt
Szpryncia Godomyczer,sprzedaż manufaktury,,,,,,,"„Szpryncia Godomyczer"", sprzedaż manufaktury w Kowlu",1926-12-01,d2d13466-afb4-4454-a5c8-94f97fea6482,https://polona.pl/preview/d2d13466-afb4-4454-a5c8-94f97fea6482,1926-12-01_Obwieszczenia_Publiczne_dodatek_do_Dziennika_Urzędowego_Ministerstwa_Sprawiedliw_d2d13466-afb4-4454-a5c8-94f97fea6482.txt
Szaja Bieloraj,sklep spożywczy,,,,,,,"„Szaja Bieloraj"", sklep spożywczy, w Kowlu",1927-02-16,49d3eb71-187b-4935-8102-b95983785938,https://polona.pl/preview/49d3eb71-187b-4935-8102-b95983785938,1927-02-16_Obwieszczenia_Publiczne_dodatek_do_Dziennika_Urzędowego_Ministerstwa_Sprawiedliw_49d3eb71-187b-4935-8102-b95983785938.txt
Geszel Ej czyś,handel galanterją,,,,,,,"„Geszel Ej czyś"", handel galanterją, w Kowlu",1927-02-16,49d3eb71-187b-4935-8102-b95983785938,https://polona.pl/preview/49d3eb71-187b-4935-8102-b95983785938,1927-02-16_Obwieszczenia_Publiczne_dodatek_do_Dziennika_Urzędowego_Ministerstwa_Sprawiedliw_49d3eb71-187b-4935-8102-b95983785938.txt
,,,,Mordko- Mendel Sżlafsztejn,Aleje Legjoinów 12,2626,,"Mordko- Mendel Sżlafsztejn, zam. w Kowlu, przy ul. Aleje Legjoinów 12. 2626",1927-04-27,0a527ff4-fb8d-4f31-86e4-a0c6d6609282,https://polona.pl/preview/0a527ff4-fb8d-4f31-86e4-a0c6d6609282,1927-04-27_Obwieszczenia_Publiczne_dodatek_do_Dziennika_Urzędowego_Ministerstwa_Sprawiedliw_0a527ff4-fb8d-4f31-86e4-a0c6d6609282.txt
Tehaz,"spółka z ograniczoną odpowiedzialnością, Oddział","""",,,,,,"„Tehaz"", spółka z ograniczoną odpowiedzialnością, Oddział w Kowlu""",1927-05-28,68269fab-f58d-435f-a8d4-c5c9b01a3b88,https://polona.pl/preview/68269fab-f58d-435f-a8d4-c5c9b01a3b88,1927-05-28_Obwieszczenia_Publiczne_dodatek_do_Dziennika_Urzędowego_Ministerstwa_Sprawiedliw_68269fab-f58d-435f-a8d4-c5c9b01a3b88.txt
Abram Peregał,sprzedaż artykułów spożywczych i na czynia,,,,,,,"„Abram Peregał"" — sprzedaż artykułów spożywczych i na czynia w Kowlu",1927-06-08,74339fe4-6d3c-4f66-9460-52166d6fd810,https://polona.pl/preview/74339fe4-6d3c-4f66-9460-52166d6fd810,1927-06-08_Obwieszczenia_Publiczne_dodatek_do_Dziennika_Urzędowego_Ministerstwa_Sprawiedliw_74339fe4-6d3c-4f66-9460-52166d6fd810.txt
Fejga Tener,handel spożywczy i bufet,,,,,,,"„Fejga Tener"" — handel spożywczy i bufet w Kowlu",1927-06-08,74339fe4-6d3c-4f66-9460-52166d6fd810,https://polona.pl/preview/74339fe4-6d3c-4f66-9460-52166d6fd810,1927-06-08_Obwieszczenia_Publiczne_dodatek_do_Dziennika_Urzędowego_Ministerstwa_Sprawiedliw_74339fe4-6d3c-4f66-9460-52166d6fd810.txt
Ester Zafran,skup zboża i drobny handel spożywczy,,,,,,,"„Ester Zafran”, — skup zboża i drobny handel spożywczy w Kowlu",1927-06-08,74339fe4-6d3c-4f66-9460-52166d6fd810,https://polona.pl/preview/74339fe4-6d3c-4f66-9460-52166d6fd810,1927-06-08_Obwieszczenia_Publiczne_dodatek_do_Dziennika_Urzędowego_Ministerstwa_Sprawiedliw_74339fe4-6d3c-4f66-9460-52166d6fd810.txt
Icko Sziper,bufet i woda sodowa,,,,,,,„Icko Sziper” —- bufet i woda sodowa w Kowlu,1927-06-08,74339fe4-6d3c-4f66-9460-52166d6fd810,https://polona.pl/preview/74339fe4-6d3c-4f66-9460-52166d6fd810,1927-06-08_Obwieszczenia_Publiczne_dodatek_do_Dziennika_Urzędowego_Ministerstwa_Sprawiedliw_74339fe4-6d3c-4f66-9460-52166d6fd810.txt
Sosia-Rywka Gwircman,drobny handel spożywczy,,,,,,,„Sosia-Rywka Gwircman” — drobny handel spożywczy w Kowlu,1927-06-08,74339fe4-6d3c-4f66-9460-52166d6fd810,https://polona.pl/preview/74339fe4-6d3c-4f66-9460-52166d6fd810,1927-06-08_Obwieszczenia_Publiczne_dodatek_do_Dziennika_Urzędowego_Ministerstwa_Sprawiedliw_74339fe4-6d3c-4f66-9460-52166d6fd810.txt
Hiel Lewertow,handel spożywczy,,,,,,,"„Hiel Lewertow"" — handel spożywczy w Kowlu",1927-06-08,74339fe4-6d3c-4f66-9460-52166d6fd810,https://polona.pl/preview/74339fe4-6d3c-4f66-9460-52166d6fd810,1927-06-08_Obwieszczenia_Publiczne_dodatek_do_Dziennika_Urzędowego_Ministerstwa_Sprawiedliw_74339fe4-6d3c-4f66-9460-52166d6fd810.txt
Moj sze-Liber Langier,skup zawodowy zboża,,,,,,,„Moj sze-Liber Langier” — skup zawodowy zboża w Kowlu,1927-06-08,74339fe4-6d3c-4f66-9460-52166d6fd810,https://polona.pl/preview/74339fe4-6d3c-4f66-9460-52166d6fd810,1927-06-08_Obwieszczenia_Publiczne_dodatek_do_Dziennika_Urzędowego_Ministerstwa_Sprawiedliw_74339fe4-6d3c-4f66-9460-52166d6fd810.txt
^lka Szojchet,hotel,,,,,,,"""^lka Szojchet” — hotel w Kowlu",1927-06-08,74339fe4-6d3c-4f66-9460-52166d6fd810,https://polona.pl/preview/74339fe4-6d3c-4f66-9460-52166d6fd810,1927-06-08_Obwieszczenia_Publiczne_dodatek_do_Dziennika_Urzędowego_Ministerstwa_Sprawiedliw_74339fe4-6d3c-4f66-9460-52166d6fd810.txt
Dawid /.awodnik,handel manufakturą,,,,,,,"„Dawid /.awodnik"" — handel manufakturą w Kowlu",1927-06-08,74339fe4-6d3c-4f66-9460-52166d6fd810,https://polona.pl/preview/74339fe4-6d3c-4f66-9460-52166d6fd810,1927-06-08_Obwieszczenia_Publiczne_dodatek_do_Dziennika_Urzędowego_Ministerstwa_Sprawiedliw_74339fe4-6d3c-4f66-9460-52166d6fd810.txt
Abram-Jankiel Lewi,handel spożywczy,,,Abram-Jankiel Lewi,Żydowskiej 6,3920,,"„Abram-Jankiel Lewi"" — handel spożywczy w Kowlu, przy ul. Kolejowej 5. Właśc. Abram-Jankiel Lewi, zam. w Kowlu, przy ul. Żydowskiej 6. 3920",1927-06-08,74339fe4-6d3c-4f66-9460-52166d6fd810,https://polona.pl/preview/74339fe4-6d3c-4f66-9460-52166d6fd810,1927-06-08_Obwieszczenia_Publiczne_dodatek_do_Dziennika_Urzędowego_Ministerstwa_Sprawiedliw_74339fe4-6d3c-4f66-9460-52166d6fd810.txt
Pejsach Wajnsztejn,handel naczyniem kuchennem,,,,,,,"„Pejsach Wajnsztejn"" — handel naczyniem kuchennem w Kowlu",1927-06-08,74339fe4-6d3c-4f66-9460-52166d6fd810,https://polona.pl/preview/74339fe4-6d3c-4f66-9460-52166d6fd810,1927-06-08_Obwieszczenia_Publiczne_dodatek_do_Dziennika_Urzędowego_Ministerstwa_Sprawiedliw_74339fe4-6d3c-4f66-9460-52166d6fd810.txt
Abram Wołk,handel drzewem budowlanym,,,,,,,"„Abram Wołk"" — handel drzewem budowlanym w Kowlu",1927-07-09,82ec8fa7-066d-40f4-b883-f9199e27fd71,https://polona.pl/preview/82ec8fa7-066d-40f4-b883-f9199e27fd71,1927-07-09_Obwieszczenia_Publiczne_dodatek_do_Dziennika_Urzędowego_Ministerstwa_Sprawiedliw_82ec8fa7-066d-40f4-b883-f9199e27fd71.txt
Froim Sygał,skup zawodowy jaj,,,,,,,"„Froim Sygał"" — skup zawodowy jaj w Kowlu",1927-07-09,82ec8fa7-066d-40f4-b883-f9199e27fd71,https://polona.pl/preview/82ec8fa7-066d-40f4-b883-f9199e27fd71,1927-07-09_Obwieszczenia_Publiczne_dodatek_do_Dziennika_Urzędowego_Ministerstwa_Sprawiedliw_82ec8fa7-066d-40f4-b883-f9199e27fd71.txt
Perec Cygielman,jubiler i zegarmistrz,,,,,,,"„Perec Cygielman"" — jubiler i zegarmistrz w Kowlu",1927-07-09,82ec8fa7-066d-40f4-b883-f9199e27fd71,https://polona.pl/preview/82ec8fa7-066d-40f4-b883-f9199e27fd71,1927-07-09_Obwieszczenia_Publiczne_dodatek_do_Dziennika_Urzędowego_Ministerstwa_Sprawiedliw_82ec8fa7-066d-40f4-b883-f9199e27fd71.txt
Dina Bass,handel drobną galanterją,,,,,,,„Dina Bass“ — handel drobną galanterją w Kowlu,1927-07-09,82ec8fa7-066d-40f4-b883-f9199e27fd71,https://polona.pl/preview/82ec8fa7-066d-40f4-b883-f9199e27fd71,1927-07-09_Obwieszczenia_Publiczne_dodatek_do_Dziennika_Urzędowego_Ministerstwa_Sprawiedliw_82ec8fa7-066d-40f4-b883-f9199e27fd71.txt
Josif Krasnosielski,"handel węglem, kaflami, cegłą, w apnem i cementem",,,,,,,"„Josif Krasnosielski"" — handel węglem, kaflami, cegłą, w apnem i cementem w Kowlu",1927-07-09,82ec8fa7-066d-40f4-b883-f9199e27fd71,https://polona.pl/preview/82ec8fa7-066d-40f4-b883-f9199e27fd71,1927-07-09_Obwieszczenia_Publiczne_dodatek_do_Dziennika_Urzędowego_Ministerstwa_Sprawiedliw_82ec8fa7-066d-40f4-b883-f9199e27fd71.txt
Aleksander Zbiniowski,sklep galanteryjny,,,Aleksander Zbiniowski,Warszaw- s kiej Nr,,,"„Aleksander Zbiniowski""—sklep galanteryjny w Kowlu, P f zy ul. Warszawskiej 29, Oddział we Włodzimierzu, przy ul. Farnej 6. Istnieją; firma w Kowlu 5 od 1922 r. Odział we Włodzimierzu od 1926 r. Właśc. Aleksander Zbiniowski, zam. w Kowlu, przy ul. Warszaw- s kiej Nr",1927-07-09,82ec8fa7-066d-40f4-b883-f9199e27fd71,https://polona.pl/preview/82ec8fa7-066d-40f4-b883-f9199e27fd71,1927-07-09_Obwieszczenia_Publiczne_dodatek_do_Dziennika_Urzędowego_Ministerstwa_Sprawiedliw_82ec8fa7-066d-40f4-b883-f9199e27fd71.txt
Icek - Mojsze Sojbel,piwiarnia ze sprzedażą artyku le spożywczych oraz handel resztkami łokciowemi,,,,,,,"„Icek - Mojsze Sojbel"" — piwiarnia ze sprzedażą artyku le spożywczych oraz handel resztkami łokciowemi w Kowlu",1927-07-09,82ec8fa7-066d-40f4-b883-f9199e27fd71,https://polona.pl/preview/82ec8fa7-066d-40f4-b883-f9199e27fd71,1927-07-09_Obwieszczenia_Publiczne_dodatek_do_Dziennika_Urzędowego_Ministerstwa_Sprawiedliw_82ec8fa7-066d-40f4-b883-f9199e27fd71.txt
Józef Dichter,skup jaj,,,,,,,"„Józef Dichter"" — skup jaj w Kowlu",1927-07-09,82ec8fa7-066d-40f4-b883-f9199e27fd71,https://polona.pl/preview/82ec8fa7-066d-40f4-b883-f9199e27fd71,1927-07-09_Obwieszczenia_Publiczne_dodatek_do_Dziennika_Urzędowego_Ministerstwa_Sprawiedliw_82ec8fa7-066d-40f4-b883-f9199e27fd71.txt
Basia Fitersojbel,handel spożywczy,,,,,,,"„Basia Fitersojbel"" — handel spożywczy w Kowlu",1927-07-09,82ec8fa7-066d-40f4-b883-f9199e27fd71,https://polona.pl/preview/82ec8fa7-066d-40f4-b883-f9199e27fd71,1927-07-09_Obwieszczenia_Publiczne_dodatek_do_Dziennika_Urzędowego_Ministerstwa_Sprawiedliw_82ec8fa7-066d-40f4-b883-f9199e27fd71.txt
Dawid Sztylerman,handel spożywczy,,,,,,,"„Dawid Sztylerman"" — handel spożywczy w Kowlu",1927-07-09,82ec8fa7-066d-40f4-b883-f9199e27fd71,https://polona.pl/preview/82ec8fa7-066d-40f4-b883-f9199e27fd71,1927-07-09_Obwieszczenia_Publiczne_dodatek_do_Dziennika_Urzędowego_Ministerstwa_Sprawiedliw_82ec8fa7-066d-40f4-b883-f9199e27fd71.txt
Józef Szojchet,handel galanteryjny,,,,,,,"„Józef Szojchet"" — handel galanteryjny w Kowlu",1927-07-09,82ec8fa7-066d-40f4-b883-f9199e27fd71,https://polona.pl/preview/82ec8fa7-066d-40f4-b883-f9199e27fd71,1927-07-09_Obwieszczenia_Publiczne_dodatek_do_Dziennika_Urzędowego_Ministerstwa_Sprawiedliw_82ec8fa7-066d-40f4-b883-f9199e27fd71.txt
Gitla Rer,kawiarnia,,,,,,,„Gitla Rer“ — kawiarnia w Kowlu,1927-07-09,82ec8fa7-066d-40f4-b883-f9199e27fd71,https://polona.pl/preview/82ec8fa7-066d-40f4-b883-f9199e27fd71,1927-07-09_Obwieszczenia_Publiczne_dodatek_do_Dziennika_Urzędowego_Ministerstwa_Sprawiedliw_82ec8fa7-066d-40f4-b883-f9199e27fd71.txt
Berko Szerbojm,handel spożywczy,,,,,,,"„Berko Szerbojm"" — handel spożywczy w Kowlu",1927-07-09,82ec8fa7-066d-40f4-b883-f9199e27fd71,https://polona.pl/preview/82ec8fa7-066d-40f4-b883-f9199e27fd71,1927-07-09_Obwieszczenia_Publiczne_dodatek_do_Dziennika_Urzędowego_Ministerstwa_Sprawiedliw_82ec8fa7-066d-40f4-b883-f9199e27fd71.txt
Dora Messer,handel materjałami piśmiennemi i W' strybucja,,,,,,,"„Dora Messer"" — handel materjałami piśmiennemi i W' strybucja w Kowlu",1927-07-09,82ec8fa7-066d-40f4-b883-f9199e27fd71,https://polona.pl/preview/82ec8fa7-066d-40f4-b883-f9199e27fd71,1927-07-09_Obwieszczenia_Publiczne_dodatek_do_Dziennika_Urzędowego_Ministerstwa_Sprawiedliw_82ec8fa7-066d-40f4-b883-f9199e27fd71.txt
Mozes Gendler,handel manufakturą,,,,,,,"„Mozes Gendler"" — handel manufakturą w Kowlu",1927-07-09,82ec8fa7-066d-40f4-b883-f9199e27fd71,https://polona.pl/preview/82ec8fa7-066d-40f4-b883-f9199e27fd71,1927-07-09_Obwieszczenia_Publiczne_dodatek_do_Dziennika_Urzędowego_Ministerstwa_Sprawiedliw_82ec8fa7-066d-40f4-b883-f9199e27fd71.txt
Nuta Groj ser,handel manufakturą,przy ',,,,,,"„Nuta Groj ser"" — handel manufakturą w Kowlu, przy '",1927-07-09,82ec8fa7-066d-40f4-b883-f9199e27fd71,https://polona.pl/preview/82ec8fa7-066d-40f4-b883-f9199e27fd71,1927-07-09_Obwieszczenia_Publiczne_dodatek_do_Dziennika_Urzędowego_Ministerstwa_Sprawiedliw_82ec8fa7-066d-40f4-b883-f9199e27fd71.txt
Masza Sziper,kawiarnia,,,,,,,"„Masza Sziper"" — kawiarnia w Kowlu",1927-07-09,82ec8fa7-066d-40f4-b883-f9199e27fd71,https://polona.pl/preview/82ec8fa7-066d-40f4-b883-f9199e27fd71,1927-07-09_Obwieszczenia_Publiczne_dodatek_do_Dziennika_Urzędowego_Ministerstwa_Sprawiedliw_82ec8fa7-066d-40f4-b883-f9199e27fd71.txt
Chaim Waksman,handel żelazem,przy 11 Warszawskiej 157,1923,,,,,"„Chaim Waksman"" — handel żelazem w Kowlu, przy 11 Warszawskiej 157. Istnieje od 1923 r.",1927-07-09,82ec8fa7-066d-40f4-b883-f9199e27fd71,https://polona.pl/preview/82ec8fa7-066d-40f4-b883-f9199e27fd71,1927-07-09_Obwieszczenia_Publiczne_dodatek_do_Dziennika_Urzędowego_Ministerstwa_Sprawiedliw_82ec8fa7-066d-40f4-b883-f9199e27fd71.txt
Leon Werba,biuro próśb,,,,,,,„Leon Werba“ — biuro próśb w Kowlu,1927-07-09,82ec8fa7-066d-40f4-b883-f9199e27fd71,https://polona.pl/preview/82ec8fa7-066d-40f4-b883-f9199e27fd71,1927-07-09_Obwieszczenia_Publiczne_dodatek_do_Dziennika_Urzędowego_Ministerstwa_Sprawiedliw_82ec8fa7-066d-40f4-b883-f9199e27fd71.txt
Awrum Sztern,handel skórami i przyborami szewskie mu,,,,,,,„Awrum Sztern“ — handel skórami i przyborami szewskie mu w Kowlu,1927-07-09,82ec8fa7-066d-40f4-b883-f9199e27fd71,https://polona.pl/preview/82ec8fa7-066d-40f4-b883-f9199e27fd71,1927-07-09_Obwieszczenia_Publiczne_dodatek_do_Dziennika_Urzędowego_Ministerstwa_Sprawiedliw_82ec8fa7-066d-40f4-b883-f9199e27fd71.txt
Inda-Ruchla Tojbicz,piwiarnia,,,,,,,„Inda-Ruchla Tojbicz“ — piwiarnia w Kowlu,1927-07-09,82ec8fa7-066d-40f4-b883-f9199e27fd71,https://polona.pl/preview/82ec8fa7-066d-40f4-b883-f9199e27fd71,1927-07-09_Obwieszczenia_Publiczne_dodatek_do_Dziennika_Urzędowego_Ministerstwa_Sprawiedliw_82ec8fa7-066d-40f4-b883-f9199e27fd71.txt
Ruchla Rojzen,"handel artykułami spożywczemi, owoca mi 1 ' r Vbą i włoszczyzną",,,,,,,"„Ruchla Rojzen“ — handel artykułami spożywczemi, owoca mi 1 ' r Vbą i włoszczyzną w Kowlu",1927-07-09,82ec8fa7-066d-40f4-b883-f9199e27fd71,https://polona.pl/preview/82ec8fa7-066d-40f4-b883-f9199e27fd71,1927-07-09_Obwieszczenia_Publiczne_dodatek_do_Dziennika_Urzędowego_Ministerstwa_Sprawiedliw_82ec8fa7-066d-40f4-b883-f9199e27fd71.txt
Rejzla Chiżyk,handel spożywczy,,,,,,,„Rejzla Chiżyk“ -— handel spożywczy w Kowlu,1927-07-09,82ec8fa7-066d-40f4-b883-f9199e27fd71,https://polona.pl/preview/82ec8fa7-066d-40f4-b883-f9199e27fd71,1927-07-09_Obwieszczenia_Publiczne_dodatek_do_Dziennika_Urzędowego_Ministerstwa_Sprawiedliw_82ec8fa7-066d-40f4-b883-f9199e27fd71.txt
,,,,Srul piwnikier,Tuszowskiego Nr,,,"Srul piwnikier, zam. w Kowlu, przy ul. Tuszowskiego Nr",1927-07-09,82ec8fa7-066d-40f4-b883-f9199e27fd71,https://polona.pl/preview/82ec8fa7-066d-40f4-b883-f9199e27fd71,1927-07-09_Obwieszczenia_Publiczne_dodatek_do_Dziennika_Urzędowego_Ministerstwa_Sprawiedliw_82ec8fa7-066d-40f4-b883-f9199e27fd71.txt
Bluma Rojt,sklep spożywczy,,,,,,,"„Bluma Rojt"" — sklep spożywczy w Kowlu",1927-07-16,af2540fa-47e6-4106-843c-5845fb156eb6,https://polona.pl/preview/af2540fa-47e6-4106-843c-5845fb156eb6,1927-07-16_Obwieszczenia_Publiczne_dodatek_do_Dziennika_Urzędowego_Ministerstwa_Sprawiedliw_af2540fa-47e6-4106-843c-5845fb156eb6.txt
Icek-Aron Cukierman,skup zawodowy produktów rol nych,,,,,,,"„Icek-Aron Cukierman"" — skup zawodowy produktów rol nych w Kowlu",1927-07-16,af2540fa-47e6-4106-843c-5845fb156eb6,https://polona.pl/preview/af2540fa-47e6-4106-843c-5845fb156eb6,1927-07-16_Obwieszczenia_Publiczne_dodatek_do_Dziennika_Urzędowego_Ministerstwa_Sprawiedliw_af2540fa-47e6-4106-843c-5845fb156eb6.txt
Henia Wołk,skup zboża,,,,,,,"„Henia Wołk"" — skup zboża w Kowlu",1927-07-16,af2540fa-47e6-4106-843c-5845fb156eb6,https://polona.pl/preview/af2540fa-47e6-4106-843c-5845fb156eb6,1927-07-16_Obwieszczenia_Publiczne_dodatek_do_Dziennika_Urzędowego_Ministerstwa_Sprawiedliw_af2540fa-47e6-4106-843c-5845fb156eb6.txt
Władysław Lambach,wyrób trumien,,,,,,,"„Władysław Lambach"" — wyrób trumien w Kowlu",1927-07-16,af2540fa-47e6-4106-843c-5845fb156eb6,https://polona.pl/preview/af2540fa-47e6-4106-843c-5845fb156eb6,1927-07-16_Obwieszczenia_Publiczne_dodatek_do_Dziennika_Urzędowego_Ministerstwa_Sprawiedliw_af2540fa-47e6-4106-843c-5845fb156eb6.txt
Rywka Poliszuk,drobny handel galanterją,,,,,,,"„Rywka Poliszuk"" — drobny handel galanterją w Kowlu",1927-07-16,af2540fa-47e6-4106-843c-5845fb156eb6,https://polona.pl/preview/af2540fa-47e6-4106-843c-5845fb156eb6,1927-07-16_Obwieszczenia_Publiczne_dodatek_do_Dziennika_Urzędowego_Ministerstwa_Sprawiedliw_af2540fa-47e6-4106-843c-5845fb156eb6.txt
Jankiel Rubinsztejn,piwiarnia,,,,,,,"„Jankiel Rubinsztejn"" -— piwiarnia w Kowlu",1927-07-16,af2540fa-47e6-4106-843c-5845fb156eb6,https://polona.pl/preview/af2540fa-47e6-4106-843c-5845fb156eb6,1927-07-16_Obwieszczenia_Publiczne_dodatek_do_Dziennika_Urzędowego_Ministerstwa_Sprawiedliw_af2540fa-47e6-4106-843c-5845fb156eb6.txt
Hersz Pugacz,handel obuwiem,,,,,,,"„Hersz Pugacz"" — handel obuwiem w Kowlu",1927-07-16,af2540fa-47e6-4106-843c-5845fb156eb6,https://polona.pl/preview/af2540fa-47e6-4106-843c-5845fb156eb6,1927-07-16_Obwieszczenia_Publiczne_dodatek_do_Dziennika_Urzędowego_Ministerstwa_Sprawiedliw_af2540fa-47e6-4106-843c-5845fb156eb6.txt
Franciszek Spyra,sprzedaż pieczywa,,,,,,,"„Franciszek Spyra"" — sprzedaż pieczywa w Kowlu",1927-07-16,af2540fa-47e6-4106-843c-5845fb156eb6,https://polona.pl/preview/af2540fa-47e6-4106-843c-5845fb156eb6,1927-07-16_Obwieszczenia_Publiczne_dodatek_do_Dziennika_Urzędowego_Ministerstwa_Sprawiedliw_af2540fa-47e6-4106-843c-5845fb156eb6.txt
Elio Kapszuk,skup skór surowych,,,,,,,„Elio Kapszuk“ — skup skór surowych w Kowlu,1927-07-16,af2540fa-47e6-4106-843c-5845fb156eb6,https://polona.pl/preview/af2540fa-47e6-4106-843c-5845fb156eb6,1927-07-16_Obwieszczenia_Publiczne_dodatek_do_Dziennika_Urzędowego_Ministerstwa_Sprawiedliw_af2540fa-47e6-4106-843c-5845fb156eb6.txt
Fejga Gopen,handel towarami mieszanemi,,,,,,,„Fejga Gopen” —handel towarami mieszanemi w Kowlu,1927-07-16,af2540fa-47e6-4106-843c-5845fb156eb6,https://polona.pl/preview/af2540fa-47e6-4106-843c-5845fb156eb6,1927-07-16_Obwieszczenia_Publiczne_dodatek_do_Dziennika_Urzędowego_Ministerstwa_Sprawiedliw_af2540fa-47e6-4106-843c-5845fb156eb6.txt
Nuta Lerer,"biuro pisania próśb i podań oraz przepisy- iq® n,a na maszynie",,,,,,,"„Nuta Lerer“ — biuro pisania próśb i podań oraz przepisy- iq® n,a na maszynie w Kowlu",1927-07-16,af2540fa-47e6-4106-843c-5845fb156eb6,https://polona.pl/preview/af2540fa-47e6-4106-843c-5845fb156eb6,1927-07-16_Obwieszczenia_Publiczne_dodatek_do_Dziennika_Urzędowego_Ministerstwa_Sprawiedliw_af2540fa-47e6-4106-843c-5845fb156eb6.txt
Aron Kaufman,handel galanterją,,,,,,,„Aron Kaufman“ — handel galanterją w Kowlu,1927-08-20,9254feef-bbf2-4877-bd98-45d9a073a602,https://polona.pl/preview/9254feef-bbf2-4877-bd98-45d9a073a602,1927-08-20_Obwieszczenia_Publiczne_dodatek_do_Dziennika_Urzędowego_Ministerstwa_Sprawiedliw_9254feef-bbf2-4877-bd98-45d9a073a602.txt
Icko-Wigdor Lew,drobna sprzedaż galanterji,,,,,,,„Icko-Wigdor Lew“ — drobna sprzedaż galanterji w Kowlu,1927-08-20,9254feef-bbf2-4877-bd98-45d9a073a602,https://polona.pl/preview/9254feef-bbf2-4877-bd98-45d9a073a602,1927-08-20_Obwieszczenia_Publiczne_dodatek_do_Dziennika_Urzędowego_Ministerstwa_Sprawiedliw_9254feef-bbf2-4877-bd98-45d9a073a602.txt
Icko I idei,bufet ze sprzedażą słodyczy i wody sodo wej,,,,,,,"„Icko I idei"" — bufet ze sprzedażą słodyczy i wody sodo wej w Kowlu",1927-08-20,9254feef-bbf2-4877-bd98-45d9a073a602,https://polona.pl/preview/9254feef-bbf2-4877-bd98-45d9a073a602,1927-08-20_Obwieszczenia_Publiczne_dodatek_do_Dziennika_Urzędowego_Ministerstwa_Sprawiedliw_9254feef-bbf2-4877-bd98-45d9a073a602.txt
Sura-Tema Szerbojm,herbaciarnia,,,,,,,„Sura-Tema Szerbojm“ — herbaciarnia w Kowlu,1927-08-20,9254feef-bbf2-4877-bd98-45d9a073a602,https://polona.pl/preview/9254feef-bbf2-4877-bd98-45d9a073a602,1927-08-20_Obwieszczenia_Publiczne_dodatek_do_Dziennika_Urzędowego_Ministerstwa_Sprawiedliw_9254feef-bbf2-4877-bd98-45d9a073a602.txt
Wolf Szczerbaty,handel manufakturą,,,,,,,"„Wolf Szczerbaty""—handel manufakturą w Kowlu",1927-08-20,9254feef-bbf2-4877-bd98-45d9a073a602,https://polona.pl/preview/9254feef-bbf2-4877-bd98-45d9a073a602,1927-08-20_Obwieszczenia_Publiczne_dodatek_do_Dziennika_Urzędowego_Ministerstwa_Sprawiedliw_9254feef-bbf2-4877-bd98-45d9a073a602.txt
Gitla Stróż,drobny handel spożywczy i galanterji,,,,,,,"„Gitla Stróż"" — drobny handel spożywczy i galanterji w Kowlu",1927-08-20,9254feef-bbf2-4877-bd98-45d9a073a602,https://polona.pl/preview/9254feef-bbf2-4877-bd98-45d9a073a602,1927-08-20_Obwieszczenia_Publiczne_dodatek_do_Dziennika_Urzędowego_Ministerstwa_Sprawiedliw_9254feef-bbf2-4877-bd98-45d9a073a602.txt
Nysel Kierżner,handel spożywczy,,,,,,,"„Nysel Kierżner"" — handel spożywczy w Kowlu",1927-08-20,9254feef-bbf2-4877-bd98-45d9a073a602,https://polona.pl/preview/9254feef-bbf2-4877-bd98-45d9a073a602,1927-08-20_Obwieszczenia_Publiczne_dodatek_do_Dziennika_Urzędowego_Ministerstwa_Sprawiedliw_9254feef-bbf2-4877-bd98-45d9a073a602.txt
Lifsza Rajz,drobny handel spożywczy,,,,,,,"„Lifsza Rajz"" — drobny handel spożywczy w Kowlu",1927-08-20,9254feef-bbf2-4877-bd98-45d9a073a602,https://polona.pl/preview/9254feef-bbf2-4877-bd98-45d9a073a602,1927-08-20_Obwieszczenia_Publiczne_dodatek_do_Dziennika_Urzędowego_Ministerstwa_Sprawiedliw_9254feef-bbf2-4877-bd98-45d9a073a602.txt
Gerszon Szwarc,handel spożywczy,,,,,,,"„Gerszon Szwarc"" — handel spożywczy w Kowlu",1927-08-20,9254feef-bbf2-4877-bd98-45d9a073a602,https://polona.pl/preview/9254feef-bbf2-4877-bd98-45d9a073a602,1927-08-20_Obwieszczenia_Publiczne_dodatek_do_Dziennika_Urzędowego_Ministerstwa_Sprawiedliw_9254feef-bbf2-4877-bd98-45d9a073a602.txt
Bencion Jeruchimowicz,drobny handel galanterją,,,,,,,"„Bencion Jeruchimowicz"" — drobny handel galanterją w Kowlu",1927-08-20,9254feef-bbf2-4877-bd98-45d9a073a602,https://polona.pl/preview/9254feef-bbf2-4877-bd98-45d9a073a602,1927-08-20_Obwieszczenia_Publiczne_dodatek_do_Dziennika_Urzędowego_Ministerstwa_Sprawiedliw_9254feef-bbf2-4877-bd98-45d9a073a602.txt
Sender Markiter,handel manufakturą,,,,,,,"„Sender Markiter"" — handel manufakturą w Kowlu",1927-08-20,9254feef-bbf2-4877-bd98-45d9a073a602,https://polona.pl/preview/9254feef-bbf2-4877-bd98-45d9a073a602,1927-08-20_Obwieszczenia_Publiczne_dodatek_do_Dziennika_Urzędowego_Ministerstwa_Sprawiedliw_9254feef-bbf2-4877-bd98-45d9a073a602.txt
Chaja-Ruchla Łangier,handel farbami i tapetami,,,,,,,"„Chaja-Ruchla Łangier"" — handel farbami i tapetami w Kowlu",1927-08-20,9254feef-bbf2-4877-bd98-45d9a073a602,https://polona.pl/preview/9254feef-bbf2-4877-bd98-45d9a073a602,1927-08-20_Obwieszczenia_Publiczne_dodatek_do_Dziennika_Urzędowego_Ministerstwa_Sprawiedliw_9254feef-bbf2-4877-bd98-45d9a073a602.txt
Józef Cal,handel manufakturą,,,,,,,"„Józef Cal"" — handel manufakturą w Kowlu",1927-08-20,9254feef-bbf2-4877-bd98-45d9a073a602,https://polona.pl/preview/9254feef-bbf2-4877-bd98-45d9a073a602,1927-08-20_Obwieszczenia_Publiczne_dodatek_do_Dziennika_Urzędowego_Ministerstwa_Sprawiedliw_9254feef-bbf2-4877-bd98-45d9a073a602.txt
,,,,Helena Machnik,Ponia towskiego Nr,,,"Helena Machnik, zam. w Kowlu, przy ul. Ponia towskiego Nr",1927-08-20,9254feef-bbf2-4877-bd98-45d9a073a602,https://polona.pl/preview/9254feef-bbf2-4877-bd98-45d9a073a602,1927-08-20_Obwieszczenia_Publiczne_dodatek_do_Dziennika_Urzędowego_Ministerstwa_Sprawiedliw_9254feef-bbf2-4877-bd98-45d9a073a602.txt
Szpryńcia Marszałkowicz,handel spożywczy,,,,,,,"„Szpryńcia Marszałkowicz"" — handel spożywczy w Kowlu",1927-08-24,887211d5-4f91-4f63-9bbb-09c4eba06aa5,https://polona.pl/preview/887211d5-4f91-4f63-9bbb-09c4eba06aa5,1927-08-24_Obwieszczenia_Publiczne_dodatek_do_Dziennika_Urzędowego_Ministerstwa_Sprawiedliw_887211d5-4f91-4f63-9bbb-09c4eba06aa5.txt
Jakób - Icchok Gro'jser,handel spożywczo-kolonjalny,,,,,,,"„Jakób - Icchok Gro'jser"" — handel spożywczo-kolonjalny W Kowlu",1927-08-24,887211d5-4f91-4f63-9bbb-09c4eba06aa5,https://polona.pl/preview/887211d5-4f91-4f63-9bbb-09c4eba06aa5,1927-08-24_Obwieszczenia_Publiczne_dodatek_do_Dziennika_Urzędowego_Ministerstwa_Sprawiedliw_887211d5-4f91-4f63-9bbb-09c4eba06aa5.txt
Mordko-Kielman Fryszberg,handel manufakturą lu dową,,,,,,,"„Mordko-Kielman Fryszberg"" — handel manufakturą lu dową w Kowlu",1927-08-24,887211d5-4f91-4f63-9bbb-09c4eba06aa5,https://polona.pl/preview/887211d5-4f91-4f63-9bbb-09c4eba06aa5,1927-08-24_Obwieszczenia_Publiczne_dodatek_do_Dziennika_Urzędowego_Ministerstwa_Sprawiedliw_887211d5-4f91-4f63-9bbb-09c4eba06aa5.txt
Menachem^Chuna Feldman,handel mięsem,,,,,,,"„Menachem^Chuna Feldman"" — handel mięsem w Kowlu",1927-08-24,887211d5-4f91-4f63-9bbb-09c4eba06aa5,https://polona.pl/preview/887211d5-4f91-4f63-9bbb-09c4eba06aa5,1927-08-24_Obwieszczenia_Publiczne_dodatek_do_Dziennika_Urzędowego_Ministerstwa_Sprawiedliw_887211d5-4f91-4f63-9bbb-09c4eba06aa5.txt
Ester Bakun,sprzedaż farb i przyborów farbiars i,,,,,,,"„Ester Bakun"" — sprzedaż farb i przyborów farbiars i w Kowlu",1927-08-24,887211d5-4f91-4f63-9bbb-09c4eba06aa5,https://polona.pl/preview/887211d5-4f91-4f63-9bbb-09c4eba06aa5,1927-08-24_Obwieszczenia_Publiczne_dodatek_do_Dziennika_Urzędowego_Ministerstwa_Sprawiedliw_887211d5-4f91-4f63-9bbb-09c4eba06aa5.txt
Etla Singał,bufet i drobny handel spożywczy,,,,,,,"„Etla Singał"" — bufet i drobny handel spożywczy w Kowlu",1927-08-24,887211d5-4f91-4f63-9bbb-09c4eba06aa5,https://polona.pl/preview/887211d5-4f91-4f63-9bbb-09c4eba06aa5,1927-08-24_Obwieszczenia_Publiczne_dodatek_do_Dziennika_Urzędowego_Ministerstwa_Sprawiedliw_887211d5-4f91-4f63-9bbb-09c4eba06aa5.txt
Zelman Szenkier,handel manufakturą i galanterją,,,Zelman Szenkier,Cyrkowej Nr,,,"„Zelman Szenkier"" — handel manufakturą i galanterją w Kowlu, przy ul. Warszawskiej Nr. 10. Właśc. Zelman Szenkier, zam. w Kowlu, przy ul. Cyrkowej Nr",1927-08-24,887211d5-4f91-4f63-9bbb-09c4eba06aa5,https://polona.pl/preview/887211d5-4f91-4f63-9bbb-09c4eba06aa5,1927-08-24_Obwieszczenia_Publiczne_dodatek_do_Dziennika_Urzędowego_Ministerstwa_Sprawiedliw_887211d5-4f91-4f63-9bbb-09c4eba06aa5.txt
Wajner Zelman,sprzedaż rzeczy używanych,,,Wajner Zelman,Maciejowskiej Nr,,,"„Wajner Zelman"" — sprzedaż rzeczy używanych w Kowlu, przy ul. Handlowej Nr. 50. Istnieje od 1924 ,r. Właśc. Wajner Zelman, zam. w Kowlu, przy ul. Maciejowskiej Nr",1927-08-24,887211d5-4f91-4f63-9bbb-09c4eba06aa5,https://polona.pl/preview/887211d5-4f91-4f63-9bbb-09c4eba06aa5,1927-08-24_Obwieszczenia_Publiczne_dodatek_do_Dziennika_Urzędowego_Ministerstwa_Sprawiedliw_887211d5-4f91-4f63-9bbb-09c4eba06aa5.txt
Lejb Bass,pośrednik handlowy,,,,,,,"„Lejb Bass"" — pośrednik handlowy w Kowlu",1927-10-01,25349422-96e2-4544-9967-a177f4bf0626,https://polona.pl/preview/25349422-96e2-4544-9967-a177f4bf0626,1927-10-01_Obwieszczenia_Publiczne_dodatek_do_Dziennika_Urzędowego_Ministerstwa_Sprawiedliw_25349422-96e2-4544-9967-a177f4bf0626.txt
Mojżesz Cymerman,drobna sprzedaż materjałów i przy- borów dentystycznych,,,,,,,"„Mojżesz Cymerman"" — drobna sprzedaż materjałów i przy- borów dentystycznych w Kowlu",1927-10-01,25349422-96e2-4544-9967-a177f4bf0626,https://polona.pl/preview/25349422-96e2-4544-9967-a177f4bf0626,1927-10-01_Obwieszczenia_Publiczne_dodatek_do_Dziennika_Urzędowego_Ministerstwa_Sprawiedliw_25349422-96e2-4544-9967-a177f4bf0626.txt
Bronisława Myszkowska,sprzedaż napojów wyskoko wych,,,,,,,"„Bronisława Myszkowska"" — sprzedaż napojów wyskoko wych w Kowlu",1927-10-01,25349422-96e2-4544-9967-a177f4bf0626,https://polona.pl/preview/25349422-96e2-4544-9967-a177f4bf0626,1927-10-01_Obwieszczenia_Publiczne_dodatek_do_Dziennika_Urzędowego_Ministerstwa_Sprawiedliw_25349422-96e2-4544-9967-a177f4bf0626.txt
Szmul Awrum Guperfajn,olejarnia,,,,,,,"„Szmul Awrum Guperfajn"" — olejarnia w Kowlu",1927-11-09,772eedc8-5b08-4f24-9bac-b1b037f9426a,https://polona.pl/preview/772eedc8-5b08-4f24-9bac-b1b037f9426a,1927-11-09_Obwieszczenia_Publiczne_dodatek_do_Dziennika_Urzędowego_Ministerstwa_Sprawiedliw_772eedc8-5b08-4f24-9bac-b1b037f9426a.txt
Arja Landa,ekspedytor,,,Arja Landa,"Magistrackiej 7, 4176",,,"„Arja Landa"" — ekspedytor w Kowlu. Właśc. Arja Landa, zam. w Kowlu, przy ul. Magistrackiej 7, 4176",1927-11-09,772eedc8-5b08-4f24-9bac-b1b037f9426a,https://polona.pl/preview/772eedc8-5b08-4f24-9bac-b1b037f9426a,1927-11-09_Obwieszczenia_Publiczne_dodatek_do_Dziennika_Urzędowego_Ministerstwa_Sprawiedliw_772eedc8-5b08-4f24-9bac-b1b037f9426a.txt
Bynem Szpak,ekspedytor,,,,,,,"„Bynem Szpak"" — ekspedytor w Kowlu",1927-11-09,772eedc8-5b08-4f24-9bac-b1b037f9426a,https://polona.pl/preview/772eedc8-5b08-4f24-9bac-b1b037f9426a,1927-11-09_Obwieszczenia_Publiczne_dodatek_do_Dziennika_Urzędowego_Ministerstwa_Sprawiedliw_772eedc8-5b08-4f24-9bac-b1b037f9426a.txt
Abram Zysikind,pośrednik handlowy,,,,,,,"„Abram Zysikind"" — pośrednik handlowy w Kowlu",1927-11-09,772eedc8-5b08-4f24-9bac-b1b037f9426a,https://polona.pl/preview/772eedc8-5b08-4f24-9bac-b1b037f9426a,1927-11-09_Obwieszczenia_Publiczne_dodatek_do_Dziennika_Urzędowego_Ministerstwa_Sprawiedliw_772eedc8-5b08-4f24-9bac-b1b037f9426a.txt
Dawid Glik,sprzedaż obuwia i galanterji,,,,,,,"„Dawid Glik"" — sprzedaż obuwia i galanterji w Kowlu",1927-11-09,772eedc8-5b08-4f24-9bac-b1b037f9426a,https://polona.pl/preview/772eedc8-5b08-4f24-9bac-b1b037f9426a,1927-11-09_Obwieszczenia_Publiczne_dodatek_do_Dziennika_Urzędowego_Ministerstwa_Sprawiedliw_772eedc8-5b08-4f24-9bac-b1b037f9426a.txt
Stanisław Pawlicha,handel artykułami spożywczemi oraz sprzedaż trunków w naczyniach zamkniętych,,,Stanisław Pawlicha,Wojskowej 22,28293,,"„Stanisław Pawlicha"" — handel artykułami spożywczemi oraz sprzedaż trunków w naczyniach zamkniętych w Kowlu, przy ul. Kolejowej 66. Istnieje od 1924 r. Właśc. Stanisław Pawlicha, zam. w Kowlu, przy ul. Wojskowej 22. 28293",1927-11-12,43a144d7-71ca-40bc-ab00-4202730a78ea,https://polona.pl/preview/43a144d7-71ca-40bc-ab00-4202730a78ea,1927-11-12_Obwieszczenia_Publiczne_dodatek_do_Dziennika_Urzędowego_Ministerstwa_Sprawiedliw_43a144d7-71ca-40bc-ab00-4202730a78ea.txt
Piotr Kamiński,detaliczny handel trunkami w naczy niach zamkniętych,,,,,,,"„Piotr Kamiński"" —- detaliczny handel trunkami w naczy niach zamkniętych w Kowlu",1927-11-12,43a144d7-71ca-40bc-ab00-4202730a78ea,https://polona.pl/preview/43a144d7-71ca-40bc-ab00-4202730a78ea,1927-11-12_Obwieszczenia_Publiczne_dodatek_do_Dziennika_Urzędowego_Ministerstwa_Sprawiedliw_43a144d7-71ca-40bc-ab00-4202730a78ea.txt
Bolesław Kłossowski,detaliczna sprzedaż wyrobów ty toniowych,,,,,,,"„Bolesław Kłossowski"" — detaliczna sprzedaż wyrobów ty toniowych w Kowlu",1927-11-12,43a144d7-71ca-40bc-ab00-4202730a78ea,https://polona.pl/preview/43a144d7-71ca-40bc-ab00-4202730a78ea,1927-11-12_Obwieszczenia_Publiczne_dodatek_do_Dziennika_Urzędowego_Ministerstwa_Sprawiedliw_43a144d7-71ca-40bc-ab00-4202730a78ea.txt
Małka Kagan,handel spożywczy,,,,,,,"„Małka Kagan"" — handel spożywczy w Kowlu",1927-11-12,43a144d7-71ca-40bc-ab00-4202730a78ea,https://polona.pl/preview/43a144d7-71ca-40bc-ab00-4202730a78ea,1927-11-12_Obwieszczenia_Publiczne_dodatek_do_Dziennika_Urzędowego_Ministerstwa_Sprawiedliw_43a144d7-71ca-40bc-ab00-4202730a78ea.txt
Józef Szwarcblat,handel manufakturą ludową i goto- wemi ubraniami,,,,,,,"„Józef Szwarcblat"" — handel manufakturą ludową i goto- wemi ubraniami w Kowlu",1927-11-12,43a144d7-71ca-40bc-ab00-4202730a78ea,https://polona.pl/preview/43a144d7-71ca-40bc-ab00-4202730a78ea,1927-11-12_Obwieszczenia_Publiczne_dodatek_do_Dziennika_Urzędowego_Ministerstwa_Sprawiedliw_43a144d7-71ca-40bc-ab00-4202730a78ea.txt
,,,,Lejb Fajn,"Żydowskiej 11, 4148",,,"Lejb Fajn, zam. w Kowlu przy ul. Żydowskiej 11, 4148",1927-11-12,43a144d7-71ca-40bc-ab00-4202730a78ea,https://polona.pl/preview/43a144d7-71ca-40bc-ab00-4202730a78ea,1927-11-12_Obwieszczenia_Publiczne_dodatek_do_Dziennika_Urzędowego_Ministerstwa_Sprawiedliw_43a144d7-71ca-40bc-ab00-4202730a78ea.txt
Josif Ziskis,handel towarami łokciowemi,,,,,,,"„Josif Ziskis"" — handel towarami łokciowemi w Kowlu",1927-11-19,9c2f082c-d7fd-448f-9e07-3eb4fa3f378c,https://polona.pl/preview/9c2f082c-d7fd-448f-9e07-3eb4fa3f378c,1927-11-19_Obwieszczenia_Publiczne_dodatek_do_Dziennika_Urzędowego_Ministerstwa_Sprawiedliw_9c2f082c-d7fd-448f-9e07-3eb4fa3f378c.txt
Lejzor Indech,handel manufakturą,,,,,,,"„Lejzor Indech"" — handel manufakturą w Kowlu",1927-11-19,9c2f082c-d7fd-448f-9e07-3eb4fa3f378c,https://polona.pl/preview/9c2f082c-d7fd-448f-9e07-3eb4fa3f378c,1927-11-19_Obwieszczenia_Publiczne_dodatek_do_Dziennika_Urzędowego_Ministerstwa_Sprawiedliw_9c2f082c-d7fd-448f-9e07-3eb4fa3f378c.txt
Jankiel Bachowczyk,handel spożywezo-koloniainy,,,,,,,"„Jankiel Bachowczyk"" — handel spożywezo-koloniainy w Kowlu",1927-12-17,0b4b2f84-f408-44b3-a65d-a8fb2b2b5cf7,https://polona.pl/preview/0b4b2f84-f408-44b3-a65d-a8fb2b2b5cf7,1927-12-17_Obwieszczenia_Publiczne_dodatek_do_Dziennika_Urzędowego_Ministerstwa_Sprawiedliw_0b4b2f84-f408-44b3-a65d-a8fb2b2b5cf7.txt
Spirydon Noskow,handel win i wódek,,,,,,,„Spirydon Noskow” — handel win i wódek w Kowlu,1927-12-17,0b4b2f84-f408-44b3-a65d-a8fb2b2b5cf7,https://polona.pl/preview/0b4b2f84-f408-44b3-a65d-a8fb2b2b5cf7,1927-12-17_Obwieszczenia_Publiczne_dodatek_do_Dziennika_Urzędowego_Ministerstwa_Sprawiedliw_0b4b2f84-f408-44b3-a65d-a8fb2b2b5cf7.txt
Kamila Mianowska,hurtownia tytoniowa 1,,,,,,,"„Kamila Mianowska"" — hurtownia tytoniowa 1 w Kowlu",1927-12-17,0b4b2f84-f408-44b3-a65d-a8fb2b2b5cf7,https://polona.pl/preview/0b4b2f84-f408-44b3-a65d-a8fb2b2b5cf7,1927-12-17_Obwieszczenia_Publiczne_dodatek_do_Dziennika_Urzędowego_Ministerstwa_Sprawiedliw_0b4b2f84-f408-44b3-a65d-a8fb2b2b5cf7.txt
Mordko Langer i Syn w Kowlu,spółka firmowa,,,,,,,"„Mordko Langer i Syn w Kowlu"", spółka firmowa w Kowlu",1927-12-17,0b4b2f84-f408-44b3-a65d-a8fb2b2b5cf7,https://polona.pl/preview/0b4b2f84-f408-44b3-a65d-a8fb2b2b5cf7,1927-12-17_Obwieszczenia_Publiczne_dodatek_do_Dziennika_Urzędowego_Ministerstwa_Sprawiedliw_0b4b2f84-f408-44b3-a65d-a8fb2b2b5cf7.txt
Sze.jwa Goldsztejn,"handel farbami, tapetami i mydłem",,,,,,,"„Sze.jwa Goldsztejn"" — handel farbami, tapetami i mydłem w Kowlu",1927-12-17,0b4b2f84-f408-44b3-a65d-a8fb2b2b5cf7,https://polona.pl/preview/0b4b2f84-f408-44b3-a65d-a8fb2b2b5cf7,1927-12-17_Obwieszczenia_Publiczne_dodatek_do_Dziennika_Urzędowego_Ministerstwa_Sprawiedliw_0b4b2f84-f408-44b3-a65d-a8fb2b2b5cf7.txt
Lejizor Helpern,ekspedytor,,,Lejzor Helpern,Warszawskiej 81,4263,,"„Lejizor Helpern"" — ekspedytor w Kowlu. Właśc. Lejzor Helpern, zamieszkały w Kowlu, przy ul. Warszawskiej 81. 4263",1927-12-17,0b4b2f84-f408-44b3-a65d-a8fb2b2b5cf7,https://polona.pl/preview/0b4b2f84-f408-44b3-a65d-a8fb2b2b5cf7,1927-12-17_Obwieszczenia_Publiczne_dodatek_do_Dziennika_Urzędowego_Ministerstwa_Sprawiedliw_0b4b2f84-f408-44b3-a65d-a8fb2b2b5cf7.txt
Siła Bachowiec,handel mięsem i wyrobami masarskie mu,,,,,,,"„Siła Bachowiec"" — handel mięsem i wyrobami masarskie mu w Kowlu",1927-12-17,0b4b2f84-f408-44b3-a65d-a8fb2b2b5cf7,https://polona.pl/preview/0b4b2f84-f408-44b3-a65d-a8fb2b2b5cf7,1927-12-17_Obwieszczenia_Publiczne_dodatek_do_Dziennika_Urzędowego_Ministerstwa_Sprawiedliw_0b4b2f84-f408-44b3-a65d-a8fb2b2b5cf7.txt
Lejb Fisz,handel kolonjalno - spożywczy,,,Lejb Fisz,Kościuszki Nr,,,"„Lejb Fisz"", handel kolonjalno - spożywczy w Kowlu przy ul Kolejowej Nr. 2 oraz handel detaliczny i komisowy artykułami spo- żywczemi i kolonjalnemi w Kowlu przy ul. Warszawskie, Nr. 98. Właśc. Lejb Fisz, zam. w Kowlu przy ul. Kościuszki Nr",1928-02-11,685df5bb-a477-48f4-8880-495663221b4a,https://polona.pl/preview/685df5bb-a477-48f4-8880-495663221b4a,1928-02-11_Obwieszczenia_Publiczne_dodatek_do_Dziennika_Urzędowego_Ministerstwa_Sprawiedliw_685df5bb-a477-48f4-8880-495663221b4a.txt
Jankiel Szwarc,handel spożywczy,,,,,,,"„Jankiel Szwarc"", handel spożywczy w Kowlu",1928-02-11,685df5bb-a477-48f4-8880-495663221b4a,https://polona.pl/preview/685df5bb-a477-48f4-8880-495663221b4a,1928-02-11_Obwieszczenia_Publiczne_dodatek_do_Dziennika_Urzędowego_Ministerstwa_Sprawiedliw_685df5bb-a477-48f4-8880-495663221b4a.txt
Lejbisz Test,drobny handel spożywczy,,,,,,,"„Lejbisz Test"" — drobny handel spożywczy w Kowlu",1928-04-06,036189b2-afe6-4d40-9706-027bbb4e7732,https://polona.pl/preview/036189b2-afe6-4d40-9706-027bbb4e7732,1928-04-06_Obwieszczenia_Publiczne_dodatek_do_Dziennika_Urzędowego_Ministerstwa_Sprawiedliw_036189b2-afe6-4d40-9706-027bbb4e7732.txt
Gedal Swiniuch,sprzedaż naczyń i szkła,,,,,,,"„Gedal Swiniuch"" — sprzedaż naczyń i szkła w Kowlu",1928-04-06,036189b2-afe6-4d40-9706-027bbb4e7732,https://polona.pl/preview/036189b2-afe6-4d40-9706-027bbb4e7732,1928-04-06_Obwieszczenia_Publiczne_dodatek_do_Dziennika_Urzędowego_Ministerstwa_Sprawiedliw_036189b2-afe6-4d40-9706-027bbb4e7732.txt
,,,,Mordkowi Inglbergowi,Królowej Bony Nr,,,"Mordkowi Inglbergowi, zam. w Kowlu, przy ul. Królowej Bony Nr",1928-05-19,f48423b6-db55-4faf-90fa-9cdd9dad6e73,https://polona.pl/preview/f48423b6-db55-4faf-90fa-9cdd9dad6e73,1928-05-19_Obwieszczenia_Publiczne_dodatek_do_Dziennika_Urzędowego_Ministerstwa_Sprawiedliw_f48423b6-db55-4faf-90fa-9cdd9dad6e73.txt
Alfons Jasieński,bufet kolejowy i sprzedaż wyrobów tytoniowych,,,,,,,"„Alfons Jasieński"" — bufet kolejowy i sprzedaż wyrobów tytoniowych w Kowlu",1928-06-13,22f90ec5-aeff-49fc-a742-c707496f133a,https://polona.pl/preview/22f90ec5-aeff-49fc-a742-c707496f133a,1928-06-13_Obwieszczenia_Publiczne_dodatek_do_Dziennika_Urzędowego_Ministerstwa_Sprawiedliw_22f90ec5-aeff-49fc-a742-c707496f133a.txt
Rywka Kandelszajn,handel spożywczy i słodyczami,,,,,,,„Rywka Kandelszajn“ — handel spożywczy i słodyczami w Kowlu,1928-06-13,22f90ec5-aeff-49fc-a742-c707496f133a,https://polona.pl/preview/22f90ec5-aeff-49fc-a742-c707496f133a,1928-06-13_Obwieszczenia_Publiczne_dodatek_do_Dziennika_Urzędowego_Ministerstwa_Sprawiedliw_22f90ec5-aeff-49fc-a742-c707496f133a.txt
,,,,Ignacy-Edward Berezow ski,Fabrycznej 4,,,"Ignacy-Edward Berezow ski, zam. w Kowlu, przy ul. Fabrycznej 4",1928-06-13,22f90ec5-aeff-49fc-a742-c707496f133a,https://polona.pl/preview/22f90ec5-aeff-49fc-a742-c707496f133a,1928-06-13_Obwieszczenia_Publiczne_dodatek_do_Dziennika_Urzędowego_Ministerstwa_Sprawiedliw_22f90ec5-aeff-49fc-a742-c707496f133a.txt
Tojba Langier (Łangier),handel spożywczy,,,,,,,"„Tojba Langier (Łangier)“, handel spożywczy w Kowlu",1928-06-23,df226055-441d-461a-b236-e2c7fe148f4e,https://polona.pl/preview/df226055-441d-461a-b236-e2c7fe148f4e,1928-06-23_Obwieszczenia_Publiczne_dodatek_do_Dziennika_Urzędowego_Ministerstwa_Sprawiedliw_df226055-441d-461a-b236-e2c7fe148f4e.txt
Bencio Szendel,zawddowy skup (zboża,,,,,,,"„Bencio Szendel"", zawddowy skup (zboża w Kowlu",1928-06-23,df226055-441d-461a-b236-e2c7fe148f4e,https://polona.pl/preview/df226055-441d-461a-b236-e2c7fe148f4e,1928-06-23_Obwieszczenia_Publiczne_dodatek_do_Dziennika_Urzędowego_Ministerstwa_Sprawiedliw_df226055-441d-461a-b236-e2c7fe148f4e.txt
Chaja Szapiro,handel towarami łokciowemi ludowemi,,,,,,,"„Chaja Szapiro"", handel towarami łokciowemi ludowemi w Kowlu",1928-06-23,df226055-441d-461a-b236-e2c7fe148f4e,https://polona.pl/preview/df226055-441d-461a-b236-e2c7fe148f4e,1928-06-23_Obwieszczenia_Publiczne_dodatek_do_Dziennika_Urzędowego_Ministerstwa_Sprawiedliw_df226055-441d-461a-b236-e2c7fe148f4e.txt
Jankiel - Duwid Bebczuk,handel spożywczy i kolonjalny,,,,,,,"„Jankiel - Duwid Bebczuk"", handel spożywczy i kolonjalny w Kowlu",1928-06-23,df226055-441d-461a-b236-e2c7fe148f4e,https://polona.pl/preview/df226055-441d-461a-b236-e2c7fe148f4e,1928-06-23_Obwieszczenia_Publiczne_dodatek_do_Dziennika_Urzędowego_Ministerstwa_Sprawiedliw_df226055-441d-461a-b236-e2c7fe148f4e.txt
Mowsza Olsiuk,piwiarnia ize sprzedażą zakąsek i wyrobów tytoniowych wyłącznie gościom,,,,,,,"„Mowsza Olsiuk"", piwiarnia ize sprzedażą zakąsek i wyrobów tytoniowych wyłącznie gościom w Kowlu",1928-06-23,df226055-441d-461a-b236-e2c7fe148f4e,https://polona.pl/preview/df226055-441d-461a-b236-e2c7fe148f4e,1928-06-23_Obwieszczenia_Publiczne_dodatek_do_Dziennika_Urzędowego_Ministerstwa_Sprawiedliw_df226055-441d-461a-b236-e2c7fe148f4e.txt
Matylda Stefani,handel wyrobami wędliniarskiemi i mięsem,,,Matylda Stefani,zauł,,,"„Matylda Stefani"" — handel wyrobami wędliniarskiemi i mięsem w Kowlu, przy rogu ulic Warszawskiej i Kościelnej. Własc. Matylda Stefani, zam. w Kowlu, przy zauł",1928-07-14,63526a57-f02b-4d5c-b874-798db36ddae8,https://polona.pl/preview/63526a57-f02b-4d5c-b874-798db36ddae8,1928-07-14_Obwieszczenia_Publiczne_dodatek_do_Dziennika_Urzędowego_Ministerstwa_Sprawiedliw_63526a57-f02b-4d5c-b874-798db36ddae8.txt
Kajetan Wojtkowski,"skup i odprzedaż mięsa, wędlin i nabiału",,,,,,,"„Kajetan Wojtkowski"" — skup i odprzedaż mięsa, wędlin i nabiału w Kowlu",1928-07-14,63526a57-f02b-4d5c-b874-798db36ddae8,https://polona.pl/preview/63526a57-f02b-4d5c-b874-798db36ddae8,1928-07-14_Obwieszczenia_Publiczne_dodatek_do_Dziennika_Urzędowego_Ministerstwa_Sprawiedliw_63526a57-f02b-4d5c-b874-798db36ddae8.txt
Chaskiel Pomeranc,sprzedaż wyłącznie w naczyniach zamkniętych hurtowo piwa,,,,,,,"„Chaskiel Pomeranc"" — sprzedaż wyłącznie w naczyniach zamkniętych hurtowo piwa w Kowlu",1928-07-14,63526a57-f02b-4d5c-b874-798db36ddae8,https://polona.pl/preview/63526a57-f02b-4d5c-b874-798db36ddae8,1928-07-14_Obwieszczenia_Publiczne_dodatek_do_Dziennika_Urzędowego_Ministerstwa_Sprawiedliw_63526a57-f02b-4d5c-b874-798db36ddae8.txt
Icko-Towja lPtakowski,sprzedaż materjałów budowla nych,,,,,,,„Icko-Towja lPtakowski“ — sprzedaż materjałów budowla nych w Kowlu,1928-07-14,63526a57-f02b-4d5c-b874-798db36ddae8,https://polona.pl/preview/63526a57-f02b-4d5c-b874-798db36ddae8,1928-07-14_Obwieszczenia_Publiczne_dodatek_do_Dziennika_Urzędowego_Ministerstwa_Sprawiedliw_63526a57-f02b-4d5c-b874-798db36ddae8.txt
Mojsze Tejtelbaum (Tejtelbojm),handel spożywczy i galanterją,,,,,,,"„Mojsze Tejtelbaum (Tejtelbojm)"" — handel spożywczy i galanterją w Kowlu",1928-07-14,63526a57-f02b-4d5c-b874-798db36ddae8,https://polona.pl/preview/63526a57-f02b-4d5c-b874-798db36ddae8,1928-07-14_Obwieszczenia_Publiczne_dodatek_do_Dziennika_Urzędowego_Ministerstwa_Sprawiedliw_63526a57-f02b-4d5c-b874-798db36ddae8.txt
^ kawa Holcer,drobny handel bielizną i konfekcją dam ską,,,,,,,"”^ kawa Holcer"" — drobny handel bielizną i konfekcją dam ską w Kowlu",1928-07-21,d3b25a8f-4a49-4a90-b27f-a295f5b435ba,https://polona.pl/preview/d3b25a8f-4a49-4a90-b27f-a295f5b435ba,1928-07-21_Obwieszczenia_Publiczne_dodatek_do_Dziennika_Urzędowego_Ministerstwa_Sprawiedliw_d3b25a8f-4a49-4a90-b27f-a295f5b435ba.txt
August Postolko,hurtowa sprzedaż soli,,,,,,,"„August Postolko"", hurtowa sprzedaż soli w Kowlu",1928-08-29,dc755bf3-cdd2-4343-b6d2-b0b503878c40,https://polona.pl/preview/dc755bf3-cdd2-4343-b6d2-b0b503878c40,1928-08-29_Obwieszczenia_Publiczne_dodatek_do_Dziennika_Urzędowego_Ministerstwa_Sprawiedliw_dc755bf3-cdd2-4343-b6d2-b0b503878c40.txt
Aron Ptakowski,handel żelazem i węglem,,,,,,,"„Aron Ptakowski"", handel żelazem i węglem w Kowlu",1928-08-29,dc755bf3-cdd2-4343-b6d2-b0b503878c40,https://polona.pl/preview/dc755bf3-cdd2-4343-b6d2-b0b503878c40,1928-08-29_Obwieszczenia_Publiczne_dodatek_do_Dziennika_Urzędowego_Ministerstwa_Sprawiedliw_dc755bf3-cdd2-4343-b6d2-b0b503878c40.txt
Szmul Bregman,handel szkłem,,,,,,,"„Szmul Bregman”, handel szkłem w Kowlu",1928-10-13,38415a99-8597-43d5-ba61-f3f53c1550e5,https://polona.pl/preview/38415a99-8597-43d5-ba61-f3f53c1550e5,1928-10-13_Obwieszczenia_Publiczne_dodatek_do_Dziennika_Urzędowego_Ministerstwa_Sprawiedliw_38415a99-8597-43d5-ba61-f3f53c1550e5.txt
Chasia Ingberg,"handel spożywczy, wyrobów tytoniowych i galanterji",,,,,,,"„Chasia Ingberg"", handel spożywczy, wyrobów tytoniowych i galanterji w Kowlu",1928-10-13,38415a99-8597-43d5-ba61-f3f53c1550e5,https://polona.pl/preview/38415a99-8597-43d5-ba61-f3f53c1550e5,1928-10-13_Obwieszczenia_Publiczne_dodatek_do_Dziennika_Urzędowego_Ministerstwa_Sprawiedliw_38415a99-8597-43d5-ba61-f3f53c1550e5.txt
Mojisże Szowb,handel spożywczy i żelazem,,,,,,,"„Mojisże Szowb"", handel spożywczy i żelazem w Kowlu",1928-10-17,1ef615a2-b4b3-43d0-827d-81d2d050b175,https://polona.pl/preview/1ef615a2-b4b3-43d0-827d-81d2d050b175,1928-10-17_Obwieszczenia_Publiczne_dodatek_do_Dziennika_Urzędowego_Ministerstwa_Sprawiedliw_1ef615a2-b4b3-43d0-827d-81d2d050b175.txt
Benjamin Lerner,handel spożywczy i wyrobami tytonio- wemi,,,,,,,"„Benjamin Lerner"", handel spożywczy i wyrobami tytonio- wemi w Kowlu",1928-10-17,1ef615a2-b4b3-43d0-827d-81d2d050b175,https://polona.pl/preview/1ef615a2-b4b3-43d0-827d-81d2d050b175,1928-10-17_Obwieszczenia_Publiczne_dodatek_do_Dziennika_Urzędowego_Ministerstwa_Sprawiedliw_1ef615a2-b4b3-43d0-827d-81d2d050b175.txt
Pinchos Chasis,handel spożywczy,,,,,,,"„Pinchos Chasis"", handel spożywczy w Kowlu",1928-10-17,1ef615a2-b4b3-43d0-827d-81d2d050b175,https://polona.pl/preview/1ef615a2-b4b3-43d0-827d-81d2d050b175,1928-10-17_Obwieszczenia_Publiczne_dodatek_do_Dziennika_Urzędowego_Ministerstwa_Sprawiedliw_1ef615a2-b4b3-43d0-827d-81d2d050b175.txt
Motia Fajuler,herbaciarnia i słodycze,,,,,,,"„Motia Fajuler"", herbaciarnia i słodycze w Kowlu",1928-10-17,1ef615a2-b4b3-43d0-827d-81d2d050b175,https://polona.pl/preview/1ef615a2-b4b3-43d0-827d-81d2d050b175,1928-10-17_Obwieszczenia_Publiczne_dodatek_do_Dziennika_Urzędowego_Ministerstwa_Sprawiedliw_1ef615a2-b4b3-43d0-827d-81d2d050b175.txt
Ita (Itka) Werbla,handel manufakturą i szkłem,,,,,,,"„Ita (Itka) Werbla"", handel manufakturą i szkłem w Kowlu",1928-10-17,1ef615a2-b4b3-43d0-827d-81d2d050b175,https://polona.pl/preview/1ef615a2-b4b3-43d0-827d-81d2d050b175,1928-10-17_Obwieszczenia_Publiczne_dodatek_do_Dziennika_Urzędowego_Ministerstwa_Sprawiedliw_1ef615a2-b4b3-43d0-827d-81d2d050b175.txt
Marja Głouszek,kawiarnia,,,,,,,"„Marja Głouszek"", kawiarnia w Kowlu",1928-10-17,1ef615a2-b4b3-43d0-827d-81d2d050b175,https://polona.pl/preview/1ef615a2-b4b3-43d0-827d-81d2d050b175,1928-10-17_Obwieszczenia_Publiczne_dodatek_do_Dziennika_Urzędowego_Ministerstwa_Sprawiedliw_1ef615a2-b4b3-43d0-827d-81d2d050b175.txt
Szloma Fajntich,handel spożywczy i bufet,,,,,,,"„Szloma Fajntich"", handel spożywczy i bufet w Kowlu",1928-10-17,1ef615a2-b4b3-43d0-827d-81d2d050b175,https://polona.pl/preview/1ef615a2-b4b3-43d0-827d-81d2d050b175,1928-10-17_Obwieszczenia_Publiczne_dodatek_do_Dziennika_Urzędowego_Ministerstwa_Sprawiedliw_1ef615a2-b4b3-43d0-827d-81d2d050b175.txt
Dina Perwin,handel spożywczy,,,,,,,"„Dina Perwin"", handel spożywczy w Kowlu",1928-11-28,cd9223f9-ea99-429b-b62b-6714984be656,https://polona.pl/preview/cd9223f9-ea99-429b-b62b-6714984be656,1928-11-28_Obwieszczenia_Publiczne_dodatek_do_Dziennika_Urzędowego_Ministerstwa_Sprawiedliw_cd9223f9-ea99-429b-b62b-6714984be656.txt
Małka Szejnblum,hendel żelazem i uprzężą,,,,,,,"„Małka Szejnblum"", hendel żelazem i uprzężą w Kowlu",1928-11-28,cd9223f9-ea99-429b-b62b-6714984be656,https://polona.pl/preview/cd9223f9-ea99-429b-b62b-6714984be656,1928-11-28_Obwieszczenia_Publiczne_dodatek_do_Dziennika_Urzędowego_Ministerstwa_Sprawiedliw_cd9223f9-ea99-429b-b62b-6714984be656.txt
Lejzor Rubinsztejn,"bufet, słodycze i detaliczna sprzedaż wyrobów tytoniowych",,,,,,,"„Lejzor Rubinsztejn"", bufet, słodycze i detaliczna sprzedaż wyrobów tytoniowych w Kowlu",1928-11-28,cd9223f9-ea99-429b-b62b-6714984be656,https://polona.pl/preview/cd9223f9-ea99-429b-b62b-6714984be656,1928-11-28_Obwieszczenia_Publiczne_dodatek_do_Dziennika_Urzędowego_Ministerstwa_Sprawiedliw_cd9223f9-ea99-429b-b62b-6714984be656.txt
Chaja Niemirowska,handel manufakturą,,,,,,,"„Chaja Niemirowska"", handel manufakturą w Kowlu",1928-11-28,cd9223f9-ea99-429b-b62b-6714984be656,https://polona.pl/preview/cd9223f9-ea99-429b-b62b-6714984be656,1928-11-28_Obwieszczenia_Publiczne_dodatek_do_Dziennika_Urzędowego_Ministerstwa_Sprawiedliw_cd9223f9-ea99-429b-b62b-6714984be656.txt
,,,,Szaja Gonik,Sienkiewicza 14,,,"Szaja Gonik, zamieszkały w Kowlu, przy ul. Sienkiewicza 14",1928-11-28,cd9223f9-ea99-429b-b62b-6714984be656,https://polona.pl/preview/cd9223f9-ea99-429b-b62b-6714984be656,1928-11-28_Obwieszczenia_Publiczne_dodatek_do_Dziennika_Urzędowego_Ministerstwa_Sprawiedliw_cd9223f9-ea99-429b-b62b-6714984be656.txt
Chil Sznajder,handel naczyniami kuchennemi,,,,,,,"„Chil Sznajder"" — handel naczyniami kuchennemi w Kowlu",1928-12-27,95a0cc26-9a84-496b-bd7f-497e02839163,https://polona.pl/preview/95a0cc26-9a84-496b-bd7f-497e02839163,1928-12-27_Obwieszczenia_Publiczne_dodatek_do_Dziennika_Urzędowego_Ministerstwa_Sprawiedliw_95a0cc26-9a84-496b-bd7f-497e02839163.txt
Etla Bren,drobny skup zboża,,,,,,,„Etla Bren“ — drobny skup zboża w Kowlu,1928-12-27,95a0cc26-9a84-496b-bd7f-497e02839163,https://polona.pl/preview/95a0cc26-9a84-496b-bd7f-497e02839163,1928-12-27_Obwieszczenia_Publiczne_dodatek_do_Dziennika_Urzędowego_Ministerstwa_Sprawiedliw_95a0cc26-9a84-496b-bd7f-497e02839163.txt
Chuma Szenkier,drobny handel spożywczy,,,,,,,"„Chuma Szenkier"" — drobny handel spożywczy w Kowlu",1928-12-27,95a0cc26-9a84-496b-bd7f-497e02839163,https://polona.pl/preview/95a0cc26-9a84-496b-bd7f-497e02839163,1928-12-27_Obwieszczenia_Publiczne_dodatek_do_Dziennika_Urzędowego_Ministerstwa_Sprawiedliw_95a0cc26-9a84-496b-bd7f-497e02839163.txt
Dawid Perełmuter,skup zawodowy zboża,,,,,,,"„Dawid Perełmuter"" — skup zawodowy zboża w Kowlu",1929-01-02,e0194cdf-2b9b-4220-ba25-6dcfa7304ea2,https://polona.pl/preview/e0194cdf-2b9b-4220-ba25-6dcfa7304ea2,1929-01-02_Obwieszczenia_Publiczne_dodatek_do_Dziennika_Urzędowego_Ministerstwa_Sprawiedliw_e0194cdf-2b9b-4220-ba25-6dcfa7304ea2.txt
Dawid Brat,zawodowy skup różnych surowców i grzylbów,,,,,,,"„Dawid Brat"" — zawodowy skup różnych surowców i grzylbów w Kowlu",1929-01-02,e0194cdf-2b9b-4220-ba25-6dcfa7304ea2,https://polona.pl/preview/e0194cdf-2b9b-4220-ba25-6dcfa7304ea2,1929-01-02_Obwieszczenia_Publiczne_dodatek_do_Dziennika_Urzędowego_Ministerstwa_Sprawiedliw_e0194cdf-2b9b-4220-ba25-6dcfa7304ea2.txt
Jankiel Blit,bufet i słodycze,,,,,,,"„Jankiel Blit"" — bufet i słodycze w Kowlu",1929-01-02,e0194cdf-2b9b-4220-ba25-6dcfa7304ea2,https://polona.pl/preview/e0194cdf-2b9b-4220-ba25-6dcfa7304ea2,1929-01-02_Obwieszczenia_Publiczne_dodatek_do_Dziennika_Urzędowego_Ministerstwa_Sprawiedliw_e0194cdf-2b9b-4220-ba25-6dcfa7304ea2.txt
Basia Chanis,handel spożywczy,,,,,,,„Basia Chanis” — handel spożywczy w Kowlu,1929-01-02,e0194cdf-2b9b-4220-ba25-6dcfa7304ea2,https://polona.pl/preview/e0194cdf-2b9b-4220-ba25-6dcfa7304ea2,1929-01-02_Obwieszczenia_Publiczne_dodatek_do_Dziennika_Urzędowego_Ministerstwa_Sprawiedliw_e0194cdf-2b9b-4220-ba25-6dcfa7304ea2.txt
Dawid Notkowski,bufet i drobna sprzedaż galanterji,,,,,,,"„Dawid Notkowski"" — bufet i drobna sprzedaż galanterji w Kowlu",1929-01-02,e0194cdf-2b9b-4220-ba25-6dcfa7304ea2,https://polona.pl/preview/e0194cdf-2b9b-4220-ba25-6dcfa7304ea2,1929-01-02_Obwieszczenia_Publiczne_dodatek_do_Dziennika_Urzędowego_Ministerstwa_Sprawiedliw_e0194cdf-2b9b-4220-ba25-6dcfa7304ea2.txt
Chaja-Sura Rojzen,drobny handel spożywczy,,,,,,,„Chaja-Sura Rojzen” — drobny handel spożywczy w Kowlu,1929-01-02,e0194cdf-2b9b-4220-ba25-6dcfa7304ea2,https://polona.pl/preview/e0194cdf-2b9b-4220-ba25-6dcfa7304ea2,1929-01-02_Obwieszczenia_Publiczne_dodatek_do_Dziennika_Urzędowego_Ministerstwa_Sprawiedliw_e0194cdf-2b9b-4220-ba25-6dcfa7304ea2.txt
Stefania Sawicka,kawiarnia z wyszynkiem piwa i sprze daż papierosów,,,,,,,"„Stefania Sawicka"" — kawiarnia z wyszynkiem piwa i sprze daż papierosów w Kowlu",1929-01-02,e0194cdf-2b9b-4220-ba25-6dcfa7304ea2,https://polona.pl/preview/e0194cdf-2b9b-4220-ba25-6dcfa7304ea2,1929-01-02_Obwieszczenia_Publiczne_dodatek_do_Dziennika_Urzędowego_Ministerstwa_Sprawiedliw_e0194cdf-2b9b-4220-ba25-6dcfa7304ea2.txt
Hersz-Lejb Wajner,hardel spożywczy,,,,,,,„Hersz-Lejb Wajner” — hardel spożywczy w Kowlu,1929-01-02,e0194cdf-2b9b-4220-ba25-6dcfa7304ea2,https://polona.pl/preview/e0194cdf-2b9b-4220-ba25-6dcfa7304ea2,1929-01-02_Obwieszczenia_Publiczne_dodatek_do_Dziennika_Urzędowego_Ministerstwa_Sprawiedliw_e0194cdf-2b9b-4220-ba25-6dcfa7304ea2.txt
Cłuwa Kacef,drobny handel spożywczy,,,,,,,"„Cłuwa Kacef"" — drobny handel spożywczy w Kowlu",1929-01-02,e0194cdf-2b9b-4220-ba25-6dcfa7304ea2,https://polona.pl/preview/e0194cdf-2b9b-4220-ba25-6dcfa7304ea2,1929-01-02_Obwieszczenia_Publiczne_dodatek_do_Dziennika_Urzędowego_Ministerstwa_Sprawiedliw_e0194cdf-2b9b-4220-ba25-6dcfa7304ea2.txt
Fejga-Małka Rubinsztejn,handel łokciowemi towarami,,,,,,,„Fejga-Małka Rubinsztejn” — handel łokciowemi towarami w Kowlu,1929-01-02,e0194cdf-2b9b-4220-ba25-6dcfa7304ea2,https://polona.pl/preview/e0194cdf-2b9b-4220-ba25-6dcfa7304ea2,1929-01-02_Obwieszczenia_Publiczne_dodatek_do_Dziennika_Urzędowego_Ministerstwa_Sprawiedliw_e0194cdf-2b9b-4220-ba25-6dcfa7304ea2.txt
Zygmunt Sawicki,sprzedaż artykułów spożywczych i piwiarnia,,,,,,,"„Zygmunt Sawicki"" — sprzedaż artykułów spożywczych i piwiarnia w Kowlu",1929-01-19,cc2200d4-0e16-44de-852c-3b9675f4c217,https://polona.pl/preview/cc2200d4-0e16-44de-852c-3b9675f4c217,1929-01-19_Obwieszczenia_Publiczne_dodatek_do_Dziennika_Urzędowego_Ministerstwa_Sprawiedliw_cc2200d4-0e16-44de-852c-3b9675f4c217.txt
Chaija Rubin,drobny handel skór ii towarów mieszanych,,,,,,,"„Chaija Rubin"" — drobny handel skór ii towarów mieszanych w Kowlu",1929-01-19,cc2200d4-0e16-44de-852c-3b9675f4c217,https://polona.pl/preview/cc2200d4-0e16-44de-852c-3b9675f4c217,1929-01-19_Obwieszczenia_Publiczne_dodatek_do_Dziennika_Urzędowego_Ministerstwa_Sprawiedliw_cc2200d4-0e16-44de-852c-3b9675f4c217.txt
Witold Grzymała - Siemianowski,detaliczny handel na pojami alkoholoweml w naczyniach zamkniętych,,,,,,,"„Witold Grzymała - Siemianowski"" — detaliczny handel na pojami alkoholoweml w naczyniach zamkniętych w Kowlu",1929-01-19,cc2200d4-0e16-44de-852c-3b9675f4c217,https://polona.pl/preview/cc2200d4-0e16-44de-852c-3b9675f4c217,1929-01-19_Obwieszczenia_Publiczne_dodatek_do_Dziennika_Urzędowego_Ministerstwa_Sprawiedliw_cc2200d4-0e16-44de-852c-3b9675f4c217.txt
Sara Wół,piwiarnia ze sprzedażą zakąsek oraz domowa sprzedaż papierosów,,,,,,,"„Sara Wół"" — piwiarnia ze sprzedażą zakąsek oraz domowa sprzedaż papierosów w Kowlu",1929-01-23,7d47e5f2-72e2-4a67-a529-814d34c3d0d3,https://polona.pl/preview/7d47e5f2-72e2-4a67-a529-814d34c3d0d3,1929-01-23_Obwieszczenia_Publiczne_dodatek_do_Dziennika_Urzędowego_Ministerstwa_Sprawiedliw_7d47e5f2-72e2-4a67-a529-814d34c3d0d3.txt
Szoweł - Aron Mandelbojm,"piwiarnia, handel spożywczy i detaliczny wyrobami tytoniowemi",,,,,,,"„Szoweł - Aron Mandelbojm"" — piwiarnia, handel spożywczy i detaliczny wyrobami tytoniowemi w Kowlu",1929-01-23,7d47e5f2-72e2-4a67-a529-814d34c3d0d3,https://polona.pl/preview/7d47e5f2-72e2-4a67-a529-814d34c3d0d3,1929-01-23_Obwieszczenia_Publiczne_dodatek_do_Dziennika_Urzędowego_Ministerstwa_Sprawiedliw_7d47e5f2-72e2-4a67-a529-814d34c3d0d3.txt
Dawid Mejler,handel skórami,,,,,,,„Dawid Mejler“ — handel skórami w Kowlu,1929-01-23,7d47e5f2-72e2-4a67-a529-814d34c3d0d3,https://polona.pl/preview/7d47e5f2-72e2-4a67-a529-814d34c3d0d3,1929-01-23_Obwieszczenia_Publiczne_dodatek_do_Dziennika_Urzędowego_Ministerstwa_Sprawiedliw_7d47e5f2-72e2-4a67-a529-814d34c3d0d3.txt
Mordko - Mendel Gorin,handel mięsem,,,,,,,"„Mordko - Mendel Gorin"" — handel mięsem w Kowlu",1929-01-23,7d47e5f2-72e2-4a67-a529-814d34c3d0d3,https://polona.pl/preview/7d47e5f2-72e2-4a67-a529-814d34c3d0d3,1929-01-23_Obwieszczenia_Publiczne_dodatek_do_Dziennika_Urzędowego_Ministerstwa_Sprawiedliw_7d47e5f2-72e2-4a67-a529-814d34c3d0d3.txt
Dawid Rubinsztejn,handel żelazem,,,,,,,„Dawid Rubinsztejn” — handel żelazem w Kowlu,1929-01-23,7d47e5f2-72e2-4a67-a529-814d34c3d0d3,https://polona.pl/preview/7d47e5f2-72e2-4a67-a529-814d34c3d0d3,1929-01-23_Obwieszczenia_Publiczne_dodatek_do_Dziennika_Urzędowego_Ministerstwa_Sprawiedliw_7d47e5f2-72e2-4a67-a529-814d34c3d0d3.txt
Jankiel Bater,handel mięsem,,,,,,,„Jankiel Bater” — handel mięsem w Kowlu,1929-01-23,7d47e5f2-72e2-4a67-a529-814d34c3d0d3,https://polona.pl/preview/7d47e5f2-72e2-4a67-a529-814d34c3d0d3,1929-01-23_Obwieszczenia_Publiczne_dodatek_do_Dziennika_Urzędowego_Ministerstwa_Sprawiedliw_7d47e5f2-72e2-4a67-a529-814d34c3d0d3.txt
Menia Zylberberg,drobny handel spożywczy,,,,,,,"„Menia Zylberberg"" — drobny handel spożywczy w Kowlu",1929-01-23,7d47e5f2-72e2-4a67-a529-814d34c3d0d3,https://polona.pl/preview/7d47e5f2-72e2-4a67-a529-814d34c3d0d3,1929-01-23_Obwieszczenia_Publiczne_dodatek_do_Dziennika_Urzędowego_Ministerstwa_Sprawiedliw_7d47e5f2-72e2-4a67-a529-814d34c3d0d3.txt
Pola (Perlą) Giwant,handel spożywczy,,,,,,,„Pola (Perlą) Giwant” — handel spożywczy w Kowlu,1929-01-23,7d47e5f2-72e2-4a67-a529-814d34c3d0d3,https://polona.pl/preview/7d47e5f2-72e2-4a67-a529-814d34c3d0d3,1929-01-23_Obwieszczenia_Publiczne_dodatek_do_Dziennika_Urzędowego_Ministerstwa_Sprawiedliw_7d47e5f2-72e2-4a67-a529-814d34c3d0d3.txt
Nyson Kopyt,drobny handel artykułami kolonjalnemi i galllanierją,,,,,,,"„Nyson Kopyt"" — drobny handel artykułami kolonjalnemi i galllanierją w Kowlu",1929-01-23,7d47e5f2-72e2-4a67-a529-814d34c3d0d3,https://polona.pl/preview/7d47e5f2-72e2-4a67-a529-814d34c3d0d3,1929-01-23_Obwieszczenia_Publiczne_dodatek_do_Dziennika_Urzędowego_Ministerstwa_Sprawiedliw_7d47e5f2-72e2-4a67-a529-814d34c3d0d3.txt
Hersz Śztejnberg,handel towarami łokciowemi,,,,,,,„Hersz Śztejnberg” — handel towarami łokciowemi w Kowlu,1929-01-23,7d47e5f2-72e2-4a67-a529-814d34c3d0d3,https://polona.pl/preview/7d47e5f2-72e2-4a67-a529-814d34c3d0d3,1929-01-23_Obwieszczenia_Publiczne_dodatek_do_Dziennika_Urzędowego_Ministerstwa_Sprawiedliw_7d47e5f2-72e2-4a67-a529-814d34c3d0d3.txt
Paja Linzen,piwiarnia i domowa sprzedaż papierosów,,,,,,,"„Paja Linzen"" — piwiarnia i domowa sprzedaż papierosów w Kowlu",1929-01-23,7d47e5f2-72e2-4a67-a529-814d34c3d0d3,https://polona.pl/preview/7d47e5f2-72e2-4a67-a529-814d34c3d0d3,1929-01-23_Obwieszczenia_Publiczne_dodatek_do_Dziennika_Urzędowego_Ministerstwa_Sprawiedliw_7d47e5f2-72e2-4a67-a529-814d34c3d0d3.txt
Antonina Bernat - Bernacka,kawiarnia,,,,,,,"„Antonina Bernat - Bernacka"" — kawiarnia w Kowlu",1929-01-23,7d47e5f2-72e2-4a67-a529-814d34c3d0d3,https://polona.pl/preview/7d47e5f2-72e2-4a67-a529-814d34c3d0d3,1929-01-23_Obwieszczenia_Publiczne_dodatek_do_Dziennika_Urzędowego_Ministerstwa_Sprawiedliw_7d47e5f2-72e2-4a67-a529-814d34c3d0d3.txt
Gołek Szpiegelman,drobny handel spożywczy,1,,,,,,"„Gołek Szpiegelman"", drobny handel spożywczy w Kowlu 1",1929-02-13,4c37c7cd-e096-4696-a5e0-52e568b29ab8,https://polona.pl/preview/4c37c7cd-e096-4696-a5e0-52e568b29ab8,1929-02-13_Obwieszczenia_Publiczne_dodatek_do_Dziennika_Urzędowego_Ministerstwa_Sprawiedliw_4c37c7cd-e096-4696-a5e0-52e568b29ab8.txt
Sima Rubinsztejn,handel gotowemi ubraniami,,,,,,,"„Sima Rubinsztejn"", handel gotowemi ubraniami w Kowlu",1929-02-13,4c37c7cd-e096-4696-a5e0-52e568b29ab8,https://polona.pl/preview/4c37c7cd-e096-4696-a5e0-52e568b29ab8,1929-02-13_Obwieszczenia_Publiczne_dodatek_do_Dziennika_Urzędowego_Ministerstwa_Sprawiedliw_4c37c7cd-e096-4696-a5e0-52e568b29ab8.txt
Brucha Segal,drobny handel spożywczy,,,,,,,"„Brucha Segal"", drobny handel spożywczy w Kowlu",1929-02-13,4c37c7cd-e096-4696-a5e0-52e568b29ab8,https://polona.pl/preview/4c37c7cd-e096-4696-a5e0-52e568b29ab8,1929-02-13_Obwieszczenia_Publiczne_dodatek_do_Dziennika_Urzędowego_Ministerstwa_Sprawiedliw_4c37c7cd-e096-4696-a5e0-52e568b29ab8.txt
Berczyk Gorin,handel mięsem,,,,,,,"„Berczyk Gorin“, handel mięsem w Kowlu",1929-02-13,4c37c7cd-e096-4696-a5e0-52e568b29ab8,https://polona.pl/preview/4c37c7cd-e096-4696-a5e0-52e568b29ab8,1929-02-13_Obwieszczenia_Publiczne_dodatek_do_Dziennika_Urzędowego_Ministerstwa_Sprawiedliw_4c37c7cd-e096-4696-a5e0-52e568b29ab8.txt
Benjamm-Jakób Kagan,handel galanterją,,,,,,,"„Benjamm-Jakób Kagan"", handel galanterją w Kowlu",1929-02-27,4e4c3ef0-b911-4749-bbf6-b8108e6fbe81,https://polona.pl/preview/4e4c3ef0-b911-4749-bbf6-b8108e6fbe81,1929-02-27_Obwieszczenia_Publiczne_dodatek_do_Dziennika_Urzędowego_Ministerstwa_Sprawiedliw_4e4c3ef0-b911-4749-bbf6-b8108e6fbe81.txt
Pinchas Wajsiberg,handel żelazem,,,,,,,"„Pinchas Wajsiberg"", handel żelazem w Kowlu",1929-02-27,4e4c3ef0-b911-4749-bbf6-b8108e6fbe81,https://polona.pl/preview/4e4c3ef0-b911-4749-bbf6-b8108e6fbe81,1929-02-27_Obwieszczenia_Publiczne_dodatek_do_Dziennika_Urzędowego_Ministerstwa_Sprawiedliw_4e4c3ef0-b911-4749-bbf6-b8108e6fbe81.txt
Brucha Drukier,sprzedaż ubrań chłopskich,,,,,,,"„Brucha Drukier"", sprzedaż ubrań chłopskich w Kowlu",1929-02-27,4e4c3ef0-b911-4749-bbf6-b8108e6fbe81,https://polona.pl/preview/4e4c3ef0-b911-4749-bbf6-b8108e6fbe81,1929-02-27_Obwieszczenia_Publiczne_dodatek_do_Dziennika_Urzędowego_Ministerstwa_Sprawiedliw_4e4c3ef0-b911-4749-bbf6-b8108e6fbe81.txt
Moszek iNagórnv,bufet ze sprzedażą słodyczy i artyku łów spożywczych,,,,,,,"„Moszek iNagórnv“, bufet ze sprzedażą słodyczy i artyku łów spożywczych w Kowlu",1929-02-27,4e4c3ef0-b911-4749-bbf6-b8108e6fbe81,https://polona.pl/preview/4e4c3ef0-b911-4749-bbf6-b8108e6fbe81,1929-02-27_Obwieszczenia_Publiczne_dodatek_do_Dziennika_Urzędowego_Ministerstwa_Sprawiedliw_4e4c3ef0-b911-4749-bbf6-b8108e6fbe81.txt
Chaja Gibel,kawiarnia,,,,,,,"„Chaja Gibel"", kawiarnia w Kowlu",1929-02-27,4e4c3ef0-b911-4749-bbf6-b8108e6fbe81,https://polona.pl/preview/4e4c3ef0-b911-4749-bbf6-b8108e6fbe81,1929-02-27_Obwieszczenia_Publiczne_dodatek_do_Dziennika_Urzędowego_Ministerstwa_Sprawiedliw_4e4c3ef0-b911-4749-bbf6-b8108e6fbe81.txt
Dawid Pińczuk,sprzedaż towarów łokciowych i galan- terji,,,,,,,"„Dawid Pińczuk"" — sprzedaż towarów łokciowych i galan- terji w Kowlu",1929-03-09,68ead3b3-192d-4989-8a65-204e3d0bcf14,https://polona.pl/preview/68ead3b3-192d-4989-8a65-204e3d0bcf14,1929-03-09_Obwieszczenia_Publiczne_dodatek_do_Dziennika_Urzędowego_Ministerstwa_Sprawiedliw_68ead3b3-192d-4989-8a65-204e3d0bcf14.txt
Rykla Liberman,drobny handel spożywczy,,,,,,,"„Rykla Liberman"" — drobny handel spożywczy w Kowlu",1929-03-09,68ead3b3-192d-4989-8a65-204e3d0bcf14,https://polona.pl/preview/68ead3b3-192d-4989-8a65-204e3d0bcf14,1929-03-09_Obwieszczenia_Publiczne_dodatek_do_Dziennika_Urzędowego_Ministerstwa_Sprawiedliw_68ead3b3-192d-4989-8a65-204e3d0bcf14.txt
Bluma Finkielsztejn,handel spożywczy,,,,,,,"„Bluma Finkielsztejn"" — handel spożywczy w Kowlu",1929-03-09,68ead3b3-192d-4989-8a65-204e3d0bcf14,https://polona.pl/preview/68ead3b3-192d-4989-8a65-204e3d0bcf14,1929-03-09_Obwieszczenia_Publiczne_dodatek_do_Dziennika_Urzędowego_Ministerstwa_Sprawiedliw_68ead3b3-192d-4989-8a65-204e3d0bcf14.txt
Bruchla Linder,handel resztkami manufaktury,,,,,,,"„Bruchla Linder"" — handel resztkami manufaktury w Kowlu",1929-03-09,68ead3b3-192d-4989-8a65-204e3d0bcf14,https://polona.pl/preview/68ead3b3-192d-4989-8a65-204e3d0bcf14,1929-03-09_Obwieszczenia_Publiczne_dodatek_do_Dziennika_Urzędowego_Ministerstwa_Sprawiedliw_68ead3b3-192d-4989-8a65-204e3d0bcf14.txt
Szymon Kawerberg,piwiarnia i sprzedaż domowa papie rosów,,,,,,,"„Szymon Kawerberg"" — piwiarnia i sprzedaż domowa papie rosów w Kowlu",1929-03-09,68ead3b3-192d-4989-8a65-204e3d0bcf14,https://polona.pl/preview/68ead3b3-192d-4989-8a65-204e3d0bcf14,1929-03-09_Obwieszczenia_Publiczne_dodatek_do_Dziennika_Urzędowego_Ministerstwa_Sprawiedliw_68ead3b3-192d-4989-8a65-204e3d0bcf14.txt
Doba Bar,handel spożywczy,,,,,,,"„Doba Bar"", handel spożywczy w Kowlu",1929-03-16,c43c3356-2282-46a9-bdae-e71157632bdd,https://polona.pl/preview/c43c3356-2282-46a9-bdae-e71157632bdd,1929-03-16_Obwieszczenia_Publiczne_dodatek_do_Dziennika_Urzędowego_Ministerstwa_Sprawiedliw_c43c3356-2282-46a9-bdae-e71157632bdd.txt
Sura Marder,handel spożywczy,,,,,,,"„Sura Marder"", handel spożywczy w Kowlu",1929-03-16,c43c3356-2282-46a9-bdae-e71157632bdd,https://polona.pl/preview/c43c3356-2282-46a9-bdae-e71157632bdd,1929-03-16_Obwieszczenia_Publiczne_dodatek_do_Dziennika_Urzędowego_Ministerstwa_Sprawiedliw_c43c3356-2282-46a9-bdae-e71157632bdd.txt
Szaja Wajsberg,sprzedaż zegarków i zakład zegarmi strzowski,,,,,,,"„Szaja Wajsberg"", sprzedaż zegarków i zakład zegarmi strzowski w Kowlu",1929-03-16,c43c3356-2282-46a9-bdae-e71157632bdd,https://polona.pl/preview/c43c3356-2282-46a9-bdae-e71157632bdd,1929-03-16_Obwieszczenia_Publiczne_dodatek_do_Dziennika_Urzędowego_Ministerstwa_Sprawiedliw_c43c3356-2282-46a9-bdae-e71157632bdd.txt
Fejga Erlich,piwiarnia i domowa sprzedaż papierosów,,,,,,,"„Fejga Erlich"", piwiarnia i domowa sprzedaż papierosów w Kowlu",1929-03-16,c43c3356-2282-46a9-bdae-e71157632bdd,https://polona.pl/preview/c43c3356-2282-46a9-bdae-e71157632bdd,1929-03-16_Obwieszczenia_Publiczne_dodatek_do_Dziennika_Urzędowego_Ministerstwa_Sprawiedliw_c43c3356-2282-46a9-bdae-e71157632bdd.txt
Abram Mełamed,"handel naftą, smarami, solą i artyku łami spożywczemi",,,,,,,"„Abram Mełamed"", handel naftą, smarami, solą i artyku łami spożywczemi w Kowlu",1929-03-16,c43c3356-2282-46a9-bdae-e71157632bdd,https://polona.pl/preview/c43c3356-2282-46a9-bdae-e71157632bdd,1929-03-16_Obwieszczenia_Publiczne_dodatek_do_Dziennika_Urzędowego_Ministerstwa_Sprawiedliw_c43c3356-2282-46a9-bdae-e71157632bdd.txt
Chaja-Ita Pendzik,handel spożywczy,,,,,,,"„Chaja-Ita Pendzik"", handel spożywczy w Kowlu",1929-03-16,c43c3356-2282-46a9-bdae-e71157632bdd,https://polona.pl/preview/c43c3356-2282-46a9-bdae-e71157632bdd,1929-03-16_Obwieszczenia_Publiczne_dodatek_do_Dziennika_Urzędowego_Ministerstwa_Sprawiedliw_c43c3356-2282-46a9-bdae-e71157632bdd.txt
Dwojra-Ita Piterman,drobny handel spożywczy,,,,,,,"„Dwojra-Ita Piterman"", drobny handel spożywczy w Kowlu",1929-03-16,c43c3356-2282-46a9-bdae-e71157632bdd,https://polona.pl/preview/c43c3356-2282-46a9-bdae-e71157632bdd,1929-03-16_Obwieszczenia_Publiczne_dodatek_do_Dziennika_Urzędowego_Ministerstwa_Sprawiedliw_c43c3356-2282-46a9-bdae-e71157632bdd.txt
Leja Tojbicz,handel spożywczy,,,,,,,"„Leja Tojbicz"", handel spożywczy w Kowlu",1929-03-16,c43c3356-2282-46a9-bdae-e71157632bdd,https://polona.pl/preview/c43c3356-2282-46a9-bdae-e71157632bdd,1929-03-16_Obwieszczenia_Publiczne_dodatek_do_Dziennika_Urzędowego_Ministerstwa_Sprawiedliw_c43c3356-2282-46a9-bdae-e71157632bdd.txt
Józef-Dawid Perelmuter,drobny handel ubraniami ludo- wemi,,,,,,,"„Józef-Dawid Perelmuter"", drobny handel ubraniami ludo- wemi w Kowlu",1929-03-16,c43c3356-2282-46a9-bdae-e71157632bdd,https://polona.pl/preview/c43c3356-2282-46a9-bdae-e71157632bdd,1929-03-16_Obwieszczenia_Publiczne_dodatek_do_Dziennika_Urzędowego_Ministerstwa_Sprawiedliw_c43c3356-2282-46a9-bdae-e71157632bdd.txt
Lejzor Swiniuch,"handel manufakturą, starem żelazem, pakułami, szmatami i kośćmi",,,,,,,"„Lejzor Swiniuch"", handel manufakturą, starem żelazem, pakułami, szmatami i kośćmi w Kowlu",1929-03-16,c43c3356-2282-46a9-bdae-e71157632bdd,https://polona.pl/preview/c43c3356-2282-46a9-bdae-e71157632bdd,1929-03-16_Obwieszczenia_Publiczne_dodatek_do_Dziennika_Urzędowego_Ministerstwa_Sprawiedliw_c43c3356-2282-46a9-bdae-e71157632bdd.txt
Chasia Zelcer,handel ubraniami ludowemi i galanterją,,,,,,,"„Chasia Zelcer"", handel ubraniami ludowemi i galanterją w Kowlu",1929-03-16,c43c3356-2282-46a9-bdae-e71157632bdd,https://polona.pl/preview/c43c3356-2282-46a9-bdae-e71157632bdd,1929-03-16_Obwieszczenia_Publiczne_dodatek_do_Dziennika_Urzędowego_Ministerstwa_Sprawiedliw_c43c3356-2282-46a9-bdae-e71157632bdd.txt
Perec Blajsztejn,handel spożywczy,,,,,,,"„Perec Blajsztejn"", handel spożywczy w Kowllu",1929-03-16,c43c3356-2282-46a9-bdae-e71157632bdd,https://polona.pl/preview/c43c3356-2282-46a9-bdae-e71157632bdd,1929-03-16_Obwieszczenia_Publiczne_dodatek_do_Dziennika_Urzędowego_Ministerstwa_Sprawiedliw_c43c3356-2282-46a9-bdae-e71157632bdd.txt
Sura Zafran,handel żelazem,,,,,,,"„Sura Zafran"" — handel żelazem w Kowlu",1929-04-06,93be8018-b4f5-4fd3-b908-581cdb599163,https://polona.pl/preview/93be8018-b4f5-4fd3-b908-581cdb599163,1929-04-06_Obwieszczenia_Publiczne_dodatek_do_Dziennika_Urzędowego_Ministerstwa_Sprawiedliw_93be8018-b4f5-4fd3-b908-581cdb599163.txt
Finkiel Szapiro,handel manufakturą ludową,,,,,,,"„Finkiel Szapiro"" — handel manufakturą ludową w Kowlu",1929-04-06,93be8018-b4f5-4fd3-b908-581cdb599163,https://polona.pl/preview/93be8018-b4f5-4fd3-b908-581cdb599163,1929-04-06_Obwieszczenia_Publiczne_dodatek_do_Dziennika_Urzędowego_Ministerstwa_Sprawiedliw_93be8018-b4f5-4fd3-b908-581cdb599163.txt
Józefa Mazurkiewicz,restauracja i domowa sprzedaż wy robów tytoniowych,,,,,,,"„Józefa Mazurkiewicz"" — restauracja i domowa sprzedaż wy robów tytoniowych w Kowlu",1929-04-06,93be8018-b4f5-4fd3-b908-581cdb599163,https://polona.pl/preview/93be8018-b4f5-4fd3-b908-581cdb599163,1929-04-06_Obwieszczenia_Publiczne_dodatek_do_Dziennika_Urzędowego_Ministerstwa_Sprawiedliw_93be8018-b4f5-4fd3-b908-581cdb599163.txt
Leja Alter,"bufet ze sprzedażą piwa przy kmie „Nowo ści""",,,,,,,"„Leja Alter"" — bufet ze sprzedażą piwa przy kmie „Nowo ści"" w Kowlu",1929-04-06,93be8018-b4f5-4fd3-b908-581cdb599163,https://polona.pl/preview/93be8018-b4f5-4fd3-b908-581cdb599163,1929-04-06_Obwieszczenia_Publiczne_dodatek_do_Dziennika_Urzędowego_Ministerstwa_Sprawiedliw_93be8018-b4f5-4fd3-b908-581cdb599163.txt
Pinkus Sojfer,herbaciarnia,,,,,,,"„Pinkus Sojfer"" — herbaciarnia w Kowlu",1929-04-06,93be8018-b4f5-4fd3-b908-581cdb599163,https://polona.pl/preview/93be8018-b4f5-4fd3-b908-581cdb599163,1929-04-06_Obwieszczenia_Publiczne_dodatek_do_Dziennika_Urzędowego_Ministerstwa_Sprawiedliw_93be8018-b4f5-4fd3-b908-581cdb599163.txt
Chana’ Sztokamer,handel spożywczy,,,,,,,"„Chana’ Sztokamer"" — handel spożywczy w Kowlu",1929-04-06,93be8018-b4f5-4fd3-b908-581cdb599163,https://polona.pl/preview/93be8018-b4f5-4fd3-b908-581cdb599163,1929-04-06_Obwieszczenia_Publiczne_dodatek_do_Dziennika_Urzędowego_Ministerstwa_Sprawiedliw_93be8018-b4f5-4fd3-b908-581cdb599163.txt
Berko Udler,handel spożywczy,,,,,,,"„Berko Udler"" — handel spożywczy w Kowlu",1929-04-06,93be8018-b4f5-4fd3-b908-581cdb599163,https://polona.pl/preview/93be8018-b4f5-4fd3-b908-581cdb599163,1929-04-06_Obwieszczenia_Publiczne_dodatek_do_Dziennika_Urzędowego_Ministerstwa_Sprawiedliw_93be8018-b4f5-4fd3-b908-581cdb599163.txt
Dwoszka Linzen,piwiarnia i domowa sprzedaż papiero sów,,,,,,,"„Dwoszka Linzen"" — piwiarnia i domowa sprzedaż papiero sów w Kowlu",1929-04-06,93be8018-b4f5-4fd3-b908-581cdb599163,https://polona.pl/preview/93be8018-b4f5-4fd3-b908-581cdb599163,1929-04-06_Obwieszczenia_Publiczne_dodatek_do_Dziennika_Urzędowego_Ministerstwa_Sprawiedliw_93be8018-b4f5-4fd3-b908-581cdb599163.txt
Mmdla Lewenberg,handel galanterją,,,,,,,"„Mmdla Lewenberg"" — handel galanterją w Kowlu",1929-04-06,93be8018-b4f5-4fd3-b908-581cdb599163,https://polona.pl/preview/93be8018-b4f5-4fd3-b908-581cdb599163,1929-04-06_Obwieszczenia_Publiczne_dodatek_do_Dziennika_Urzędowego_Ministerstwa_Sprawiedliw_93be8018-b4f5-4fd3-b908-581cdb599163.txt
,,,,Właściciel Awrum Wolf Rodman,Kolejowej Nr,,,"Właściciel Awrum Wolf Rodman, zamieszk. w Kowlu, przy ul. Kolejowej Nr",1929-04-06,93be8018-b4f5-4fd3-b908-581cdb599163,https://polona.pl/preview/93be8018-b4f5-4fd3-b908-581cdb599163,1929-04-06_Obwieszczenia_Publiczne_dodatek_do_Dziennika_Urzędowego_Ministerstwa_Sprawiedliw_93be8018-b4f5-4fd3-b908-581cdb599163.txt
Jankiel Rej del,handel spożywczy,,,,,,,"„Jankiel Rej del"" — handel spożywczy w Kowlu",1929-04-20,4bc291b1-8fc0-4870-a69f-151b46fd8599,https://polona.pl/preview/4bc291b1-8fc0-4870-a69f-151b46fd8599,1929-04-20_Obwieszczenia_Publiczne_dodatek_do_Dziennika_Urzędowego_Ministerstwa_Sprawiedliw_4bc291b1-8fc0-4870-a69f-151b46fd8599.txt
E’o Inlgber,bufet,,,,,,,"„E’o Inlgber"" — bufet w Kowlu",1929-04-20,4bc291b1-8fc0-4870-a69f-151b46fd8599,https://polona.pl/preview/4bc291b1-8fc0-4870-a69f-151b46fd8599,1929-04-20_Obwieszczenia_Publiczne_dodatek_do_Dziennika_Urzędowego_Ministerstwa_Sprawiedliw_4bc291b1-8fc0-4870-a69f-151b46fd8599.txt
Ronfa Kantor,drobny handel spożywczy,,,,,,,„Ronfa Kantor” — drobny handel spożywczy w Kowlu,1929-04-20,87e3357a-932c-4c33-b682-d8f7c3271c10,https://polona.pl/preview/87e3357a-932c-4c33-b682-d8f7c3271c10,1929-04-20_Obwieszczenia_Publiczne_dodatek_do_Dziennika_Urzędowego_Ministerstwa_Sprawiedliw_87e3357a-932c-4c33-b682-d8f7c3271c10.txt
Hersz-Lejb Melnicer,handel mięsem,,,,,,,„Hersz-Lejb Melnicer” — handel mięsem w Kowlu,1929-04-20,87e3357a-932c-4c33-b682-d8f7c3271c10,https://polona.pl/preview/87e3357a-932c-4c33-b682-d8f7c3271c10,1929-04-20_Obwieszczenia_Publiczne_dodatek_do_Dziennika_Urzędowego_Ministerstwa_Sprawiedliw_87e3357a-932c-4c33-b682-d8f7c3271c10.txt
Etia Auchman,"piwiarnia, kawiarnia i domowa sprzedaż papierosów",,,,,,,"„Etia Auchman"", piwiarnia, kawiarnia i domowa sprzedaż papierosów w Kowlu",1929-05-01,234488c4-9726-4eaf-ae81-c01bda84fc6c,https://polona.pl/preview/234488c4-9726-4eaf-ae81-c01bda84fc6c,1929-05-01_Obwieszczenia_Publiczne_dodatek_do_Dziennika_Urzędowego_Ministerstwa_Sprawiedliw_234488c4-9726-4eaf-ae81-c01bda84fc6c.txt
Dawid Wajnsztejn,handel towarami łokciowemi,,,,,,,"„Dawid Wajnsztejn"", handel towarami łokciowemi w Kowlu",1929-05-01,234488c4-9726-4eaf-ae81-c01bda84fc6c,https://polona.pl/preview/234488c4-9726-4eaf-ae81-c01bda84fc6c,1929-05-01_Obwieszczenia_Publiczne_dodatek_do_Dziennika_Urzędowego_Ministerstwa_Sprawiedliw_234488c4-9726-4eaf-ae81-c01bda84fc6c.txt
Ester Erlich,drobny handel obuwiem ludowem,,,,,,,"„Ester Erlich"", drobny handel obuwiem ludowem w Kowlu",1929-05-01,234488c4-9726-4eaf-ae81-c01bda84fc6c,https://polona.pl/preview/234488c4-9726-4eaf-ae81-c01bda84fc6c,1929-05-01_Obwieszczenia_Publiczne_dodatek_do_Dziennika_Urzędowego_Ministerstwa_Sprawiedliw_234488c4-9726-4eaf-ae81-c01bda84fc6c.txt
Hersz-Wolf Goildbarg,sklep spożywczy,,,,,,,"„Hersz-Wolf Goildbarg"", sklep spożywczy w Kowlu",1929-05-01,234488c4-9726-4eaf-ae81-c01bda84fc6c,https://polona.pl/preview/234488c4-9726-4eaf-ae81-c01bda84fc6c,1929-05-01_Obwieszczenia_Publiczne_dodatek_do_Dziennika_Urzędowego_Ministerstwa_Sprawiedliw_234488c4-9726-4eaf-ae81-c01bda84fc6c.txt
Menachem iRajciszer,handel żelazem i artykułami spożyw- czemi,,,,,,,"„Menachem iRajciszer"", handel żelazem i artykułami spożyw- czemi w Kowlu",1929-05-01,234488c4-9726-4eaf-ae81-c01bda84fc6c,https://polona.pl/preview/234488c4-9726-4eaf-ae81-c01bda84fc6c,1929-05-01_Obwieszczenia_Publiczne_dodatek_do_Dziennika_Urzędowego_Ministerstwa_Sprawiedliw_234488c4-9726-4eaf-ae81-c01bda84fc6c.txt
Anna Antoniak,drobny handel spożywczy i sprzedaż wy robów tytoniowych,,,,,,,"„Anna Antoniak"", drobny handel spożywczy i sprzedaż wy robów tytoniowych w Kowlu",1929-05-01,234488c4-9726-4eaf-ae81-c01bda84fc6c,https://polona.pl/preview/234488c4-9726-4eaf-ae81-c01bda84fc6c,1929-05-01_Obwieszczenia_Publiczne_dodatek_do_Dziennika_Urzędowego_Ministerstwa_Sprawiedliw_234488c4-9726-4eaf-ae81-c01bda84fc6c.txt
Henia Zailchendler,handel skórami i obuwiem,,,,,,,"„Henia Zailchendler"", handel skórami i obuwiem w Kowlu",1929-05-01,234488c4-9726-4eaf-ae81-c01bda84fc6c,https://polona.pl/preview/234488c4-9726-4eaf-ae81-c01bda84fc6c,1929-05-01_Obwieszczenia_Publiczne_dodatek_do_Dziennika_Urzędowego_Ministerstwa_Sprawiedliw_234488c4-9726-4eaf-ae81-c01bda84fc6c.txt
Mikołaj Fijałkowski,sprzedaż wędlin i mięsa,,,,,,,"„Mikołaj Fijałkowski"" — sprzedaż wędlin i mięsa w Kowlu",1929-05-22,61be2c8c-1cd9-4ecd-a9e2-5881a60b61d2,https://polona.pl/preview/61be2c8c-1cd9-4ecd-a9e2-5881a60b61d2,1929-05-22_Obwieszczenia_Publiczne_dodatek_do_Dziennika_Urzędowego_Ministerstwa_Sprawiedliw_61be2c8c-1cd9-4ecd-a9e2-5881a60b61d2.txt
Wolf Lewin,handel galanterją,,,,,,,"„Wolf Lewin"" — handel galanterją w Kowlu",1929-05-22,61be2c8c-1cd9-4ecd-a9e2-5881a60b61d2,https://polona.pl/preview/61be2c8c-1cd9-4ecd-a9e2-5881a60b61d2,1929-05-22_Obwieszczenia_Publiczne_dodatek_do_Dziennika_Urzędowego_Ministerstwa_Sprawiedliw_61be2c8c-1cd9-4ecd-a9e2-5881a60b61d2.txt
Bogdan Wroński,piwiarnia i jadłodajnia,,,,,,,"„Bogdan Wroński"" — piwiarnia i jadłodajnia w Kowlu",1929-05-22,61be2c8c-1cd9-4ecd-a9e2-5881a60b61d2,https://polona.pl/preview/61be2c8c-1cd9-4ecd-a9e2-5881a60b61d2,1929-05-22_Obwieszczenia_Publiczne_dodatek_do_Dziennika_Urzędowego_Ministerstwa_Sprawiedliw_61be2c8c-1cd9-4ecd-a9e2-5881a60b61d2.txt
Ajizyk Zask,handel spożywczy,,,,,,,"„Ajizyk Zask"", handel spożywczy w Kowlu, ul",1929-06-19,888bd5f8-e44e-405f-8dba-754738c488ce,https://polona.pl/preview/888bd5f8-e44e-405f-8dba-754738c488ce,1929-06-19_Obwieszczenia_Publiczne_dodatek_do_Dziennika_Urzędowego_Ministerstwa_Sprawiedliw_888bd5f8-e44e-405f-8dba-754738c488ce.txt
"Rywka ,Zylberberg",handel 1 spożywczy,,,,,,,"„Rywka ,Zylberberg"", handel 1 spożywczy w Kowlu, ul",1929-06-19,888bd5f8-e44e-405f-8dba-754738c488ce,https://polona.pl/preview/888bd5f8-e44e-405f-8dba-754738c488ce,1929-06-19_Obwieszczenia_Publiczne_dodatek_do_Dziennika_Urzędowego_Ministerstwa_Sprawiedliw_888bd5f8-e44e-405f-8dba-754738c488ce.txt
Lejba Sizargiel,handel spożywczy,,,,,,,"„Lejba Sizargiel"", handel spożywczy w Kowlu",1929-06-19,888bd5f8-e44e-405f-8dba-754738c488ce,https://polona.pl/preview/888bd5f8-e44e-405f-8dba-754738c488ce,1929-06-19_Obwieszczenia_Publiczne_dodatek_do_Dziennika_Urzędowego_Ministerstwa_Sprawiedliw_888bd5f8-e44e-405f-8dba-754738c488ce.txt
Resursa Obywatelska,restauracja,,,,,,,"„Resursa Obywatelska"", restauracja w Kowlu",1929-06-19,888bd5f8-e44e-405f-8dba-754738c488ce,https://polona.pl/preview/888bd5f8-e44e-405f-8dba-754738c488ce,1929-06-19_Obwieszczenia_Publiczne_dodatek_do_Dziennika_Urzędowego_Ministerstwa_Sprawiedliw_888bd5f8-e44e-405f-8dba-754738c488ce.txt
,,,,Abram Marder,Warszawskiej Nr,149,,"Abram Marder, zam. w Kowlu, przy ul. Warszawskiej Nr. 149",1929-06-19,888bd5f8-e44e-405f-8dba-754738c488ce,https://polona.pl/preview/888bd5f8-e44e-405f-8dba-754738c488ce,1929-06-19_Obwieszczenia_Publiczne_dodatek_do_Dziennika_Urzędowego_Ministerstwa_Sprawiedliw_888bd5f8-e44e-405f-8dba-754738c488ce.txt
Fisze! Gitelis,sprzedaż manufaktury i gotowych ubrań ludo wych,,,,,,,"„Fisze! Gitelis“, sprzedaż manufaktury i gotowych ubrań ludo wych w Kowlu",1929-07-10,46db2297-e7d7-4059-8dc3-e67bc01c90f3,https://polona.pl/preview/46db2297-e7d7-4059-8dc3-e67bc01c90f3,1929-07-10_Obwieszczenia_Publiczne_dodatek_do_Dziennika_Urzędowego_Ministerstwa_Sprawiedliw_46db2297-e7d7-4059-8dc3-e67bc01c90f3.txt
Mozes - Ber Kagan,"restauracja pod nazwą „Bar Amery kański""",,,,,,,"„Mozes - Ber Kagan"", restauracja pod nazwą „Bar Amery kański"" w Kowlu",1929-07-10,46db2297-e7d7-4059-8dc3-e67bc01c90f3,https://polona.pl/preview/46db2297-e7d7-4059-8dc3-e67bc01c90f3,1929-07-10_Obwieszczenia_Publiczne_dodatek_do_Dziennika_Urzędowego_Ministerstwa_Sprawiedliw_46db2297-e7d7-4059-8dc3-e67bc01c90f3.txt
Wcl-Sól,wolny skład soli,,,,,,,"„Wcl-Sól"" — wolny skład soli w Kowlu",1929-09-11,949e7e20-3222-4d0e-bd83-3bcc24979742,https://polona.pl/preview/949e7e20-3222-4d0e-bd83-3bcc24979742,1929-09-11_Obwieszczenia_Publiczne_dodatek_do_Dziennika_Urzędowego_Ministerstwa_Sprawiedliw_949e7e20-3222-4d0e-bd83-3bcc24979742.txt
Borudh Flasztac,handel spożywczy,,,,,,,"„Borudh Flasztac”, handel spożywczy w Kowlu",1929-09-14,38b70545-2c45-46ad-ab63-df2c5ab214d2,https://polona.pl/preview/38b70545-2c45-46ad-ab63-df2c5ab214d2,1929-09-14_Obwieszczenia_Publiczne_dodatek_do_Dziennika_Urzędowego_Ministerstwa_Sprawiedliw_38b70545-2c45-46ad-ab63-df2c5ab214d2.txt
Wol-Sól,Wolny Skład Soli,,,,,,,"„Wol-Sól"" — Wolny Skład Soli w Kowlu",1929-09-14,38b70545-2c45-46ad-ab63-df2c5ab214d2,https://polona.pl/preview/38b70545-2c45-46ad-ab63-df2c5ab214d2,1929-09-14_Obwieszczenia_Publiczne_dodatek_do_Dziennika_Urzędowego_Ministerstwa_Sprawiedliw_38b70545-2c45-46ad-ab63-df2c5ab214d2.txt
Fejga Byk,drobna sprzedaż skór i przyborów szewckich,,,,,,,"„Fejga Byk“, drobna sprzedaż skór i przyborów szewckich w Kowlu",1929-10-26,ef874927-de03-4367-a2a0-6481a80024cb,https://polona.pl/preview/ef874927-de03-4367-a2a0-6481a80024cb,1929-10-26_Obwieszczenia_Publiczne_dodatek_do_Dziennika_Urzędowego_Ministerstwa_Sprawiedliw_ef874927-de03-4367-a2a0-6481a80024cb.txt
Rajzla Wajner,handel spożywczy,,,,,,,"„Rajzla Wajner"", handel spożywczy w Kowlu",1929-10-26,ef874927-de03-4367-a2a0-6481a80024cb,https://polona.pl/preview/ef874927-de03-4367-a2a0-6481a80024cb,1929-10-26_Obwieszczenia_Publiczne_dodatek_do_Dziennika_Urzędowego_Ministerstwa_Sprawiedliw_ef874927-de03-4367-a2a0-6481a80024cb.txt
Josif Rowner,sprzedaż mięsa i wędlin,,,,,,,"„Josif Rowner"", sprzedaż mięsa i wędlin w Kowlu",1929-10-26,ef874927-de03-4367-a2a0-6481a80024cb,https://polona.pl/preview/ef874927-de03-4367-a2a0-6481a80024cb,1929-10-26_Obwieszczenia_Publiczne_dodatek_do_Dziennika_Urzędowego_Ministerstwa_Sprawiedliw_ef874927-de03-4367-a2a0-6481a80024cb.txt
,,,,Właściciel Jankiel Eweńczyk,icy Foksal Nr,,,"Właściciel Jankiel Eweńczyk, zam. w Kowlu, przy ulicy Foksal Nr",1929-10-26,ef874927-de03-4367-a2a0-6481a80024cb,https://polona.pl/preview/ef874927-de03-4367-a2a0-6481a80024cb,1929-10-26_Obwieszczenia_Publiczne_dodatek_do_Dziennika_Urzędowego_Ministerstwa_Sprawiedliw_ef874927-de03-4367-a2a0-6481a80024cb.txt
Mindla Mlurik,handel spożywczy i bufet,,,,,,,"„Mindla Mlurik"", handel spożywczy i bufet w Kowlu, ul",1929-11-23,fe5f833a-2767-4690-8c48-f012e85acb86,https://polona.pl/preview/fe5f833a-2767-4690-8c48-f012e85acb86,1929-11-23_Obwieszczenia_Publiczne_dodatek_do_Dziennika_Urzędowego_Ministerstwa_Sprawiedliw_fe5f833a-2767-4690-8c48-f012e85acb86.txt
Józef Chojnowski,"„Pomoc"" Dom Rolniczo - Handlowy",,,,,,,"„Józef Chojnowski"", „Pomoc"" Dom Rolniczo - Handlowy w Kowlu",1929-11-23,fe5f833a-2767-4690-8c48-f012e85acb86,https://polona.pl/preview/fe5f833a-2767-4690-8c48-f012e85acb86,1929-11-23_Obwieszczenia_Publiczne_dodatek_do_Dziennika_Urzędowego_Ministerstwa_Sprawiedliw_fe5f833a-2767-4690-8c48-f012e85acb86.txt
Rachmil Frydman 1,"drobna sprzedaż kapeluszy, płaszczów i futer",,,,,,,"„Rachmil Frydman 1 "", drobna sprzedaż kapeluszy, płaszczów i futer w Kowlu",1930-01-08,65e88c68-ff20-46a9-82db-2f32b6f2d90f,https://polona.pl/preview/65e88c68-ff20-46a9-82db-2f32b6f2d90f,1930-01-08_Obwieszczenia_Publiczne_dodatek_do_Dziennika_Urzędowego_Ministerstwa_Sprawiedliw_65e88c68-ff20-46a9-82db-2f32b6f2d90f.txt
Jemekim-Szmaja Wołach,skład apteczny,ill,,,,,,"„Jemekim-Szmaja Wołach"", skład apteczny w Kowlu, ill",1930-06-04,bc4ec5b1-4be9-4c05-aa93-7ebb4f82b80e,https://polona.pl/preview/bc4ec5b1-4be9-4c05-aa93-7ebb4f82b80e,1930-06-04_Obwieszczenia_Publiczne_dodatek_do_Dziennika_Urzędowego_Ministerstwa_Sprawiedliw_bc4ec5b1-4be9-4c05-aa93-7ebb4f82b80e.txt
Ruchla Rabiner,drobna sprzedaż galanterji i konfekcji,,,,,,,"„Ruchla Rabiner"" — drobna sprzedaż galanterji i konfekcji w Kowlu, ul",1930-06-28,ce5619a3-7534-4d6e-9b88-462c83083738,https://polona.pl/preview/ce5619a3-7534-4d6e-9b88-462c83083738,1930-06-28_Obwieszczenia_Publiczne_dodatek_do_Dziennika_Urzędowego_Ministerstwa_Sprawiedliw_ce5619a3-7534-4d6e-9b88-462c83083738.txt
Jankiel (Jakób) Bursztejn,drobny handel towarami lu- dowemi łokciowemi,,,,,,,"„Jankiel (Jakób) Bursztejn"" — drobny handel towarami lu- dowemi łokciowemi w Kowlu",1930-06-28,ce5619a3-7534-4d6e-9b88-462c83083738,https://polona.pl/preview/ce5619a3-7534-4d6e-9b88-462c83083738,1930-06-28_Obwieszczenia_Publiczne_dodatek_do_Dziennika_Urzędowego_Ministerstwa_Sprawiedliw_ce5619a3-7534-4d6e-9b88-462c83083738.txt
Stanisław Buszko,piwiarnia i sprzedaż wyrobów tyto niowych,,,,,,,"„Stanisław Buszko"" — piwiarnia i sprzedaż wyrobów tyto niowych w Kowlu",1930-06-28,ce5619a3-7534-4d6e-9b88-462c83083738,https://polona.pl/preview/ce5619a3-7534-4d6e-9b88-462c83083738,1930-06-28_Obwieszczenia_Publiczne_dodatek_do_Dziennika_Urzędowego_Ministerstwa_Sprawiedliw_ce5619a3-7534-4d6e-9b88-462c83083738.txt
Jankiel (Jakób) - Uszer Pietruszka,handel mięsem,,,,,,,"„Jankiel (Jakób) - Uszer Pietruszka"" — handel mięsem w Kowlu",1930-06-28,ce5619a3-7534-4d6e-9b88-462c83083738,https://polona.pl/preview/ce5619a3-7534-4d6e-9b88-462c83083738,1930-06-28_Obwieszczenia_Publiczne_dodatek_do_Dziennika_Urzędowego_Ministerstwa_Sprawiedliw_ce5619a3-7534-4d6e-9b88-462c83083738.txt
Mojsze Gurwic,sprzedaż manufaktury i ubrań goto wych,,,,,,,"„Mojsze Gurwic"" — sprzedaż manufaktury i ubrań goto wych w Kowlu",1930-06-28,ce5619a3-7534-4d6e-9b88-462c83083738,https://polona.pl/preview/ce5619a3-7534-4d6e-9b88-462c83083738,1930-06-28_Obwieszczenia_Publiczne_dodatek_do_Dziennika_Urzędowego_Ministerstwa_Sprawiedliw_ce5619a3-7534-4d6e-9b88-462c83083738.txt
^ ai i am Gwircman,bufet i różne słodycze,,,,,,,"""^ ai i am Gwircman"", bufet i różne słodycze w Kowlu, ul",1930-08-09,a137d76f-1a6f-412b-94e0-ccde32939f51,https://polona.pl/preview/a137d76f-1a6f-412b-94e0-ccde32939f51,1930-08-09_Obwieszczenia_Publiczne_dodatek_do_Dziennika_Urzędowego_Ministerstwa_Sprawiedliw_a137d76f-1a6f-412b-94e0-ccde32939f51.txt
Szloma Łangier,drobna sprzedaż farb i tapet,,,,,,,"""Szloma Łangier"", drobna sprzedaż farb i tapet w Kowlu",1930-08-09,f9c2040f-06f2-4290-96e5-b6904f9f7d92,https://polona.pl/preview/f9c2040f-06f2-4290-96e5-b6904f9f7d92,1930-08-09_Obwieszczenia_Publiczne_dodatek_do_Dziennika_Urzędowego_Ministerstwa_Sprawiedliw_f9c2040f-06f2-4290-96e5-b6904f9f7d92.txt
Nadzieja Djanowska,handel galanteryjny,,,,,,,"„Nadzieja Djanowska"", handel galanteryjny w Kowlu",1930-09-17,5fb03555-b6b4-4ce7-bc91-d39a10462644,https://polona.pl/preview/5fb03555-b6b4-4ce7-bc91-d39a10462644,1930-09-17_Obwieszczenia_Publiczne_dodatek_do_Dziennika_Urzędowego_Ministerstwa_Sprawiedliw_5fb03555-b6b4-4ce7-bc91-d39a10462644.txt
Nojach Wejger,drobny handel galanterją,,,,,,,"„Nojach Wejger"", drobny handel galanterją w Kowlu",1930-09-17,5fb03555-b6b4-4ce7-bc91-d39a10462644,https://polona.pl/preview/5fb03555-b6b4-4ce7-bc91-d39a10462644,1930-09-17_Obwieszczenia_Publiczne_dodatek_do_Dziennika_Urzędowego_Ministerstwa_Sprawiedliw_5fb03555-b6b4-4ce7-bc91-d39a10462644.txt
Idlel Alpe-rin,sklep szkła i naczyń,,,,,,,"„Idlel Alpe-rin"", sklep szkła i naczyń w Kowlu, ul",1931-01-28,0b571a68-fa26-4d89-9cc7-61d627d12af1,https://polona.pl/preview/0b571a68-fa26-4d89-9cc7-61d627d12af1,1931-01-28_Obwieszczenia_Publiczne_dodatek_do_Dziennika_Urzędowego_Ministerstwa_Sprawiedliw_0b571a68-fa26-4d89-9cc7-61d627d12af1.txt
Rojzen Lejbisz,"handel futer, gotowych ubrań i kapeluszy pod firmą „Futro""",,,,,,,"„Rojzen Lejbisz"", handel futer, gotowych ubrań i kapeluszy pod firmą „Futro"" w Kowlu, ul",1931-01-28,0b571a68-fa26-4d89-9cc7-61d627d12af1,https://polona.pl/preview/0b571a68-fa26-4d89-9cc7-61d627d12af1,1931-01-28_Obwieszczenia_Publiczne_dodatek_do_Dziennika_Urzędowego_Ministerstwa_Sprawiedliw_0b571a68-fa26-4d89-9cc7-61d627d12af1.txt
,,,,Izaak Wołoch,icy Łuckiej 25a,,,"Izaak Wołoch, zam. w Kowlu, przy ulicy Łuckiej 25a",1931-01-28,0b571a68-fa26-4d89-9cc7-61d627d12af1,https://polona.pl/preview/0b571a68-fa26-4d89-9cc7-61d627d12af1,1931-01-28_Obwieszczenia_Publiczne_dodatek_do_Dziennika_Urzędowego_Ministerstwa_Sprawiedliw_0b571a68-fa26-4d89-9cc7-61d627d12af1.txt
Stanisław Młodzikowski,sprzedaż piwa i wyrobów tyto niowych,Dworzec,,,,,,"„Stanisław Młodzikowski"", sprzedaż piwa i wyrobów tyto niowych w Kowlu - Dworzec.",1931-01-28,ae82d98f-ffcd-4803-9935-301a07cde0cd,https://polona.pl/preview/ae82d98f-ffcd-4803-9935-301a07cde0cd,1931-01-28_Obwieszczenia_Publiczne_dodatek_do_Dziennika_Urzędowego_Ministerstwa_Sprawiedliw_ae82d98f-ffcd-4803-9935-301a07cde0cd.txt
Guz Chaja,drobny handel obuwiem,,,,,,,"„Guz Chaja"", drobny handel obuwiem w Kowlu, ul",1931-04-15,888d89b6-c662-4767-a42d-8a8b57ca6733,https://polona.pl/preview/888d89b6-c662-4767-a42d-8a8b57ca6733,1931-04-15_Obwieszczenia_Publiczne_dodatek_do_Dziennika_Urzędowego_Ministerstwa_Sprawiedliw_888d89b6-c662-4767-a42d-8a8b57ca6733.txt
Gerszon Kuperman,drobny handel galanterji,,,,,,,"„Gerszon Kuperman"", drobny handel galanterji w Kowlu, ul",1931-04-15,888d89b6-c662-4767-a42d-8a8b57ca6733,https://polona.pl/preview/888d89b6-c662-4767-a42d-8a8b57ca6733,1931-04-15_Obwieszczenia_Publiczne_dodatek_do_Dziennika_Urzędowego_Ministerstwa_Sprawiedliw_888d89b6-c662-4767-a42d-8a8b57ca6733.txt
Józef Maliński,"eksploatacja browaru pod nazwą „Zdrój""",,,,,,,"„Józef Maliński"", eksploatacja browaru pod nazwą „Zdrój"" w Kowlu",1931-04-15,888d89b6-c662-4767-a42d-8a8b57ca6733,https://polona.pl/preview/888d89b6-c662-4767-a42d-8a8b57ca6733,1931-04-15_Obwieszczenia_Publiczne_dodatek_do_Dziennika_Urzędowego_Ministerstwa_Sprawiedliw_888d89b6-c662-4767-a42d-8a8b57ca6733.txt
Nowość,handel drobny obuwia i konfek cji,,,,,,,"„Nowość"", handel drobny obuwia i konfek cji w Kowlu, ul",1931-04-15,888d89b6-c662-4767-a42d-8a8b57ca6733,https://polona.pl/preview/888d89b6-c662-4767-a42d-8a8b57ca6733,1931-04-15_Obwieszczenia_Publiczne_dodatek_do_Dziennika_Urzędowego_Ministerstwa_Sprawiedliw_888d89b6-c662-4767-a42d-8a8b57ca6733.txt
Debora Baskin,skład apteczny,,,,,,,"„Debora Baskin“, skład apteczny w Kowlu, ul",1931-04-15,888d89b6-c662-4767-a42d-8a8b57ca6733,https://polona.pl/preview/888d89b6-c662-4767-a42d-8a8b57ca6733,1931-04-15_Obwieszczenia_Publiczne_dodatek_do_Dziennika_Urzędowego_Ministerstwa_Sprawiedliw_888d89b6-c662-4767-a42d-8a8b57ca6733.txt
Chrystyna Micielska,drobna sprzedaż artykułów spożyw czych i wędliny,,,,,,,"„Chrystyna Micielska”, drobna sprzedaż artykułów spożyw czych i wędliny w Kowlu, ul",1931-08-26,f1238231-4793-489f-97df-04998562fd15,https://polona.pl/preview/f1238231-4793-489f-97df-04998562fd15,1931-08-26_Obwieszczenia_Publiczne_dodatek_do_Dziennika_Urzędowego_Ministerstwa_Sprawiedliw_f1238231-4793-489f-97df-04998562fd15.txt
Jankiel-Ber Jajner,drobny handel spożywczy i kożuchów,,,,,,,"„Jankiel-Ber Jajner"", drobny handel spożywczy i kożuchów w Kowlu, ul",1931-08-26,f1238231-4793-489f-97df-04998562fd15,https://polona.pl/preview/f1238231-4793-489f-97df-04998562fd15,1931-08-26_Obwieszczenia_Publiczne_dodatek_do_Dziennika_Urzędowego_Ministerstwa_Sprawiedliw_f1238231-4793-489f-97df-04998562fd15.txt
Małka Mełamed,drobny handel spożywczy,,,,,,,"„Małka Mełamed"", drobny handel spożywczy w Kowlu, ul",1931-08-26,f1238231-4793-489f-97df-04998562fd15,https://polona.pl/preview/f1238231-4793-489f-97df-04998562fd15,1931-08-26_Obwieszczenia_Publiczne_dodatek_do_Dziennika_Urzędowego_Ministerstwa_Sprawiedliw_f1238231-4793-489f-97df-04998562fd15.txt
Lcia Marder,droby handel waty,,,Leja Marder,Krótka 47,6770,,"„Lcia Marder"", droby handel waty w Kowlu, ul. Handlowa Nr. 13. Właśc,. Leja Marder, zam. w Kowlu, ul. Krótka 47. 6770",1931-10-14,40da971c-61d5-45d6-9928-e3a863ef84c2,https://polona.pl/preview/40da971c-61d5-45d6-9928-e3a863ef84c2,1931-10-14_Obwieszczenia_Publiczne_dodatek_do_Dziennika_Urzędowego_Ministerstwa_Sprawiedliw_40da971c-61d5-45d6-9928-e3a863ef84c2.txt
Sura Kagan,drobny handel spożywczy,,,,,,,"„Sura Kagan"", drobny handel spożywczy w Kowlu, ul",1931-10-14,40da971c-61d5-45d6-9928-e3a863ef84c2,https://polona.pl/preview/40da971c-61d5-45d6-9928-e3a863ef84c2,1931-10-14_Obwieszczenia_Publiczne_dodatek_do_Dziennika_Urzędowego_Ministerstwa_Sprawiedliw_40da971c-61d5-45d6-9928-e3a863ef84c2.txt
Jan Styczyński,drobny handel spożywczy,,,,,,,"„Jan Styczyński"", drobny handel spożywczy w Kowlu, ul",1931-10-14,40da971c-61d5-45d6-9928-e3a863ef84c2,https://polona.pl/preview/40da971c-61d5-45d6-9928-e3a863ef84c2,1931-10-14_Obwieszczenia_Publiczne_dodatek_do_Dziennika_Urzędowego_Ministerstwa_Sprawiedliw_40da971c-61d5-45d6-9928-e3a863ef84c2.txt
Małka Cukierman,drobna sprzedaż mąki i przetworów zbożowych,,,,,,,"„Małka Cukierman"", drobna sprzedaż mąki i przetworów zbożowych w Kowlu, ul",1931-10-14,40da971c-61d5-45d6-9928-e3a863ef84c2,https://polona.pl/preview/40da971c-61d5-45d6-9928-e3a863ef84c2,1931-10-14_Obwieszczenia_Publiczne_dodatek_do_Dziennika_Urzędowego_Ministerstwa_Sprawiedliw_40da971c-61d5-45d6-9928-e3a863ef84c2.txt
Jankiel - Lejb Licht,drobny handel ubrań chłopskich,,,,,,,"„Jankiel - Lejb Licht"", drobny handel ubrań chłopskich w Kowlu, ul",1931-10-14,40da971c-61d5-45d6-9928-e3a863ef84c2,https://polona.pl/preview/40da971c-61d5-45d6-9928-e3a863ef84c2,1931-10-14_Obwieszczenia_Publiczne_dodatek_do_Dziennika_Urzędowego_Ministerstwa_Sprawiedliw_40da971c-61d5-45d6-9928-e3a863ef84c2.txt
Ita Lewin,drobny handel żelazem i gailanterją,,,,,,,"„Ita Lewin"", drobny handel żelazem i gailanterją w Kowlu, ul",1931-10-14,40da971c-61d5-45d6-9928-e3a863ef84c2,https://polona.pl/preview/40da971c-61d5-45d6-9928-e3a863ef84c2,1931-10-14_Obwieszczenia_Publiczne_dodatek_do_Dziennika_Urzędowego_Ministerstwa_Sprawiedliw_40da971c-61d5-45d6-9928-e3a863ef84c2.txt
Marja Houżwic vel Hurwic,drobny handel wyrobów tyto niowych i artykułów spożywczych,,,,,,,"„Marja Houżwic vel Hurwic"", drobny handel wyrobów tyto niowych i artykułów spożywczych w Kowlu, ul",1931-10-24,950b11c5-f06c-4b50-83d2-a725c68af89b,https://polona.pl/preview/950b11c5-f06c-4b50-83d2-a725c68af89b,1931-10-24_Obwieszczenia_Publiczne_dodatek_do_Dziennika_Urzędowego_Ministerstwa_Sprawiedliw_950b11c5-f06c-4b50-83d2-a725c68af89b.txt
Szejndla Sztejnberg,"drobny handel spożywczy, wody so dowej i słodyczy",3,,,,,,"„Szejndla Sztejnberg"", drobny handel spożywczy, wody so dowej i słodyczy w Kowlu, ul. 3",1931-10-24,950b11c5-f06c-4b50-83d2-a725c68af89b,https://polona.pl/preview/950b11c5-f06c-4b50-83d2-a725c68af89b,1931-10-24_Obwieszczenia_Publiczne_dodatek_do_Dziennika_Urzędowego_Ministerstwa_Sprawiedliw_950b11c5-f06c-4b50-83d2-a725c68af89b.txt
Abram - Jakób Zylbemnan,drobny handel spożywczy,,,,,,,"„Abram - Jakób Zylbemnan"", drobny handel spożywczy w Kowlu, ul",1931-10-24,950b11c5-f06c-4b50-83d2-a725c68af89b,https://polona.pl/preview/950b11c5-f06c-4b50-83d2-a725c68af89b,1931-10-24_Obwieszczenia_Publiczne_dodatek_do_Dziennika_Urzędowego_Ministerstwa_Sprawiedliw_950b11c5-f06c-4b50-83d2-a725c68af89b.txt
Arkadjer Ruchla,drobny handel manufaktury,,,,,,,"„Arkadjer Ruchla"", drobny handel manufaktury w Kowlu, ul",1931-10-24,950b11c5-f06c-4b50-83d2-a725c68af89b,https://polona.pl/preview/950b11c5-f06c-4b50-83d2-a725c68af89b,1931-10-24_Obwieszczenia_Publiczne_dodatek_do_Dziennika_Urzędowego_Ministerstwa_Sprawiedliw_950b11c5-f06c-4b50-83d2-a725c68af89b.txt
Baszewa Giber,drobny handel spożywczy,,,,,,,"„Baszewa Giber"", drobny handel spożywczy w Kowlu, ul",1931-10-24,950b11c5-f06c-4b50-83d2-a725c68af89b,https://polona.pl/preview/950b11c5-f06c-4b50-83d2-a725c68af89b,1931-10-24_Obwieszczenia_Publiczne_dodatek_do_Dziennika_Urzędowego_Ministerstwa_Sprawiedliw_950b11c5-f06c-4b50-83d2-a725c68af89b.txt
Grzegorz Mochniuk,drobny handel m ; ęsem,Miła (,,,,,,"„Grzegorz Mochniuk"", drobny handel m ; ęsem w Kowlu, ul. Miła (",1931-10-24,950b11c5-f06c-4b50-83d2-a725c68af89b,https://polona.pl/preview/950b11c5-f06c-4b50-83d2-a725c68af89b,1931-10-24_Obwieszczenia_Publiczne_dodatek_do_Dziennika_Urzędowego_Ministerstwa_Sprawiedliw_950b11c5-f06c-4b50-83d2-a725c68af89b.txt
,,,,Lejba Karsz,Komarow- ska Nr,,,"Lejba Karsz, zamieszkały w Kowlu, ul. Komarow- ska Nr",1931-10-24,950b11c5-f06c-4b50-83d2-a725c68af89b,https://polona.pl/preview/950b11c5-f06c-4b50-83d2-a725c68af89b,1931-10-24_Obwieszczenia_Publiczne_dodatek_do_Dziennika_Urzędowego_Ministerstwa_Sprawiedliw_950b11c5-f06c-4b50-83d2-a725c68af89b.txt
Prejss Estera,drobna sprzedaż koszyków i powrozów,,,,,,,"„Prejss Estera"", drobna sprzedaż koszyków i powrozów w Kowlu, ul",1931-10-31,c247ce90-6aa2-46b3-b7cb-f497c3f2d167,https://polona.pl/preview/c247ce90-6aa2-46b3-b7cb-f497c3f2d167,1931-10-31_Obwieszczenia_Publiczne_dodatek_do_Dziennika_Urzędowego_Ministerstwa_Sprawiedliw_c247ce90-6aa2-46b3-b7cb-f497c3f2d167.txt
Fro m Mełamed,drobna sprzedaż resztek manufaktury ludowej,,,,,,,"„Fro m Mełamed"", drobna sprzedaż resztek manufaktury ludowej w Kowlu, ul",1931-10-31,c247ce90-6aa2-46b3-b7cb-f497c3f2d167,https://polona.pl/preview/c247ce90-6aa2-46b3-b7cb-f497c3f2d167,1931-10-31_Obwieszczenia_Publiczne_dodatek_do_Dziennika_Urzędowego_Ministerstwa_Sprawiedliw_c247ce90-6aa2-46b3-b7cb-f497c3f2d167.txt
Chaja Erłach,drobny handel obuwia i galanterji,,,,,,,"„Chaja Erłach"", drobny handel obuwia i galanterji w Kowlu",1931-10-31,c247ce90-6aa2-46b3-b7cb-f497c3f2d167,https://polona.pl/preview/c247ce90-6aa2-46b3-b7cb-f497c3f2d167,1931-10-31_Obwieszczenia_Publiczne_dodatek_do_Dziennika_Urzędowego_Ministerstwa_Sprawiedliw_c247ce90-6aa2-46b3-b7cb-f497c3f2d167.txt
Małka Zylber,drobny handel spożywczy,,,,,,,"„Małka Zylber"", drobny handel spożywczy w Kowlu, ul",1931-10-31,c247ce90-6aa2-46b3-b7cb-f497c3f2d167,https://polona.pl/preview/c247ce90-6aa2-46b3-b7cb-f497c3f2d167,1931-10-31_Obwieszczenia_Publiczne_dodatek_do_Dziennika_Urzędowego_Ministerstwa_Sprawiedliw_c247ce90-6aa2-46b3-b7cb-f497c3f2d167.txt
Anastazja Łuckiewicz,drobny handel spożywczy,,,,,,,"„Anastazja Łuckiewicz"", drobny handel spożywczy w Kowlu, ul",1931-10-31,c247ce90-6aa2-46b3-b7cb-f497c3f2d167,https://polona.pl/preview/c247ce90-6aa2-46b3-b7cb-f497c3f2d167,1931-10-31_Obwieszczenia_Publiczne_dodatek_do_Dziennika_Urzędowego_Ministerstwa_Sprawiedliw_c247ce90-6aa2-46b3-b7cb-f497c3f2d167.txt
Ruwin - Ber Oks,drobna sprzedaż mięsa,,,,,,,"„Ruwin - Ber Oks"", drobna sprzedaż mięsa w Kowlu, ul",1931-10-31,c247ce90-6aa2-46b3-b7cb-f497c3f2d167,https://polona.pl/preview/c247ce90-6aa2-46b3-b7cb-f497c3f2d167,1931-10-31_Obwieszczenia_Publiczne_dodatek_do_Dziennika_Urzędowego_Ministerstwa_Sprawiedliw_c247ce90-6aa2-46b3-b7cb-f497c3f2d167.txt
Oks Ghana - Sura,drobna sprzedaż mięsa,,,,,,,"„Oks Ghana - Sura"", drobna sprzedaż mięsa w Kowlu, ul",1931-10-31,c247ce90-6aa2-46b3-b7cb-f497c3f2d167,https://polona.pl/preview/c247ce90-6aa2-46b3-b7cb-f497c3f2d167,1931-10-31_Obwieszczenia_Publiczne_dodatek_do_Dziennika_Urzędowego_Ministerstwa_Sprawiedliw_c247ce90-6aa2-46b3-b7cb-f497c3f2d167.txt
Jankiel Gelbord,drobna sprzedaż naczyń drewnianych,,,,,,,"„Jankiel Gelbord"", drobna sprzedaż naczyń drewnianych w Kowlu, ul",1931-11-25,2a3c9ad2-6289-47aa-9ea8-65d9c0e444d2,https://polona.pl/preview/2a3c9ad2-6289-47aa-9ea8-65d9c0e444d2,1931-11-25_Obwieszczenia_Publiczne_dodatek_do_Dziennika_Urzędowego_Ministerstwa_Sprawiedliw_2a3c9ad2-6289-47aa-9ea8-65d9c0e444d2.txt
Nesia Fiszman,drobny handel spożywczy,,,,,,,"„Nesia Fiszman"", drobny handel spożywczy w Kowlu, ul",1931-11-25,2a3c9ad2-6289-47aa-9ea8-65d9c0e444d2,https://polona.pl/preview/2a3c9ad2-6289-47aa-9ea8-65d9c0e444d2,1931-11-25_Obwieszczenia_Publiczne_dodatek_do_Dziennika_Urzędowego_Ministerstwa_Sprawiedliw_2a3c9ad2-6289-47aa-9ea8-65d9c0e444d2.txt
Dyncia Finkielsztejn,drobny handel spożywczy,,,,,,,"„Dyncia Finkielsztejn"", drobny handel spożywczy w Kowlu, ul",1931-11-25,2a3c9ad2-6289-47aa-9ea8-65d9c0e444d2,https://polona.pl/preview/2a3c9ad2-6289-47aa-9ea8-65d9c0e444d2,1931-11-25_Obwieszczenia_Publiczne_dodatek_do_Dziennika_Urzędowego_Ministerstwa_Sprawiedliw_2a3c9ad2-6289-47aa-9ea8-65d9c0e444d2.txt
Brucha Frankfowicz,piw arnia,,,,,,,"„Brucha Frankfowicz"", piw arnia w Kowlu, ul",1931-11-25,2a3c9ad2-6289-47aa-9ea8-65d9c0e444d2,https://polona.pl/preview/2a3c9ad2-6289-47aa-9ea8-65d9c0e444d2,1931-11-25_Obwieszczenia_Publiczne_dodatek_do_Dziennika_Urzędowego_Ministerstwa_Sprawiedliw_2a3c9ad2-6289-47aa-9ea8-65d9c0e444d2.txt
Czyżyk Chaim - Wolf,drobny handel mięsem,,,,,,,"„Czyżyk Chaim - Wolf"", drobny handel mięsem w Kowlu, ul",1931-11-25,2a3c9ad2-6289-47aa-9ea8-65d9c0e444d2,https://polona.pl/preview/2a3c9ad2-6289-47aa-9ea8-65d9c0e444d2,1931-11-25_Obwieszczenia_Publiczne_dodatek_do_Dziennika_Urzędowego_Ministerstwa_Sprawiedliw_2a3c9ad2-6289-47aa-9ea8-65d9c0e444d2.txt
Masza vel Myszka Szwarcblat,drobny handel spożywczy i słodyczy,,,,,,,"„Masza vel Myszka Szwarcblat"", drobny handel spożywczy i słodyczy w Kowlu, ul",1931-11-25,2a3c9ad2-6289-47aa-9ea8-65d9c0e444d2,https://polona.pl/preview/2a3c9ad2-6289-47aa-9ea8-65d9c0e444d2,1931-11-25_Obwieszczenia_Publiczne_dodatek_do_Dziennika_Urzędowego_Ministerstwa_Sprawiedliw_2a3c9ad2-6289-47aa-9ea8-65d9c0e444d2.txt
Dwojra Brykman,drobny handel galanterji,Warszawska 146,,,,,,"„Dwojra Brykman“ — drobny handel galanterji w Kowlu, ul. Warszawska 146.",1931-11-25,3684b780-bf22-47ea-b29e-745508ce7596,https://polona.pl/preview/3684b780-bf22-47ea-b29e-745508ce7596,1931-11-25_Obwieszczenia_Publiczne_dodatek_do_Dziennika_Urzędowego_Ministerstwa_Sprawiedliw_3684b780-bf22-47ea-b29e-745508ce7596.txt
,,,,Hersz Bokser,J,,,"Hersz Bokser, zam. w Kowlu, przy ul. J",1931-11-28,8c0cd9ef-9d61-487e-a055-384703b3f0e7,https://polona.pl/preview/8c0cd9ef-9d61-487e-a055-384703b3f0e7,1931-11-28_Obwieszczenia_Publiczne_dodatek_do_Dziennika_Urzędowego_Ministerstwa_Sprawiedliw_8c0cd9ef-9d61-487e-a055-384703b3f0e7.txt
Marcin Herlen,"autobus kursujący Kowel — Mielnica Właściciel: Marcin Herlen, zamieszkały",,,,,,,"„Marcin Herlen“ — autobus kursujący Kowel — Mielnica Właściciel: Marcin Herlen, zamieszkały w Kowlu, ul",1931-12-09,7f3507fa-412f-4ff1-9c14-3d85ef3226cd,https://polona.pl/preview/7f3507fa-412f-4ff1-9c14-3d85ef3226cd,1931-12-09_Obwieszczenia_Publiczne_dodatek_do_Dziennika_Urzędowego_Ministerstwa_Sprawiedliw_7f3507fa-412f-4ff1-9c14-3d85ef3226cd.txt
Łukasz Trusiuk,skład apteczny,,,,,,,"„Łukasz Trusiuk"" — skład apteczny w Kowlu, ul",1931-12-09,7f3507fa-412f-4ff1-9c14-3d85ef3226cd,https://polona.pl/preview/7f3507fa-412f-4ff1-9c14-3d85ef3226cd,1931-12-09_Obwieszczenia_Publiczne_dodatek_do_Dziennika_Urzędowego_Ministerstwa_Sprawiedliw_7f3507fa-412f-4ff1-9c14-3d85ef3226cd.txt
Etla Golender,drobny handel spożywczy,,,,,,,"„Etla Golender"", drobny handel spożywczy w Kowlu, ul",1931-12-12,27af7d17-4159-4e2a-853c-4387283616b4,https://polona.pl/preview/27af7d17-4159-4e2a-853c-4387283616b4,1931-12-12_Obwieszczenia_Publiczne_dodatek_do_Dziennika_Urzędowego_Ministerstwa_Sprawiedliw_27af7d17-4159-4e2a-853c-4387283616b4.txt
Zemel Szmul,drobny handel spożywczy,,,,,,,"„Zemel Szmul"", drobny handel spożywczy w Kowlu, ul",1931-12-12,27af7d17-4159-4e2a-853c-4387283616b4,https://polona.pl/preview/27af7d17-4159-4e2a-853c-4387283616b4,1931-12-12_Obwieszczenia_Publiczne_dodatek_do_Dziennika_Urzędowego_Ministerstwa_Sprawiedliw_27af7d17-4159-4e2a-853c-4387283616b4.txt
Pejsach Zelcer,drobny handel żelaza,,,,,,,"„Pejsach Zelcer"", drobny handel żelaza w Kowlu, ul",1931-12-12,27af7d17-4159-4e2a-853c-4387283616b4,https://polona.pl/preview/27af7d17-4159-4e2a-853c-4387283616b4,1931-12-12_Obwieszczenia_Publiczne_dodatek_do_Dziennika_Urzędowego_Ministerstwa_Sprawiedliw_27af7d17-4159-4e2a-853c-4387283616b4.txt
Bluma Gori-n,drobny handel mięsem,,,,,,,"„Bluma Gori-n"", drobny handel mięsem w Kowlu, ul",1931-12-12,27af7d17-4159-4e2a-853c-4387283616b4,https://polona.pl/preview/27af7d17-4159-4e2a-853c-4387283616b4,1931-12-12_Obwieszczenia_Publiczne_dodatek_do_Dziennika_Urzędowego_Ministerstwa_Sprawiedliw_27af7d17-4159-4e2a-853c-4387283616b4.txt
,,,,Marja Stasiak,Mało-Gon- czarna 23,6942,,"Marja Stasiak, zam. w Kowlu, ul. Mało-Gon- czarna 23. 6942",1931-12-12,27af7d17-4159-4e2a-853c-4387283616b4,https://polona.pl/preview/27af7d17-4159-4e2a-853c-4387283616b4,1931-12-12_Obwieszczenia_Publiczne_dodatek_do_Dziennika_Urzędowego_Ministerstwa_Sprawiedliw_27af7d17-4159-4e2a-853c-4387283616b4.txt
Liba Pendzik,drobny handel spożywczy,,,,,,,"„Liba Pendzik"", drobny handel spożywczy w Kowlu, ul",1932-01-13,63c0c4d9-08b1-4b82-920b-ed4658d47f41,https://polona.pl/preview/63c0c4d9-08b1-4b82-920b-ed4658d47f41,1932-01-13_Obwieszczenia_Publiczne_dodatek_do_Dziennika_Urzędowego_Ministerstwa_Sprawiedliw_63c0c4d9-08b1-4b82-920b-ed4658d47f41.txt
,,,,Rywka Rak,Spr,,,"Rywka Rak, zamieszkała w Kowlu. Spr",1932-01-20,a8cda5ad-03a6-4bf1-a97b-d8978162ef2b,https://polona.pl/preview/a8cda5ad-03a6-4bf1-a97b-d8978162ef2b,1932-01-20_Obwieszczenia_Publiczne_dodatek_do_Dziennika_Urzędowego_Ministerstwa_Sprawiedliw_a8cda5ad-03a6-4bf1-a97b-d8978162ef2b.txt
Ruchla Pal,"drobny handel spożywczy, wody sodowej i owoców",,,,,,,"„Ruchla Pal"", drobny handel spożywczy, wody sodowej i owoców w Kowlu, ul",1932-02-17,831f4ade-6cdf-4647-989a-4c9761c1af64,https://polona.pl/preview/831f4ade-6cdf-4647-989a-4c9761c1af64,1932-02-17_Obwieszczenia_Publiczne_dodatek_do_Dziennika_Urzędowego_Ministerstwa_Sprawiedliw_831f4ade-6cdf-4647-989a-4c9761c1af64.txt
Roza Epsztejn po mężu Kardasz,"drobny handel galan- terji, ubrań ludowych i obuwia",,,,,,,"„Roza Epsztejn po mężu Kardasz"", drobny handel galan- terji, ubrań ludowych i obuwia w Kowlu, ul",1932-02-17,831f4ade-6cdf-4647-989a-4c9761c1af64,https://polona.pl/preview/831f4ade-6cdf-4647-989a-4c9761c1af64,1932-02-17_Obwieszczenia_Publiczne_dodatek_do_Dziennika_Urzędowego_Ministerstwa_Sprawiedliw_831f4ade-6cdf-4647-989a-4c9761c1af64.txt
Tyla Worcel,drobny handel żelaza,,,,,,,"„Tyla Worcel"", drobny handel żelaza w Kowlu, ul",1932-03-30,8ae835e5-592c-4e4b-8b09-46ecb59d07d3,https://polona.pl/preview/8ae835e5-592c-4e4b-8b09-46ecb59d07d3,1932-03-30_Obwieszczenia_Publiczne_dodatek_do_Dziennika_Urzędowego_Ministerstwa_Sprawiedliw_8ae835e5-592c-4e4b-8b09-46ecb59d07d3.txt
Rejza Cytryn,handel spożywczy i wata,Handlowa 33,,,,,,"„Rejza Cytryn"", handel spożywczy i wata w Kowlu, ul. Handlowa 33.",1932-03-30,8ae835e5-592c-4e4b-8b09-46ecb59d07d3,https://polona.pl/preview/8ae835e5-592c-4e4b-8b09-46ecb59d07d3,1932-03-30_Obwieszczenia_Publiczne_dodatek_do_Dziennika_Urzędowego_Ministerstwa_Sprawiedliw_8ae835e5-592c-4e4b-8b09-46ecb59d07d3.txt
Grzyb Zofja,piwiarnia i domowa sprzedaż papierosów,,,,,,,"„Grzyb Zofja"", piwiarnia i domowa sprzedaż papierosów w Kowlu, ul",1932-03-30,8ae835e5-592c-4e4b-8b09-46ecb59d07d3,https://polona.pl/preview/8ae835e5-592c-4e4b-8b09-46ecb59d07d3,1932-03-30_Obwieszczenia_Publiczne_dodatek_do_Dziennika_Urzędowego_Ministerstwa_Sprawiedliw_8ae835e5-592c-4e4b-8b09-46ecb59d07d3.txt
Pesia Wajner,drobny handel obuwia,,,,,,,"„Pesia Wajner"", drobny handel obuwia w Kowlu, ul",1932-03-30,8ae835e5-592c-4e4b-8b09-46ecb59d07d3,https://polona.pl/preview/8ae835e5-592c-4e4b-8b09-46ecb59d07d3,1932-03-30_Obwieszczenia_Publiczne_dodatek_do_Dziennika_Urzędowego_Ministerstwa_Sprawiedliw_8ae835e5-592c-4e4b-8b09-46ecb59d07d3.txt
Marja-Helena Czerwińska,piwiarnia i domowa sprzedaz papierosów,3,,,,,,"„Marja-Helena Czerwińska"", piwiarnia i domowa sprzedaz papierosów w Kowlu, ul. 3",1932-04-20,05120253-9d6a-4e67-ab8b-9bebf6564b4e,https://polona.pl/preview/05120253-9d6a-4e67-ab8b-9bebf6564b4e,1932-04-20_Obwieszczenia_Publiczne_dodatek_do_Dziennika_Urzędowego_Ministerstwa_Sprawiedliw_05120253-9d6a-4e67-ab8b-9bebf6564b4e.txt
Klejman Duwid,drobny handel żelaza,,,,,,,"„Klejman Duwid“, drobny handel żelaza w Kowlu, ul",1932-04-27,2b01651d-9b4a-4d2b-974d-643f1969b258,https://polona.pl/preview/2b01651d-9b4a-4d2b-974d-643f1969b258,1932-04-27_Obwieszczenia_Publiczne_dodatek_do_Dziennika_Urzędowego_Ministerstwa_Sprawiedliw_2b01651d-9b4a-4d2b-974d-643f1969b258.txt
Lejzor Grinberg,"drobny handel spożywczy, wędliny i słoniny",Szeroka 2,,,,,,"„Lejzor Grinberg"" — drobny handel spożywczy, wędliny i słoniny w Kowlu, ul. Szeroka 2.",1932-05-25,267a9e40-3596-44c0-a595-a8d9a881ce5b,https://polona.pl/preview/267a9e40-3596-44c0-a595-a8d9a881ce5b,1932-05-25_Obwieszczenia_Publiczne_dodatek_do_Dziennika_Urzędowego_Ministerstwa_Sprawiedliw_267a9e40-3596-44c0-a595-a8d9a881ce5b.txt
Geller Szloma,drobny handel manufaktury ludowej,,,,,,,"„Geller Szloma"" — drobny handel manufaktury ludowej, w Kowlu, ul",1932-05-25,267a9e40-3596-44c0-a595-a8d9a881ce5b,https://polona.pl/preview/267a9e40-3596-44c0-a595-a8d9a881ce5b,1932-05-25_Obwieszczenia_Publiczne_dodatek_do_Dziennika_Urzędowego_Ministerstwa_Sprawiedliw_267a9e40-3596-44c0-a595-a8d9a881ce5b.txt
Kłonicka Estera Bejła,księgarnia i drobna sprzedaż materjałów piśmiennych,,,,,,,"„Kłonicka Estera Bejła"" — księgarnia i drobna sprzedaż materjałów piśmiennych w Kowlu, ul",1932-05-25,267a9e40-3596-44c0-a595-a8d9a881ce5b,https://polona.pl/preview/267a9e40-3596-44c0-a595-a8d9a881ce5b,1932-05-25_Obwieszczenia_Publiczne_dodatek_do_Dziennika_Urzędowego_Ministerstwa_Sprawiedliw_267a9e40-3596-44c0-a595-a8d9a881ce5b.txt
,,,,Ghana Pomeranc,"Spółka zawarta na czas nieograniczony, n",,,"Ghana Pomeranc, zamieszkali w Kowlu. Spółka zawarta na czas nieograniczony, n",1932-05-28,97b9f7dc-36d2-45cf-acc9-4694b014f588,https://polona.pl/preview/97b9f7dc-36d2-45cf-acc9-4694b014f588,1932-05-28_Obwieszczenia_Publiczne_dodatek_do_Dziennika_Urzędowego_Ministerstwa_Sprawiedliw_97b9f7dc-36d2-45cf-acc9-4694b014f588.txt
Szejndla Ajzen,drobny handel spożywczy,,,,,,,"„Szejndla Ajzen"", drobny handel spożywczy w Kowlu, ul",1932-06-18,b88ba794-781a-47dc-b193-8797d6082c01,https://polona.pl/preview/b88ba794-781a-47dc-b193-8797d6082c01,1932-06-18_Obwieszczenia_Publiczne_dodatek_do_Dziennika_Urzędowego_Ministerstwa_Sprawiedliw_b88ba794-781a-47dc-b193-8797d6082c01.txt
Szifer Szejndla,cukiernia,"Warszawska 42, woj",,,,,,"„Szifer Szejndla"", cukiernia w Kowlu, ul. Warszawska 42, woj",1932-06-18,b88ba794-781a-47dc-b193-8797d6082c01,https://polona.pl/preview/b88ba794-781a-47dc-b193-8797d6082c01,1932-06-18_Obwieszczenia_Publiczne_dodatek_do_Dziennika_Urzędowego_Ministerstwa_Sprawiedliw_b88ba794-781a-47dc-b193-8797d6082c01.txt
Murik Lejbisz,handel spożywczy,,,,,,,"„Murik Lejbisz"", handel spożywczy w Kowlu, ul",1932-06-18,b88ba794-781a-47dc-b193-8797d6082c01,https://polona.pl/preview/b88ba794-781a-47dc-b193-8797d6082c01,1932-06-18_Obwieszczenia_Publiczne_dodatek_do_Dziennika_Urzędowego_Ministerstwa_Sprawiedliw_b88ba794-781a-47dc-b193-8797d6082c01.txt
Lejzor Grinberg,drobny handel spożywczy wędliny i słoniny,Szeroka 2,,,,,,"„Lejzor Grinberg"" - drobny handel spożywczy wędliny i słoniny w Kowlu, ul. Szeroka 2.",1932-07-02,0eb96528-540c-46b0-a25d-7a131c98e419,https://polona.pl/preview/0eb96528-540c-46b0-a25d-7a131c98e419,1932-07-02_Obwieszczenia_Publiczne_dodatek_do_Dziennika_Urzędowego_Ministerstwa_Sprawiedliw_0eb96528-540c-46b0-a25d-7a131c98e419.txt
Geller Szloma,drobny handel manufaktury ludowej,,,,,,,"„Geller Szloma"" — drobny handel manufaktury ludowej w Kowlu, ul",1932-07-02,0eb96528-540c-46b0-a25d-7a131c98e419,https://polona.pl/preview/0eb96528-540c-46b0-a25d-7a131c98e419,1932-07-02_Obwieszczenia_Publiczne_dodatek_do_Dziennika_Urzędowego_Ministerstwa_Sprawiedliw_0eb96528-540c-46b0-a25d-7a131c98e419.txt
Kłonicka Estera Bejła,księgarnia i drobna sprzedaż materjałów piśmiennych,Kolejowa 2,,,,,,"„Kłonicka Estera Bejła"" — księgarnia i drobna sprzedaż materjałów piśmiennych w Kowlu, ul. Kolejowa 2.",1932-07-02,0eb96528-540c-46b0-a25d-7a131c98e419,https://polona.pl/preview/0eb96528-540c-46b0-a25d-7a131c98e419,1932-07-02_Obwieszczenia_Publiczne_dodatek_do_Dziennika_Urzędowego_Ministerstwa_Sprawiedliw_0eb96528-540c-46b0-a25d-7a131c98e419.txt
Włodzimierz Ciechoński,skup trzody chlewnej,,,,,,,"„Włodzimierz Ciechoński"", skup trzody chlewnej w Kowlu",1932-10-26,e535e9e2-0984-4a5e-90a2-00e2d3cefbce,https://polona.pl/preview/e535e9e2-0984-4a5e-90a2-00e2d3cefbce,1932-10-26_Obwieszczenia_Publiczne_dodatek_do_Dziennika_Urzędowego_Ministerstwa_Sprawiedliw_e535e9e2-0984-4a5e-90a2-00e2d3cefbce.txt
"7171. ,,Ruchla Goldberg",drobny handel gotowych ubrań,,,,,,,"„ , 7171. ,,Ruchla Goldberg"", drobny handel gotowych ubrań w Kowlu, ul",1932-10-26,e535e9e2-0984-4a5e-90a2-00e2d3cefbce,https://polona.pl/preview/e535e9e2-0984-4a5e-90a2-00e2d3cefbce,1932-10-26_Obwieszczenia_Publiczne_dodatek_do_Dziennika_Urzędowego_Ministerstwa_Sprawiedliw_e535e9e2-0984-4a5e-90a2-00e2d3cefbce.txt
Moszko Dancigier,detaliczna sprzedaż cukru,,,,,,,"„Moszko Dancigier"", detaliczna sprzedaż cukru w Kowlu, ul",1932-10-26,e535e9e2-0984-4a5e-90a2-00e2d3cefbce,https://polona.pl/preview/e535e9e2-0984-4a5e-90a2-00e2d3cefbce,1932-10-26_Obwieszczenia_Publiczne_dodatek_do_Dziennika_Urzędowego_Ministerstwa_Sprawiedliw_e535e9e2-0984-4a5e-90a2-00e2d3cefbce.txt
Basia Ejnoch,detaliczny handel towarów spożywczych,,,,,,,"„Basia Ejnoch"", detaliczny handel towarów spożywczych w Kowlu, ul",1932-10-26,e535e9e2-0984-4a5e-90a2-00e2d3cefbce,https://polona.pl/preview/e535e9e2-0984-4a5e-90a2-00e2d3cefbce,1932-10-26_Obwieszczenia_Publiczne_dodatek_do_Dziennika_Urzędowego_Ministerstwa_Sprawiedliw_e535e9e2-0984-4a5e-90a2-00e2d3cefbce.txt
Mejer i Ester- Chana Pomeranc,"Towarzystwo Przemysłowo - Leśne „Sosnadąb""",,,,,,,"„Mejer i Ester- Chana Pomeranc"", Towarzystwo Przemysłowo - Leśne „Sosnadąb"" w Kowlu",1932-11-02,4ad53025-efb8-4822-9948-09b4f2910797,https://polona.pl/preview/4ad53025-efb8-4822-9948-09b4f2910797,1932-11-02_Obwieszczenia_Publiczne_dodatek_do_Dziennika_Urzędowego_Ministerstwa_Sprawiedliw_4ad53025-efb8-4822-9948-09b4f2910797.txt
Mejer i Ester-Chana Pomeranc,"spółka firmowa pod nazwą „Towarzystwo Przemysłowo-Leśne „Sosnadąb""","""",,,,,,"„Mejer i Ester-Chana Pomeranc"", spółka firmowa pod nazwą „Towarzystwo Przemysłowo-Leśne „Sosnadąb"" w Kowlu""",1932-11-02,4ad53025-efb8-4822-9948-09b4f2910797,https://polona.pl/preview/4ad53025-efb8-4822-9948-09b4f2910797,1932-11-02_Obwieszczenia_Publiczne_dodatek_do_Dziennika_Urzędowego_Ministerstwa_Sprawiedliw_4ad53025-efb8-4822-9948-09b4f2910797.txt
Etla Aleksenberg,drobny handel spoz^czy,3 Maja 12,,,,,,"„Etla Aleksenberg"" — drobny handel spoz^czy w Kowlu, ul 3 Maja 12.",1932-11-12,76fa41b1-da18-4b87-97e4-0616f6d72c59,https://polona.pl/preview/76fa41b1-da18-4b87-97e4-0616f6d72c59,1932-11-12_Obwieszczenia_Publiczne_dodatek_do_Dziennika_Urzędowego_Ministerstwa_Sprawiedliw_76fa41b1-da18-4b87-97e4-0616f6d72c59.txt
Aleksander Bielaszewski,"drobna sprzedaż wyrobów ty toniowych, znaczków stemplowych i weksli",,,,,,,"„Aleksander Bielaszewski"", drobna sprzedaż wyrobów ty toniowych, znaczków stemplowych i weksli w Kowlu",1932-11-12,76fa41b1-da18-4b87-97e4-0616f6d72c59,https://polona.pl/preview/76fa41b1-da18-4b87-97e4-0616f6d72c59,1932-11-12_Obwieszczenia_Publiczne_dodatek_do_Dziennika_Urzędowego_Ministerstwa_Sprawiedliw_76fa41b1-da18-4b87-97e4-0616f6d72c59.txt
Curi Necha,sklep galanteryjny,Rynek 17,,,,,,"„Curi Necha"", sklep galanteryjny w Kowlu, ul. Rynek 17.",1932-11-12,76fa41b1-da18-4b87-97e4-0616f6d72c59,https://polona.pl/preview/76fa41b1-da18-4b87-97e4-0616f6d72c59,1932-11-12_Obwieszczenia_Publiczne_dodatek_do_Dziennika_Urzędowego_Ministerstwa_Sprawiedliw_76fa41b1-da18-4b87-97e4-0616f6d72c59.txt
Ides Werba,drobny handel manufaktury ludowej,Warszawska 132,,,,,,"„Ides Werba"", drobny handel manufaktury ludowej w Kowlu, ul. Warszawska 132.",1932-11-12,76fa41b1-da18-4b87-97e4-0616f6d72c59,https://polona.pl/preview/76fa41b1-da18-4b87-97e4-0616f6d72c59,1932-11-12_Obwieszczenia_Publiczne_dodatek_do_Dziennika_Urzędowego_Ministerstwa_Sprawiedliw_76fa41b1-da18-4b87-97e4-0616f6d72c59.txt
Estera Pereł,drobny handel spożywczy,,,,,,,"„Estera Pereł"", drobny handel spożywczy w Kowlu, ul",1932-11-12,76fa41b1-da18-4b87-97e4-0616f6d72c59,https://polona.pl/preview/76fa41b1-da18-4b87-97e4-0616f6d72c59,1932-11-12_Obwieszczenia_Publiczne_dodatek_do_Dziennika_Urzędowego_Ministerstwa_Sprawiedliw_76fa41b1-da18-4b87-97e4-0616f6d72c59.txt
Mordko Erlichgerecht,"dostawa artykułów spożywczych, mięsa i paszy dla wojska",woj,,,,,,"„Mordko Erlichgerecht"", dostawa artykułów spożywczych, mięsa i paszy dla wojska w Kowlu, woj",1932-11-12,76fa41b1-da18-4b87-97e4-0616f6d72c59,https://polona.pl/preview/76fa41b1-da18-4b87-97e4-0616f6d72c59,1932-11-12_Obwieszczenia_Publiczne_dodatek_do_Dziennika_Urzędowego_Ministerstwa_Sprawiedliw_76fa41b1-da18-4b87-97e4-0616f6d72c59.txt
Paulina Zołotarowa,drobny handel wyrobami tytomo- wemi,Warszawska 184,,,,,,"„Paulina Zołotarowa"", drobny handel wyrobami tytomo- wemi w Kowlu, ul. Warszawska 184.",1932-11-12,76fa41b1-da18-4b87-97e4-0616f6d72c59,https://polona.pl/preview/76fa41b1-da18-4b87-97e4-0616f6d72c59,1932-11-12_Obwieszczenia_Publiczne_dodatek_do_Dziennika_Urzędowego_Ministerstwa_Sprawiedliw_76fa41b1-da18-4b87-97e4-0616f6d72c59.txt
Leja Grynberg,drobna sprzedaż materjałów budowla nych leśnych,Królowej-Bony,,,,,,"„Leja Grynberg"", drobna sprzedaż materjałów budowla nych leśnych w Kowlu, ul. Królowej-Bony.",1932-11-12,76fa41b1-da18-4b87-97e4-0616f6d72c59,https://polona.pl/preview/76fa41b1-da18-4b87-97e4-0616f6d72c59,1932-11-12_Obwieszczenia_Publiczne_dodatek_do_Dziennika_Urzędowego_Ministerstwa_Sprawiedliw_76fa41b1-da18-4b87-97e4-0616f6d72c59.txt
Tabach Sura,drobny handel galanterji,ui,,,,,,"„Tabach Sura“, drobny handel galanterji w Kowlu, ui",1932-11-12,76fa41b1-da18-4b87-97e4-0616f6d72c59,https://polona.pl/preview/76fa41b1-da18-4b87-97e4-0616f6d72c59,1932-11-12_Obwieszczenia_Publiczne_dodatek_do_Dziennika_Urzędowego_Ministerstwa_Sprawiedliw_76fa41b1-da18-4b87-97e4-0616f6d72c59.txt
Chaja Wydra,skup skór surowych,,,,,,,"„Chaja Wydra“, skup skór surowych w Kowlu, ul",1932-11-12,76fa41b1-da18-4b87-97e4-0616f6d72c59,https://polona.pl/preview/76fa41b1-da18-4b87-97e4-0616f6d72c59,1932-11-12_Obwieszczenia_Publiczne_dodatek_do_Dziennika_Urzędowego_Ministerstwa_Sprawiedliw_76fa41b1-da18-4b87-97e4-0616f6d72c59.txt
Czarna Kojfman,drobny handel spożywczy,*1,,,,,,"„Czarna Kojfman"" — drobny handel spożywczy w Kowlu, *1",1932-11-16,567edeb6-b876-434a-a64f-47f9d0da784e,https://polona.pl/preview/567edeb6-b876-434a-a64f-47f9d0da784e,1932-11-16_Obwieszczenia_Publiczne_dodatek_do_Dziennika_Urzędowego_Ministerstwa_Sprawiedliw_567edeb6-b876-434a-a64f-47f9d0da784e.txt
Izrael Zubkis,drobny handel naczyn i szkła,Warszawska 161,,,,,,"„Izrael Zubkis"" — drobny handel naczyn i szkła w Kowlu, ul Warszawska 161.",1932-11-16,567edeb6-b876-434a-a64f-47f9d0da784e,https://polona.pl/preview/567edeb6-b876-434a-a64f-47f9d0da784e,1932-11-16_Obwieszczenia_Publiczne_dodatek_do_Dziennika_Urzędowego_Ministerstwa_Sprawiedliw_567edeb6-b876-434a-a64f-47f9d0da784e.txt
Mejkler Ćhaja-Dwojra,drobny handel spożywczy i zboża,,,,,,,"„Mejkler Ćhaja-Dwojra"" — drobny handel spożywczy i zboża w Kowlu, ul",1932-11-16,567edeb6-b876-434a-a64f-47f9d0da784e,https://polona.pl/preview/567edeb6-b876-434a-a64f-47f9d0da784e,1932-11-16_Obwieszczenia_Publiczne_dodatek_do_Dziennika_Urzędowego_Ministerstwa_Sprawiedliw_567edeb6-b876-434a-a64f-47f9d0da784e.txt
Raby Ruchla,piwiarnia,Listopadowa 91,,,,,,"„Raby Ruchla"" — piwiarnia w Kowlu, ul. Listopadowa 91.",1932-11-19,3a19645e-cf9c-4bdb-bd60-e788df72aa01,https://polona.pl/preview/3a19645e-cf9c-4bdb-bd60-e788df72aa01,1932-11-19_Obwieszczenia_Publiczne_dodatek_do_Dziennika_Urzędowego_Ministerstwa_Sprawiedliw_3a19645e-cf9c-4bdb-bd60-e788df72aa01.txt
Tauba Taksa,drobna sprzedaż artykułów spożywczych i zboża,,,,,,,"„Tauba Taksa"" — drobna sprzedaż artykułów spożywczych i zboża w Kowlu, ul",1932-11-19,3a19645e-cf9c-4bdb-bd60-e788df72aa01,https://polona.pl/preview/3a19645e-cf9c-4bdb-bd60-e788df72aa01,1932-11-19_Obwieszczenia_Publiczne_dodatek_do_Dziennika_Urzędowego_Ministerstwa_Sprawiedliw_3a19645e-cf9c-4bdb-bd60-e788df72aa01.txt
Dina Bronsztejn,"piwiarnia, zakąski i domowa sprze daż papierosów",,,,,,,"„Dina Bronsztejn"" — piwiarnia, zakąski i domowa sprze daż papierosów w Kowlu, ul",1932-11-19,3a19645e-cf9c-4bdb-bd60-e788df72aa01,https://polona.pl/preview/3a19645e-cf9c-4bdb-bd60-e788df72aa01,1932-11-19_Obwieszczenia_Publiczne_dodatek_do_Dziennika_Urzędowego_Ministerstwa_Sprawiedliw_3a19645e-cf9c-4bdb-bd60-e788df72aa01.txt
Szulim Szapiro,drobny handel skór i przyborów sze wskich,,,,,,,"„Szulim Szapiro"" — drobny handel skór i przyborów sze wskich w Kowlu, ul",1932-11-19,3a19645e-cf9c-4bdb-bd60-e788df72aa01,https://polona.pl/preview/3a19645e-cf9c-4bdb-bd60-e788df72aa01,1932-11-19_Obwieszczenia_Publiczne_dodatek_do_Dziennika_Urzędowego_Ministerstwa_Sprawiedliw_3a19645e-cf9c-4bdb-bd60-e788df72aa01.txt
Rejzla Kirżner vel Litwaik,"handel żelazem pod firmą „Żelazo-Okucie""",,,,,,,"„Rejzla Kirżner vel Litwaik"", handel żelazem pod firmą „Żelazo-Okucie"" w Kowlu, ul",1933-01-21,c7f5a7b7-0b28-49e5-af96-012225e365d0,https://polona.pl/preview/c7f5a7b7-0b28-49e5-af96-012225e365d0,1933-01-21_Obwieszczenia_Publiczne_dodatek_do_Dziennika_Urzędowego_Ministerstwa_Sprawiedliw_c7f5a7b7-0b28-49e5-af96-012225e365d0.txt
Jenta Goldberg,drobny handel manufaktury,Warszawska 14,,,,,,"„Jenta Goldberg"", drobny handel manufaktury w Kowlu, ul. Warszawska 14,",1933-01-21,c7f5a7b7-0b28-49e5-af96-012225e365d0,https://polona.pl/preview/c7f5a7b7-0b28-49e5-af96-012225e365d0,1933-01-21_Obwieszczenia_Publiczne_dodatek_do_Dziennika_Urzędowego_Ministerstwa_Sprawiedliw_c7f5a7b7-0b28-49e5-af96-012225e365d0.txt
Isumer Wajc,drobny handel spożywczy,"Kolejowa, Nr",,,,,,"„Isumer Wajc"" — drobny handel spożywczy w Kowlu, ul. Kolejowa, Nr",1933-01-21,c7f5a7b7-0b28-49e5-af96-012225e365d0,https://polona.pl/preview/c7f5a7b7-0b28-49e5-af96-012225e365d0,1933-01-21_Obwieszczenia_Publiczne_dodatek_do_Dziennika_Urzędowego_Ministerstwa_Sprawiedliw_c7f5a7b7-0b28-49e5-af96-012225e365d0.txt
Szenkier Ruchla-Leja,drobna sprzedaż gotowych ubrań ludowych,Warszawska 134,,,,,,"„Szenkier Ruchla-Leja“ — drobna sprzedaż gotowych ubrań ludowych w Kowlu, ul. Warszawska 134.",1933-01-21,c7f5a7b7-0b28-49e5-af96-012225e365d0,https://polona.pl/preview/c7f5a7b7-0b28-49e5-af96-012225e365d0,1933-01-21_Obwieszczenia_Publiczne_dodatek_do_Dziennika_Urzędowego_Ministerstwa_Sprawiedliw_c7f5a7b7-0b28-49e5-af96-012225e365d0.txt
Cywja Fiszel,drobna sprzedaż naczyń drewnianych,,,,,,,"„Cywja Fiszel"" — drobna sprzedaż naczyń drewnianych w Kowlu, ul",1933-01-21,c7f5a7b7-0b28-49e5-af96-012225e365d0,https://polona.pl/preview/c7f5a7b7-0b28-49e5-af96-012225e365d0,1933-01-21_Obwieszczenia_Publiczne_dodatek_do_Dziennika_Urzędowego_Ministerstwa_Sprawiedliw_c7f5a7b7-0b28-49e5-af96-012225e365d0.txt
Marja Mianowska,"drobny handel artykułów tytonio wych, wódek i artykułów spożywczych",Kołodnicka 6,,,,,,"„Marja Mianowska"", drobny handel artykułów tytonio wych, wódek i artykułów spożywczych w Kowlu, ul. Kołodnicka 6.",1933-03-04,d245ac1c-a12b-4980-b1f2-2a09980f9f39,https://polona.pl/preview/d245ac1c-a12b-4980-b1f2-2a09980f9f39,1933-03-04_Obwieszczenia_Publiczne_dodatek_do_Dziennika_Urzędowego_Ministerstwa_Sprawiedliw_d245ac1c-a12b-4980-b1f2-2a09980f9f39.txt
Szyja-Chaim Tchor,drobny^ handel drzewa opałowego i budowlanego,,,,,,,"„Szyja-Chaim Tchor"", drobny^ handel drzewa opałowego i budowlanego w Kowlu, ul",1933-03-04,d245ac1c-a12b-4980-b1f2-2a09980f9f39,https://polona.pl/preview/d245ac1c-a12b-4980-b1f2-2a09980f9f39,1933-03-04_Obwieszczenia_Publiczne_dodatek_do_Dziennika_Urzędowego_Ministerstwa_Sprawiedliw_d245ac1c-a12b-4980-b1f2-2a09980f9f39.txt
Mojsze-Duwid Jakira,"handel żelaza pod firmą „Wy roby żelazne""",,,,,,,"„Mojsze-Duwid Jakira"" — handel żelaza pod firmą „Wy roby żelazne"" w Kowlu, ul",1933-03-18,40ad6db6-94f8-4f56-bf3d-74b5fdcd5c8f,https://polona.pl/preview/40ad6db6-94f8-4f56-bf3d-74b5fdcd5c8f,1933-03-18_Obwieszczenia_Publiczne_dodatek_do_Dziennika_Urzędowego_Ministerstwa_Sprawiedliw_40ad6db6-94f8-4f56-bf3d-74b5fdcd5c8f.txt
Hersz Blucher,drobna sprzedaż galanterji i manufak tury ludowej,,,,,,,"„Hersz Blucher"" — drobna sprzedaż galanterji i manufak tury ludowej w Kowlu, ul",1933-03-18,40ad6db6-94f8-4f56-bf3d-74b5fdcd5c8f,https://polona.pl/preview/40ad6db6-94f8-4f56-bf3d-74b5fdcd5c8f,1933-03-18_Obwieszczenia_Publiczne_dodatek_do_Dziennika_Urzędowego_Ministerstwa_Sprawiedliw_40ad6db6-94f8-4f56-bf3d-74b5fdcd5c8f.txt
Plutecka Stefanja,sklep spożywczy,,,,,,,"„Plutecka Stefanja“ — sklep spożywczy w Kowlu, ul",1933-03-18,40ad6db6-94f8-4f56-bf3d-74b5fdcd5c8f,https://polona.pl/preview/40ad6db6-94f8-4f56-bf3d-74b5fdcd5c8f,1933-03-18_Obwieszczenia_Publiczne_dodatek_do_Dziennika_Urzędowego_Ministerstwa_Sprawiedliw_40ad6db6-94f8-4f56-bf3d-74b5fdcd5c8f.txt
Rywka Bronfeld,drobny handel spożywczy,,,,,,,"„Rywka Bronfeld"", drobny handel spożywczy w Kowlu, ul",1933-03-18,40ad6db6-94f8-4f56-bf3d-74b5fdcd5c8f,https://polona.pl/preview/40ad6db6-94f8-4f56-bf3d-74b5fdcd5c8f,1933-03-18_Obwieszczenia_Publiczne_dodatek_do_Dziennika_Urzędowego_Ministerstwa_Sprawiedliw_40ad6db6-94f8-4f56-bf3d-74b5fdcd5c8f.txt
Fridlender Chaja-Leja,skład apteczny,,,,,,,"„Fridlender Chaja-Leja"", skład apteczny w Kowlu, ul",1933-03-18,40ad6db6-94f8-4f56-bf3d-74b5fdcd5c8f,https://polona.pl/preview/40ad6db6-94f8-4f56-bf3d-74b5fdcd5c8f,1933-03-18_Obwieszczenia_Publiczne_dodatek_do_Dziennika_Urzędowego_Ministerstwa_Sprawiedliw_40ad6db6-94f8-4f56-bf3d-74b5fdcd5c8f.txt
Demetij Tarasiewicz,drobny handel wyrobów masar skich i mięsa,Sienkiewicza 25,,,,,,"„Demetij Tarasiewicz"", drobny handel wyrobów masar skich i mięsa w Kowlu, ul. Sienkiewicza 25.",1933-03-18,40ad6db6-94f8-4f56-bf3d-74b5fdcd5c8f,https://polona.pl/preview/40ad6db6-94f8-4f56-bf3d-74b5fdcd5c8f,1933-03-18_Obwieszczenia_Publiczne_dodatek_do_Dziennika_Urzędowego_Ministerstwa_Sprawiedliw_40ad6db6-94f8-4f56-bf3d-74b5fdcd5c8f.txt
Icko Marder,drobny handel żelaza,,,,,,,"„Icko Marder"", drobny handel żelaza w Kowlu, ul",1933-03-18,40ad6db6-94f8-4f56-bf3d-74b5fdcd5c8f,https://polona.pl/preview/40ad6db6-94f8-4f56-bf3d-74b5fdcd5c8f,1933-03-18_Obwieszczenia_Publiczne_dodatek_do_Dziennika_Urzędowego_Ministerstwa_Sprawiedliw_40ad6db6-94f8-4f56-bf3d-74b5fdcd5c8f.txt
Boruch-Awrum Grynblat,"handel przyborów elektrycz nych, radjowych, naczynia i lamp",Warszawska 12 i 57,,,,,,"„Boruch-Awrum Grynblat"", handel przyborów elektrycz nych, radjowych, naczynia i lamp w Kowlu, ul. Warszawska 12 i 57.",1933-06-10,361caa37-a56b-4e67-8e96-7f17ef1630af,https://polona.pl/preview/361caa37-a56b-4e67-8e96-7f17ef1630af,1933-06-10_Obwieszczenia_Publiczne_dodatek_do_Dziennika_Urzędowego_Ministerstwa_Sprawiedliw_361caa37-a56b-4e67-8e96-7f17ef1630af.txt
Szmul-Lejba Wajsbrot,hurtowy skład piwa,Warszawska 112-a,,,,,,"„Szmul-Lejba Wajsbrot"", hurtowy skład piwa w Kowlu, ul. Warszawska 112-a.",1933-06-10,361caa37-a56b-4e67-8e96-7f17ef1630af,https://polona.pl/preview/361caa37-a56b-4e67-8e96-7f17ef1630af,1933-06-10_Obwieszczenia_Publiczne_dodatek_do_Dziennika_Urzędowego_Ministerstwa_Sprawiedliw_361caa37-a56b-4e67-8e96-7f17ef1630af.txt
Chaim Frejd,przedsiębiorstwo budowlane,,,,,,,"„Chaim Frejd"" — przedsiębiorstwo budowlane w Kowlu, ul",1933-07-22,2d076744-3b0a-431a-a326-de2c7b905378,https://polona.pl/preview/2d076744-3b0a-431a-a326-de2c7b905378,1933-07-22_Obwieszczenia_Publiczne_dodatek_do_Dziennika_Urzędowego_Ministerstwa_Sprawiedliw_2d076744-3b0a-431a-a326-de2c7b905378.txt
Szamszen - Lejzor Lerner,drobna sprzedaż artykułów spożywczych i kolonjalnych,Warszawska 53,,,,,,"„Szamszen - Lejzor Lerner"", drobna sprzedaż artykułów spożywczych i kolonjalnych w Kowlu, ul. Warszawska 53.",1933-08-09,f0a4b3a1-b9a6-46f7-8215-27dfcfe9ba3b,https://polona.pl/preview/f0a4b3a1-b9a6-46f7-8215-27dfcfe9ba3b,1933-08-09_Obwieszczenia_Publiczne_dodatek_do_Dziennika_Urzędowego_Ministerstwa_Sprawiedliw_f0a4b3a1-b9a6-46f7-8215-27dfcfe9ba3b.txt
Teresa-Franciszka Nagucka,drobny handel galanterji,Warszawska 29,,,,,,"„Teresa-Franciszka Nagucka"", drobny handel galanterji w Kowlu, ul. Warszawska 29.",1933-08-09,f0a4b3a1-b9a6-46f7-8215-27dfcfe9ba3b,https://polona.pl/preview/f0a4b3a1-b9a6-46f7-8215-27dfcfe9ba3b,1933-08-09_Obwieszczenia_Publiczne_dodatek_do_Dziennika_Urzędowego_Ministerstwa_Sprawiedliw_f0a4b3a1-b9a6-46f7-8215-27dfcfe9ba3b.txt
Lerner Bejła,drobny handel spożvwczy,,,,,,,"„Lerner Bejła"", drobny handel spożvwczy w Kowlu, ul",1933-12-16,d9a8aa3b-9bf1-4bf2-a356-14234173ac0c,https://polona.pl/preview/d9a8aa3b-9bf1-4bf2-a356-14234173ac0c,1933-12-16_Obwieszczenia_Publiczne_dodatek_do_Dziennika_Urzędowego_Ministerstwa_Sprawiedliw_d9a8aa3b-9bf1-4bf2-a356-14234173ac0c.txt
Nojen Szaroszewski,piwiarnia i domowa sprzedaż pa pierosów,,,,,,,"„Nojen Szaroszewski"", piwiarnia i domowa sprzedaż pa pierosów w Kowlu, ul",1933-12-16,d9a8aa3b-9bf1-4bf2-a356-14234173ac0c,https://polona.pl/preview/d9a8aa3b-9bf1-4bf2-a356-14234173ac0c,1933-12-16_Obwieszczenia_Publiczne_dodatek_do_Dziennika_Urzędowego_Ministerstwa_Sprawiedliw_d9a8aa3b-9bf1-4bf2-a356-14234173ac0c.txt
Krupiński Jan,"handel bronią, amunicją, przyborami my- śliwskiemi",Warszawska 22,,,,,,"„Krupiński Jan"", handel bronią, amunicją, przyborami my- śliwskiemi w Kowlu, ul. Warszawska 22.",1933-12-16,d9a8aa3b-9bf1-4bf2-a356-14234173ac0c,https://polona.pl/preview/d9a8aa3b-9bf1-4bf2-a356-14234173ac0c,1933-12-16_Obwieszczenia_Publiczne_dodatek_do_Dziennika_Urzędowego_Ministerstwa_Sprawiedliw_d9a8aa3b-9bf1-4bf2-a356-14234173ac0c.txt
Wacław Głouszek,drobny handel spożywczy,Bilińska 3,,,,,,"„Wacław Głouszek"", drobny handel spożywczy w Kowlu, ul. Bilińska 3.",1933-12-16,d9a8aa3b-9bf1-4bf2-a356-14234173ac0c,https://polona.pl/preview/d9a8aa3b-9bf1-4bf2-a356-14234173ac0c,1933-12-16_Obwieszczenia_Publiczne_dodatek_do_Dziennika_Urzędowego_Ministerstwa_Sprawiedliw_d9a8aa3b-9bf1-4bf2-a356-14234173ac0c.txt
Sztejnberg Jakób,drobny handel drożdży,,,,,,,"„Sztejnberg Jakób"", drobny handel drożdży w Kowlu, ul",1933-12-16,d9a8aa3b-9bf1-4bf2-a356-14234173ac0c,https://polona.pl/preview/d9a8aa3b-9bf1-4bf2-a356-14234173ac0c,1933-12-16_Obwieszczenia_Publiczne_dodatek_do_Dziennika_Urzędowego_Ministerstwa_Sprawiedliw_d9a8aa3b-9bf1-4bf2-a356-14234173ac0c.txt
Szejnbaum Małka,drobny handel drożdżami,,,,,,,"„Szejnbaum Małka"", drobny handel drożdżami w Kowlu, ul",1933-12-16,d9a8aa3b-9bf1-4bf2-a356-14234173ac0c,https://polona.pl/preview/d9a8aa3b-9bf1-4bf2-a356-14234173ac0c,1933-12-16_Obwieszczenia_Publiczne_dodatek_do_Dziennika_Urzędowego_Ministerstwa_Sprawiedliw_d9a8aa3b-9bf1-4bf2-a356-14234173ac0c.txt
Józef Nawrot,bufet III klasy,,,,,,,"„Józef Nawrot"", bufet III klasy w Kowlu",1933-12-16,d9a8aa3b-9bf1-4bf2-a356-14234173ac0c,https://polona.pl/preview/d9a8aa3b-9bf1-4bf2-a356-14234173ac0c,1933-12-16_Obwieszczenia_Publiczne_dodatek_do_Dziennika_Urzędowego_Ministerstwa_Sprawiedliw_d9a8aa3b-9bf1-4bf2-a356-14234173ac0c.txt
Erlichgerecht Asna,drobny handel przetworów zbożo wych,Rynek 13,,,,,,"„Erlichgerecht Asna"", drobny handel przetworów zbożo wych w Kowlu, ul. Rynek 13.",1933-12-16,d9a8aa3b-9bf1-4bf2-a356-14234173ac0c,https://polona.pl/preview/d9a8aa3b-9bf1-4bf2-a356-14234173ac0c,1933-12-16_Obwieszczenia_Publiczne_dodatek_do_Dziennika_Urzędowego_Ministerstwa_Sprawiedliw_d9a8aa3b-9bf1-4bf2-a356-14234173ac0c.txt
Frejłachman Aron,kawiarnia,,,,,,,"„Frejłachman Aron"", kawiarnia w Kowlu, ul",1933-12-16,d9a8aa3b-9bf1-4bf2-a356-14234173ac0c,https://polona.pl/preview/d9a8aa3b-9bf1-4bf2-a356-14234173ac0c,1933-12-16_Obwieszczenia_Publiczne_dodatek_do_Dziennika_Urzędowego_Ministerstwa_Sprawiedliw_d9a8aa3b-9bf1-4bf2-a356-14234173ac0c.txt
Gnatiukówna Marja,drcbna sprzedaż wyrobów masar skich,Sienkiewicza 21,,,,,,"„Gnatiukówna Marja"", drcbna sprzedaż wyrobów masar skich w Kowlu, ul. Sienkiewicza 21.",1933-12-16,d9a8aa3b-9bf1-4bf2-a356-14234173ac0c,https://polona.pl/preview/d9a8aa3b-9bf1-4bf2-a356-14234173ac0c,1933-12-16_Obwieszczenia_Publiczne_dodatek_do_Dziennika_Urzędowego_Ministerstwa_Sprawiedliw_d9a8aa3b-9bf1-4bf2-a356-14234173ac0c.txt
Bencjcn Płot,"księgarnia ze sprzedażą materjałów piś miennych pod firmą „Księgarnia Popularna""",,,,,,,"„Bencjcn Płot"", księgarnia ze sprzedażą materjałów piś miennych pod firmą „Księgarnia Popularna"" w Kowlu",1933-12-16,d9a8aa3b-9bf1-4bf2-a356-14234173ac0c,https://polona.pl/preview/d9a8aa3b-9bf1-4bf2-a356-14234173ac0c,1933-12-16_Obwieszczenia_Publiczne_dodatek_do_Dziennika_Urzędowego_Ministerstwa_Sprawiedliw_d9a8aa3b-9bf1-4bf2-a356-14234173ac0c.txt
,,,,Właściciel Moijsze Sztejnberg,Pomnikowa,,,"Właściciel Moijsze Sztejnberg, zamieszkały w Kowlu, ul. Pomnikowa",1933-12-16,d9a8aa3b-9bf1-4bf2-a356-14234173ac0c,https://polona.pl/preview/d9a8aa3b-9bf1-4bf2-a356-14234173ac0c,1933-12-16_Obwieszczenia_Publiczne_dodatek_do_Dziennika_Urzędowego_Ministerstwa_Sprawiedliw_d9a8aa3b-9bf1-4bf2-a356-14234173ac0c.txt
Roza Brizełi-Grutzhandler,"drobny handel płaszczy, kapeluszy, okryć i futer zwyczajnych",,,,,,,"„Roza Brizełi-Grutzhandler"" — drobny handel płaszczy, kapeluszy, okryć i futer zwyczajnych w Kowlu, ul",1934-02-17,4645fbb8-d147-4498-a387-df634f92a353,https://polona.pl/preview/4645fbb8-d147-4498-a387-df634f92a353,1934-02-17_Obwieszczenia_Publiczne_dodatek_do_Dziennika_Urzędowego_Ministerstwa_Sprawiedliw_4645fbb8-d147-4498-a387-df634f92a353.txt
Abram - Icek Wajsman,skład mebli,,,,,,,"„Abram - Icek Wajsman"" — skład mebli w Kowlu",1934-02-17,4645fbb8-d147-4498-a387-df634f92a353,https://polona.pl/preview/4645fbb8-d147-4498-a387-df634f92a353,1934-02-17_Obwieszczenia_Publiczne_dodatek_do_Dziennika_Urzędowego_Ministerstwa_Sprawiedliw_4645fbb8-d147-4498-a387-df634f92a353.txt
,,,,Mateusza Markowskiego,postanowie niem sądu z dnia 29 listopada,1933,,"Mateusza Markowskiego, zam. w Kowlu, postanowie niem sądu z dnia 29 listopada 1933",1934-03-17,1cf58309-712b-44d8-be0c-ad4fdab34e50,https://polona.pl/preview/1cf58309-712b-44d8-be0c-ad4fdab34e50,1934-03-17_Obwieszczenia_Publiczne_dodatek_do_Dziennika_Urzędowego_Ministerstwa_Sprawiedliw_1cf58309-712b-44d8-be0c-ad4fdab34e50.txt
Józef Ptakowski,detaliczna sprzedaż materjałów bu dowlanych i węgla,,,,,,,"„Józef Ptakowski“ — detaliczna sprzedaż materjałów bu dowlanych i węgla w Kowlu, ul",1934-03-21,7a9d61ef-6b9a-487f-a54a-b4025dd2a13b,https://polona.pl/preview/7a9d61ef-6b9a-487f-a54a-b4025dd2a13b,1934-03-21_Obwieszczenia_Publiczne_dodatek_do_Dziennika_Urzędowego_Ministerstwa_Sprawiedliw_7a9d61ef-6b9a-487f-a54a-b4025dd2a13b.txt
Fuks Seria,kawiarnia i obiady domowe,,,,,,,"„Fuks Seria"" — kawiarnia i obiady domowe w Kowlu, ul",1934-03-21,7a9d61ef-6b9a-487f-a54a-b4025dd2a13b,https://polona.pl/preview/7a9d61ef-6b9a-487f-a54a-b4025dd2a13b,1934-03-21_Obwieszczenia_Publiczne_dodatek_do_Dziennika_Urzędowego_Ministerstwa_Sprawiedliw_7a9d61ef-6b9a-487f-a54a-b4025dd2a13b.txt
Mejer Flasztac,skup zboża,,,,,,,"„Mejer Flasztac"" — skup zboża w Kowlu, ul",1934-03-21,7a9d61ef-6b9a-487f-a54a-b4025dd2a13b,https://polona.pl/preview/7a9d61ef-6b9a-487f-a54a-b4025dd2a13b,1934-03-21_Obwieszczenia_Publiczne_dodatek_do_Dziennika_Urzędowego_Ministerstwa_Sprawiedliw_7a9d61ef-6b9a-487f-a54a-b4025dd2a13b.txt
Henryk Rogowski,"drobny handel spożywczy, galanterji i wyrobów tytoniowych",D,,,,,,"„Henryk Rogowski"", drobny handel spożywczy, galanterji i wyrobów tytoniowych w Kowlu, ul. D",1934-05-12,825fc30c-5408-467d-97df-7cc835623fff,https://polona.pl/preview/825fc30c-5408-467d-97df-7cc835623fff,1934-05-12_Obwieszczenia_Publiczne_dodatek_do_Dziennika_Urzędowego_Ministerstwa_Sprawiedliw_825fc30c-5408-467d-97df-7cc835623fff.txt
Altbach vel Fischler Aron,hurtowy skład piwa,,,,,,,"„Altbach vel Fischler Aron"", hurtowy skład piwa w Kowlu, ul",1934-05-12,825fc30c-5408-467d-97df-7cc835623fff,https://polona.pl/preview/825fc30c-5408-467d-97df-7cc835623fff,1934-05-12_Obwieszczenia_Publiczne_dodatek_do_Dziennika_Urzędowego_Ministerstwa_Sprawiedliw_825fc30c-5408-467d-97df-7cc835623fff.txt
Łapides Sima,olejarnia motorowa,,,,,,,"„Łapides Sima"", olejarnia motorowa w Kowlu, ul",1934-05-12,825fc30c-5408-467d-97df-7cc835623fff,https://polona.pl/preview/825fc30c-5408-467d-97df-7cc835623fff,1934-05-12_Obwieszczenia_Publiczne_dodatek_do_Dziennika_Urzędowego_Ministerstwa_Sprawiedliw_825fc30c-5408-467d-97df-7cc835623fff.txt
Masza Szyzgał,piwiarnia i domowa sprzedaż papierosów,uł,,,,,,"„Masza Szyzgał"", piwiarnia i domowa sprzedaż papierosów w Kowlu, uł",1934-05-12,825fc30c-5408-467d-97df-7cc835623fff,https://polona.pl/preview/825fc30c-5408-467d-97df-7cc835623fff,1934-05-12_Obwieszczenia_Publiczne_dodatek_do_Dziennika_Urzędowego_Ministerstwa_Sprawiedliw_825fc30c-5408-467d-97df-7cc835623fff.txt
Chaja Wajner,drobny handel starem używanem ubra niem i starem obuwiem,Handlowa 58,,,,,,"„Chaja Wajner"", drobny handel starem używanem ubra niem i starem obuwiem w Kowlu, ul. Handlowa 58.",1934-05-12,825fc30c-5408-467d-97df-7cc835623fff,https://polona.pl/preview/825fc30c-5408-467d-97df-7cc835623fff,1934-05-12_Obwieszczenia_Publiczne_dodatek_do_Dziennika_Urzędowego_Ministerstwa_Sprawiedliw_825fc30c-5408-467d-97df-7cc835623fff.txt
Zgoda,"Sznajder, Gonik i S-ka, spółka firmowa",,,,,,,"„Zgoda"" — Sznajder, Gonik i S-ka, spółka firmowa w Kowlu",1934-05-26,bbd11677-0220-48b1-9a0f-2e6986286028,https://polona.pl/preview/bbd11677-0220-48b1-9a0f-2e6986286028,1934-05-26_Obwieszczenia_Publiczne_dodatek_do_Dziennika_Urzędowego_Ministerstwa_Sprawiedliw_bbd11677-0220-48b1-9a0f-2e6986286028.txt
Marjem Koczuba,drobna sprzedaż artykułów spożyw czych,Sienkiewicza 23,,,,,,"„Marjem Koczuba"", drobna sprzedaż artykułów spożyw czych w Kowlu, ul. Sienkiewicza 23.",1934-07-07,c31b4e25-5d33-41e4-b19b-8aee4b25eb08,https://polona.pl/preview/c31b4e25-5d33-41e4-b19b-8aee4b25eb08,1934-07-07_Obwieszczenia_Publiczne_dodatek_do_Dziennika_Urzędowego_Ministerstwa_Sprawiedliw_c31b4e25-5d33-41e4-b19b-8aee4b25eb08.txt
Bronsztejn Ruchla,drobny handel spożywczy i słodyczy,Warszawska 30-a,,,,,,"„Bronsztejn Ruchla"", drobny handel spożywczy i słodyczy w Kowlu, ul. Warszawska 30-a.",1934-07-07,c31b4e25-5d33-41e4-b19b-8aee4b25eb08,https://polona.pl/preview/c31b4e25-5d33-41e4-b19b-8aee4b25eb08,1934-07-07_Obwieszczenia_Publiczne_dodatek_do_Dziennika_Urzędowego_Ministerstwa_Sprawiedliw_c31b4e25-5d33-41e4-b19b-8aee4b25eb08.txt
Kałkusińska Stanisława,drobna sprzedaż wyrobów masarskich pod nazwą „Wędliniarnia Udziałowa,Łucka 19,,,,,,"„Kałkusińska Stanisława"" — drobna sprzedaż wyrobów masarskich pod nazwą „Wędliniarnia Udziałowa w Kowlu, ul. Łucka 19.",1934-08-18,890a8bf6-59d6-4ded-bef3-654344f795d4,https://polona.pl/preview/890a8bf6-59d6-4ded-bef3-654344f795d4,1934-08-18_Obwieszczenia_Publiczne_dodatek_do_Dziennika_Urzędowego_Ministerstwa_Sprawiedliw_890a8bf6-59d6-4ded-bef3-654344f795d4.txt
Szejwa Wejc,"„Żywność"" drobny handel spożywczy",,,,,,,"„Szejwa Wejc"" — „Żywność"" drobny handel spożywczy w Kowlu, ul",1934-08-18,890a8bf6-59d6-4ded-bef3-654344f795d4,https://polona.pl/preview/890a8bf6-59d6-4ded-bef3-654344f795d4,1934-08-18_Obwieszczenia_Publiczne_dodatek_do_Dziennika_Urzędowego_Ministerstwa_Sprawiedliw_890a8bf6-59d6-4ded-bef3-654344f795d4.txt
Guz Lejzor,drobny handel spożywczy,Rynek 5,,,,,,"„Guz Lejzor” — drobny handel spożywczy w Kowlu, ul. Rynek 5",1934-08-18,890a8bf6-59d6-4ded-bef3-654344f795d4,https://polona.pl/preview/890a8bf6-59d6-4ded-bef3-654344f795d4,1934-08-18_Obwieszczenia_Publiczne_dodatek_do_Dziennika_Urzędowego_Ministerstwa_Sprawiedliw_890a8bf6-59d6-4ded-bef3-654344f795d4.txt
Krawczyk Karol,detaliczny handel wódek,"Łucka 107, pow",,,,,,"„Krawczyk Karol"" — detaliczny handel wódek w Kowlu, ul. Łucka 107, pow",1934-08-18,890a8bf6-59d6-4ded-bef3-654344f795d4,https://polona.pl/preview/890a8bf6-59d6-4ded-bef3-654344f795d4,1934-08-18_Obwieszczenia_Publiczne_dodatek_do_Dziennika_Urzędowego_Ministerstwa_Sprawiedliw_890a8bf6-59d6-4ded-bef3-654344f795d4.txt
Wacław Rytwiński,skład maszyn i narzędzi rolni czych,,,,,,,"„Wacław Rytwiński"" — skład maszyn i narzędzi rolni czych w Kowlu- ul",1934-08-18,890a8bf6-59d6-4ded-bef3-654344f795d4,https://polona.pl/preview/890a8bf6-59d6-4ded-bef3-654344f795d4,1934-08-18_Obwieszczenia_Publiczne_dodatek_do_Dziennika_Urzędowego_Ministerstwa_Sprawiedliw_890a8bf6-59d6-4ded-bef3-654344f795d4.txt
Estera Czertok,"drobny handel spożywczy, wyroby tytoniowe, galanterja i spirytus skażony",Sienkiewicza 34,,,,,,"„Estera Czertok"" — drobny handel spożywczy, wyroby tytoniowe, galanterja i spirytus skażony w Kowlu, ul. Sienkiewicza 34.",1934-08-18,890a8bf6-59d6-4ded-bef3-654344f795d4,https://polona.pl/preview/890a8bf6-59d6-4ded-bef3-654344f795d4,1934-08-18_Obwieszczenia_Publiczne_dodatek_do_Dziennika_Urzędowego_Ministerstwa_Sprawiedliw_890a8bf6-59d6-4ded-bef3-654344f795d4.txt
,,,,Właściciel Gilel Goldberg,Kościuszki Nr,,,"Właściciel Gilel Goldberg, zamieszkały w Kowlu, przy ul. Kościuszki Nr",1934-08-18,890a8bf6-59d6-4ded-bef3-654344f795d4,https://polona.pl/preview/890a8bf6-59d6-4ded-bef3-654344f795d4,1934-08-18_Obwieszczenia_Publiczne_dodatek_do_Dziennika_Urzędowego_Ministerstwa_Sprawiedliw_890a8bf6-59d6-4ded-bef3-654344f795d4.txt
Józefa Kokoruzowa-Kaźmierska,handel win i wódek z wyszynkiem oraz delikatesy i wyroby tytoniowe,,,,,,,"„Józefa Kokoruzowa-Kaźmierska"" — handel win i wódek z wyszynkiem oraz delikatesy i wyroby tytoniowe w Kowlu, ul",1934-09-08,321a11f2-8026-4579-a95b-5d7a1aafe156,https://polona.pl/preview/321a11f2-8026-4579-a95b-5d7a1aafe156,1934-09-08_Obwieszczenia_Publiczne_dodatek_do_Dziennika_Urzędowego_Ministerstwa_Sprawiedliw_321a11f2-8026-4579-a95b-5d7a1aafe156.txt
,,,,Jankielowi Pińczukowi,"Warszawskiej 120, aby w terminie dni 30",,,"Jankielowi Pińczukowi, zam. w Kowlu, przy ul. Warszawskiej 120, aby w terminie dni 30",1937-03-24,a50792db-6599-4582-bbf3-cf57da392c22,https://polona.pl/preview/a50792db-6599-4582-bbf3-cf57da392c22,1937-03-24_Obwieszczenia_Publiczne_R_21_24_24_marca_1937_a50792db-6599-4582-bbf3-cf57da392c22.txt
