firm_id,name,owner_name,business_type,address_raw,street_id,street_name,house_number,year,source_file,source_url,object_id
f:98b76ad253e7,"7171. ,,Ruchla Goldberg",,drobny handel gotowych ubrań,,,,,1932,archives/database of kowel crime/data/obwieszczenia_publiczne/kowel_businesses.csv,https://polona.pl/preview/e535e9e2-0984-4a5e-90a2-00e2d3cefbce,e535e9e2-0984-4a5e-90a2-00e2d3cefbce
f:6efe78fc3092,A.,,Wolntift,3 Maja,st:e1587e53e305,3 Maja,,1929,1929_business_directory.csv,,
f:2c6065196d2d,Abram - Icek Wajsman,,skład mebli,,,,,1934,archives/database of kowel crime/data/obwieszczenia_publiczne/kowel_businesses.csv,https://polona.pl/preview/4645fbb8-d147-4498-a387-df634f92a353,4645fbb8-d147-4498-a387-df634f92a353
f:9f62c50553c0,Abram - Jakób Zylbemnan,,drobny handel spożywczy,,,,,1931,archives/database of kowel crime/data/obwieszczenia_publiczne/kowel_businesses.csv,https://polona.pl/preview/950b11c5-f06c-4b50-83d2-a725c68af89b,950b11c5-f06c-4b50-83d2-a725c68af89b
f:1a114a3d2da4,Abram Blumsztejn,,handel chłopskim obuwiem,,,,,1926,archives/database of kowel crime/data/obwieszczenia_publiczne/kowel_businesses.csv,https://polona.pl/preview/a9b7c3da-9e5f-4f57-b050-53715e353d51,a9b7c3da-9e5f-4f57-b050-53715e353d51
f:882310de92a8,Abram Gojzen,,handel drożdżami,Aptekarska 11,,,11,1922,archives/database of kowel crime/data/obwieszczenia_publiczne/kowel_businesses.csv,https://polona.pl/preview/ff08cb8e-9efb-40ee-8f02-05d2a7e8b60f,ff08cb8e-9efb-40ee-8f02-05d2a7e8b60f
f:0683ad366e06,,Abram Marder,,Warszawskiej Nr,,,,1929,archives/database of kowel crime/data/obwieszczenia_publiczne/kowel_businesses.csv,https://polona.pl/preview/888bd5f8-e44e-405f-8dba-754738c488ce,888bd5f8-e44e-405f-8dba-754738c488ce
f:27f6b813a20e,Abram Mełamed,,"handel naftą, smarami, solą i artyku łami spożywczemi",,,,,1929,archives/database of kowel crime/data/obwieszczenia_publiczne/kowel_businesses.csv,https://polona.pl/preview/c43c3356-2282-46a9-bdae-e71157632bdd,c43c3356-2282-46a9-bdae-e71157632bdd
f:1c367d9fce54,Abram Merzyk,,handel manufakturą,,,,,1926,archives/database of kowel crime/data/obwieszczenia_publiczne/kowel_businesses.csv,https://polona.pl/preview/694c6a06-8e4f-4284-9098-3ef16e33a4f2,694c6a06-8e4f-4284-9098-3ef16e33a4f2
f:acf1c4d46b91,Abram Peregał,,sprzedaż artykułów spożywczych i na czynia,,,,,1927,archives/database of kowel crime/data/obwieszczenia_publiczne/kowel_businesses.csv,https://polona.pl/preview/74339fe4-6d3c-4f66-9460-52166d6fd810,74339fe4-6d3c-4f66-9460-52166d6fd810
f:348d7f4a0d27,Abram Tojbicz,,"skład piwa, porteru i miodu",,,,,1924,archives/database of kowel crime/data/obwieszczenia_publiczne/kowel_businesses.csv,https://polona.pl/preview/10d237da-d64b-457e-b670-d847ca3a8c4b,10d237da-d64b-457e-b670-d847ca3a8c4b
f:5e8d3563ad50,Abram Wołk,,handel drzewem budowlanym,,,,,1927,archives/database of kowel crime/data/obwieszczenia_publiczne/kowel_businesses.csv,https://polona.pl/preview/82ec8fa7-066d-40f4-b883-f9199e27fd71,82ec8fa7-066d-40f4-b883-f9199e27fd71
f:b6b4bd37bbb1,Abram Zysikind,,pośrednik handlowy,,,,,1927,archives/database of kowel crime/data/obwieszczenia_publiczne/kowel_businesses.csv,https://polona.pl/preview/772eedc8-5b08-4f24-9bac-b1b037f9426a,772eedc8-5b08-4f24-9bac-b1b037f9426a
f:5d34734f7ea8,Abram-Jankiel Lewi,Abram-Jankiel Lewi,handel spożywczy,Żydowskiej 6,,,6,1927,archives/database of kowel crime/data/obwieszczenia_publiczne/kowel_businesses.csv,https://polona.pl/preview/74339fe4-6d3c-4f66-9460-52166d6fd810,74339fe4-6d3c-4f66-9460-52166d6fd810
f:a375096593ab,^ ai i am Gwircman,,bufet i różne słodycze,,,,,1930,archives/database of kowel crime/data/obwieszczenia_publiczne/kowel_businesses.csv,https://polona.pl/preview/a137d76f-1a6f-412b-94e0-ccde32939f51,a137d76f-1a6f-412b-94e0-ccde32939f51
f:ba1aa551965a,Ajerman L.,,Ubrania,Zaulok Soborny 15,,,15,1929,1929_business_directory.csv,,
f:8dfc2be046b3,Ajizyk Zask,,handel spożywczy,,,,,1929,archives/database of kowel crime/data/obwieszczenia_publiczne/kowel_businesses.csv,https://polona.pl/preview/888bd5f8-e44e-405f-8dba-754738c488ce,888bd5f8-e44e-405f-8dba-754738c488ce
f:927ae081d343,Ajzen Dawid,,piwiarnia,Kolejowa 91,st:a39b8f9fba52,Kolejowa,91,1905,archives/database of kowel crime/data/obwieszczenia_publiczne/kowel_businesses.csv,https://polona.pl/preview/b4b059a8-d099-433a-84d2-825199586a4d,b4b059a8-d099-433a-84d2-825199586a4d
f:caa5f677e3f1,Ajzyk Finkielsztejn,,handel spożywczy,,,,,1926,archives/database of kowel crime/data/obwieszczenia_publiczne/kowel_businesses.csv,https://polona.pl/preview/966d02cf-e8d2-454c-bfcd-03945f1fdda6,966d02cf-e8d2-454c-bfcd-03945f1fdda6
f:aba0bb02c698,Aks S.,,Mydle,Sienkiewicza 6,st:5d3d89171ee3,Sienkiewicza,6,1929,1929_business_directory.csv,,
f:7e1981e03880,Aleksander Bielaszewski,,"drobna sprzedaż wyrobów ty toniowych, znaczków stemplowych i weksli",,,,,1932,archives/database of kowel crime/data/obwieszczenia_publiczne/kowel_businesses.csv,https://polona.pl/preview/76fa41b1-da18-4b87-97e4-0616f6d72c59,76fa41b1-da18-4b87-97e4-0616f6d72c59
f:7e0c0351ce31,Aleksander Zbiniowski,Aleksander Zbiniowski,sklep galanteryjny,Warszaw- s kiej Nr,,,,1927,archives/database of kowel crime/data/obwieszczenia_publiczne/kowel_businesses.csv,https://polona.pl/preview/82ec8fa7-066d-40f4-b883-f9199e27fd71,82ec8fa7-066d-40f4-b883-f9199e27fd71
f:ebdd942b22be,Alfons Jasieński,,bufet kolejowy i sprzedaż wyrobów tytoniowych,,,,,1928,archives/database of kowel crime/data/obwieszczenia_publiczne/kowel_businesses.csv,https://polona.pl/preview/22f90ec5-aeff-49fc-a742-c707496f133a,22f90ec5-aeff-49fc-a742-c707496f133a
f:5566f8f48ea5,Altbach vel Fischler Aron,,hurtowy skład piwa,,,,,1934,archives/database of kowel crime/data/obwieszczenia_publiczne/kowel_businesses.csv,https://polona.pl/preview/825fc30c-5408-467d-97df-7cc835623fff,825fc30c-5408-467d-97df-7cc835623fff
f:30c78d1b5238,Anastazja Łuckiewicz,,drobny handel spożywczy,,,,,1931,archives/database of kowel crime/data/obwieszczenia_publiczne/kowel_businesses.csv,https://polona.pl/preview/c247ce90-6aa2-46b3-b7cb-f497c3f2d167,c247ce90-6aa2-46b3-b7cb-f497c3f2d167
f:ebc6fb131f34,Anidurski T. & Szpilbcrg J.,,Tartaki,Warszawska 126,st:06caf55d067c,Warszawska,126,1929,1929_business_directory.csv,,
f:03c4ade01b02,=aniel M.,,Czopssiju,Kolejowa 5,st:a39b8f9fba52,Kolejowa,5,1929,1929_business_directory.csv,,
f:1dd1852259ae,Anna Antoniak,,drobny handel spożywczy i sprzedaż wy robów tytoniowych,,,,,1929,archives/database of kowel crime/data/obwieszczenia_publiczne/kowel_businesses.csv,https://polona.pl/preview/234488c4-9726-4eaf-ae81-c01bda84fc6c,234488c4-9726-4eaf-ae81-c01bda84fc6c
f:8c9c315507ae,Antodczyk W.,,Felczerzy,,,,,1929,1929_business_directory.csv,,
f:b8ff1488fdb2,Antoni Bugień,,sprzedaż wyrobów tytuniowych,,,,,1924,archives/database of kowel crime/data/obwieszczenia_publiczne/kowel_businesses.csv,https://polona.pl/preview/eacf2984-b611-45d2-ad43-240f602bb295,eacf2984-b611-45d2-ad43-240f602bb295
f:8f95d7b83204,Antonina Bernat - Bernacka,,kawiarnia,,,,,1929,archives/database of kowel crime/data/obwieszczenia_publiczne/kowel_businesses.csv,https://polona.pl/preview/7d47e5f2-72e2-4a67-a529-814d34c3d0d3,7d47e5f2-72e2-4a67-a529-814d34c3d0d3
f:7a0647c038eb,Apteka Parysa Tadeusza,,Pharmacy,Sienkiewicza 27,st:5d3d89171ee3,Sienkiewicza,27,1938,kowel_residents_1938.csv,,
f:91859a932295,Arboitman E.,,Krawcy,Warszawska 64,st:06caf55d067c,Warszawska,64,1929,1929_business_directory.csv,,
f:a111c7030a4c,Arja Landa,Arja Landa,ekspedytor,"Magistrackiej 7, 4176",,,4176,1927,archives/database of kowel crime/data/obwieszczenia_publiczne/kowel_businesses.csv,https://polona.pl/preview/772eedc8-5b08-4f24-9bac-b1b037f9426a,772eedc8-5b08-4f24-9bac-b1b037f9426a
f:9c069f4e2cb4,Arkadjer Ruchla,,drobny handel manufaktury,,,,,1931,archives/database of kowel crime/data/obwieszczenia_publiczne/kowel_businesses.csv,https://polona.pl/preview/950b11c5-f06c-4b50-83d2-a725c68af89b,950b11c5-f06c-4b50-83d2-a725c68af89b
f:298c1f604eca,Armarnik i Ska mlyn walcowy,,Mill,Łucka 29,st:deb1b321e31a,Łucka,29,1929,archive/lucka_businesses.csv,,
f:de05edf87a8e,Armarnik i Ska mlyn walcowy,,Mill,Łucka 29,st:deb1b321e31a,Łucka,29,1938,kowel_residents_1938.csv,,
f:67fad8d8e88e,Armarnik Izaak,,Mill,Łucka 34,st:deb1b321e31a,Łucka,34,1929,archive/lucka_businesses.csv,,
f:e0cd3d7a4c82,Armarnik Lejbisz,,,Łucka 34,st:deb1b321e31a,Łucka,34,1929,archive/lucka_businesses.csv,,
f:5ada150da210,Armarnik Liber,,,Łucka 27,st:deb1b321e31a,Łucka,27,1929,archive/lucka_businesses.csv,,
f:c4a9bd1646bc,Aron Bezzubow,,handel naczyń,,,,,1926,archives/database of kowel crime/data/obwieszczenia_publiczne/kowel_businesses.csv,https://polona.pl/preview/8bbf7c23-ed81-446d-88a3-dc73e8b2de88,8bbf7c23-ed81-446d-88a3-dc73e8b2de88
f:be81174e5ee9,Aron Choc,,drobny handel galanterją ii obuwiem dziecinnym,,,,,1926,archives/database of kowel crime/data/obwieszczenia_publiczne/kowel_businesses.csv,https://polona.pl/preview/a9b7c3da-9e5f-4f57-b050-53715e353d51,a9b7c3da-9e5f-4f57-b050-53715e353d51
f:b46867f22f15,Aron Fradelis,,handel jubilerski i sprzedaż zegarków,,,,,1924,archives/database of kowel crime/data/obwieszczenia_publiczne/kowel_businesses.csv,https://polona.pl/preview/6b99d55f-d15e-4c4e-ae14-676e854e58f7,6b99d55f-d15e-4c4e-ae14-676e854e58f7
f:9360fd8bdfab,Aron Kaufman,,handel galanterją,,,,,1927,archives/database of kowel crime/data/obwieszczenia_publiczne/kowel_businesses.csv,https://polona.pl/preview/9254feef-bbf2-4877-bd98-45d9a073a602,9254feef-bbf2-4877-bd98-45d9a073a602
f:5bac54d4c8cb,Aron Ptakowski,,handel żelazem i węglem,,,,,1928,archives/database of kowel crime/data/obwieszczenia_publiczne/kowel_businesses.csv,https://polona.pl/preview/dc755bf3-cdd2-4343-b6d2-b0b503878c40,dc755bf3-cdd2-4343-b6d2-b0b503878c40
f:38393b9e9fd9,Aron-Szmul Mełamed,,handel towarami ludowemi,Łucka 42,st:deb1b321e31a,Łucka,42,1921,archives/database of kowel crime/data/obwieszczenia_publiczne/kowel_businesses.csv,https://polona.pl/preview/4f8782f1-29b3-46fb-a92c-435fcbb0cd47,4f8782f1-29b3-46fb-a92c-435fcbb0cd47
f:71dfb47c7b11,Aszkenazy Szloma,,handel przyborami piśmiennemi,Lucka 69,st:deb1b321e31a,Łucka,69,1894,archives/database of kowel crime/data/obwieszczenia_publiczne/kowel_businesses.csv,https://polona.pl/preview/7788a2ea-fb16-44f2-bccf-0fe60af0241a,7788a2ea-fb16-44f2-bccf-0fe60af0241a
f:aa4aca5e707f,Auchman & Nusen,,Fotograficzne,Sienkiewicza 26,st:5d3d89171ee3,Sienkiewicza,26,1929,1929_business_directory.csv,,
f:a84010534f6d,August Postolko,,hurtowa sprzedaż soli,,,,,1928,archives/database of kowel crime/data/obwieszczenia_publiczne/kowel_businesses.csv,https://polona.pl/preview/dc755bf3-cdd2-4343-b6d2-b0b503878c40,dc755bf3-cdd2-4343-b6d2-b0b503878c40
f:e5eddfd03a3c,Auto-Kowel,,Automobiles,Poniatowskiego 4,st:6c733bf1078d,Poniatowskiego,4,1938,kowel_residents_1938.csv,,
f:f6801791fad5,Awrum Sztern,,handel skórami i przyborami szewskie mu,,,,,1927,archives/database of kowel crime/data/obwieszczenia_publiczne/kowel_businesses.csv,https://polona.pl/preview/82ec8fa7-066d-40f4-b883-f9199e27fd71,82ec8fa7-066d-40f4-b883-f9199e27fd71
f:a778311e6eb5,Azarwa M.,,Wody,Sienkiewicza,st:5d3d89171ee3,Sienkiewicza,,1929,1929_business_directory.csv,,
f:23a649fd1bd7,B.,,Zolccor,,,,,1929,1929_business_directory.csv,,
f:6b2739e5a39d,B.,,Wimca,,,,,1929,1929_business_directory.csv,,
f:d9666342496b,B.,,Zulas,Rówieńska,,,,1929,1929_business_directory.csv,,
f:a75610e85276,Bachowicz Szmul,Bachowicz Szmul,handel artykułami spożywczemi,Handlowa 2,st:cd91d9f1265f,Handlowa,2,1922,archives/database of kowel crime/data/obwieszczenia_publiczne/kowel_businesses.csv,https://polona.pl/preview/ff08cb8e-9efb-40ee-8f02-05d2a7e8b60f,ff08cb8e-9efb-40ee-8f02-05d2a7e8b60f
f:9dbfafa84621,Baczyński B.,,Stolarze,Rówieńska,,,,1929,1929_business_directory.csv,,
f:4b14cfc61b5c,Baes W.,,Jubilerzy,Warszawska 16,st:06caf55d067c,Warszawska,16,1929,1929_business_directory.csv,,
f:3fca61f32ea4,Bajczman L.,,Ubrania,Rynek 26,st:2ddaa8c0fce3,Rynek,26,1929,1929_business_directory.csv,,
f:aebb17465df6,Bakun E.,,Farby,Warszawska 205,st:06caf55d067c,Warszawska,205,1929,1929_business_directory.csv,,
f:1bdc60e54e82,Balor B.,,Szetrekto,Mokra,st:e4743d70f22f,Mokra,,1929,1929_business_directory.csv,,
f:842ada3ec8f2,Balt Z.,,Drzewo,Warszawska 52,st:06caf55d067c,Warszawska,52,1929,1929_business_directory.csv,,
f:1fc67033a800,Bank Dyskontowy Spółdzieczy,,Bank,Warszawska 145,st:06caf55d067c,Warszawska,145,1938,kowel_residents_1938.csv,,
f:8e108c4841f0,Bank Kupiecki Spółdzielcy,,Bank,Warszawska 62,st:06caf55d067c,Warszawska,62,1938,kowel_residents_1938.csv,,
f:2c04cc9acee7,Bank Ludowy,,Bank,Warszawska 65,st:06caf55d067c,Warszawska,65,1938,kowel_residents_1938.csv,,
f:313d2b6ba853,Bank Powszechny Kredytowa Spółdziel- Powszechne,,Bank,Warszawska 151,st:06caf55d067c,Warszawska,151,1938,kowel_residents_1938.csv,,
f:fd7ae365b107,Bank Ukrainski Kooperatywny,,Bank,Mickiewicza 8,st:57d62842bea3,Mickiewicza,8,1938,kowel_residents_1938.csv,,
f:6916e7ec7940,Baranik Z.,,Jadłodajnie,Lucka 147,st:deb1b321e31a,Łucka,147,1929,1929_business_directory.csv,,
f:e74583dda201,Baranik Zysia,,jadłodajnia,,,,,1924,archives/database of kowel crime/data/obwieszczenia_publiczne/kowel_businesses.csv,https://polona.pl/preview/10d237da-d64b-457e-b670-d847ca3a8c4b,10d237da-d64b-457e-b670-d847ca3a8c4b
f:ba62c16eb625,Baranowski J.,,Felczerzy,,,,,1929,1929_business_directory.csv,,
f:a698ff9b3e10,Baranowski W.,,Tytoniowe,Sienkiewicza 6,st:5d3d89171ee3,Sienkiewicza,6,1929,1929_business_directory.csv,,
f:e7fc01338eef,Barańska Florentyna,Barańska Florentyna,handel artykułami spożywczemi,Dzika 26,st:8c99e56c030b,Dzika,26,1923,archives/database of kowel crime/data/obwieszczenia_publiczne/kowel_businesses.csv,https://polona.pl/preview/ff08cb8e-9efb-40ee-8f02-05d2a7e8b60f,ff08cb8e-9efb-40ee-8f02-05d2a7e8b60f
f:3e45245a7829,Barg M.,,Ubrania,Kościelna 1 M,st:becf704481a7,Kościelna,,1929,1929_business_directory.csv,,
f:e179b39693d9,Barwjkowski Jozef,,,Łucka 45,st:deb1b321e31a,Łucka,45,1929,archive/lucka_businesses.csv,,
f:b82b2ff03e53,Basia Chanis,,handel spożywczy,,,,,1929,archives/database of kowel crime/data/obwieszczenia_publiczne/kowel_businesses.csv,https://polona.pl/preview/e0194cdf-2b9b-4220-ba25-6dcfa7304ea2,e0194cdf-2b9b-4220-ba25-6dcfa7304ea2
f:321ee73bbadc,Basia Ejnoch,,detaliczny handel towarów spożywczych,,,,,1932,archives/database of kowel crime/data/obwieszczenia_publiczne/kowel_businesses.csv,https://polona.pl/preview/e535e9e2-0984-4a5e-90a2-00e2d3cefbce,e535e9e2-0984-4a5e-90a2-00e2d3cefbce
f:e4cc682d8dfe,Basia Fitersojbel,,handel spożywczy,,,,,1927,archives/database of kowel crime/data/obwieszczenia_publiczne/kowel_businesses.csv,https://polona.pl/preview/82ec8fa7-066d-40f4-b883-f9199e27fd71,82ec8fa7-066d-40f4-b883-f9199e27fd71
f:c8d258906806,Basia Zafran,,handel towarami ludowemi,,,,,1924,archives/database of kowel crime/data/obwieszczenia_publiczne/kowel_businesses.csv,https://polona.pl/preview/695f6b42-aae3-4f91-bbe9-4b8e171ba2db,695f6b42-aae3-4f91-bbe9-4b8e171ba2db
f:998240324691,Baskun A.,,Felczerzy,,,,,1929,1929_business_directory.csv,,
f:594ab2f6e73a,Bass Wolf,,handel biżuterią,,,,,1924,archives/database of kowel crime/data/obwieszczenia_publiczne/kowel_businesses.csv,https://polona.pl/preview/6b99d55f-d15e-4c4e-ae14-676e854e58f7,6b99d55f-d15e-4c4e-ae14-676e854e58f7
f:cc2b24e10e9c,Baszejwa Ejnach,,sprzedaż towarów bławatnych i ma nufaktury ludowej,,,,,1926,archives/database of kowel crime/data/obwieszczenia_publiczne/kowel_businesses.csv,https://polona.pl/preview/8bbf7c23-ed81-446d-88a3-dc73e8b2de88,8bbf7c23-ed81-446d-88a3-dc73e8b2de88
f:c2b3ce239795,Baszewa Giber,,drobny handel spożywczy,,,,,1931,archives/database of kowel crime/data/obwieszczenia_publiczne/kowel_businesses.csv,https://polona.pl/preview/950b11c5-f06c-4b50-83d2-a725c68af89b,950b11c5-f06c-4b50-83d2-a725c68af89b
f:b8ea981a6b72,"""Bata"" Polska Obuwia",,Retail,Warszawska 55,st:06caf55d067c,Warszawska,55,1938,kowel_residents_1938.csv,,
f:10b2f043de91,Bauch I.,,Cukiernia,Warszawska 14,st:06caf55d067c,Warszawska,14,1929,1929_business_directory.csv,,
f:fee932b0a272,Bejła Landa,,handel artykułami spożywczemi,Brzeska 22,st:7dc94505c4b3,Brzeska,22,1900,archives/database of kowel crime/data/obwieszczenia_publiczne/kowel_businesses.csv,https://polona.pl/preview/43c93c4a-e102-47a7-bbc2-48e59690f7b9,43c93c4a-e102-47a7-bbc2-48e59690f7b9
f:d9a1b2183b94,Bejla Tenenbaum,,handel artykułami spożywczemi,Kolejowa 49,st:a39b8f9fba52,Kolejowa,49,1923,archives/database of kowel crime/data/obwieszczenia_publiczne/kowel_businesses.csv,https://polona.pl/preview/9d2b6521-3c7a-44e9-98d3-3544e8a9ef0a,9d2b6521-3c7a-44e9-98d3-3544e8a9ef0a
f:a3f5de5b804c,Bejrisz Rabinerzon,,handel obuwiem,Lucka 49,st:deb1b321e31a,Łucka,49,1885,archives/database of kowel crime/data/obwieszczenia_publiczne/kowel_businesses.csv,https://polona.pl/preview/ce7cc465-061d-4d65-8e76-1f91ac6f74dc,ce7cc465-061d-4d65-8e76-1f91ac6f74dc
f:427813622e26,Bencio Szendel,,zawddowy skup (zboża,,,,,1928,archives/database of kowel crime/data/obwieszczenia_publiczne/kowel_businesses.csv,https://polona.pl/preview/df226055-441d-461a-b236-e2c7fe148f4e,df226055-441d-461a-b236-e2c7fe148f4e
f:fa8daa83232e,Bencion Jeruchimowicz,,drobny handel galanterją,,,,,1927,archives/database of kowel crime/data/obwieszczenia_publiczne/kowel_businesses.csv,https://polona.pl/preview/9254feef-bbf2-4877-bd98-45d9a073a602,9254feef-bbf2-4877-bd98-45d9a073a602
f:1435674a413d,Bencjcn Płot,,"księgarnia ze sprzedażą materjałów piś miennych pod firmą „Księgarnia Popularna""",,,,,1933,archives/database of kowel crime/data/obwieszczenia_publiczne/kowel_businesses.csv,https://polona.pl/preview/d9a8aa3b-9bf1-4bf2-a356-14234173ac0c,d9a8aa3b-9bf1-4bf2-a356-14234173ac0c
f:293e2abfe86a,Bencjon Guz,,handel żelazem,Łucka 59,st:deb1b321e31a,Łucka,59,1924,archives/database of kowel crime/data/obwieszczenia_publiczne/kowel_businesses.csv,https://polona.pl/preview/b267a341-c32c-48f7-b58b-7cbde60f819b,b267a341-c32c-48f7-b58b-7cbde60f819b
f:3edbff59a970,Bencjon Rojzen,,bufet,Łucka 71,st:deb1b321e31a,Łucka,71,1910,archives/database of kowel crime/data/obwieszczenia_publiczne/kowel_businesses.csv,https://polona.pl/preview/ad3c3a74-0110-4005-bd79-2db471a259ef,ad3c3a74-0110-4005-bd79-2db471a259ef
f:6080dd586431,Benjamin Lerner,,handel spożywczy i wyrobami tytonio- wemi,,,,,1928,archives/database of kowel crime/data/obwieszczenia_publiczne/kowel_businesses.csv,https://polona.pl/preview/1ef615a2-b4b3-43d0-827d-81d2d050b175,1ef615a2-b4b3-43d0-827d-81d2d050b175
f:ec1225844af9,Benjamm-Jakób Kagan,,handel galanterją,,,,,1929,archives/database of kowel crime/data/obwieszczenia_publiczne/kowel_businesses.csv,https://polona.pl/preview/4e4c3ef0-b911-4749-bbf6-b8108e6fbe81,4e4c3ef0-b911-4749-bbf6-b8108e6fbe81
f:bd7141aa1bf8,Berczyk Gorin,,handel mięsem,,,,,1929,archives/database of kowel crime/data/obwieszczenia_publiczne/kowel_businesses.csv,https://polona.pl/preview/4c37c7cd-e096-4696-a5e0-52e568b29ab8,4c37c7cd-e096-4696-a5e0-52e568b29ab8
f:0e9d98eed654,Bereł Kerżner,,"handel artykułami spożywczemi, galanterją i wyrobami tytuniowemi",,,,,1924,archives/database of kowel crime/data/obwieszczenia_publiczne/kowel_businesses.csv,https://polona.pl/preview/ff47319b-0f32-466e-92dd-bc4cd36be115,ff47319b-0f32-466e-92dd-bc4cd36be115
f:84be24128ab5,Berelzon G.,,Golantorps,Warszawska 58,st:06caf55d067c,Warszawska,58,1929,1929_business_directory.csv,,
f:5103fcbee032,Berezowslci J.,,Techniczne,Więzienna 6,st:0814ac27b0de,Więzienna,6,1929,1929_business_directory.csv,,
f:e3928a9dd4ba,Berko Atłas,,handel skórami i obuwiem,,,,,1926,archives/database of kowel crime/data/obwieszczenia_publiczne/kowel_businesses.csv,https://polona.pl/preview/fd16e1be-5df0-4b5e-9c34-323923cbc0d5,fd16e1be-5df0-4b5e-9c34-323923cbc0d5
f:216ea95edaaf,Berko Awruch,,kawiarnia,Kolejowa 87,st:a39b8f9fba52,Kolejowa,87,1923,archives/database of kowel crime/data/obwieszczenia_publiczne/kowel_businesses.csv,https://polona.pl/preview/d0a5e785-760c-4fdd-b023-c8d30f564d47,d0a5e785-760c-4fdd-b023-c8d30f564d47
f:f0041c834514,Berko Szerbojm,,handel spożywczy,,,,,1927,archives/database of kowel crime/data/obwieszczenia_publiczne/kowel_businesses.csv,https://polona.pl/preview/82ec8fa7-066d-40f4-b883-f9199e27fd71,82ec8fa7-066d-40f4-b883-f9199e27fd71
f:39bb15d15100,Berko Udler,,handel spożywczy,,,,,1929,archives/database of kowel crime/data/obwieszczenia_publiczne/kowel_businesses.csv,https://polona.pl/preview/93be8018-b4f5-4fd3-b908-581cdb599163,93be8018-b4f5-4fd3-b908-581cdb599163
f:e801e21b9785,Bernzowski J.,,Ziemioplady,Fabryczna 4,st:b4ca2b3dbab6,Fabryczna,4,1929,1929_business_directory.csv,,
f:5c829cbb6e57,Biega P.,,Kowale,Kolodnicka 11,st:930dfcf3a505,Kołodnicka,11,1929,1929_business_directory.csv,,
f:f5ac5f4dc80a,Binder H.,,Tytoniowe,Sienkiewicza 41,st:5d3d89171ee3,Sienkiewicza,41,1929,1929_business_directory.csv,,
f:737db3a7c8a8,biuro zgłoszeń,,Claim Office,,,,,1938,kowel_residents_1938.csv,,
f:9290c7e6eb6a,Blajtrus F.,,Golantorps,Warszawska 6,st:06caf55d067c,Warszawska,6,1929,1929_business_directory.csv,,
f:e15481a5eb79,Blausztoin Jak.,,Technicy,Lurka 83,,,83,1929,1929_business_directory.csv,,
f:246014e61cfe,Bluma Berchman,,sprzedaż gotowych ubrań,,,,,1926,archives/database of kowel crime/data/obwieszczenia_publiczne/kowel_businesses.csv,https://polona.pl/preview/4f82249b-142f-4713-9cd6-7765d7c36ea5,4f82249b-142f-4713-9cd6-7765d7c36ea5
f:d95e7c01db85,Bluma Finkielsztejn,,handel spożywczy,,,,,1929,archives/database of kowel crime/data/obwieszczenia_publiczne/kowel_businesses.csv,https://polona.pl/preview/68ead3b3-192d-4989-8a65-204e3d0bcf14,68ead3b3-192d-4989-8a65-204e3d0bcf14
f:52e79297549c,Bluma Gori-n,,drobny handel mięsem,,,,,1931,archives/database of kowel crime/data/obwieszczenia_publiczne/kowel_businesses.csv,https://polona.pl/preview/27af7d17-4159-4e2a-853c-4387283616b4,27af7d17-4159-4e2a-853c-4387283616b4
f:9eb0d8051063,Bluma Rojt,,sklep spożywczy,,,,,1927,archives/database of kowel crime/data/obwieszczenia_publiczne/kowel_businesses.csv,https://polona.pl/preview/af2540fa-47e6-4106-843c-5845fb156eb6,af2540fa-47e6-4106-843c-5845fb156eb6
f:93b576b23a0b,Bogdan Wroński,,piwiarnia i jadłodajnia,,,,,1929,archives/database of kowel crime/data/obwieszczenia_publiczne/kowel_businesses.csv,https://polona.pl/preview/61be2c8c-1cd9-4ecd-a9e2-5881a60b61d2,61be2c8c-1cd9-4ecd-a9e2-5881a60b61d2
f:e9925cfda321,Bojmel L.,,Fryzjerzy,Sienkiewicza 3,st:5d3d89171ee3,Sienkiewicza,3,1929,1929_business_directory.csv,,
f:a2aae609c759,Boju% G.,,Golantorps,Warszawska 128,st:06caf55d067c,Warszawska,128,1929,1929_business_directory.csv,,
f:564d0f652b34,Boker S.,,Kowale,Kolejowa 25,st:a39b8f9fba52,Kolejowa,25,1929,1929_business_directory.csv,,
f:620acfd8c7ce,"Bokser P.i Stejnberg A.B. - mlyn ""Klucz"" zaulek",,Mill,Soborny 6,st:15ab97a7fe5f,Soborny,6,1938,kowel_residents_1938.csv,,
f:74f36594ac9e,Bolesław Kłossowski,,detaliczna sprzedaż wyrobów ty toniowych,,,,,1927,archives/database of kowel crime/data/obwieszczenia_publiczne/kowel_businesses.csv,https://polona.pl/preview/43a144d7-71ca-40bc-ab00-4202730a78ea,43a144d7-71ca-40bc-ab00-4202730a78ea
f:97353ca3fba1,Boruch Kac,Boruch Kac,handel qalanterją,Łuckiej 89,,,89,1921,archives/database of kowel crime/data/obwieszczenia_publiczne/kowel_businesses.csv,https://polona.pl/preview/6f14eded-43a5-4015-aad1-761aa8c8efdc,6f14eded-43a5-4015-aad1-761aa8c8efdc
f:471774c2e2aa,Boruch Lederman,,handel artykułami spożywczemi i wyroby mi tytoniowemi,Lucka 138,st:deb1b321e31a,Łucka,138,1912,archives/database of kowel crime/data/obwieszczenia_publiczne/kowel_businesses.csv,https://polona.pl/preview/2adeecd4-e417-42de-95f8-e6b729def9a7,2adeecd4-e417-42de-95f8-e6b729def9a7
f:48df5b8fee37,Boruch-Awrum Grynblat,,"handel przyborów elektrycz nych, radjowych, naczynia i lamp",Warszawska 12 i 57,st:06caf55d067c,Warszawska,57,1933,archives/database of kowel crime/data/obwieszczenia_publiczne/kowel_businesses.csv,https://polona.pl/preview/361caa37-a56b-4e67-8e96-7f17ef1630af,361caa37-a56b-4e67-8e96-7f17ef1630af
f:83715e052ebe,Borudh Flasztac,,handel spożywczy,,,,,1929,archives/database of kowel crime/data/obwieszczenia_publiczne/kowel_businesses.csv,https://polona.pl/preview/38b70545-2c45-46ad-ab63-df2c5ab214d2,38b70545-2c45-46ad-ab63-df2c5ab214d2
f:0393b0907784,Bracia Fisz i Lerner,,-,Kolejowa 2,st:a39b8f9fba52,Kolejowa,2,1938,kowel_residents_1938.csv,,
f:812f5cdc56d1,Brandel B.,,Tytoniowe,,,,,1929,1929_business_directory.csv,,
f:bed460eca6df,Brandes L. & Kaweborg K.,,Drukarnie,Warszawska 4,st:06caf55d067c,Warszawska,4,1929,1929_business_directory.csv,,
f:0d421b48799f,Brandla Sztejngard,,"handel galanterją, bufet i sprzedaż wyro bów tytuniowych",Kolejowa 13,st:a39b8f9fba52,Kolejowa,13,1904,archives/database of kowel crime/data/obwieszczenia_publiczne/kowel_businesses.csv,https://polona.pl/preview/9d2b6521-3c7a-44e9-98d3-3544e8a9ef0a,9d2b6521-3c7a-44e9-98d3-3544e8a9ef0a
f:0395b42ff1b9,Branor,,Golantorps,Warszawska 30,st:06caf55d067c,Warszawska,30,1929,1929_business_directory.csv,,
f:6299e5a683f2,Brener,,Ubrania,Warszawska 117,st:06caf55d067c,Warszawska,117,1929,1929_business_directory.csv,,
f:f4e0e07c4831,Brener L.,,Krawcy,Warszawska 23,st:06caf55d067c,Warszawska,23,1929,1929_business_directory.csv,,
f:cc34e29e3699,Brener M.,,Krawcy,Warszawska 213,st:06caf55d067c,Warszawska,213,1929,1929_business_directory.csv,,
f:d06788f50fda,Brener Sz. & Rufo J.,,Krawcy,Krótka 34,st:c1a83457d847,Krótka,34,1929,1929_business_directory.csv,,
f:d75d8bf57da6,Brik dalej M.,,Tytoniowe,Leśna,,,,1929,1929_business_directory.csv,,
f:032bae13f1b1,Brizoli W.,,Ubrania,Warszawska 102,st:06caf55d067c,Warszawska,102,1929,1929_business_directory.csv,,
f:2465c2fa8205,Bromberg Zemel,,handel manufakturą,,,,,1924,archives/database of kowel crime/data/obwieszczenia_publiczne/kowel_businesses.csv,https://polona.pl/preview/6b99d55f-d15e-4c4e-ae14-676e854e58f7,6b99d55f-d15e-4c4e-ae14-676e854e58f7
f:5afac1773d7e,,Bronisław Brandel,,Sienkiewicza 14,st:5d3d89171ee3,Sienkiewicza,14,1926,archives/database of kowel crime/data/obwieszczenia_publiczne/kowel_businesses.csv,https://polona.pl/preview/04dd600e-a29f-4dd7-bb01-033a28d6674e,04dd600e-a29f-4dd7-bb01-033a28d6674e
f:6a2276d3423e,Bronisław Szterba,,handel wyrobami masarskiemi,Sienkiewicza 21,st:5d3d89171ee3,Sienkiewicza,21,1919,archives/database of kowel crime/data/obwieszczenia_publiczne/kowel_businesses.csv,https://polona.pl/preview/703d0d66-f6f4-451e-9638-08f04b344b21,703d0d66-f6f4-451e-9638-08f04b344b21
f:459939d727b8,Bronisława Myszkowska,,sprzedaż napojów wyskoko wych,,,,,1927,archives/database of kowel crime/data/obwieszczenia_publiczne/kowel_businesses.csv,https://polona.pl/preview/25349422-96e2-4544-9967-a177f4bf0626,25349422-96e2-4544-9967-a177f4bf0626
f:581caeffb1ef,Bronsztejn Ch. Sz.,,Nafta,Krótka 13,st:c1a83457d847,Krótka,13,1929,1929_business_directory.csv,,
f:b3a349dcacba,Bronsztejn Ruchla,,drobny handel spożywczy i słodyczy,Warszawska 30-a,st:06caf55d067c,Warszawska,,1934,archives/database of kowel crime/data/obwieszczenia_publiczne/kowel_businesses.csv,https://polona.pl/preview/c31b4e25-5d33-41e4-b19b-8aee4b25eb08,c31b4e25-5d33-41e4-b19b-8aee4b25eb08
f:4d29fdb7b2a8,Bronsztejn & Sicz,,Tartaki,Kolodnicka,st:930dfcf3a505,Kołodnicka,,1929,1929_business_directory.csv,,
f:1551483586db,Bronzaft Szulim,,"handel skórami, przyborami szewckiemi i obu* 'em",Łucka 18,st:deb1b321e31a,Łucka,18,1897,archives/database of kowel crime/data/obwieszczenia_publiczne/kowel_businesses.csv,https://polona.pl/preview/b4b059a8-d099-433a-84d2-825199586a4d,b4b059a8-d099-433a-84d2-825199586a4d
f:e1d735226360,Brozyński A.,,Tapicerzy,Warszawska 13,st:06caf55d067c,Warszawska,13,1929,1929_business_directory.csv,,
f:546fad1c1dbd,Brucha Drukier,,sprzedaż ubrań chłopskich,,,,,1929,archives/database of kowel crime/data/obwieszczenia_publiczne/kowel_businesses.csv,https://polona.pl/preview/4e4c3ef0-b911-4749-bbf6-b8108e6fbe81,4e4c3ef0-b911-4749-bbf6-b8108e6fbe81
f:50770f078199,Brucha Frankfowicz,,piw arnia,,,,,1931,archives/database of kowel crime/data/obwieszczenia_publiczne/kowel_businesses.csv,https://polona.pl/preview/2a3c9ad2-6289-47aa-9ea8-65d9c0e444d2,2a3c9ad2-6289-47aa-9ea8-65d9c0e444d2
f:0eaeedfc7b71,Brucha Segal,,drobny handel spożywczy,,,,,1929,archives/database of kowel crime/data/obwieszczenia_publiczne/kowel_businesses.csv,https://polona.pl/preview/4c37c7cd-e096-4696-a5e0-52e568b29ab8,4c37c7cd-e096-4696-a5e0-52e568b29ab8
f:63b90ac9effe,Brucha Wajner,,handel obuwiem i galanterją,Łucka 57,st:deb1b321e31a,Łucka,57,1914,archives/database of kowel crime/data/obwieszczenia_publiczne/kowel_businesses.csv,https://polona.pl/preview/b5f86edb-c031-4310-af11-a2caa1abe13e,b5f86edb-c031-4310-af11-a2caa1abe13e
f:3ad0ae8d0cfc,Bruchla Linder,,handel resztkami manufaktury,,,,,1929,archives/database of kowel crime/data/obwieszczenia_publiczne/kowel_businesses.csv,https://polona.pl/preview/68ead3b3-192d-4989-8a65-204e3d0bcf14,68ead3b3-192d-4989-8a65-204e3d0bcf14
f:f247830745bf,Bugień A.,,Tytoniowe,Warszawska 47,st:06caf55d067c,Warszawska,47,1929,1929_business_directory.csv,,
f:913101f1453f,Burak K. J.,,Fotograficzne,Warszawska 30,st:06caf55d067c,Warszawska,30,1929,1929_business_directory.csv,,
f:ff9eea99a15f,Burman Z.,,Krawcy,Warszawska 51,st:06caf55d067c,Warszawska,51,1929,1929_business_directory.csv,,
f:ef8f0ce0ea7b,Buruk M.,,Zegarmistrza,Warszawska 22,st:06caf55d067c,Warszawska,22,1929,1929_business_directory.csv,,
f:9edfac9289ef,Byk Abr.,,Technicy,Lurka 137,,,137,1929,1929_business_directory.csv,,
f:148a33be72d9,Byk R.,,Tytoniowe,Warszawska,st:06caf55d067c,Warszawska,,1929,1929_business_directory.csv,,
f:d7f3e8fe36ad,Bynem Szpak,,ekspedytor,,,,,1927,archives/database of kowel crime/data/obwieszczenia_publiczne/kowel_businesses.csv,https://polona.pl/preview/772eedc8-5b08-4f24-9bac-b1b037f9426a,772eedc8-5b08-4f24-9bac-b1b037f9426a
f:09d48b0c7be4,C.,,Trachtonborg,Warszawska,st:06caf55d067c,Warszawska,,1929,1929_business_directory.csv,,
f:8f36a3c97557,Cal Bregman,,handel galanterją,Łucka 91,st:deb1b321e31a,Łucka,91,1919,archives/database of kowel crime/data/obwieszczenia_publiczne/kowel_businesses.csv,https://polona.pl/preview/2adeecd4-e417-42de-95f8-e6b729def9a7,2adeecd4-e417-42de-95f8-e6b729def9a7
f:194f412091ca,Cal Cwik,Cal Ćwik,handel skórami i obuwiem,Łucka 37,st:deb1b321e31a,Łucka,37,1924,archives/database of kowel crime/data/obwieszczenia_publiczne/kowel_businesses.csv,https://polona.pl/preview/ff08cb8e-9efb-40ee-8f02-05d2a7e8b60f,ff08cb8e-9efb-40ee-8f02-05d2a7e8b60f
f:6032dc43a68f,Centropiwo,,,Łucka 44,st:deb1b321e31a,Łucka,44,1929,archive/lucka_businesses.csv,,
f:d437611c002a,Ch.,,Czernisai,Warszawska,st:06caf55d067c,Warszawska,,1929,1929_business_directory.csv,,
f:80537a33d37a,Ch. R. D.,,Gruszka,Rówionska,,,,1929,1929_business_directory.csv,,
f:4e5f0448eec9,Chaija Rubin,,drobny handel skór ii towarów mieszanych,,,,,1929,archives/database of kowel crime/data/obwieszczenia_publiczne/kowel_businesses.csv,https://polona.pl/preview/cc2200d4-0e16-44de-852c-3b9675f4c217,cc2200d4-0e16-44de-852c-3b9675f4c217
f:2a5256ac67c8,Chaim Frejd,,przedsiębiorstwo budowlane,,,,,1933,archives/database of kowel crime/data/obwieszczenia_publiczne/kowel_businesses.csv,https://polona.pl/preview/2d076744-3b0a-431a-a326-de2c7b905378,2d076744-3b0a-431a-a326-de2c7b905378
f:51f7a8ad3f27,Chaim Guz,,handel żelazem,Łucka 10,st:deb1b321e31a,Łucka,10,1921,archives/database of kowel crime/data/obwieszczenia_publiczne/kowel_businesses.csv,https://polona.pl/preview/b267a341-c32c-48f7-b58b-7cbde60f819b,b267a341-c32c-48f7-b58b-7cbde60f819b
f:028ff01fa5f4,Chaim Melamed,,handel naftą i smarami,,,,,1924,archives/database of kowel crime/data/obwieszczenia_publiczne/kowel_businesses.csv,https://polona.pl/preview/5c2ecb58-ae18-457e-9fd6-d4f3cc8bd80c,5c2ecb58-ae18-457e-9fd6-d4f3cc8bd80c
f:2a5bce865d93,Chaim Motiuk,Chaim Motiuk,handel artykułami spożywczemi,Brzeska 5,st:7dc94505c4b3,Brzeska,5,1890,archives/database of kowel crime/data/obwieszczenia_publiczne/kowel_businesses.csv,https://polona.pl/preview/10d237da-d64b-457e-b670-d847ca3a8c4b,10d237da-d64b-457e-b670-d847ca3a8c4b
f:f25640a8fd1d,,Chaim Szwarc,,Kolejowej 4,,,4,1924,archives/database of kowel crime/data/obwieszczenia_publiczne/kowel_businesses.csv,https://polona.pl/preview/2adeecd4-e417-42de-95f8-e6b729def9a7,2adeecd4-e417-42de-95f8-e6b729def9a7
f:a3c9d6ed9e9e,Chaim Wajnsztejn,,hotel „Metropol”,Kolejowa 77,st:a39b8f9fba52,Kolejowa,77,1924,archives/database of kowel crime/data/obwieszczenia_publiczne/kowel_businesses.csv,https://polona.pl/preview/2aedbfec-a6d7-4103-9ec5-375353c56f73,2aedbfec-a6d7-4103-9ec5-375353c56f73
f:8213bef4a115,Chaim Waksman,,handel żelazem,przy 11 Warszawskiej 157,,,157,1923,archives/database of kowel crime/data/obwieszczenia_publiczne/kowel_businesses.csv,https://polona.pl/preview/82ec8fa7-066d-40f4-b883-f9199e27fd71,82ec8fa7-066d-40f4-b883-f9199e27fd71
f:d737027c0d0a,Chaim-Duwid Cukierman,Chaim-Duwid Cukier man,handel artykułami spożywczemi,Handlowa 18,st:cd91d9f1265f,Handlowa,18,1921,archives/database of kowel crime/data/obwieszczenia_publiczne/kowel_businesses.csv,https://polona.pl/preview/b4b059a8-d099-433a-84d2-825199586a4d,b4b059a8-d099-433a-84d2-825199586a4d
f:f524c8eb9c41,Chaim-Jankiel Byk,,handel mięsem,Brzeska 25,st:7dc94505c4b3,Brzeska,25,1921,archives/database of kowel crime/data/obwieszczenia_publiczne/kowel_businesses.csv,https://polona.pl/preview/a7f21fd6-344c-49c8-a705-e099da18e039,a7f21fd6-344c-49c8-a705-e099da18e039
f:e240b7d5c742,Chaim-Lejzor Press,,handel koszykami i powrozami,,,,,1924,archives/database of kowel crime/data/obwieszczenia_publiczne/kowel_businesses.csv,https://polona.pl/preview/a648c9f4-2fca-4d39-bd78-5f9e0af75e7e,a648c9f4-2fca-4d39-bd78-5f9e0af75e7e
f:3bc6621cb9fc,Chait J.,,Krawcy,Warszawska 72,st:06caf55d067c,Warszawska,72,1929,1929_business_directory.csv,,
f:385165be0b8a,Chait S.,,Kowale,Listopadowa 35,st:b3eef9adf412,Listopadowa,35,1929,1929_business_directory.csv,,
f:ddedfa420d6f,Chaja Ajzenberg,,"bufet, handel spożywczy i mleczarnia",,,,,1926,archives/database of kowel crime/data/obwieszczenia_publiczne/kowel_businesses.csv,https://polona.pl/preview/fd16e1be-5df0-4b5e-9c34-323923cbc0d5,fd16e1be-5df0-4b5e-9c34-323923cbc0d5
f:fd778286dd2d,Chaja Erłach,,drobny handel obuwia i galanterji,,,,,1931,archives/database of kowel crime/data/obwieszczenia_publiczne/kowel_businesses.csv,https://polona.pl/preview/c247ce90-6aa2-46b3-b7cb-f497c3f2d167,c247ce90-6aa2-46b3-b7cb-f497c3f2d167
f:170c335d1e73,Chaja Gelier,,kawiarnia,Staro - Kolejowa 28,,,28,1921,archives/database of kowel crime/data/obwieszczenia_publiczne/kowel_businesses.csv,https://polona.pl/preview/b267a341-c32c-48f7-b58b-7cbde60f819b,b267a341-c32c-48f7-b58b-7cbde60f819b
f:97c935fce576,Chaja Gibel,,kawiarnia,,,,,1929,archives/database of kowel crime/data/obwieszczenia_publiczne/kowel_businesses.csv,https://polona.pl/preview/4e4c3ef0-b911-4749-bbf6-b8108e6fbe81,4e4c3ef0-b911-4749-bbf6-b8108e6fbe81
f:c66401b3a7af,Chaja Kraska,Chaja Kraska,handel artykułami spożywczemi,Bazarnej 14,,,14,1924,archives/database of kowel crime/data/obwieszczenia_publiczne/kowel_businesses.csv,https://polona.pl/preview/a648c9f4-2fca-4d39-bd78-5f9e0af75e7e,a648c9f4-2fca-4d39-bd78-5f9e0af75e7e
f:ac9c25c5f28d,Chaja Niemirowska,,handel manufakturą,,,,,1928,archives/database of kowel crime/data/obwieszczenia_publiczne/kowel_businesses.csv,https://polona.pl/preview/cd9223f9-ea99-429b-b62b-6714984be656,cd9223f9-ea99-429b-b62b-6714984be656
f:a309e98e972c,Chaja Szapiro,,handel towarami łokciowemi ludowemi,,,,,1928,archives/database of kowel crime/data/obwieszczenia_publiczne/kowel_businesses.csv,https://polona.pl/preview/df226055-441d-461a-b236-e2c7fe148f4e,df226055-441d-461a-b236-e2c7fe148f4e
f:01e555a9068a,Chaja Sztejnberg,,handel spożywczy,,,,,1924,archives/database of kowel crime/data/obwieszczenia_publiczne/kowel_businesses.csv,https://polona.pl/preview/b4b059a8-d099-433a-84d2-825199586a4d,b4b059a8-d099-433a-84d2-825199586a4d
f:a21e019ff2c4,Chaja Wajner,,drobny handel starem używanem ubra niem i starem obuwiem,Handlowa 58,st:cd91d9f1265f,Handlowa,58,1934,archives/database of kowel crime/data/obwieszczenia_publiczne/kowel_businesses.csv,https://polona.pl/preview/825fc30c-5408-467d-97df-7cc835623fff,825fc30c-5408-467d-97df-7cc835623fff
f:06d1e3df1b44,Chaja Wajnsztejn,Chaja Wajnsztejn,handel spożywczy,Kolejowej 84,,,84,1924,archives/database of kowel crime/data/obwieszczenia_publiczne/kowel_businesses.csv,https://polona.pl/preview/43c93c4a-e102-47a7-bbc2-48e59690f7b9,43c93c4a-e102-47a7-bbc2-48e59690f7b9
f:dd9bdaec23b2,Chaja Wydra,,skup skór surowych,,,,,1932,archives/database of kowel crime/data/obwieszczenia_publiczne/kowel_businesses.csv,https://polona.pl/preview/76fa41b1-da18-4b87-97e4-0616f6d72c59,76fa41b1-da18-4b87-97e4-0616f6d72c59
f:9038bd1079c5,Chaja Zafran,,handel spożywczy,Pomnikowa 51,st:96353b1acb99,Pomnikowa,51,1901,archives/database of kowel crime/data/obwieszczenia_publiczne/kowel_businesses.csv,https://polona.pl/preview/b4b059a8-d099-433a-84d2-825199586a4d,b4b059a8-d099-433a-84d2-825199586a4d
f:926958c1d204,Chaja Zyskind,Chaja Zyskind,handel galanterją,Łucka 5Ł,st:deb1b321e31a,Łucka,,1915,archives/database of kowel crime/data/obwieszczenia_publiczne/kowel_businesses.csv,https://polona.pl/preview/a7f21fd6-344c-49c8-a705-e099da18e039,a7f21fd6-344c-49c8-a705-e099da18e039
f:a890bf61cd58,Chaja-Ita Pendzik,,handel spożywczy,,,,,1929,archives/database of kowel crime/data/obwieszczenia_publiczne/kowel_businesses.csv,https://polona.pl/preview/c43c3356-2282-46a9-bdae-e71157632bdd,c43c3356-2282-46a9-bdae-e71157632bdd
f:9eb50ea65406,Chaja-Ruchla Łangier,,handel farbami i tapetami,,,,,1927,archives/database of kowel crime/data/obwieszczenia_publiczne/kowel_businesses.csv,https://polona.pl/preview/9254feef-bbf2-4877-bd98-45d9a073a602,9254feef-bbf2-4877-bd98-45d9a073a602
f:f0c540d87902,Chaja-Rywka Atłas,Chaja-Rywka Atłas,handel obuwiem,"Warszawska 201 (Łucka 18), Wałśc",st:06caf55d067c,Warszawska,,1926,archives/database of kowel crime/data/obwieszczenia_publiczne/kowel_businesses.csv,https://polona.pl/preview/a43c1384-8179-44aa-820c-19f4d606cfcf,a43c1384-8179-44aa-820c-19f4d606cfcf
f:3562a4bf0d40,Chaja-Sura Rojzen,,drobny handel spożywczy,,,,,1929,archives/database of kowel crime/data/obwieszczenia_publiczne/kowel_businesses.csv,https://polona.pl/preview/e0194cdf-2b9b-4220-ba25-6dcfa7304ea2,e0194cdf-2b9b-4220-ba25-6dcfa7304ea2
f:0ef9dd9d45d7,Chajt Ch. R.,,Kapelusze,Warszawska 106,st:06caf55d067c,Warszawska,106,1929,1929_business_directory.csv,,
f:a0d1bc6e7ebe,Chana Elfant,Chana Elfant,handel spożywczy,Handlowej 45/47,,,45/47,1926,archives/database of kowel crime/data/obwieszczenia_publiczne/kowel_businesses.csv,https://polona.pl/preview/8bbf7c23-ed81-446d-88a3-dc73e8b2de88,8bbf7c23-ed81-446d-88a3-dc73e8b2de88
f:043579e8c292,Chana Gołąbka,,handel galanterją i konfekcją,Łucka 38,st:deb1b321e31a,Łucka,38,1924,archives/database of kowel crime/data/obwieszczenia_publiczne/kowel_businesses.csv,https://polona.pl/preview/10d237da-d64b-457e-b670-d847ca3a8c4b,10d237da-d64b-457e-b670-d847ca3a8c4b
f:43825a7e0ed7,Chana Łande,Zelman Rejder,handel artykułami spożywczemi,Brzeska 14,st:7dc94505c4b3,Brzeska,14,1922,archives/database of kowel crime/data/obwieszczenia_publiczne/kowel_businesses.csv,https://polona.pl/preview/b267a341-c32c-48f7-b58b-7cbde60f819b,b267a341-c32c-48f7-b58b-7cbde60f819b
f:cfcd85ea7294,Chana’ Sztokamer,,handel spożywczy,,,,,1929,archives/database of kowel crime/data/obwieszczenia_publiczne/kowel_businesses.csv,https://polona.pl/preview/93be8018-b4f5-4fd3-b908-581cdb599163,93be8018-b4f5-4fd3-b908-581cdb599163
f:36c6098105bd,Chana Zajdel,,handel galanterją,Łucka 16,st:deb1b321e31a,Łucka,16,1921,archives/database of kowel crime/data/obwieszczenia_publiczne/kowel_businesses.csv,https://polona.pl/preview/b267a341-c32c-48f7-b58b-7cbde60f819b,b267a341-c32c-48f7-b58b-7cbde60f819b
f:2ba395abae01,Chana-Pesia Goldszmidt,Chana-Pesia Goldszmidt,handel materjałami piśmiennemi i wyro bami tytoniowemi,Łucka 10,st:deb1b321e31a,Łucka,10,1924,archives/database of kowel crime/data/obwieszczenia_publiczne/kowel_businesses.csv,https://polona.pl/preview/84002901-6a4c-4a48-8512-16db605faf46,84002901-6a4c-4a48-8512-16db605faf46
f:783281b245a3,Chari Ch.,,Golantorps,Wierzbowa 3,st:6060842bb0d2,Wierzbowa,3,1929,1929_business_directory.csv,,
f:c60237fd0e94,Chasia Frankfowicz,Chasia Frankfowicz,handel artykułami spożywczemi,Nowo-Kolejowa 2,st:d44d661a32e7,Nowo-Kolejowa,2,1919,archives/database of kowel crime/data/obwieszczenia_publiczne/kowel_businesses.csv,https://polona.pl/preview/b267a341-c32c-48f7-b58b-7cbde60f819b,b267a341-c32c-48f7-b58b-7cbde60f819b
f:ce5019a09f7c,Chasia Ingberg,,"handel spożywczy, wyrobów tytoniowych i galanterji",,,,,1928,archives/database of kowel crime/data/obwieszczenia_publiczne/kowel_businesses.csv,https://polona.pl/preview/38415a99-8597-43d5-ba61-f3f53c1550e5,38415a99-8597-43d5-ba61-f3f53c1550e5
f:ffccb7b8dde3,Chasia Łande,,drobny handel zbożem,,,,,1924,archives/database of kowel crime/data/obwieszczenia_publiczne/kowel_businesses.csv,https://polona.pl/preview/5c2ecb58-ae18-457e-9fd6-d4f3cc8bd80c,5c2ecb58-ae18-457e-9fd6-d4f3cc8bd80c
f:2d62773a8ac4,Chasia Rojzen,,księgarnia,Łucka 71,st:deb1b321e31a,Łucka,71,1924,archives/database of kowel crime/data/obwieszczenia_publiczne/kowel_businesses.csv,https://polona.pl/preview/ff47319b-0f32-466e-92dd-bc4cd36be115,ff47319b-0f32-466e-92dd-bc4cd36be115
f:221701e0a1ed,Chasia Zelcer,,handel ubraniami ludowemi i galanterją,,,,,1929,archives/database of kowel crime/data/obwieszczenia_publiczne/kowel_businesses.csv,https://polona.pl/preview/c43c3356-2282-46a9-bdae-e71157632bdd,c43c3356-2282-46a9-bdae-e71157632bdd
f:c9c93357de96,,Chasia Zelcer,,Włodzimierskiej 24,,,24,1924,archives/database of kowel crime/data/obwieszczenia_publiczne/kowel_businesses.csv,https://polona.pl/preview/5c2ecb58-ae18-457e-9fd6-d4f3cc8bd80c,5c2ecb58-ae18-457e-9fd6-d4f3cc8bd80c
f:aebdb2c88bd6,Chasis Pinchas,,handel artykułami spożywczemi,,,,,1924,archives/database of kowel crime/data/obwieszczenia_publiczne/kowel_businesses.csv,https://polona.pl/preview/5c2ecb58-ae18-457e-9fd6-d4f3cc8bd80c,5c2ecb58-ae18-457e-9fd6-d4f3cc8bd80c
f:d266f9c36cc9,Chaskiel Pomeranc,,hurtowy skład piwa i handel wyrobami tytunio- wemi,,,,,1924,archives/database of kowel crime/data/obwieszczenia_publiczne/kowel_businesses.csv,https://polona.pl/preview/f2df8e25-42bf-4e29-9752-78d21b1f9f84,f2df8e25-42bf-4e29-9752-78d21b1f9f84
f:fa4ff8489c5c,Chaskiel Pomeranc,,sprzedaż wyłącznie w naczyniach zamkniętych hurtowo piwa,,,,,1928,archives/database of kowel crime/data/obwieszczenia_publiczne/kowel_businesses.csv,https://polona.pl/preview/63526a57-f02b-4d5c-b874-798db36ddae8,63526a57-f02b-4d5c-b874-798db36ddae8
f:0420638bf7f7,Chazon R.,,Krawcy,Warszawska 42,st:06caf55d067c,Warszawska,42,1929,1929_business_directory.csv,,
f:d80ac1178e86,Chil Ejbuszyc,,handel galanterją i obuwiem,Lucka 91,st:deb1b321e31a,Łucka,91,1924,archives/database of kowel crime/data/obwieszczenia_publiczne/kowel_businesses.csv,https://polona.pl/preview/5bb5957b-8942-4481-a5ce-5533cbb1fc8d,5bb5957b-8942-4481-a5ce-5533cbb1fc8d
f:e8e49fd2dbf9,Chil Sznajder,,handel naczyniami kuchennemi,,,,,1928,archives/database of kowel crime/data/obwieszczenia_publiczne/kowel_businesses.csv,https://polona.pl/preview/95a0cc26-9a84-496b-bd7f-497e02839163,95a0cc26-9a84-496b-bd7f-497e02839163
f:a22108592169,Chiżyk J.,,Zegarmistrza,Kolejowa 87,st:a39b8f9fba52,Kolejowa,87,1929,1929_business_directory.csv,,
f:56b1a9305b08,Chmielewski F.,,ślissarze,Kopernika,,,,1929,1929_business_directory.csv,,
f:0815cef3a336,Chmil A.,,Kowale,Warszawska 31,st:06caf55d067c,Warszawska,31,1929,1929_business_directory.csv,,
f:996bfe78f42e,Choc A.,,Golantorps,Warszawska 72,st:06caf55d067c,Warszawska,72,1929,1929_business_directory.csv,,
f:7cb938245fe9,Chodór M.,,Fryzjerzy,,,,,1929,1929_business_directory.csv,,
f:4209cb212860,Chrystyna Micielska,,drobna sprzedaż artykułów spożyw czych i wędliny,,,,,1931,archives/database of kowel crime/data/obwieszczenia_publiczne/kowel_businesses.csv,https://polona.pl/preview/f1238231-4793-489f-97df-04998562fd15,f1238231-4793-489f-97df-04998562fd15
f:93debb4600eb,Chuma Szenkier,,drobny handel spożywczy,,,,,1928,archives/database of kowel crime/data/obwieszczenia_publiczne/kowel_businesses.csv,https://polona.pl/preview/95a0cc26-9a84-496b-bd7f-497e02839163,95a0cc26-9a84-496b-bd7f-497e02839163
f:caa32febeb89,Chuna Furszteler,,handel materiałami budowlanemi,,,,,1924,archives/database of kowel crime/data/obwieszczenia_publiczne/kowel_businesses.csv,https://polona.pl/preview/6f14eded-43a5-4015-aad1-761aa8c8efdc,6f14eded-43a5-4015-aad1-761aa8c8efdc
f:0f7e6460f852,ChuSid M.,,Others,Handlowa 5,st:cd91d9f1265f,Handlowa,5,1929,1929_business_directory.csv,,
f:e8bf5c2d2571,ChuSid M.,,Harengs,Handlowa 5,st:cd91d9f1265f,Handlowa,5,1929,1929_business_directory.csv,,
f:799e1c4dae07,Chusid R.,,Garbarnie,Brzeska 55,st:7dc94505c4b3,Brzeska,55,1929,1929_business_directory.csv,,
f:190bedc7d489,Chyl Segał,,handel wyrobami tytuniowemi,,,,,1924,archives/database of kowel crime/data/obwieszczenia_publiczne/kowel_businesses.csv,https://polona.pl/preview/43c93c4a-e102-47a7-bbc2-48e59690f7b9,43c93c4a-e102-47a7-bbc2-48e59690f7b9
f:01ba2f3c6d01,,Chynia Garber,,Strażacka 32,st:caad7d6a665b,Strażacka,32,1924,archives/database of kowel crime/data/obwieszczenia_publiczne/kowel_businesses.csv,https://polona.pl/preview/a062b514-0445-45d0-bae9-4447c9aebbdb,a062b514-0445-45d0-bae9-4447c9aebbdb
f:8b056c2f71cb,Cificierman G.,,Ubrania,Lucka 18,st:deb1b321e31a,Łucka,18,1929,1929_business_directory.csv,,
f:1997ca9eb83a,Ciiperfajn L.,,Mydle,Włodzimiorska 147,,,147,1929,1929_business_directory.csv,,
f:cc7ba7038380,Cipa Goldberg,,handel delikatesami,Łucka 139,st:deb1b321e31a,Łucka,139,1922,archives/database of kowel crime/data/obwieszczenia_publiczne/kowel_businesses.csv,https://polona.pl/preview/b267a341-c32c-48f7-b58b-7cbde60f819b,b267a341-c32c-48f7-b58b-7cbde60f819b
f:74420ceeff91,Cłuwa Kacef,,drobny handel spożywczy,,,,,1929,archives/database of kowel crime/data/obwieszczenia_publiczne/kowel_businesses.csv,https://polona.pl/preview/e0194cdf-2b9b-4220-ba25-6dcfa7304ea2,e0194cdf-2b9b-4220-ba25-6dcfa7304ea2
f:732ab0d592d9,Cukierman Szyfra,,handel artykułami spożywczemi,^'• Handlowa 11,st:cd91d9f1265f,Handlowa,11,1921,archives/database of kowel crime/data/obwieszczenia_publiczne/kowel_businesses.csv,https://polona.pl/preview/b4b059a8-d099-433a-84d2-825199586a4d,b4b059a8-d099-433a-84d2-825199586a4d
f:b8891a01a6f9,Cukiernia Udzialowa,,Cukiernia,Lacka 5,,,5,1929,1929_business_directory.csv,,
f:4260ee9ad6b0,Cukiorman L.,,Wody,Soborna 4,st:e8fb14a9cdfe,Soborna,4,1929,1929_business_directory.csv,,
f:de7a12a592ba,Culcierman J.,,Ziemioplady,Soborna 7,st:e8fb14a9cdfe,Soborna,7,1929,1929_business_directory.csv,,
f:4c256f52c058,Culcierman J. A.,,Elektrodzenie,Soborna 7,st:e8fb14a9cdfe,Soborna,7,1929,1929_business_directory.csv,,
f:a8d30076d232,Cuperfajn U.,,Farby,Handlowa 15,st:cd91d9f1265f,Handlowa,15,1929,1929_business_directory.csv,,
f:1ca53e598efc,Curi Necha,,sklep galanteryjny,Rynek 17,st:2ddaa8c0fce3,Rynek,17,1932,archives/database of kowel crime/data/obwieszczenia_publiczne/kowel_businesses.csv,https://polona.pl/preview/76fa41b1-da18-4b87-97e4-0616f6d72c59,76fa41b1-da18-4b87-97e4-0616f6d72c59
f:048bfe1f9200,Cwibel M.,,Czopssiju,Mieszczańska 1,st:90488c14540d,Mieszczańska,1,1929,1929_business_directory.csv,,
f:c389b29080bb,Ćwik R.,,Nafta,Łinaka 68,,,68,1929,1929_business_directory.csv,,
f:7ec22a620838,Cybulski Al.,,Wiatraki,Górka 3,st:6db12fc2b6d9,Górka,3,1929,1929_business_directory.csv,,
f:76ecf3527fdc,Cygielman P.,,Jubilerzy,Warszawska 18,st:06caf55d067c,Warszawska,18,1929,1929_business_directory.csv,,
f:5eb2dfb80a97,Cymerman L.,,Żelazoodlecenie,Kolejowa,st:a39b8f9fba52,Kolejowa,,1929,1929_business_directory.csv,,
f:064002af3c2b,Cymerman M.,,Siwawa,3 Maja 8,st:e1587e53e305,3 Maja,8,1929,1929_business_directory.csv,,
f:210566f2362d,Cynamon Sosia,Cynamon Sosia,handel naczyniem kuchennem,Łucka 5,st:deb1b321e31a,Łucka,5,1910,archives/database of kowel crime/data/obwieszczenia_publiczne/kowel_businesses.csv,https://polona.pl/preview/9d2b6521-3c7a-44e9-98d3-3544e8a9ef0a,9d2b6521-3c7a-44e9-98d3-3544e8a9ef0a
f:928bf130cdee,Cyrla Bar,,handel towarami łokciowemi i gotowym ubraniem,,,,,1924,archives/database of kowel crime/data/obwieszczenia_publiczne/kowel_businesses.csv,https://polona.pl/preview/79276d66-1194-4c55-b526-d0a21718f114,79276d66-1194-4c55-b526-d0a21718f114
f:8e68113b2aaf,Cytryn,,Herbaciarnie,Kolejowa 21,st:a39b8f9fba52,Kolejowa,21,1929,1929_business_directory.csv,,
f:cebf01beba8d,Cytryn Z.,,Drzewo,Maciojowska 21,,,21,1929,1929_business_directory.csv,,
f:a0d58e3d92ae,Cywja Fiszel,,drobna sprzedaż naczyń drewnianych,,,,,1933,archives/database of kowel crime/data/obwieszczenia_publiczne/kowel_businesses.csv,https://polona.pl/preview/c7f5a7b7-0b28-49e5-af96-012225e365d0,c7f5a7b7-0b28-49e5-af96-012225e365d0
f:837259b66a00,Cywja Kwaśnik,,drobny handel delikatesami,,,,,1924,archives/database of kowel crime/data/obwieszczenia_publiczne/kowel_businesses.csv,https://polona.pl/preview/65208553-b5d4-4b10-9464-cc6a5ac95106,65208553-b5d4-4b10-9464-cc6a5ac95106
f:133038cecdba,Cz.,,Walewski,,,,,1929,1929_business_directory.csv,,
f:2ad83ab3661f,Czarna Kojfman,,drobny handel spożywczy,*1,,,,1932,archives/database of kowel crime/data/obwieszczenia_publiczne/kowel_businesses.csv,https://polona.pl/preview/567edeb6-b876-434a-a64f-47f9d0da784e,567edeb6-b876-434a-a64f-47f9d0da784e
f:a569aaa01c0d,Czeropicznilc B.,,Żelazo,Targowa,,,,1929,1929_business_directory.csv,,
f:5a75725059e5,Czorepiczmk J.,,Żelazo,Targowa,,,,1929,1929_business_directory.csv,,
f:bdcd3dc5f424,Czwanczara B.,,Cukiernia,Kolejowa 4,st:a39b8f9fba52,Kolejowa,4,1929,1929_business_directory.csv,,
f:268c5ad5e3a5,Czyżyk Chaim - Wolf,,drobny handel mięsem,,,,,1931,archives/database of kowel crime/data/obwieszczenia_publiczne/kowel_businesses.csv,https://polona.pl/preview/2a3c9ad2-6289-47aa-9ea8-65d9c0e444d2,2a3c9ad2-6289-47aa-9ea8-65d9c0e444d2
f:b1faa6d8c7da,D.,,Gondelraan,Warszawska,st:06caf55d067c,Warszawska,,1929,1929_business_directory.csv,,
f:6772325f2199,d.łci xGojzon A.,,Doof,Apteczna 11,st:f52c0efc47a6,Apteczna,11,1929,1929_business_directory.csv,,
f:51a196bca733,D. S.,,Kiperraan,3 Maja,st:e1587e53e305,3 Maja,,1929,1929_business_directory.csv,,
f:2fa2df9cc26c,Dąbrowski R.,,Szewcy,Warszawska,st:06caf55d067c,Warszawska,,1929,1929_business_directory.csv,,
f:f6ad44ce025c,Dawid /.awodnik,,handel manufakturą,,,,,1927,archives/database of kowel crime/data/obwieszczenia_publiczne/kowel_businesses.csv,https://polona.pl/preview/74339fe4-6d3c-4f66-9460-52166d6fd810,74339fe4-6d3c-4f66-9460-52166d6fd810
f:d70040cbd07f,Dawid Brat,,zawodowy skup różnych surowców i grzylbów,,,,,1929,archives/database of kowel crime/data/obwieszczenia_publiczne/kowel_businesses.csv,https://polona.pl/preview/e0194cdf-2b9b-4220-ba25-6dcfa7304ea2,e0194cdf-2b9b-4220-ba25-6dcfa7304ea2
f:3f48b4b39e52,Dawid Glik,,sprzedaż obuwia i galanterji,,,,,1927,archives/database of kowel crime/data/obwieszczenia_publiczne/kowel_businesses.csv,https://polona.pl/preview/772eedc8-5b08-4f24-9bac-b1b037f9426a,772eedc8-5b08-4f24-9bac-b1b037f9426a
f:9d9f1f090746,Dawid Mejler,,handel skórami,,,,,1929,archives/database of kowel crime/data/obwieszczenia_publiczne/kowel_businesses.csv,https://polona.pl/preview/7d47e5f2-72e2-4a67-a529-814d34c3d0d3,7d47e5f2-72e2-4a67-a529-814d34c3d0d3
f:a8a7c0a458e8,Dawid Mvcznik,Dawid Mycznik,księgarnia i handel materjałami piśmiennemi,Lucka 127,st:deb1b321e31a,Łucka,127,1900,archives/database of kowel crime/data/obwieszczenia_publiczne/kowel_businesses.csv,https://polona.pl/preview/a062b514-0445-45d0-bae9-4447c9aebbdb,a062b514-0445-45d0-bae9-4447c9aebbdb
f:c3e48d814276,Dawid Notkowski,,bufet i drobna sprzedaż galanterji,,,,,1929,archives/database of kowel crime/data/obwieszczenia_publiczne/kowel_businesses.csv,https://polona.pl/preview/e0194cdf-2b9b-4220-ba25-6dcfa7304ea2,e0194cdf-2b9b-4220-ba25-6dcfa7304ea2
f:3f5d33e8683c,Dawid Perelmuter,,,Łucka 40,st:deb1b321e31a,Łucka,40,1929,archive/lucka_businesses.csv,,
f:cc712a28ec0e,Dawid Perełmuter,,skup zawodowy zboża,,,,,1929,archives/database of kowel crime/data/obwieszczenia_publiczne/kowel_businesses.csv,https://polona.pl/preview/e0194cdf-2b9b-4220-ba25-6dcfa7304ea2,e0194cdf-2b9b-4220-ba25-6dcfa7304ea2
f:c7ad94084a89,Dawid Pińczuk,,sprzedaż towarów łokciowych i galan- terji,,,,,1929,archives/database of kowel crime/data/obwieszczenia_publiczne/kowel_businesses.csv,https://polona.pl/preview/68ead3b3-192d-4989-8a65-204e3d0bcf14,68ead3b3-192d-4989-8a65-204e3d0bcf14
f:814d54e828f5,Dawid Rubinsztejn,,handel żelazem,,,,,1929,archives/database of kowel crime/data/obwieszczenia_publiczne/kowel_businesses.csv,https://polona.pl/preview/7d47e5f2-72e2-4a67-a529-814d34c3d0d3,7d47e5f2-72e2-4a67-a529-814d34c3d0d3
f:46092ecb1b79,Dawid Sztylerman,,handel spożywczy,,,,,1927,archives/database of kowel crime/data/obwieszczenia_publiczne/kowel_businesses.csv,https://polona.pl/preview/82ec8fa7-066d-40f4-b883-f9199e27fd71,82ec8fa7-066d-40f4-b883-f9199e27fd71
f:1b9e5c6fae4f,Dawid Wajnsztejn,,handel towarami łokciowemi,,,,,1929,archives/database of kowel crime/data/obwieszczenia_publiczne/kowel_businesses.csv,https://polona.pl/preview/234488c4-9726-4eaf-ae81-c01bda84fc6c,234488c4-9726-4eaf-ae81-c01bda84fc6c
f:0e2b7e72e5d3,Dawidowicz flron,Dawidowicz flron,sprzedaż mięsa,Mało-Włodzi- •erska 6,,,6,1921,archives/database of kowel crime/data/obwieszczenia_publiczne/kowel_businesses.csv,https://polona.pl/preview/b4b059a8-d099-433a-84d2-825199586a4d,b4b059a8-d099-433a-84d2-825199586a4d
f:0573129d3cb7,Debora Baskin,,skład apteczny,,,,,1931,archives/database of kowel crime/data/obwieszczenia_publiczne/kowel_businesses.csv,https://polona.pl/preview/888d89b6-c662-4767-a42d-8a8b57ca6733,888d89b6-c662-4767-a42d-8a8b57ca6733
f:10d4a4c43be1,Demetij Tarasiewicz,,drobny handel wyrobów masar skich i mięsa,Sienkiewicza 25,st:5d3d89171ee3,Sienkiewicza,25,1933,archives/database of kowel crime/data/obwieszczenia_publiczne/kowel_businesses.csv,https://polona.pl/preview/40ad6db6-94f8-4f56-bf3d-74b5fdcd5c8f,40ad6db6-94f8-4f56-bf3d-74b5fdcd5c8f
f:83f9884e369b,Dichter J.,,Jaja,Brzeska 33,st:7dc94505c4b3,Brzeska,33,1929,1929_business_directory.csv,,
f:f72c282288c9,Dina Bass,,handel drobną galanterją,,,,,1927,archives/database of kowel crime/data/obwieszczenia_publiczne/kowel_businesses.csv,https://polona.pl/preview/82ec8fa7-066d-40f4-b883-f9199e27fd71,82ec8fa7-066d-40f4-b883-f9199e27fd71
f:e5738deecc53,Dina Bronsztejn,,"piwiarnia, zakąski i domowa sprze daż papierosów",,,,,1932,archives/database of kowel crime/data/obwieszczenia_publiczne/kowel_businesses.csv,https://polona.pl/preview/3a19645e-cf9c-4bdb-bd60-e788df72aa01,3a19645e-cf9c-4bdb-bd60-e788df72aa01
f:058c420d5c6d,Dina Perwin,,handel spożywczy,,,,,1928,archives/database of kowel crime/data/obwieszczenia_publiczne/kowel_businesses.csv,https://polona.pl/preview/cd9223f9-ea99-429b-b62b-6714984be656,cd9223f9-ea99-429b-b62b-6714984be656
f:f91b28ca4b6c,Dinar G.,,Krawcy,Zakościelna 4,,,4,1929,1929_business_directory.csv,,
f:1c7bd6c9ff77,Djanowski J.,,Golantorps,Warszawska 60,st:06caf55d067c,Warszawska,60,1929,1929_business_directory.csv,,
f:cc71f6e03d0f,Djanowski Jerzy,Djanowski Jerzy,handel galanterją,Lucka 107,st:deb1b321e31a,Łucka,107,1923,archives/database of kowel crime/data/obwieszczenia_publiczne/kowel_businesses.csv,https://polona.pl/preview/10d237da-d64b-457e-b670-d847ca3a8c4b,10d237da-d64b-457e-b670-d847ca3a8c4b
f:7100ee375b29,Doba Bar,,handel spożywczy,,,,,1929,archives/database of kowel crime/data/obwieszczenia_publiczne/kowel_businesses.csv,https://polona.pl/preview/c43c3356-2282-46a9-bdae-e71157632bdd,c43c3356-2282-46a9-bdae-e71157632bdd
f:f75dbd975405,Dora Messer,,handel materjałami piśmiennemi i W' strybucja,,,,,1927,archives/database of kowel crime/data/obwieszczenia_publiczne/kowel_businesses.csv,https://polona.pl/preview/82ec8fa7-066d-40f4-b883-f9199e27fd71,82ec8fa7-066d-40f4-b883-f9199e27fd71
f:50c097f6d1a1,Drogman,,Golantorps,Warszawska 86,st:06caf55d067c,Warszawska,86,1929,1929_business_directory.csv,,
f:d163cae86b75,Drukarnia,,Printing/Publishing,Warszawska 29,st:06caf55d067c,Warszawska,29,1938,kowel_residents_1938.csv,,
f:b6584b12a69c,Drukarnia Polska,,Drukarnie,Warszawska 16,st:06caf55d067c,Warszawska,16,1929,1929_business_directory.csv,,
f:3a7f390b67cd,Drukier U.,,Krawcy,Krótka 34,st:c1a83457d847,Krótka,34,1929,1929_business_directory.csv,,
f:0cd86105648e,Drykier L. & M.,,Ubrania,Warszawska 142,st:06caf55d067c,Warszawska,142,1929,1929_business_directory.csv,,
f:0769d373cd14,Dumadski S.,,Felczerzy,Łuska 204,,,204,1929,1929_business_directory.csv,,
f:f07b42e09873,Duwid Segał,,handel artykułami spożywczemi,,,,,1924,archives/database of kowel crime/data/obwieszczenia_publiczne/kowel_businesses.csv,https://polona.pl/preview/2aedbfec-a6d7-4103-9ec5-375353c56f73,2aedbfec-a6d7-4103-9ec5-375353c56f73
f:684e1242e91c,Dwojra Brykman,,drobny handel galanterji,Warszawska 146,st:06caf55d067c,Warszawska,146,1931,archives/database of kowel crime/data/obwieszczenia_publiczne/kowel_businesses.csv,https://polona.pl/preview/3684b780-bf22-47ea-b29e-745508ce7596,3684b780-bf22-47ea-b29e-745508ce7596
f:6547475a0af3,Dwojra-Ita Piterman,,drobny handel spożywczy,,,,,1929,archives/database of kowel crime/data/obwieszczenia_publiczne/kowel_businesses.csv,https://polona.pl/preview/c43c3356-2282-46a9-bdae-e71157632bdd,c43c3356-2282-46a9-bdae-e71157632bdd
f:22a850e06fb3,Dwoszka Linzen,,piwiarnia i domowa sprzedaż papiero sów,,,,,1929,archives/database of kowel crime/data/obwieszczenia_publiczne/kowel_businesses.csv,https://polona.pl/preview/93be8018-b4f5-4fd3-b908-581cdb599163,93be8018-b4f5-4fd3-b908-581cdb599163
f:8a0cf6088eb5,Dyncia Finkielsztejn,,drobny handel spożywczy,,,,,1931,archives/database of kowel crime/data/obwieszczenia_publiczne/kowel_businesses.csv,https://polona.pl/preview/2a3c9ad2-6289-47aa-9ea8-65d9c0e444d2,2a3c9ad2-6289-47aa-9ea8-65d9c0e444d2
f:b00f45cc7c2e,E’o Inlgber,,bufet,,,,,1929,archives/database of kowel crime/data/obwieszczenia_publiczne/kowel_businesses.csv,https://polona.pl/preview/4bc291b1-8fc0-4870-a69f-151b46fd8599,4bc291b1-8fc0-4870-a69f-151b46fd8599
f:3fb25edeb7bf,Efrus E.,,Nafta,Lurka 45,,,45,1929,1929_business_directory.csv,,
f:3312871b7226,Eijasz Jakubowski,,kawiarnia,Kolejowa 69,st:a39b8f9fba52,Kolejowa,69,16 w,archives/database of kowel crime/data/obwieszczenia_publiczne/kowel_businesses.csv,https://polona.pl/preview/65208553-b5d4-4b10-9464-cc6a5ac95106,65208553-b5d4-4b10-9464-cc6a5ac95106
f:8d94240932ce,Ejczys G.,,Golantorps,Warszawska 134,st:06caf55d067c,Warszawska,134,1929,1929_business_directory.csv,,
f:18d190e4eb5e,Ejczys M.,,Golantorps,Warszawska 186,st:06caf55d067c,Warszawska,186,1929,1929_business_directory.csv,,
f:56e7b38817ee,Ejdolsztejn A. & Jachniuk I.,,Tartaki,3 Maja,st:e1587e53e305,3 Maja,,1929,1929_business_directory.csv,,
f:1b5f01ad44ce,Ejl Ch.,,Krawcy,Krótka 12,st:c1a83457d847,Krótka,12,1929,1929_business_directory.csv,,
f:58a1d5f92172,Ejnbinder Józef,,handel galanterją,Łucka 86,st:deb1b321e31a,Łucka,86,1924,archives/database of kowel crime/data/obwieszczenia_publiczne/kowel_businesses.csv,https://polona.pl/preview/b4b059a8-d099-433a-84d2-825199586a4d,b4b059a8-d099-433a-84d2-825199586a4d
f:a88ed3e3c72d,Ejnoch Jakób,,handel spożywczy,Brzeska 11,st:7dc94505c4b3,Brzeska,11,1924,archives/database of kowel crime/data/obwieszczenia_publiczne/kowel_businesses.csv,https://polona.pl/preview/b4b059a8-d099-433a-84d2-825199586a4d,b4b059a8-d099-433a-84d2-825199586a4d
f:769b4775c3a8,Ejnoch Mordko,,handel towarami ludowemi,Łucka 51,st:deb1b321e31a,Łucka,51,1923,archives/database of kowel crime/data/obwieszczenia_publiczne/kowel_businesses.csv,https://polona.pl/preview/ff08cb8e-9efb-40ee-8f02-05d2a7e8b60f,ff08cb8e-9efb-40ee-8f02-05d2a7e8b60f
f:3409300abf1d,Eknan M.,,Ubrania,Rynek,st:2ddaa8c0fce3,Rynek,,1929,1929_business_directory.csv,,
f:9ee49d0b8ed6,,Ela Finkielsztejn,,Targowej 4,,,4,1924,archives/database of kowel crime/data/obwieszczenia_publiczne/kowel_businesses.csv,https://polona.pl/preview/703d0d66-f6f4-451e-9638-08f04b344b21,703d0d66-f6f4-451e-9638-08f04b344b21
f:82f00cd1e57d,Elektrownia Miejska dzierż. Tuller Br.,,Elektrodzenie,al. Ks. Poniatowskiego 3,,,3,1929,1929_business_directory.csv,,
f:103e26612b26,Eleonora Rudnicka,,handel spożywczy,Górka 9,st:6db12fc2b6d9,Górka,9,1924,archives/database of kowel crime/data/obwieszczenia_publiczne/kowel_businesses.csv,https://polona.pl/preview/ff47319b-0f32-466e-92dd-bc4cd36be115,ff47319b-0f32-466e-92dd-bc4cd36be115
f:34eb87b4cd4e,Elfantel B. L.,,Czopssiju,Warszawska 42,st:06caf55d067c,Warszawska,42,1929,1929_business_directory.csv,,
f:3ea7ca7ad067,Elio Kapszuk,,skup skór surowych,,,,,1927,archives/database of kowel crime/data/obwieszczenia_publiczne/kowel_businesses.csv,https://polona.pl/preview/af2540fa-47e6-4106-843c-5845fb156eb6,af2540fa-47e6-4106-843c-5845fb156eb6
f:fbf130d411a5,,Elka Winter,,Mickie wicza 28,,,28,1924,archives/database of kowel crime/data/obwieszczenia_publiczne/kowel_businesses.csv,https://polona.pl/preview/4885526c-bae0-4d03-8b1a-21d868b1afe5,4885526c-bae0-4d03-8b1a-21d868b1afe5
f:2b23104fd776,Engelsberg H.,,Zegarmistrza,Kolejowa 37,st:a39b8f9fba52,Kolejowa,37,1929,1929_business_directory.csv,,
f:004bf127040c,Epsztejn A.,,Fotograficzne,Warszawska 61,st:06caf55d067c,Warszawska,61,1929,1929_business_directory.csv,,
f:52e7e0fbfcb0,Epsztejn I.,,Fotograficzne,Warszawska 98,st:06caf55d067c,Warszawska,98,1929,1929_business_directory.csv,,
f:55b4cb8a67fa,Erlich,,Others,Warszawska 144,st:06caf55d067c,Warszawska,144,1929,1929_business_directory.csv,,
f:3c76e7bff8d1,Erlich A.,,Ziemioplady,Warszawska 130,st:06caf55d067c,Warszawska,130,1929,1929_business_directory.csv,,
f:8e7cbb1b6959,Erlich D. Z.,,Krawcy,Warszawska 106,st:06caf55d067c,Warszawska,106,1929,1929_business_directory.csv,,
f:afca474be09a,Erlich H.,,Krawcy,Kościuszki 4,st:b7d5a2f0721a,Kościuszki,4,1929,1929_business_directory.csv,,
f:5e2e3645d35f,Erlich S.,,Wody,Włodzimierska 8,st:61c4d35f6565,Włodzimierska,8,1929,1929_business_directory.csv,,
f:fc0df70e49ba,Erlich Sz.,,Golantorps,Warszawska 16,st:06caf55d067c,Warszawska,16,1929,1929_business_directory.csv,,
f:0baab186ad06,Erlichgerecht Asna,,drobny handel przetworów zbożo wych,Rynek 13,st:2ddaa8c0fce3,Rynek,13,1933,archives/database of kowel crime/data/obwieszczenia_publiczne/kowel_businesses.csv,https://polona.pl/preview/d9a8aa3b-9bf1-4bf2-a356-14234173ac0c,d9a8aa3b-9bf1-4bf2-a356-14234173ac0c
f:6c2660626c78,Ester Bakun,,sprzedaż farb i przyborów farbiars i,,,,,1927,archives/database of kowel crime/data/obwieszczenia_publiczne/kowel_businesses.csv,https://polona.pl/preview/887211d5-4f91-4f63-9bbb-09c4eba06aa5,887211d5-4f91-4f63-9bbb-09c4eba06aa5
f:d402ec39fec7,Ester Erlich,,drobny handel obuwiem ludowem,,,,,1929,archives/database of kowel crime/data/obwieszczenia_publiczne/kowel_businesses.csv,https://polona.pl/preview/234488c4-9726-4eaf-ae81-c01bda84fc6c,234488c4-9726-4eaf-ae81-c01bda84fc6c
f:12f2a80a8aaa,Ester Rozenbaum,,kawiarnia i sprzedaż delikatesów,,,,,1924,archives/database of kowel crime/data/obwieszczenia_publiczne/kowel_businesses.csv,https://polona.pl/preview/2adeecd4-e417-42de-95f8-e6b729def9a7,2adeecd4-e417-42de-95f8-e6b729def9a7
f:fdbc5f8b20a5,Ester Zafran,,skup zboża i drobny handel spożywczy,,,,,1927,archives/database of kowel crime/data/obwieszczenia_publiczne/kowel_businesses.csv,https://polona.pl/preview/74339fe4-6d3c-4f66-9460-52166d6fd810,74339fe4-6d3c-4f66-9460-52166d6fd810
f:3f1fd962242d,Estera Czertok,,"drobny handel spożywczy, wyroby tytoniowe, galanterja i spirytus skażony",Sienkiewicza 34,st:5d3d89171ee3,Sienkiewicza,34,1934,archives/database of kowel crime/data/obwieszczenia_publiczne/kowel_businesses.csv,https://polona.pl/preview/890a8bf6-59d6-4ded-bef3-654344f795d4,890a8bf6-59d6-4ded-bef3-654344f795d4
f:7f67b712e078,Estera Pereł,,drobny handel spożywczy,,,,,1932,archives/database of kowel crime/data/obwieszczenia_publiczne/kowel_businesses.csv,https://polona.pl/preview/76fa41b1-da18-4b87-97e4-0616f6d72c59,76fa41b1-da18-4b87-97e4-0616f6d72c59
f:629dc4e43628,Etia Auchman,,"piwiarnia, kawiarnia i domowa sprzedaż papierosów",,,,,1929,archives/database of kowel crime/data/obwieszczenia_publiczne/kowel_businesses.csv,https://polona.pl/preview/234488c4-9726-4eaf-ae81-c01bda84fc6c,234488c4-9726-4eaf-ae81-c01bda84fc6c
f:11d45ef240e5,Etla Aleksenberg,,drobny handel spoz^czy,3 Maja 12,st:e1587e53e305,3 Maja,12,1932,archives/database of kowel crime/data/obwieszczenia_publiczne/kowel_businesses.csv,https://polona.pl/preview/76fa41b1-da18-4b87-97e4-0616f6d72c59,76fa41b1-da18-4b87-97e4-0616f6d72c59
f:1553f067fe67,Etla Bren,,drobny skup zboża,,,,,1928,archives/database of kowel crime/data/obwieszczenia_publiczne/kowel_businesses.csv,https://polona.pl/preview/95a0cc26-9a84-496b-bd7f-497e02839163,95a0cc26-9a84-496b-bd7f-497e02839163
f:76cd12f62e96,Etla Golender,,drobny handel spożywczy,,,,,1931,archives/database of kowel crime/data/obwieszczenia_publiczne/kowel_businesses.csv,https://polona.pl/preview/27af7d17-4159-4e2a-853c-4387283616b4,27af7d17-4159-4e2a-853c-4387283616b4
f:6c4166dc48fe,Etla Singał,,bufet i drobny handel spożywczy,,,,,1927,archives/database of kowel crime/data/obwieszczenia_publiczne/kowel_businesses.csv,https://polona.pl/preview/887211d5-4f91-4f63-9bbb-09c4eba06aa5,887211d5-4f91-4f63-9bbb-09c4eba06aa5
f:18767fb3e8d9,Etla-Sura Fiszer,,kawiarnia,,,,,1924,archives/database of kowel crime/data/obwieszczenia_publiczne/kowel_businesses.csv,https://polona.pl/preview/ff47319b-0f32-466e-92dd-bc4cd36be115,ff47319b-0f32-466e-92dd-bc4cd36be115
f:9315e3c8fd7c,F.,,Ajzonborg,Piłsudskiego,st:15e97eb03ba4,Piłsudskiego,,1929,1929_business_directory.csv,,
f:a840d1da0dbe,Fabryka Monopolu Tytoniowego,,Tytoniowe,,,,,1929,1929_business_directory.csv,,
f:ac8f2d245b47,Fajer I.,,Krawcy,Łuska 3,,,3,1929,1929_business_directory.csv,,
f:7f968a25ab4e,Fajersztein M.,,Fryzjerzy,Warszawska 163,st:06caf55d067c,Warszawska,163,1929,1929_business_directory.csv,,
f:2b1e20d9cdfc,Fajfer G.,,Fryzjerzy,Warszawska 59,st:06caf55d067c,Warszawska,59,1929,1929_business_directory.csv,,
f:7a250c005ddc,Fajner Ch.,,Golantorps,Kolejowa 79,st:a39b8f9fba52,Kolejowa,79,1929,1929_business_directory.csv,,
f:818bc2c93d73,Fajner Chaja,,handel galanterją,Kolejowa 79,st:a39b8f9fba52,Kolejowa,79,1924,archives/database of kowel crime/data/obwieszczenia_publiczne/kowel_businesses.csv,https://polona.pl/preview/b4b059a8-d099-433a-84d2-825199586a4d,b4b059a8-d099-433a-84d2-825199586a4d
f:d4d847505235,Fajner L.,,Fryzjerzy,Kolejowa 79,st:a39b8f9fba52,Kolejowa,79,1929,1929_business_directory.csv,,
f:33006f909801,Fajner Sz.,,Fryzjerzy,Warszawska 31,st:06caf55d067c,Warszawska,31,1929,1929_business_directory.csv,,
f:620c4f4f40f9,Fajnlich G.,,Czopssiju,Brzeska 2,st:7dc94505c4b3,Brzeska,2,1929,1929_business_directory.csv,,
f:a4d26c81088f,Fajnlich Z.,,Czopssiju,Warszawska 178,st:06caf55d067c,Warszawska,178,1929,1929_business_directory.csv,,
f:7b213ff60153,Fajnsztein M.,,Kamieniołomy,Targowa 8,,,8,1929,1929_business_directory.csv,,
f:87c9b539cd95,Faldraan B.,,Jubilerzy,Warszawska 111,st:06caf55d067c,Warszawska,111,1929,1929_business_directory.csv,,
f:1faf3d4932f4,Falen F.,,Garbarnie,Maciejowska 108,st:dc704ea0c8ea,Maciejowska,108,1929,1929_business_directory.csv,,
f:e71475a70ff6,Fejga Blajguz,,handel galanterją,,,,,1924,archives/database of kowel crime/data/obwieszczenia_publiczne/kowel_businesses.csv,https://polona.pl/preview/4182d5e1-7e15-44c0-aabb-a28a7013a962,4182d5e1-7e15-44c0-aabb-a28a7013a962
f:cb49bb5ffa1f,Fejga Byk,,drobna sprzedaż skór i przyborów szewckich,,,,,1929,archives/database of kowel crime/data/obwieszczenia_publiczne/kowel_businesses.csv,https://polona.pl/preview/ef874927-de03-4367-a2a0-6481a80024cb,ef874927-de03-4367-a2a0-6481a80024cb
f:f77c60c7e2a8,Fejga Erlich,,piwiarnia i domowa sprzedaż papierosów,,,,,1929,archives/database of kowel crime/data/obwieszczenia_publiczne/kowel_businesses.csv,https://polona.pl/preview/c43c3356-2282-46a9-bdae-e71157632bdd,c43c3356-2282-46a9-bdae-e71157632bdd
f:cb904b5f0e44,Fejga Gopen,,handel towarami mieszanemi,,,,,1927,archives/database of kowel crime/data/obwieszczenia_publiczne/kowel_businesses.csv,https://polona.pl/preview/af2540fa-47e6-4106-843c-5845fb156eb6,af2540fa-47e6-4106-843c-5845fb156eb6
f:91e46a3f3790,Fejga Tener,,handel spożywczy i bufet,,,,,1927,archives/database of kowel crime/data/obwieszczenia_publiczne/kowel_businesses.csv,https://polona.pl/preview/74339fe4-6d3c-4f66-9460-52166d6fd810,74339fe4-6d3c-4f66-9460-52166d6fd810
f:896810b2c91a,Fejga-Małka Rubinsztejn,,handel łokciowemi towarami,,,,,1929,archives/database of kowel crime/data/obwieszczenia_publiczne/kowel_businesses.csv,https://polona.pl/preview/e0194cdf-2b9b-4220-ba25-6dcfa7304ea2,e0194cdf-2b9b-4220-ba25-6dcfa7304ea2
f:b7c74377adb3,Fidel Złata,Fidel Złata,handel delikatesami,Kolejowa 2,st:a39b8f9fba52,Kolejowa,2,1917,archives/database of kowel crime/data/obwieszczenia_publiczne/kowel_businesses.csv,https://polona.pl/preview/ff08cb8e-9efb-40ee-8f02-05d2a7e8b60f,ff08cb8e-9efb-40ee-8f02-05d2a7e8b60f
f:b2a7f73dcd4b,Finkiel Szapiro,,handel manufakturą ludową,,,,,1929,archives/database of kowel crime/data/obwieszczenia_publiczne/kowel_businesses.csv,https://polona.pl/preview/93be8018-b4f5-4fd3-b908-581cdb599163,93be8018-b4f5-4fd3-b908-581cdb599163
f:4c4dae6273f8,Finkielsztejn A.,,Zboże,Rynek 17,st:2ddaa8c0fce3,Rynek,17,1929,1929_business_directory.csv,,
f:db8849e463b2,Fisz Ch.,,Krawcy,Warszawska 29,st:06caf55d067c,Warszawska,29,1929,1929_business_directory.csv,,
f:6eb3ffe6bd14,Fisze! Gitelis,,sprzedaż manufaktury i gotowych ubrań ludo wych,,,,,1929,archives/database of kowel crime/data/obwieszczenia_publiczne/kowel_businesses.csv,https://polona.pl/preview/46db2297-e7d7-4059-8dc3-e67bc01c90f3,46db2297-e7d7-4059-8dc3-e67bc01c90f3
f:b0c984ff7bcb,Fiszek Szl.,,Fryzjerzy,Kolejowa 1,st:a39b8f9fba52,Kolejowa,1,1929,1929_business_directory.csv,,
f:00fd637db228,Fiszel Mitnik,,kawiarnia i handel delikatesami,ui,,,,1924,archives/database of kowel crime/data/obwieszczenia_publiczne/kowel_businesses.csv,https://polona.pl/preview/f7849491-8501-4016-93bc-dcc849aa9171,f7849491-8501-4016-93bc-dcc849aa9171
f:52c9f5406f55,Fitersojbel P.,,Czopssiju,Warszawska 170,st:06caf55d067c,Warszawska,170,1929,1929_business_directory.csv,,
f:2c98d3688f00,Flomonbaum J.,,Jubilerzy,Warszawska 143,st:06caf55d067c,Warszawska,143,1929,1929_business_directory.csv,,
f:24357961a7b3,Fradelis A.,,Jubilerzy,Warszawska 42,st:06caf55d067c,Warszawska,42,1929,1929_business_directory.csv,,
f:1093de144644,Fradolis M.,,Zegarmistrza,Warszawska 50,st:06caf55d067c,Warszawska,50,1929,1929_business_directory.csv,,
f:bd3297a852d6,Franciszek Labuś,,sprzedaż wyrobów tytuniowych,,,,,1924,archives/database of kowel crime/data/obwieszczenia_publiczne/kowel_businesses.csv,https://polona.pl/preview/f2df8e25-42bf-4e29-9752-78d21b1f9f84,f2df8e25-42bf-4e29-9752-78d21b1f9f84
f:4f424bcc8ed2,Franciszek Spyra,,sprzedaż pieczywa,,,,,1927,archives/database of kowel crime/data/obwieszczenia_publiczne/kowel_businesses.csv,https://polona.pl/preview/af2540fa-47e6-4106-843c-5845fb156eb6,af2540fa-47e6-4106-843c-5845fb156eb6
f:590273fb601e,Frejda Cun,,handel artykułami spożywczemi i galanterją,,,,,1924,archives/database of kowel crime/data/obwieszczenia_publiczne/kowel_businesses.csv,https://polona.pl/preview/ff47319b-0f32-466e-92dd-bc4cd36be115,ff47319b-0f32-466e-92dd-bc4cd36be115
f:24a045e032b4,Frejden Frejda,,handel skórami i przyborami szewckiemi,Łucka 20,st:deb1b321e31a,Łucka,20,1918,archives/database of kowel crime/data/obwieszczenia_publiczne/kowel_businesses.csv,https://polona.pl/preview/4885526c-bae0-4d03-8b1a-21d868b1afe5,4885526c-bae0-4d03-8b1a-21d868b1afe5
f:98b8915ef4da,Frejłachman Aron,,kawiarnia,,,,,1933,archives/database of kowel crime/data/obwieszczenia_publiczne/kowel_businesses.csv,https://polona.pl/preview/d9a8aa3b-9bf1-4bf2-a356-14234173ac0c,d9a8aa3b-9bf1-4bf2-a356-14234173ac0c
f:4a7d325ec0c3,Fridlender Chaja-Leja,,skład apteczny,,,,,1933,archives/database of kowel crime/data/obwieszczenia_publiczne/kowel_businesses.csv,https://polona.pl/preview/40ad6db6-94f8-4f56-bf3d-74b5fdcd5c8f,40ad6db6-94f8-4f56-bf3d-74b5fdcd5c8f
f:6431fe3e373c,Fridman A.,,Futra,Lacka 100,,,100,1929,1929_business_directory.csv,,
f:ea8ce7bdbff5,Fridman Benjamin,Fridman Benjamin,handel galanterją,Łucka 113,st:deb1b321e31a,Łucka,113,1905,archives/database of kowel crime/data/obwieszczenia_publiczne/kowel_businesses.csv,https://polona.pl/preview/b4b059a8-d099-433a-84d2-825199586a4d,b4b059a8-d099-433a-84d2-825199586a4d
f:e83d8e7c3c7e,Fridman Cz.,,Ubrania,Lurka 18,,,18,1929,1929_business_directory.csv,,
f:2580bcee4234,Fridman Czerna,Fridman Czerna,handel ubraniami i chustkami,M,,,,1924,archives/database of kowel crime/data/obwieszczenia_publiczne/kowel_businesses.csv,https://polona.pl/preview/b4b059a8-d099-433a-84d2-825199586a4d,b4b059a8-d099-433a-84d2-825199586a4d
f:895458763f89,Fridman M.,,Krawcy,Warszawska 39,st:06caf55d067c,Warszawska,39,1929,1929_business_directory.csv,,
f:7ea14b967eee,Fridolman D.,,Fryzjerzy,Warszawska 83,st:06caf55d067c,Warszawska,83,1929,1929_business_directory.csv,,
f:7208510d0b80,Fro m Mełamed,,drobna sprzedaż resztek manufaktury ludowej,,,,,1931,archives/database of kowel crime/data/obwieszczenia_publiczne/kowel_businesses.csv,https://polona.pl/preview/c247ce90-6aa2-46b3-b7cb-f497c3f2d167,c247ce90-6aa2-46b3-b7cb-f497c3f2d167
f:5c4a55368c21,Froim Sygał,,skup zawodowy jaj,,,,,1927,archives/database of kowel crime/data/obwieszczenia_publiczne/kowel_businesses.csv,https://polona.pl/preview/82ec8fa7-066d-40f4-b883-f9199e27fd71,82ec8fa7-066d-40f4-b883-f9199e27fd71
f:fcc6986fb9b3,Froim Sztejnberg,,handel towarami spożywczemi i zbożem,Łucka 271,st:deb1b321e31a,Łucka,271,1921,archives/database of kowel crime/data/obwieszczenia_publiczne/kowel_businesses.csv,https://polona.pl/preview/b4b059a8-d099-433a-84d2-825199586a4d,b4b059a8-d099-433a-84d2-825199586a4d
f:dac0146bd906,Frydman B.,,Golantorps,Warszawska 50,st:06caf55d067c,Warszawska,50,1929,1929_business_directory.csv,,
f:eaf2ea5d3021,Frydman Sz.,,Krawcy,Mickiewicza,st:57d62842bea3,Mickiewicza,,1929,1929_business_directory.csv,,
f:f9f242d1d5f3,Frydnian Halpern,,Ekspedycyjne,Warszawska 81,st:06caf55d067c,Warszawska,81,1929,1929_business_directory.csv,,
f:126e812ef70f,ftbram Goldberg,Abram Gold berg,handel artykułami spożywczemi i galanterją,Staro-Kolejowa 43,st:6696b3e78791,Staro-Kolejowa,43,1904,archives/database of kowel crime/data/obwieszczenia_publiczne/kowel_businesses.csv,https://polona.pl/preview/2adeecd4-e417-42de-95f8-e6b729def9a7,2adeecd4-e417-42de-95f8-e6b729def9a7
f:4a6e65b3ed42,ftndrzej Szeroczenko,,kawiarnia,Górna 8,,,8,1924,archives/database of kowel crime/data/obwieszczenia_publiczne/kowel_businesses.csv,https://polona.pl/preview/695f6b42-aae3-4f91-bbe9-4b8e171ba2db,695f6b42-aae3-4f91-bbe9-4b8e171ba2db
f:01856894ebd1,ftntoni Michalski,,handel bławatno-galanteryjny,Lucka 110,st:deb1b321e31a,Łucka,110,1923,archives/database of kowel crime/data/obwieszczenia_publiczne/kowel_businesses.csv,https://polona.pl/preview/695f6b42-aae3-4f91-bbe9-4b8e171ba2db,695f6b42-aae3-4f91-bbe9-4b8e171ba2db
f:8e8454880ea3,Fuks Seria,,kawiarnia i obiady domowe,,,,,1934,archives/database of kowel crime/data/obwieszczenia_publiczne/kowel_businesses.csv,https://polona.pl/preview/7a9d61ef-6b9a-487f-a54a-b4025dd2a13b,7a9d61ef-6b9a-487f-a54a-b4025dd2a13b
f:9e34725bd4c2,Furman G.,,Szetrekto,Targowa,,,,1929,1929_business_directory.csv,,
f:40d5f2a13f83,Furszteler Ch.,,Drzewo,Pomni-&owa 21,,,21,1929,1929_business_directory.csv,,
f:beb663e8f37d,Furszteler Ch.,,Drzewo,Kolojowa 5,,,5,1929,1929_business_directory.csv,,
f:f9545e4c6906,Furszteler Chaim,Furszteler Chaim,handel drzewem,Kolejowa 5,st:a39b8f9fba52,Kolejowa,5,1922,archives/database of kowel crime/data/obwieszczenia_publiczne/kowel_businesses.csv,https://polona.pl/preview/ff08cb8e-9efb-40ee-8f02-05d2a7e8b60f,ff08cb8e-9efb-40ee-8f02-05d2a7e8b60f
f:bf90d7b47961,G.,,Sztorenszys,Warszawska,st:06caf55d067c,Warszawska,,1929,1929_business_directory.csv,,
f:ef94633993c5,Galar A.,,Cukierki,Wlodzimierska,st:61c4d35f6565,Włodzimierska,,1929,1929_business_directory.csv,,
f:b0c8b262ef6d,Galer Z.,,Fotograficzne,Warszawska 137,st:06caf55d067c,Warszawska,137,1929,1929_business_directory.csv,,
f:81789e138b9e,Gantfus A.,,Fryzjerzy,Brzeska 4,st:7dc94505c4b3,Brzeska,4,1929,1929_business_directory.csv,,
f:09519b4c7d20,Gantfus Ar.,,Fryzjerzy,Warszawska 37,st:06caf55d067c,Warszawska,37,1929,1929_business_directory.csv,,
f:2e9eb98953f0,Garber Cli.,,Ziemioplady,Warszawska 165,st:06caf55d067c,Warszawska,165,1929,1929_business_directory.csv,,
f:a3c37716b0d5,Garber Mojsze,,"handel obuwiem, skórami i przyborami szew- ckiemi",,,,,1924,archives/database of kowel crime/data/obwieszczenia_publiczne/kowel_businesses.csv,https://polona.pl/preview/ad3c3a74-0110-4005-bd79-2db471a259ef,ad3c3a74-0110-4005-bd79-2db471a259ef
f:f43a283c74cb,Garber Sz.,,Krawcy,Warszawska 9,st:06caf55d067c,Warszawska,9,1929,1929_business_directory.csv,,
f:45693d72d81d,Gedal Swiniuch,,sprzedaż naczyń i szkła,,,,,1928,archives/database of kowel crime/data/obwieszczenia_publiczne/kowel_businesses.csv,https://polona.pl/preview/036189b2-afe6-4d40-9706-027bbb4e7732,036189b2-afe6-4d40-9706-027bbb4e7732
f:e5609d26ccc8,Gedalja Szul,,handel artykułami spożywczemi,Kolejowa 58,st:a39b8f9fba52,Kolejowa,58,1902,archives/database of kowel crime/data/obwieszczenia_publiczne/kowel_businesses.csv,https://polona.pl/preview/a7f21fd6-344c-49c8-a705-e099da18e039,a7f21fd6-344c-49c8-a705-e099da18e039
f:f41013c462fd,Geller Henia,,Czopssiju,Warszawska 44,st:06caf55d067c,Warszawska,44,1929,1929_business_directory.csv,,
f:13ac66a24f36,Geller Szloma,,drobny handel manufaktury ludowej,,,,,1932,archives/database of kowel crime/data/obwieszczenia_publiczne/kowel_businesses.csv,https://polona.pl/preview/267a9e40-3596-44c0-a595-a8d9a881ce5b,267a9e40-3596-44c0-a595-a8d9a881ce5b
f:55c66d516cd1,Geller Szloma,,drobny handel manufaktury ludowej,,,,,1932,archives/database of kowel crime/data/obwieszczenia_publiczne/kowel_businesses.csv,https://polona.pl/preview/0eb96528-540c-46b0-a25d-7a131c98e419,0eb96528-540c-46b0-a25d-7a131c98e419
f:da432fa7bba6,Genia Atłas,Genia Atłas,handel mięsem,Tuszow- skiego 6,,,6,1926,archives/database of kowel crime/data/obwieszczenia_publiczne/kowel_businesses.csv,https://polona.pl/preview/d2d13466-afb4-4454-a5c8-94f97fea6482,d2d13466-afb4-4454-a5c8-94f97fea6482
f:cfb22dbc874b,Gersz Klejner,,handel obuwiem i galanterją,,,,,1924,archives/database of kowel crime/data/obwieszczenia_publiczne/kowel_businesses.csv,https://polona.pl/preview/ff08cb8e-9efb-40ee-8f02-05d2a7e8b60f,ff08cb8e-9efb-40ee-8f02-05d2a7e8b60f
f:ad75643c9cdd,Gerszon Chusid,,handel towarami mieszanemi,,,,,1924,archives/database of kowel crime/data/obwieszczenia_publiczne/kowel_businesses.csv,https://polona.pl/preview/6f14eded-43a5-4015-aad1-761aa8c8efdc,6f14eded-43a5-4015-aad1-761aa8c8efdc
f:eb1df1966bfd,Gerszon Goldsztejn,,przedsiębiorstwo robót budowlanych i dro gowych,Pomnikowa 14,st:96353b1acb99,Pomnikowa,14,1924,archives/database of kowel crime/data/obwieszczenia_publiczne/kowel_businesses.csv,https://polona.pl/preview/6f14eded-43a5-4015-aad1-761aa8c8efdc,6f14eded-43a5-4015-aad1-761aa8c8efdc
f:6492113719dd,Gerszon Kuperman,,drobny handel galanterji,,,,,1931,archives/database of kowel crime/data/obwieszczenia_publiczne/kowel_businesses.csv,https://polona.pl/preview/888d89b6-c662-4767-a42d-8a8b57ca6733,888d89b6-c662-4767-a42d-8a8b57ca6733
f:eaa19a51b198,Gerszon Szwarc,,handel spożywczy,,,,,1927,archives/database of kowel crime/data/obwieszczenia_publiczne/kowel_businesses.csv,https://polona.pl/preview/9254feef-bbf2-4877-bd98-45d9a073a602,9254feef-bbf2-4877-bd98-45d9a073a602
f:6cb28fe8f5af,Geszel Ej czyś,,handel galanterją,,,,,1927,archives/database of kowel crime/data/obwieszczenia_publiczne/kowel_businesses.csv,https://polona.pl/preview/49d3eb71-187b-4935-8102-b95983785938,49d3eb71-187b-4935-8102-b95983785938
f:daddeb32a062,Geszel Fridlender,Szija-Eszel Fridlender,skład apteczny,Mickiewicza 9,st:57d62842bea3,Mickiewicza,9,1926,archives/database of kowel crime/data/obwieszczenia_publiczne/kowel_businesses.csv,https://polona.pl/preview/8bbf7c23-ed81-446d-88a3-dc73e8b2de88,8bbf7c23-ed81-446d-88a3-dc73e8b2de88
f:e0ac1fcc0e45,Geza r D.,,Czopssiju,Warszawska 109,st:06caf55d067c,Warszawska,109,1929,1929_business_directory.csv,,
f:562bc81478df,,Ghana Pomeranc,,"Spółka zawarta na czas nieograniczony, n",,,,1932,archives/database of kowel crime/data/obwieszczenia_publiczne/kowel_businesses.csv,https://polona.pl/preview/97b9f7dc-36d2-45cf-acc9-4694b014f588,97b9f7dc-36d2-45cf-acc9-4694b014f588
f:667ecf627e51,Gibel B.,,Golantorps,Kolejowa 1,st:a39b8f9fba52,Kolejowa,1,1929,1929_business_directory.csv,,
f:4b32c272c6ca,Gierszon Cukierman,,handel gotowemi ubraniami,* ul,,,,1924,archives/database of kowel crime/data/obwieszczenia_publiczne/kowel_businesses.csv,https://polona.pl/preview/6b99d55f-d15e-4c4e-ae14-676e854e58f7,6b99d55f-d15e-4c4e-ae14-676e854e58f7
f:26d34aeb0b15,Gilman A.,,Trykotaże,Ks. Szukajskiego 1,,,1,1929,1929_business_directory.csv,,
f:9a9bc73093c4,Ginzblat J.,,Golantorps,Warszawska 52,st:06caf55d067c,Warszawska,52,1929,1929_business_directory.csv,,
f:4b4cc44c543d,Gitla Bojm,,handel galanferją,,,,,1926,archives/database of kowel crime/data/obwieszczenia_publiczne/kowel_businesses.csv,https://polona.pl/preview/4f82249b-142f-4713-9cd6-7765d7c36ea5,4f82249b-142f-4713-9cd6-7765d7c36ea5
f:c52f9b4f7ecd,Gitla Mełamed,,handel towarami ludowemi,,,,,1924,archives/database of kowel crime/data/obwieszczenia_publiczne/kowel_businesses.csv,https://polona.pl/preview/98c5fc23-b2f8-48c8-9d27-204367af7084,98c5fc23-b2f8-48c8-9d27-204367af7084
f:64bf668d8984,Gitla Rer,,kawiarnia,,,,,1927,archives/database of kowel crime/data/obwieszczenia_publiczne/kowel_businesses.csv,https://polona.pl/preview/82ec8fa7-066d-40f4-b883-f9199e27fd71,82ec8fa7-066d-40f4-b883-f9199e27fd71
f:225440c4c842,Gitla Stróż,,drobny handel spożywczy i galanterji,,,,,1927,archives/database of kowel crime/data/obwieszczenia_publiczne/kowel_businesses.csv,https://polona.pl/preview/9254feef-bbf2-4877-bd98-45d9a073a602,9254feef-bbf2-4877-bd98-45d9a073a602
f:53dca5f4f902,Glejzor K.,,Ziemioplady,Mickiewicza 4,st:57d62842bea3,Mickiewicza,4,1929,1929_business_directory.csv,,
f:9a3d0d2ef508,Glik D.,,Golantorps,Warszawska 33,st:06caf55d067c,Warszawska,33,1929,1929_business_directory.csv,,
f:baeeed72bcba,Glouszek W.,,Cukiernia,Kolejowa 63 & Warszawska 16,st:a39b8f9fba52,Kolejowa,16,1929,1929_business_directory.csv,,
f:7e4468a6c8d5,Głouszek Wilhelm,,masarnia i sprzedaż wędlin,Kolejowa 63,st:a39b8f9fba52,Kolejowa,63,1912,archives/database of kowel crime/data/obwieszczenia_publiczne/kowel_businesses.csv,https://polona.pl/preview/ff08cb8e-9efb-40ee-8f02-05d2a7e8b60f,ff08cb8e-9efb-40ee-8f02-05d2a7e8b60f
f:bb7f44bc3723,Glwirc D.,,Czopssiju,Kolejowa 48,st:a39b8f9fba52,Kolejowa,48,1929,1929_business_directory.csv,,
f:1a87c2513225,Gnatiukówna Marja,,drcbna sprzedaż wyrobów masar skich,Sienkiewicza 21,st:5d3d89171ee3,Sienkiewicza,21,1933,archives/database of kowel crime/data/obwieszczenia_publiczne/kowel_businesses.csv,https://polona.pl/preview/d9a8aa3b-9bf1-4bf2-a356-14234173ac0c,d9a8aa3b-9bf1-4bf2-a356-14234173ac0c
f:1ffd3b4f7311,Goldberg Sz.,,Krawcy,Sienkiewicza,st:5d3d89171ee3,Sienkiewicza,,1929,1929_business_directory.csv,,
f:a975735879d6,Goldhaner Sz.,,Krawcy,Kolejowa 10,st:a39b8f9fba52,Kolejowa,10,1929,1929_business_directory.csv,,
f:8d012580d0f8,Goldszmidt Ch.,,Tytoniowe,Warszawska 255,st:06caf55d067c,Warszawska,255,1929,1929_business_directory.csv,,
f:a2aceae0dfec,Goldszmidt F.,,Zegarmistrza,Warszawska 255,st:06caf55d067c,Warszawska,255,1929,1929_business_directory.csv,,
f:50c2289fdfbd,Goldszmidt L.,,Tytoniowe,Warszawska 156,st:06caf55d067c,Warszawska,156,1929,1929_business_directory.csv,,
f:50ffc0c7e697,Goldszmidt Ł.,,Krawcy,Warszawska 253,st:06caf55d067c,Warszawska,253,1929,1929_business_directory.csv,,
f:108ee8bd1e5e,Goldszmidt M.,,Tytoniowe,Warszawska 8,st:06caf55d067c,Warszawska,8,1929,1929_business_directory.csv,,
f:d1db19a8ad51,Goldszmidt M.,,Wody,Pomnikowa 21,st:96353b1acb99,Pomnikowa,21,1929,1929_business_directory.csv,,
f:52cd5b288ecf,Goldszteja L.,,Ubrania,Warszawska 126,st:06caf55d067c,Warszawska,126,1929,1929_business_directory.csv,,
f:31db124dc3ba,Goldszteja Sz.,,Chemiczno,Warszawska,st:06caf55d067c,Warszawska,,1929,1929_business_directory.csv,,
f:c5a79b9f17d3,Goldsztejn Sz.,,Farby,Warszawska 2,st:06caf55d067c,Warszawska,2,1929,1929_business_directory.csv,,
f:617907dba251,Gołek Szpiegelman,,drobny handel spożywczy,1,,,,1929,archives/database of kowel crime/data/obwieszczenia_publiczne/kowel_businesses.csv,https://polona.pl/preview/4c37c7cd-e096-4696-a5e0-52e568b29ab8,4c37c7cd-e096-4696-a5e0-52e568b29ab8
f:11c9728c3807,Golewajg Sz.,,Fryzjerzy,Warszawska 89,st:06caf55d067c,Warszawska,89,1929,1929_business_directory.csv,,
f:e101e035e344,Gonczar Sz.,,Krawcy,Sienkiewicza 5,st:5d3d89171ee3,Sienkiewicza,5,1929,1929_business_directory.csv,,
f:55febd92bf2c,Gonik Motel,Gonik Motel,handel skórami i pracownia kamaszy,Łucka 84,st:deb1b321e31a,Łucka,84,1922,archives/database of kowel crime/data/obwieszczenia_publiczne/kowel_businesses.csv,https://polona.pl/preview/ad3c3a74-0110-4005-bd79-2db471a259ef,ad3c3a74-0110-4005-bd79-2db471a259ef
f:60202449bd1b,Gonik R.,,Ziemioplady,Warszawska,st:06caf55d067c,Warszawska,,1929,1929_business_directory.csv,,
f:a42c11dc6fb8,Goreń W.,,Stolarze,Warszawska,st:06caf55d067c,Warszawska,,1929,1929_business_directory.csv,,
f:c071b1230696,Gorin Dawid,Gorin Dawid,handel mięsem,Sienna 6,,,6,1922,archives/database of kowel crime/data/obwieszczenia_publiczne/kowel_businesses.csv,https://polona.pl/preview/ff08cb8e-9efb-40ee-8f02-05d2a7e8b60f,ff08cb8e-9efb-40ee-8f02-05d2a7e8b60f
f:81f4d78f50ed,Gorman A.,,Fryzjerzy,Warszawska 157,st:06caf55d067c,Warszawska,157,1929,1929_business_directory.csv,,
f:f1af9570d3c7,Goródner G.,,Krawcy,Warszawska 83,st:06caf55d067c,Warszawska,83,1929,1929_business_directory.csv,,
f:b71180710c2d,Goryń Jankiel,Goryń Jankiel,handel mięsem,St,,,,1924,archives/database of kowel crime/data/obwieszczenia_publiczne/kowel_businesses.csv,https://polona.pl/preview/ff08cb8e-9efb-40ee-8f02-05d2a7e8b60f,ff08cb8e-9efb-40ee-8f02-05d2a7e8b60f
f:bfe19a98f2c9,Gruszko,,Fryzjerzy,Sienkiewicza 22,st:5d3d89171ee3,Sienkiewicza,22,1929,1929_business_directory.csv,,
f:241dba42f1c1,Gryroruk K.,,Szewcy,,,,,1929,1929_business_directory.csv,,
f:13505d4825b3,Grytaoski S. & Liwszyc,,Drogi,Kościuszki 6,st:b7d5a2f0721a,Kościuszki,6,1929,1929_business_directory.csv,,
f:7e0d567bb1ca,Grzegorz Mochniuk,,drobny handel m ; ęsem,Miła (,st:92e212bf9eaf,Miła,,1931,archives/database of kowel crime/data/obwieszczenia_publiczne/kowel_businesses.csv,https://polona.pl/preview/950b11c5-f06c-4b50-83d2-a725c68af89b,950b11c5-f06c-4b50-83d2-a725c68af89b
f:b914be1da20b,Grzyb Zofja,,piwiarnia i domowa sprzedaż papierosów,,,,,1932,archives/database of kowel crime/data/obwieszczenia_publiczne/kowel_businesses.csv,https://polona.pl/preview/8ae835e5-592c-4e4b-8b09-46ecb59d07d3,8ae835e5-592c-4e4b-8b09-46ecb59d07d3
f:e577fa2e4549,Guferman S.,,Ziemioplady,Warszawska 237,st:06caf55d067c,Warszawska,237,1929,1929_business_directory.csv,,
f:8b81e489c9ef,Gulidski A.,,Felczerzy,,,,,1929,1929_business_directory.csv,,
f:fec5a4173522,Gutman A.,,Ubrania,Rynek 26,st:2ddaa8c0fce3,Rynek,26,1929,1929_business_directory.csv,,
f:dc6ccac08d6e,Gutman Idei,Gutman Idei,handel artykułami spożywczemi,Listopadowej 74,,,74,1924,archives/database of kowel crime/data/obwieszczenia_publiczne/kowel_businesses.csv,https://polona.pl/preview/b4b059a8-d099-433a-84d2-825199586a4d,b4b059a8-d099-433a-84d2-825199586a4d
f:71fe813c4ad6,Gutman Sz.,,Ziemioplady,Warszawska,st:06caf55d067c,Warszawska,,1929,1929_business_directory.csv,,
f:00f2b8908805,Guz B.,,Ziemioplady,Warszawska 126,st:06caf55d067c,Warszawska,126,1929,1929_business_directory.csv,,
f:00e37761d8b8,Guz Ch.,,Golantorps,Warszawska 160,st:06caf55d067c,Warszawska,160,1929,1929_business_directory.csv,,
f:044d98aca14a,Guz Ch.,,Ziemioplady,Warszawska 191,st:06caf55d067c,Warszawska,191,1929,1929_business_directory.csv,,
f:86b096ca0a16,Guz Chaja,,drobny handel obuwiem,,,,,1931,archives/database of kowel crime/data/obwieszczenia_publiczne/kowel_businesses.csv,https://polona.pl/preview/888d89b6-c662-4767-a42d-8a8b57ca6733,888d89b6-c662-4767-a42d-8a8b57ca6733
f:6dab83189ac9,Guz Lejzor,,drobny handel spożywczy,Rynek 5,st:2ddaa8c0fce3,Rynek,5,1934,archives/database of kowel crime/data/obwieszczenia_publiczne/kowel_businesses.csv,https://polona.pl/preview/890a8bf6-59d6-4ded-bef3-654344f795d4,890a8bf6-59d6-4ded-bef3-654344f795d4
f:cdd1620d2916,Guz Pinchas,Guz Pinchas,handel artykułami spożywczemi,Ry- *?,,,,1924,archives/database of kowel crime/data/obwieszczenia_publiczne/kowel_businesses.csv,https://polona.pl/preview/ff08cb8e-9efb-40ee-8f02-05d2a7e8b60f,ff08cb8e-9efb-40ee-8f02-05d2a7e8b60f
f:37e87170a958,Halpern Józ.,,Technicy,Mickiewicza 21,st:57d62842bea3,Mickiewicza,21,1929,1929_business_directory.csv,,
f:9941ac7f9075,,Helena Machnik,,Ponia towskiego Nr,,,,1927,archives/database of kowel crime/data/obwieszczenia_publiczne/kowel_businesses.csv,https://polona.pl/preview/9254feef-bbf2-4877-bd98-45d9a073a602,9254feef-bbf2-4877-bd98-45d9a073a602
f:0d04cd5fdd23,Henia Wołk,,skup zboża,,,,,1927,archives/database of kowel crime/data/obwieszczenia_publiczne/kowel_businesses.csv,https://polona.pl/preview/af2540fa-47e6-4106-843c-5845fb156eb6,af2540fa-47e6-4106-843c-5845fb156eb6
f:45ebefb0d1e8,Henia Zailchendler,,handel skórami i obuwiem,,,,,1929,archives/database of kowel crime/data/obwieszczenia_publiczne/kowel_businesses.csv,https://polona.pl/preview/234488c4-9726-4eaf-ae81-c01bda84fc6c,234488c4-9726-4eaf-ae81-c01bda84fc6c
f:70abbd914464,Henryk Rogowski,,"drobny handel spożywczy, galanterji i wyrobów tytoniowych",D,,,,1934,archives/database of kowel crime/data/obwieszczenia_publiczne/kowel_businesses.csv,https://polona.pl/preview/825fc30c-5408-467d-97df-7cc835623fff,825fc30c-5408-467d-97df-7cc835623fff
f:a5a10d9dc0fe,Hersz Blucher,,drobna sprzedaż galanterji i manufak tury ludowej,,,,,1933,archives/database of kowel crime/data/obwieszczenia_publiczne/kowel_businesses.csv,https://polona.pl/preview/40ad6db6-94f8-4f56-bf3d-74b5fdcd5c8f,40ad6db6-94f8-4f56-bf3d-74b5fdcd5c8f
f:3f5caba16e60,,Hersz Bokser,,J,,,,1931,archives/database of kowel crime/data/obwieszczenia_publiczne/kowel_businesses.csv,https://polona.pl/preview/8c0cd9ef-9d61-487e-a055-384703b3f0e7,8c0cd9ef-9d61-487e-a055-384703b3f0e7
f:090755792491,Hersz Lejb Curyf,,handel artykułami spożywczemi,Pomnikowa 33; wlaśc,st:96353b1acb99,Pomnikowa,,1924,archives/database of kowel crime/data/obwieszczenia_publiczne/kowel_businesses.csv,https://polona.pl/preview/703d0d66-f6f4-451e-9638-08f04b344b21,703d0d66-f6f4-451e-9638-08f04b344b21
f:2086d2c8b3ab,Hersz Pugacz,,handel obuwiem,,,,,1927,archives/database of kowel crime/data/obwieszczenia_publiczne/kowel_businesses.csv,https://polona.pl/preview/af2540fa-47e6-4106-843c-5845fb156eb6,af2540fa-47e6-4106-843c-5845fb156eb6
f:1b8b8bed7416,Hersz Śztejnberg,,handel towarami łokciowemi,,,,,1929,archives/database of kowel crime/data/obwieszczenia_publiczne/kowel_businesses.csv,https://polona.pl/preview/7d47e5f2-72e2-4a67-a529-814d34c3d0d3,7d47e5f2-72e2-4a67-a529-814d34c3d0d3
f:09a1a644cfb3,Hersz Worcel,,handel żelazem,Łucka 11,st:deb1b321e31a,Łucka,11,1890,archives/database of kowel crime/data/obwieszczenia_publiczne/kowel_businesses.csv,https://polona.pl/preview/b5f86edb-c031-4310-af11-a2caa1abe13e,b5f86edb-c031-4310-af11-a2caa1abe13e
f:f17595f1bc19,Hersz-Lejb Melnicer,,handel mięsem,,,,,1929,archives/database of kowel crime/data/obwieszczenia_publiczne/kowel_businesses.csv,https://polona.pl/preview/87e3357a-932c-4c33-b682-d8f7c3271c10,87e3357a-932c-4c33-b682-d8f7c3271c10
f:355ab862cf0f,Hersz-Lejb Wajner,,hardel spożywczy,,,,,1929,archives/database of kowel crime/data/obwieszczenia_publiczne/kowel_businesses.csv,https://polona.pl/preview/e0194cdf-2b9b-4220-ba25-6dcfa7304ea2,e0194cdf-2b9b-4220-ba25-6dcfa7304ea2
f:33328e356e81,Hersz-Wolf Goildbarg,,sklep spożywczy,,,,,1929,archives/database of kowel crime/data/obwieszczenia_publiczne/kowel_businesses.csv,https://polona.pl/preview/234488c4-9726-4eaf-ae81-c01bda84fc6c,234488c4-9726-4eaf-ae81-c01bda84fc6c
f:b0afb4f7b041,Hersz-Wolf Landa,,handel skórami surowemi,,,,,1924,archives/database of kowel crime/data/obwieszczenia_publiczne/kowel_businesses.csv,https://polona.pl/preview/703d0d66-f6f4-451e-9638-08f04b344b21,703d0d66-f6f4-451e-9638-08f04b344b21
f:8b11db2ed01a,Herszbaum G.,,Drukarnie,Warszawska 23,st:06caf55d067c,Warszawska,23,1929,1929_business_directory.csv,,
f:303b0e7be577,Herszko Koliren,,handel artykułami spożywczemi,Nowo-Kolejowa 39,st:d44d661a32e7,Nowo-Kolejowa,39,1921,archives/database of kowel crime/data/obwieszczenia_publiczne/kowel_businesses.csv,https://polona.pl/preview/2adeecd4-e417-42de-95f8-e6b729def9a7,2adeecd4-e417-42de-95f8-e6b729def9a7
f:58c79531dcdd,Hiel Lewertow,,handel spożywczy,,,,,1927,archives/database of kowel crime/data/obwieszczenia_publiczne/kowel_businesses.csv,https://polona.pl/preview/74339fe4-6d3c-4f66-9460-52166d6fd810,74339fe4-6d3c-4f66-9460-52166d6fd810
f:df5b8d364c1a,Hinda Binder,,handel wyrobami tytoniowemi i spożywczemi oraz sprzedaż galanterji,,,,,1926,archives/database of kowel crime/data/obwieszczenia_publiczne/kowel_businesses.csv,https://polona.pl/preview/20d64d20-d8e4-4d96-9fe3-fbd11c15c495,20d64d20-d8e4-4d96-9fe3-fbd11c15c495
f:f087faf5518a,Hochman Ajzik,Hochman Ajzik,handel mięsem,Handlowa 23,st:cd91d9f1265f,Handlowa,23,1921,archives/database of kowel crime/data/obwieszczenia_publiczne/kowel_businesses.csv,https://polona.pl/preview/ff08cb8e-9efb-40ee-8f02-05d2a7e8b60f,ff08cb8e-9efb-40ee-8f02-05d2a7e8b60f
f:ced0b5fa5972,Hojntz L.,,Koszykarskie,,,,,1929,1929_business_directory.csv,,
f:a23180ebf5e7,Hotel Bristol wł. Szojchet E.,,Hotele,Warszawska 28,st:06caf55d067c,Warszawska,28,1929,1929_business_directory.csv,,
f:4b5c566b3d3f,Hotel Gładki wł. Stixer M.,,Hotele,Kolejowa 80,st:a39b8f9fba52,Kolejowa,80,1929,1929_business_directory.csv,,
f:eb65237ea003,Hotel Metropol wł. Weinsztejn Ch.,,Hotele,Kolejowa 77,st:a39b8f9fba52,Kolejowa,77,1929,1929_business_directory.csv,,
f:278aff1fb51c,Hotel Palace wł. Z. Baraniuk,,Hotele,Warszawska 18,st:06caf55d067c,Warszawska,18,1929,1929_business_directory.csv,,
f:cf3717d8136d,Hotel Pasaż wł. Fuks ł.,,Hotele,Kolejowa 88,st:a39b8f9fba52,Kolejowa,88,1929,1929_business_directory.csv,,
f:5f397b02f7d4,Hotel Versal wł. Glejzor I.,,Hotele,Mickiewicza 4,st:57d62842bea3,Mickiewicza,4,1929,1929_business_directory.csv,,
f:10cc11f3015f,Hotel Warszawski wł. Gulisz N.,,Hotele,Kolejowa 84,st:a39b8f9fba52,Kolejowa,84,1929,1929_business_directory.csv,,
f:d189550a183f,HrZyb St.,,Golantorps,,,,,1929,1929_business_directory.csv,,
f:f5c65e7c6feb,Icek - Mojsze Sojbel,,piwiarnia ze sprzedażą artyku le spożywczych oraz handel resztkami łokciowemi,,,,,1927,archives/database of kowel crime/data/obwieszczenia_publiczne/kowel_businesses.csv,https://polona.pl/preview/82ec8fa7-066d-40f4-b883-f9199e27fd71,82ec8fa7-066d-40f4-b883-f9199e27fd71
f:ad8df28663be,Icek Barg,,hotel „Belwiu”,Lucka 131,st:deb1b321e31a,Łucka,131,1921,archives/database of kowel crime/data/obwieszczenia_publiczne/kowel_businesses.csv,https://polona.pl/preview/a062b514-0445-45d0-bae9-4447c9aebbdb,a062b514-0445-45d0-bae9-4447c9aebbdb
f:c850eed85e32,Icek Bauch,Icek Bauch,bufet,Łucka 149,st:deb1b321e31a,Łucka,149,1923,archives/database of kowel crime/data/obwieszczenia_publiczne/kowel_businesses.csv,https://polona.pl/preview/43c93c4a-e102-47a7-bbc2-48e59690f7b9,43c93c4a-e102-47a7-bbc2-48e59690f7b9
f:a508aeb2c3cb,Icek Zokner,,handel artykułami spożywczemi,Łucka 158,st:deb1b321e31a,Łucka,158,1920,archives/database of kowel crime/data/obwieszczenia_publiczne/kowel_businesses.csv,https://polona.pl/preview/ce7cc465-061d-4d65-8e76-1f91ac6f74dc,ce7cc465-061d-4d65-8e76-1f91ac6f74dc
f:907c193a1757,Icek-Aron Cukierman,,skup zawodowy produktów rol nych,,,,,1927,archives/database of kowel crime/data/obwieszczenia_publiczne/kowel_businesses.csv,https://polona.pl/preview/af2540fa-47e6-4106-843c-5845fb156eb6,af2540fa-47e6-4106-843c-5845fb156eb6
f:101c7ca4de87,Icko Błumenfeld,Icek Blumenfeld,sprzedaż marek i weksli,Królowej Bony 8,st:28d5192be7fc,Królowej Bony,8,1926,archives/database of kowel crime/data/obwieszczenia_publiczne/kowel_businesses.csv,https://polona.pl/preview/8bbf7c23-ed81-446d-88a3-dc73e8b2de88,8bbf7c23-ed81-446d-88a3-dc73e8b2de88
f:b29fd762101a,Icko Bruszankier,,handel artykułami spożywczemi,Kolejowa 48,st:a39b8f9fba52,Kolejowa,48,1922,archives/database of kowel crime/data/obwieszczenia_publiczne/kowel_businesses.csv,https://polona.pl/preview/ce7cc465-061d-4d65-8e76-1f91ac6f74dc,ce7cc465-061d-4d65-8e76-1f91ac6f74dc
f:18833a2f4bc3,Icko Chmiel,Icko Chmiel,handel mięsem,M,,,,1924,archives/database of kowel crime/data/obwieszczenia_publiczne/kowel_businesses.csv,https://polona.pl/preview/b4b059a8-d099-433a-84d2-825199586a4d,b4b059a8-d099-433a-84d2-825199586a4d
f:d3879734a33c,Icko Glejzer,,hotel „Wersal”,Mickiewicza 4,st:57d62842bea3,Mickiewicza,4,1903,archives/database of kowel crime/data/obwieszczenia_publiczne/kowel_businesses.csv,https://polona.pl/preview/6f14eded-43a5-4015-aad1-761aa8c8efdc,6f14eded-43a5-4015-aad1-761aa8c8efdc
f:68748ade799d,,Icko Goldberg,,Fab rycznej 16,,,16,1924,archives/database of kowel crime/data/obwieszczenia_publiczne/kowel_businesses.csv,https://polona.pl/preview/6f14eded-43a5-4015-aad1-761aa8c8efdc,6f14eded-43a5-4015-aad1-761aa8c8efdc
f:1457933ce950,Icko I idei,,bufet ze sprzedażą słodyczy i wody sodo wej,,,,,1927,archives/database of kowel crime/data/obwieszczenia_publiczne/kowel_businesses.csv,https://polona.pl/preview/9254feef-bbf2-4877-bd98-45d9a073a602,9254feef-bbf2-4877-bd98-45d9a073a602
f:23a589eb5412,Icko Marder,,drobny handel żelaza,,,,,1933,archives/database of kowel crime/data/obwieszczenia_publiczne/kowel_businesses.csv,https://polona.pl/preview/40ad6db6-94f8-4f56-bf3d-74b5fdcd5c8f,40ad6db6-94f8-4f56-bf3d-74b5fdcd5c8f
f:5b56ade9f293,Icko Sziper,,bufet i woda sodowa,,,,,1927,archives/database of kowel crime/data/obwieszczenia_publiczne/kowel_businesses.csv,https://polona.pl/preview/74339fe4-6d3c-4f66-9460-52166d6fd810,74339fe4-6d3c-4f66-9460-52166d6fd810
f:8f417b5f0d5a,Icko-Lejb Erlich,Icko Lejb Erlich,handel farbami suchemi,Krótkiej 40,,,40,1924,archives/database of kowel crime/data/obwieszczenia_publiczne/kowel_businesses.csv,https://polona.pl/preview/2adeecd4-e417-42de-95f8-e6b729def9a7,2adeecd4-e417-42de-95f8-e6b729def9a7
f:a76e9494502c,Icko-Towja lPtakowski,,sprzedaż materjałów budowla nych,,,,,1928,archives/database of kowel crime/data/obwieszczenia_publiczne/kowel_businesses.csv,https://polona.pl/preview/63526a57-f02b-4d5c-b874-798db36ddae8,63526a57-f02b-4d5c-b874-798db36ddae8
f:541b22866199,Icko-Wigdor Lew,,drobna sprzedaż galanterji,,,,,1927,archives/database of kowel crime/data/obwieszczenia_publiczne/kowel_businesses.csv,https://polona.pl/preview/9254feef-bbf2-4877-bd98-45d9a073a602,9254feef-bbf2-4877-bd98-45d9a073a602
f:62751fc89f53,Idei Rejder,,handel naftą,Łucka 216,st:deb1b321e31a,Łucka,216,1924,archives/database of kowel crime/data/obwieszczenia_publiczne/kowel_businesses.csv,https://polona.pl/preview/ff08cb8e-9efb-40ee-8f02-05d2a7e8b60f,ff08cb8e-9efb-40ee-8f02-05d2a7e8b60f
f:d0990c9953c0,Ides Werba,,drobny handel manufaktury ludowej,Warszawska 132,st:06caf55d067c,Warszawska,132,1932,archives/database of kowel crime/data/obwieszczenia_publiczne/kowel_businesses.csv,https://polona.pl/preview/76fa41b1-da18-4b87-97e4-0616f6d72c59,76fa41b1-da18-4b87-97e4-0616f6d72c59
f:b411c28b4ad3,Idlel Alpe-rin,,sklep szkła i naczyń,,,,,1931,archives/database of kowel crime/data/obwieszczenia_publiczne/kowel_businesses.csv,https://polona.pl/preview/0b571a68-fa26-4d89-9cc7-61d627d12af1,0b571a68-fa26-4d89-9cc7-61d627d12af1
f:071f5c8a94fe,,Ignacy-Edward Berezow ski,,Fabrycznej 4,,,4,1928,archives/database of kowel crime/data/obwieszczenia_publiczne/kowel_businesses.csv,https://polona.pl/preview/22f90ec5-aeff-49fc-a742-c707496f133a,22f90ec5-aeff-49fc-a742-c707496f133a
f:12017c001819,Ilias A.,,Kamasznicy,Kolejowa 16,st:a39b8f9fba52,Kolejowa,16,1929,1929_business_directory.csv,,
f:bac91d691d28,Iliteyestna Ma/remonty,,Mosty,mamra,,,,1929,1929_business_directory.csv,,
f:bde23c9d3684,Inda-Ruchla Tojbicz,,piwiarnia,,,,,1927,archives/database of kowel crime/data/obwieszczenia_publiczne/kowel_businesses.csv,https://polona.pl/preview/82ec8fa7-066d-40f4-b883-f9199e27fd71,82ec8fa7-066d-40f4-b883-f9199e27fd71
f:d7dfef7369aa,Ingber,,Golantorps,Kościuszki 9,st:b7d5a2f0721a,Kościuszki,9,1929,1929_business_directory.csv,,
f:bb3958e3ad70,Iren E.,,Zboże,Monopolowa 84,st:b501d35a5470,Monopolowa,84,1929,1929_business_directory.csv,,
f:de8fdaa9f0fd,Irena Prazmowska,,,Łucka 2,st:deb1b321e31a,Łucka,2,1929,archive/lucka_businesses.csv,,
f:ece5d417fb58,Isumer Wajc,,drobny handel spożywczy,"Kolejowa, Nr",st:a39b8f9fba52,Kolejowa,,1933,archives/database of kowel crime/data/obwieszczenia_publiczne/kowel_businesses.csv,https://polona.pl/preview/c7f5a7b7-0b28-49e5-af96-012225e365d0,c7f5a7b7-0b28-49e5-af96-012225e365d0
f:125723cc967e,Iszowiec K.,,Techniczne,Łaicka 8,,,8,1929,1929_business_directory.csv,,
f:72d42f59d99c,Ita (Itka) Werbla,,handel manufakturą i szkłem,,,,,1928,archives/database of kowel crime/data/obwieszczenia_publiczne/kowel_businesses.csv,https://polona.pl/preview/1ef615a2-b4b3-43d0-827d-81d2d050b175,1ef615a2-b4b3-43d0-827d-81d2d050b175
f:2189309ed521,Ita Lewin,,drobny handel żelazem i gailanterją,,,,,1931,archives/database of kowel crime/data/obwieszczenia_publiczne/kowel_businesses.csv,https://polona.pl/preview/40da971c-61d5-45d6-9928-e3a863ef84c2,40da971c-61d5-45d6-9928-e3a863ef84c2
f:367e8da39d6e,Ita Szerman,,handel gotowemi ubraniami,,,,,1924,archives/database of kowel crime/data/obwieszczenia_publiczne/kowel_businesses.csv,https://polona.pl/preview/9d2b6521-3c7a-44e9-98d3-3544e8a9ef0a,9d2b6521-3c7a-44e9-98d3-3544e8a9ef0a
f:74648e169f3b,ItL,,Wolosowicz,,,,,1929,1929_business_directory.csv,,
f:eaac38f5524b,,Izaak Wołoch,,icy Łuckiej 25a,,,25a,1931,archives/database of kowel crime/data/obwieszczenia_publiczne/kowel_businesses.csv,https://polona.pl/preview/0b571a68-fa26-4d89-9cc7-61d627d12af1,0b571a68-fa26-4d89-9cc7-61d627d12af1
f:16b5972635f6,Izrael Zubkis,,drobny handel naczyn i szkła,Warszawska 161,st:06caf55d067c,Warszawska,161,1932,archives/database of kowel crime/data/obwieszczenia_publiczne/kowel_businesses.csv,https://polona.pl/preview/567edeb6-b876-434a-a64f-47f9d0da784e,567edeb6-b876-434a-a64f-47f9d0da784e
f:0c2ab00afd59,J.,,Banatki,Warszawska,st:06caf55d067c,Warszawska,,1929,1929_business_directory.csv,,
f:5d33f898e4a8,J.,,Baru,Kolejowa,st:a39b8f9fba52,Kolejowa,,1929,1929_business_directory.csv,,
f:abccb0fe0de8,J.,,Frojlich,Warszawska,st:06caf55d067c,Warszawska,,1929,1929_business_directory.csv,,
f:cb1132af7aef,J.,,Złotnik,Warszawska,st:06caf55d067c,Warszawska,,1929,1929_business_directory.csv,,
f:e2ec3572f6c9,Jachniuk Bcia,,Tartaki,,,,,1929,1929_business_directory.csv,,
f:f4fe44cdd1ef,Jadwiga Burczyńska,Jadwiga Burczyńska,handel spożywczy,Górka 13,st:6db12fc2b6d9,Górka,13,1924,archives/database of kowel crime/data/obwieszczenia_publiczne/kowel_businesses.csv,https://polona.pl/preview/43c93c4a-e102-47a7-bbc2-48e59690f7b9,43c93c4a-e102-47a7-bbc2-48e59690f7b9
f:986864d43cb7,Jagodnik Leman,,Technicy,Brzeska 1,st:7dc94505c4b3,Brzeska,1,1929,1929_business_directory.csv,,
f:84677405bd2b,Jakób - Icchok Gro'jser,,handel spożywczo-kolonjalny,,,,,1927,archives/database of kowel crime/data/obwieszczenia_publiczne/kowel_businesses.csv,https://polona.pl/preview/887211d5-4f91-4f63-9bbb-09c4eba06aa5,887211d5-4f91-4f63-9bbb-09c4eba06aa5
f:b2a3a7ccac3f,Jakób-Hersz Poliszuk,,handel galanterją i instrumentami mu- zycznemi,Lucka 161,st:deb1b321e31a,Łucka,161,1909,archives/database of kowel crime/data/obwieszczenia_publiczne/kowel_businesses.csv,https://polona.pl/preview/2adeecd4-e417-42de-95f8-e6b729def9a7,2adeecd4-e417-42de-95f8-e6b729def9a7
f:8b0281fdd4f2,,Jan Golenko,,"Udzielono prokury Motelowi Kandelowi, za",,,,1924,archives/database of kowel crime/data/obwieszczenia_publiczne/kowel_businesses.csv,https://polona.pl/preview/b5f86edb-c031-4310-af11-a2caa1abe13e,b5f86edb-c031-4310-af11-a2caa1abe13e
f:ba8bf2b42bbc,Jan Różański,Jan Różański,sprzedaż przyborów myśliwskich,Lucka 133,st:deb1b321e31a,Łucka,133,1922,archives/database of kowel crime/data/obwieszczenia_publiczne/kowel_businesses.csv,https://polona.pl/preview/a31bd9f3-e4ad-43bf-936d-519fbd247df3,a31bd9f3-e4ad-43bf-936d-519fbd247df3
f:3cda21205e80,,Jan Segert,,Poprzecznej 14,,,14,1924,archives/database of kowel crime/data/obwieszczenia_publiczne/kowel_businesses.csv,https://polona.pl/preview/6b99d55f-d15e-4c4e-ae14-676e854e58f7,6b99d55f-d15e-4c4e-ae14-676e854e58f7
f:654c13315a29,Jan Styczyński,,drobny handel spożywczy,,,,,1931,archives/database of kowel crime/data/obwieszczenia_publiczne/kowel_businesses.csv,https://polona.pl/preview/40da971c-61d5-45d6-9928-e3a863ef84c2,40da971c-61d5-45d6-9928-e3a863ef84c2
f:3fa6eeefa0de,Jan Szytler,,kawiarnia,,,,,1924,archives/database of kowel crime/data/obwieszczenia_publiczne/kowel_businesses.csv,https://polona.pl/preview/b5f86edb-c031-4310-af11-a2caa1abe13e,b5f86edb-c031-4310-af11-a2caa1abe13e
f:229732c6220b,Jankiel - Duwid Bebczuk,,handel spożywczy i kolonjalny,,,,,1928,archives/database of kowel crime/data/obwieszczenia_publiczne/kowel_businesses.csv,https://polona.pl/preview/df226055-441d-461a-b236-e2c7fe148f4e,df226055-441d-461a-b236-e2c7fe148f4e
f:c2d01dd4ae7e,Jankiel - Lejb Licht,,drobny handel ubrań chłopskich,,,,,1931,archives/database of kowel crime/data/obwieszczenia_publiczne/kowel_businesses.csv,https://polona.pl/preview/40da971c-61d5-45d6-9928-e3a863ef84c2,40da971c-61d5-45d6-9928-e3a863ef84c2
f:8adc2bed6914,Jankiel Bachowczyk,,handel spożywezo-koloniainy,,,,,1927,archives/database of kowel crime/data/obwieszczenia_publiczne/kowel_businesses.csv,https://polona.pl/preview/0b4b2f84-f408-44b3-a65d-a8fb2b2b5cf7,0b4b2f84-f408-44b3-a65d-a8fb2b2b5cf7
f:a3931301f7ca,Jankiel Bater,,handel mięsem,,,,,1929,archives/database of kowel crime/data/obwieszczenia_publiczne/kowel_businesses.csv,https://polona.pl/preview/7d47e5f2-72e2-4a67-a529-814d34c3d0d3,7d47e5f2-72e2-4a67-a529-814d34c3d0d3
f:62f7b438587a,Jankiel Blit,,bufet i słodycze,,,,,1929,archives/database of kowel crime/data/obwieszczenia_publiczne/kowel_businesses.csv,https://polona.pl/preview/e0194cdf-2b9b-4220-ba25-6dcfa7304ea2,e0194cdf-2b9b-4220-ba25-6dcfa7304ea2
f:39bcf4d68035,Jankiel Bon,,dom zajezdny i jadłodajnia,,,,,1924,archives/database of kowel crime/data/obwieszczenia_publiczne/kowel_businesses.csv,https://polona.pl/preview/4f8782f1-29b3-46fb-a92c-435fcbb0cd47,4f8782f1-29b3-46fb-a92c-435fcbb0cd47
f:1bc6f75e6634,Jankiel Fidel,,handel skórami surowemi i prasowanemi oraz szczeciną,Magistracka 19,st:4c39bff61583,Magistracka,19,1884,archives/database of kowel crime/data/obwieszczenia_publiczne/kowel_businesses.csv,https://polona.pl/preview/a7f21fd6-344c-49c8-a705-e099da18e039,a7f21fd6-344c-49c8-a705-e099da18e039
f:07c4177f9fa4,Jankiel Gelbord,,drobna sprzedaż naczyń drewnianych,,,,,1931,archives/database of kowel crime/data/obwieszczenia_publiczne/kowel_businesses.csv,https://polona.pl/preview/2a3c9ad2-6289-47aa-9ea8-65d9c0e444d2,2a3c9ad2-6289-47aa-9ea8-65d9c0e444d2
f:030ee40fccd4,,Jankiel Goldberg,,Fab rycznej 21,,,21,1924,archives/database of kowel crime/data/obwieszczenia_publiczne/kowel_businesses.csv,https://polona.pl/preview/ff47319b-0f32-466e-92dd-bc4cd36be115,ff47319b-0f32-466e-92dd-bc4cd36be115
f:28ee5bd52d91,Jankiel (Jakób) - Uszer Pietruszka,,handel mięsem,,,,,1930,archives/database of kowel crime/data/obwieszczenia_publiczne/kowel_businesses.csv,https://polona.pl/preview/ce5619a3-7534-4d6e-9b88-462c83083738,ce5619a3-7534-4d6e-9b88-462c83083738
f:9f240ad4cf7a,Jankiel (Jakób) Bursztejn,,drobny handel towarami lu- dowemi łokciowemi,,,,,1930,archives/database of kowel crime/data/obwieszczenia_publiczne/kowel_businesses.csv,https://polona.pl/preview/ce5619a3-7534-4d6e-9b88-462c83083738,ce5619a3-7534-4d6e-9b88-462c83083738
f:8380ca3d87f4,Jankiel Kagan,,handel galanterją,Kolejowa 11,st:a39b8f9fba52,Kolejowa,11,1910,archives/database of kowel crime/data/obwieszczenia_publiczne/kowel_businesses.csv,https://polona.pl/preview/9d2b6521-3c7a-44e9-98d3-3544e8a9ef0a,9d2b6521-3c7a-44e9-98d3-3544e8a9ef0a
f:ac95bbcaf065,Jankiel Karsz,Jankiel Karsz,handel mięsem,Mickiewicza 1,st:57d62842bea3,Mickiewicza,1,1918,archives/database of kowel crime/data/obwieszczenia_publiczne/kowel_businesses.csv,https://polona.pl/preview/ad3c3a74-0110-4005-bd79-2db471a259ef,ad3c3a74-0110-4005-bd79-2db471a259ef
f:ec0d762bdb3f,Jankiel Mandel,,handel żelazem i towaremi łokciowe^,uł,,,,1924,archives/database of kowel crime/data/obwieszczenia_publiczne/kowel_businesses.csv,https://polona.pl/preview/2adeecd4-e417-42de-95f8-e6b729def9a7,2adeecd4-e417-42de-95f8-e6b729def9a7
f:0e20569bdbc2,Jankiel Poryckier,Jankiel Poryckier,handel artykułami spozywczemi,Rynek 1,st:2ddaa8c0fce3,Rynek,1,1918,archives/database of kowel crime/data/obwieszczenia_publiczne/kowel_businesses.csv,https://polona.pl/preview/b5f86edb-c031-4310-af11-a2caa1abe13e,b5f86edb-c031-4310-af11-a2caa1abe13e
f:9a8b59009f0a,Jankiel Rej del,,handel spożywczy,,,,,1929,archives/database of kowel crime/data/obwieszczenia_publiczne/kowel_businesses.csv,https://polona.pl/preview/4bc291b1-8fc0-4870-a69f-151b46fd8599,4bc291b1-8fc0-4870-a69f-151b46fd8599
f:3d4b220de7ec,Jankiel Rubinsztejn,,piwiarnia,,,,,1927,archives/database of kowel crime/data/obwieszczenia_publiczne/kowel_businesses.csv,https://polona.pl/preview/af2540fa-47e6-4106-843c-5845fb156eb6,af2540fa-47e6-4106-843c-5845fb156eb6
f:f2301fe396de,Jankiel Szwarc,,handel spożywczy,,,,,1928,archives/database of kowel crime/data/obwieszczenia_publiczne/kowel_businesses.csv,https://polona.pl/preview/685df5bb-a477-48f4-8880-495663221b4a,685df5bb-a477-48f4-8880-495663221b4a
f:29a2036eae8f,Jankiel-Ber Jajner,,drobny handel spożywczy i kożuchów,,,,,1931,archives/database of kowel crime/data/obwieszczenia_publiczne/kowel_businesses.csv,https://polona.pl/preview/f1238231-4793-489f-97df-04998562fd15,f1238231-4793-489f-97df-04998562fd15
f:da301e4ef408,Jankiel-Łuzer Goldberg,,handel galanterją i gotowemi ubra niami,,,,,1924,archives/database of kowel crime/data/obwieszczenia_publiczne/kowel_businesses.csv,https://polona.pl/preview/9d2b6521-3c7a-44e9-98d3-3544e8a9ef0a,9d2b6521-3c7a-44e9-98d3-3544e8a9ef0a
f:ce8cc25c82d4,,Jankielowi Pińczukowi,,"Warszawskiej 120, aby w terminie dni 30",,,30,1937,archives/database of kowel crime/data/obwieszczenia_publiczne/kowel_businesses.csv,https://polona.pl/preview/a50792db-6599-4582-bbf3-cf57da392c22,a50792db-6599-4582-bbf3-cf57da392c22
f:31e65c898367,Jankowski J.,,Krawcy,Kolejowa 13,st:a39b8f9fba52,Kolejowa,13,1929,1929_business_directory.csv,,
f:f6634edfc62b,Jankowski St.,,Felczerzy,,,,,1929,1929_business_directory.csv,,
f:1fcb06c38b62,Jasman,,Farbiarnie,Warszawska 131,st:06caf55d067c,Warszawska,131,1929,1929_business_directory.csv,,
f:1ecde8921616,Jemekim-Szmaja Wołach,,skład apteczny,ill,,,,1930,archives/database of kowel crime/data/obwieszczenia_publiczne/kowel_businesses.csv,https://polona.pl/preview/bc4ec5b1-4be9-4c05-aa93-7ebb4f82b80e,bc4ec5b1-4be9-4c05-aa93-7ebb4f82b80e
f:2cd2e8393a17,Jenta Goldberg,,drobny handel manufaktury,Warszawska 14,st:06caf55d067c,Warszawska,14,1933,archives/database of kowel crime/data/obwieszczenia_publiczne/kowel_businesses.csv,https://polona.pl/preview/c7f5a7b7-0b28-49e5-af96-012225e365d0,c7f5a7b7-0b28-49e5-af96-012225e365d0
f:7f179d99e99d,Jeruchim Finkielsztejn,,bufet słodki i owocowy,' Lucka 157,st:deb1b321e31a,Łucka,157,1924,archives/database of kowel crime/data/obwieszczenia_publiczne/kowel_businesses.csv,https://polona.pl/preview/b267a341-c32c-48f7-b58b-7cbde60f819b,b267a341-c32c-48f7-b58b-7cbde60f819b
f:39cd252aafe1,Jeruchimowicz M.,,Golantorps,Warszawska 49,st:06caf55d067c,Warszawska,49,1929,1929_business_directory.csv,,
f:fdc14f4f8178,Joruchimowicz B.,,Golantorps,Warszawska 45,st:06caf55d067c,Warszawska,45,1929,1929_business_directory.csv,,
f:21486a87c63c,Joś Sochaczewski,,handel wyrobami tytuniowemi,Ko- *,,,,1924,archives/database of kowel crime/data/obwieszczenia_publiczne/kowel_businesses.csv,https://polona.pl/preview/623c4806-8034-4eae-be21-9dda5a5a93a8,623c4806-8034-4eae-be21-9dda5a5a93a8
f:890a22718327,Josif Erlichgereeht,,handel spożywczy i sprzedaż drob nej galanterji,,,,,1926,archives/database of kowel crime/data/obwieszczenia_publiczne/kowel_businesses.csv,https://polona.pl/preview/8b2a82e5-472d-4fd1-ad91-fdbe3b38e8fe,8b2a82e5-472d-4fd1-ad91-fdbe3b38e8fe
f:9234cbe20200,Josif Krasnosielski,,"handel węglem, kaflami, cegłą, w apnem i cementem",,,,,1927,archives/database of kowel crime/data/obwieszczenia_publiczne/kowel_businesses.csv,https://polona.pl/preview/82ec8fa7-066d-40f4-b883-f9199e27fd71,82ec8fa7-066d-40f4-b883-f9199e27fd71
f:f24beb059c84,Josif Lejdersznajder,,handel gotowemi ubraniami,Łucka 24,st:deb1b321e31a,Łucka,24,1923,archives/database of kowel crime/data/obwieszczenia_publiczne/kowel_businesses.csv,https://polona.pl/preview/2adeecd4-e417-42de-95f8-e6b729def9a7,2adeecd4-e417-42de-95f8-e6b729def9a7
f:c6c9c74d73dd,Josif Rowner,,sprzedaż mięsa i wędlin,,,,,1929,archives/database of kowel crime/data/obwieszczenia_publiczne/kowel_businesses.csv,https://polona.pl/preview/ef874927-de03-4367-a2a0-6481a80024cb,ef874927-de03-4367-a2a0-6481a80024cb
f:620098049f0a,Josif Spiwak,,handel galanterją i konfekcją dziecinną,Łucka 89,st:deb1b321e31a,Łucka,89,1924,archives/database of kowel crime/data/obwieszczenia_publiczne/kowel_businesses.csv,https://polona.pl/preview/a7f21fd6-344c-49c8-a705-e099da18e039,a7f21fd6-344c-49c8-a705-e099da18e039
f:e5437534d6d1,Josif Ziskis,,handel towarami łokciowemi,,,,,1927,archives/database of kowel crime/data/obwieszczenia_publiczne/kowel_businesses.csv,https://polona.pl/preview/9c2f082c-d7fd-448f-9e07-3eb4fa3f378c,9c2f082c-d7fd-448f-9e07-3eb4fa3f378c
f:9dbc5ffb8056,Jowel-Ber Bronsztejn,,handel spożywczy,,,,,1924,archives/database of kowel crime/data/obwieszczenia_publiczne/kowel_businesses.csv,https://polona.pl/preview/43c93c4a-e102-47a7-bbc2-48e59690f7b9,43c93c4a-e102-47a7-bbc2-48e59690f7b9
f:c7a7f82ce0ec,Józef Barwikowski,,pracownia i sprzedaż wyrobów betono wych,,,,,1924,archives/database of kowel crime/data/obwieszczenia_publiczne/kowel_businesses.csv,https://polona.pl/preview/8f29b1f0-607c-4681-8578-eada52a24000,8f29b1f0-607c-4681-8578-eada52a24000
f:353fce199bd3,Józef Bober,,handel galanterją,,,,,1924,archives/database of kowel crime/data/obwieszczenia_publiczne/kowel_businesses.csv,https://polona.pl/preview/ad3c3a74-0110-4005-bd79-2db471a259ef,ad3c3a74-0110-4005-bd79-2db471a259ef
f:6fac03438850,Józef Bursztejn,,handel obuwiem,Lucka 65,st:deb1b321e31a,Łucka,65,1922,archives/database of kowel crime/data/obwieszczenia_publiczne/kowel_businesses.csv,https://polona.pl/preview/2adeecd4-e417-42de-95f8-e6b729def9a7,2adeecd4-e417-42de-95f8-e6b729def9a7
f:d4dd38021d88,Józef Cal,,handel manufakturą,,,,,1927,archives/database of kowel crime/data/obwieszczenia_publiczne/kowel_businesses.csv,https://polona.pl/preview/9254feef-bbf2-4877-bd98-45d9a073a602,9254feef-bbf2-4877-bd98-45d9a073a602
f:b08e94cddd63,Józef Chojnowski,,"„Pomoc"" Dom Rolniczo - Handlowy",,,,,1929,archives/database of kowel crime/data/obwieszczenia_publiczne/kowel_businesses.csv,https://polona.pl/preview/fe5f833a-2767-4690-8c48-f012e85acb86,fe5f833a-2767-4690-8c48-f012e85acb86
f:bca178558b9a,Józef Dichter,,skup jaj,,,,,1927,archives/database of kowel crime/data/obwieszczenia_publiczne/kowel_businesses.csv,https://polona.pl/preview/82ec8fa7-066d-40f4-b883-f9199e27fd71,82ec8fa7-066d-40f4-b883-f9199e27fd71
f:ca992c5f8723,Józef Goldsztejn,Józef Goldsztejn,pracownia kapeluszy i handel galanterją,Kolejowej 77,,,77,1924,archives/database of kowel crime/data/obwieszczenia_publiczne/kowel_businesses.csv,https://polona.pl/preview/a062b514-0445-45d0-bae9-4447c9aebbdb,a062b514-0445-45d0-bae9-4447c9aebbdb
f:f0bd11594195,Józef Goldweber,Józef Goldweber,handel artykułami spożywczemi i zbożem,Brzeskiej 41,,,41,1924,archives/database of kowel crime/data/obwieszczenia_publiczne/kowel_businesses.csv,https://polona.pl/preview/2adeecd4-e417-42de-95f8-e6b729def9a7,2adeecd4-e417-42de-95f8-e6b729def9a7
f:b51ea6840fd6,,Józef Kiejnerman,,Brzeskiej 40,,,40,1924,archives/database of kowel crime/data/obwieszczenia_publiczne/kowel_businesses.csv,https://polona.pl/preview/5c2ecb58-ae18-457e-9fd6-d4f3cc8bd80c,5c2ecb58-ae18-457e-9fd6-d4f3cc8bd80c
f:ee546c1d63a5,Józef Maliński,,"eksploatacja browaru pod nazwą „Zdrój""",,,,,1931,archives/database of kowel crime/data/obwieszczenia_publiczne/kowel_businesses.csv,https://polona.pl/preview/888d89b6-c662-4767-a42d-8a8b57ca6733,888d89b6-c662-4767-a42d-8a8b57ca6733
f:2cd7e75cf029,Józef Nawrot,,bufet III klasy,,,,,1933,archives/database of kowel crime/data/obwieszczenia_publiczne/kowel_businesses.csv,https://polona.pl/preview/d9a8aa3b-9bf1-4bf2-a356-14234173ac0c,d9a8aa3b-9bf1-4bf2-a356-14234173ac0c
f:3813a39643cf,Józef Ptakowski,,detaliczna sprzedaż materjałów bu dowlanych i węgla,,,,,1934,archives/database of kowel crime/data/obwieszczenia_publiczne/kowel_businesses.csv,https://polona.pl/preview/7a9d61ef-6b9a-487f-a54a-b4025dd2a13b,7a9d61ef-6b9a-487f-a54a-b4025dd2a13b
f:a89b0d9f396c,Józef Szojchet,,handel galanteryjny,,,,,1927,archives/database of kowel crime/data/obwieszczenia_publiczne/kowel_businesses.csv,https://polona.pl/preview/82ec8fa7-066d-40f4-b883-f9199e27fd71,82ec8fa7-066d-40f4-b883-f9199e27fd71
f:99a5a82d745c,Józef Szwarcblat,,handel manufakturą ludową i goto- wemi ubraniami,,,,,1927,archives/database of kowel crime/data/obwieszczenia_publiczne/kowel_businesses.csv,https://polona.pl/preview/43a144d7-71ca-40bc-ab00-4202730a78ea,43a144d7-71ca-40bc-ab00-4202730a78ea
f:8e0e3977b9e3,Józef-Dawid Perelmuter,,drobny handel ubraniami ludo- wemi,,,,,1929,archives/database of kowel crime/data/obwieszczenia_publiczne/kowel_businesses.csv,https://polona.pl/preview/c43c3356-2282-46a9-bdae-e71157632bdd,c43c3356-2282-46a9-bdae-e71157632bdd
f:166e4b1d55b2,Józefa Kokoruzowa-Kaźmierska,,handel win i wódek z wyszynkiem oraz delikatesy i wyroby tytoniowe,,,,,1934,archives/database of kowel crime/data/obwieszczenia_publiczne/kowel_businesses.csv,https://polona.pl/preview/321a11f2-8026-4579-a95b-5d7a1aafe156,321a11f2-8026-4579-a95b-5d7a1aafe156
f:b47c755e35a4,Józefa Mazurkiewicz,,restauracja i domowa sprzedaż wy robów tytoniowych,,,,,1929,archives/database of kowel crime/data/obwieszczenia_publiczne/kowel_businesses.csv,https://polona.pl/preview/93be8018-b4f5-4fd3-b908-581cdb599163,93be8018-b4f5-4fd3-b908-581cdb599163
f:53a6c4419ddc,(Jszer Cuperfajn,Uszer Cuperfajn,handel farbami suchemi,Handlowej 15,,,15,1924,archives/database of kowel crime/data/obwieszczenia_publiczne/kowel_businesses.csv,https://polona.pl/preview/b4b059a8-d099-433a-84d2-825199586a4d,b4b059a8-d099-433a-84d2-825199586a4d
f:5d341e6f8891,Judis Finkielsztejn,,handel artykułami spożywczemi i zbożem,Handlowa 17,st:cd91d9f1265f,Handlowa,17,1922,archives/database of kowel crime/data/obwieszczenia_publiczne/kowel_businesses.csv,https://polona.pl/preview/b075cfae-9120-40cd-b8ef-3d016f9b540d,b075cfae-9120-40cd-b8ef-3d016f9b540d
f:127d1138ab06,Julja Babicka,,handel artykułami spożywczemi,Kolejowa 36,st:a39b8f9fba52,Kolejowa,36,1922,archives/database of kowel crime/data/obwieszczenia_publiczne/kowel_businesses.csv,https://polona.pl/preview/7788a2ea-fb16-44f2-bccf-0fe60af0241a,7788a2ea-fb16-44f2-bccf-0fe60af0241a
f:3480267458bb,Kac A.,,Krawcy,Warszawska 56,st:06caf55d067c,Warszawska,56,1929,1929_business_directory.csv,,
f:9530b110f5c3,Kac B.,,Żelazo,Targowa,,,,1929,1929_business_directory.csv,,
f:dcc5791572cc,Kac B.,,Golantorps,Warszawska 82,st:06caf55d067c,Warszawska,82,1929,1929_business_directory.csv,,
f:47f584a3e523,Kac M.,,Golantorps,Warszawska 114,st:06caf55d067c,Warszawska,114,1929,1929_business_directory.csv,,
f:77503d8333ad,Kac M.,,Krawcy,Warszawska 61,st:06caf55d067c,Warszawska,61,1929,1929_business_directory.csv,,
f:0e662361fba5,Kaczor J.,,Krawcy,Jurydyka 2,,,2,1929,1929_business_directory.csv,,
f:c9b9c6bd91a3,Kadiec Lejzor,,handel artykułami spożywczemi,• Mieszczańska 4,st:90488c14540d,Mieszczańska,4,1904,archives/database of kowel crime/data/obwieszczenia_publiczne/kowel_businesses.csv,https://polona.pl/preview/b4b059a8-d099-433a-84d2-825199586a4d,b4b059a8-d099-433a-84d2-825199586a4d
f:5cf02d18a55d,Kagan B.,,Krawcy,3 Maja 4,st:e1587e53e305,3 Maja,4,1929,1929_business_directory.csv,,
f:91a52542c471,Kagan M.,,Wody,Fabryczna 6,st:b4ca2b3dbab6,Fabryczna,6,1929,1929_business_directory.csv,,
f:acad7608dcbe,Kagan P.,,Krawcy,Warszawska 67,st:06caf55d067c,Warszawska,67,1929,1929_business_directory.csv,,
f:2b7f034bb817,Kaiman-Jojne Bass,,handel manufakturą i konfekcją damską,,,,,1924,archives/database of kowel crime/data/obwieszczenia_publiczne/kowel_businesses.csv,https://polona.pl/preview/a648c9f4-2fca-4d39-bd78-5f9e0af75e7e,a648c9f4-2fca-4d39-bd78-5f9e0af75e7e
f:12851fb18062,Kajetan Wojtkowski,,"skup i odprzedaż mięsa, wędlin i nabiału",,,,,1928,archives/database of kowel crime/data/obwieszczenia_publiczne/kowel_businesses.csv,https://polona.pl/preview/63526a57-f02b-4d5c-b874-798db36ddae8,63526a57-f02b-4d5c-b874-798db36ddae8
f:4bd1e1a5b11a,Kałkusińska Stanisława,,drobna sprzedaż wyrobów masarskich pod nazwą „Wędliniarnia Udziałowa,Łucka 19,st:deb1b321e31a,Łucka,19,1934,archives/database of kowel crime/data/obwieszczenia_publiczne/kowel_businesses.csv,https://polona.pl/preview/890a8bf6-59d6-4ded-bef3-654344f795d4,890a8bf6-59d6-4ded-bef3-654344f795d4
f:e694c76551f1,Kamień A.,,Ubrania,Warszawska 154,st:06caf55d067c,Warszawska,154,1929,1929_business_directory.csv,,
f:183473c15bd9,Kamila Mianowska,,hurtownia tytoniowa 1,,,,,1927,archives/database of kowel crime/data/obwieszczenia_publiczne/kowel_businesses.csv,https://polona.pl/preview/0b4b2f84-f408-44b3-a65d-a8fb2b2b5cf7,0b4b2f84-f408-44b3-a65d-a8fb2b2b5cf7
f:09b69739c019,Kamili J.,,Kapelusze,Lacka,,,,1929,1929_business_directory.csv,,
f:303718b77c37,Kamiński A.,,Tytoniowe,Krótka 3,st:c1a83457d847,Krótka,3,1929,1929_business_directory.csv,,
f:48aaffa42577,Kan G.,,Krawcy,Warszawska 135,st:06caf55d067c,Warszawska,135,1929,1929_business_directory.csv,,
f:4cbd7f44ecaa,Kan J.,,Krawcy,Warszawska,st:06caf55d067c,Warszawska,,1929,1929_business_directory.csv,,
f:a3c785243426,Kapar M.,,Krawcy,Sienkiewicza 15,st:5d3d89171ee3,Sienkiewicza,15,1929,1929_business_directory.csv,,
f:74e186e726d8,Kapelusznik J.,,Futra,Warszawska 00,st:06caf55d067c,Warszawska,00,1929,1929_business_directory.csv,,
f:7f3de5c6e2d6,Kaplan,,Garbarnie,Rubla Modojawisz,,,,1929,1929_business_directory.csv,,
f:6aadf9bf2574,Karol Olszowiec,Karol Olszowiec,koncesjonowano-kaucjonowane biuro komi sowe i techniczno-handlowe,Łuckiej 147,,,147,1924,archives/database of kowel crime/data/obwieszczenia_publiczne/kowel_businesses.csv,https://polona.pl/preview/a062b514-0445-45d0-bae9-4447c9aebbdb,a062b514-0445-45d0-bae9-4447c9aebbdb
f:57f69fbabfef,Karolczuk St.,,Charpentiers,Poprzeczna 8,st:99c2fce7f0bb,Poprzeczna,8,1929,1929_business_directory.csv,,
f:a079496ea7a2,Kartofel I.,,Krawcy,Warszawska 131,st:06caf55d067c,Warszawska,131,1929,1929_business_directory.csv,,
f:036f1871e64c,kasa telegrafu,,Telecommunications,,,,,1938,kowel_residents_1938.csv,,
f:411fba0db2e4,kasa telegrafu,,Telecommunications,,,,,1938,kowel_residents_1938.csv,,
f:7798d74db225,kasa telegrafu,,Telecommunications,,,,,1938,kowel_residents_1938.csv,,
f:a2d0daade956,Kassel J.,,Krawcy,Warszawska 61,st:06caf55d067c,Warszawska,61,1929,1929_business_directory.csv,,
f:80f56d96bc1d,Kasztan Idei,Kasztan Idei,handel artykułami spożywczemi,ui Magistrackiej 17,,,17,1924,archives/database of kowel crime/data/obwieszczenia_publiczne/kowel_businesses.csv,https://polona.pl/preview/b075cfae-9120-40cd-b8ef-3d016f9b540d,b075cfae-9120-40cd-b8ef-3d016f9b540d
f:989494fe35c8,Kaufman A.,,Herbaciarnie,Warszawska 80,st:06caf55d067c,Warszawska,80,1929,1929_business_directory.csv,,
f:bcb73d75d4c6,^ kawa Holcer,,drobny handel bielizną i konfekcją dam ską,,,,,1928,archives/database of kowel crime/data/obwieszczenia_publiczne/kowel_businesses.csv,https://polona.pl/preview/d3b25a8f-4a49-4a90-b27f-a295f5b435ba,d3b25a8f-4a49-4a90-b27f-a295f5b435ba
f:3274672f1401,Kelrych,,Zajazdy,Targowa,,,,1929,1929_business_directory.csv,,
f:902895743c31,Kiertner B.,,Golantorps,Sienkiewicza 39,st:5d3d89171ee3,Sienkiewicza,39,1929,1929_business_directory.csv,,
f:3f2a35d42782,Kino Miejskie,,Entertainment,Mickiewicza 10,st:57d62842bea3,Mickiewicza,10,1938,kowel_residents_1938.csv,,
f:4b2ad3e2c545,Kiperman Zachar.,,Technicy,Łucica 58,,,58,1929,1929_business_directory.csv,,
f:f32cbde831bd,Klara Brener,,bufet,Lucka 134,st:deb1b321e31a,Łucka,134,1923,archives/database of kowel crime/data/obwieszczenia_publiczne/kowel_businesses.csv,https://polona.pl/preview/2adeecd4-e417-42de-95f8-e6b729def9a7,2adeecd4-e417-42de-95f8-e6b729def9a7
f:970e6d370248,Klejman Duwid,,drobny handel żelaza,,,,,1932,archives/database of kowel crime/data/obwieszczenia_publiczne/kowel_businesses.csv,https://polona.pl/preview/2b01651d-9b4a-4d2b-974d-643f1969b258,2b01651d-9b4a-4d2b-974d-643f1969b258
f:ee163339b6a8,Klejnerman J.,,Ziemioplady,Warszawska 243,st:06caf55d067c,Warszawska,243,1929,1929_business_directory.csv,,
f:064f31b66642,Klejnert G.,,Golantorps,Brzoska 13,,,13,1929,1929_business_directory.csv,,
f:9cb62fe03d8d,Kleju M.,,Fryzjerzy,Sienkiewicza 21,st:5d3d89171ee3,Sienkiewicza,21,1929,1929_business_directory.csv,,
f:edd88b5b9a77,Klepacz Sz.,,Tytoniowe,Kolejowa 87,st:a39b8f9fba52,Kolejowa,87,1929,1929_business_directory.csv,,
f:2ad1c143e8cb,Kłonicka Estera Bejła,,księgarnia i drobna sprzedaż materjałów piśmiennych,Kolejowa 2,st:a39b8f9fba52,Kolejowa,2,1932,archives/database of kowel crime/data/obwieszczenia_publiczne/kowel_businesses.csv,https://polona.pl/preview/0eb96528-540c-46b0-a25d-7a131c98e419,0eb96528-540c-46b0-a25d-7a131c98e419
f:b2f9a7afe934,Kłonicka Estera Bejła,,księgarnia i drobna sprzedaż materjałów piśmiennych,,,,,1932,archives/database of kowel crime/data/obwieszczenia_publiczne/kowel_businesses.csv,https://polona.pl/preview/267a9e40-3596-44c0-a595-a8d9a881ce5b,267a9e40-3596-44c0-a595-a8d9a881ce5b
f:a72c71b9e707,Kogoś,,Golantorps,Sienkiewicza 30,st:5d3d89171ee3,Sienkiewicza,30,1929,1929_business_directory.csv,,
f:ec9778f1e5bd,Kojfman A.,,Golantorps,Warszawska 48,st:06caf55d067c,Warszawska,48,1929,1929_business_directory.csv,,
f:bb89874395ec,Kolnik N.,,Szewcy,,,,,1929,1929_business_directory.csv,,
f:02c857f75f06,Kontrakt C.,,Herbaciarnie,Mickiewicza 23,st:57d62842bea3,Mickiewicza,23,1929,1929_business_directory.csv,,
f:65e26cbfdb53,Koś G.,,Krawcy,Warszawska 129,st:06caf55d067c,Warszawska,129,1929,1929_business_directory.csv,,
f:ed723ac1cabf,Kosmalski L.,,Geometra,,,,,1929,1929_business_directory.csv,,
f:d2c71493f4c8,Kotlar,,Krawcy,Mieszczańska 8,st:90488c14540d,Mieszczańska,8,1929,1929_business_directory.csv,,
f:a89c1082417b,Kowalski Srul,Kowalski Srul,handel naczyniami kuchennemi,Łucka 18,st:deb1b321e31a,Łucka,18,1875,archives/database of kowel crime/data/obwieszczenia_publiczne/kowel_businesses.csv,https://polona.pl/preview/ff08cb8e-9efb-40ee-8f02-05d2a7e8b60f,ff08cb8e-9efb-40ee-8f02-05d2a7e8b60f
f:add406c5215b,Kownacki J.,,Geometra,,,,,1929,1929_business_directory.csv,,
f:8ddb9ac8ff01,Kraft D.,,Kapelusze,Warszawska 59,st:06caf55d067c,Warszawska,59,1929,1929_business_directory.csv,,
f:6c67e28e010b,Krarnor B.,,Żelazo,Warszawska,st:06caf55d067c,Warszawska,,1929,1929_business_directory.csv,,
f:896e12fdcddf,Krawczyk Karol,,detaliczny handel wódek,"Łucka 107, pow",st:deb1b321e31a,Łucka,,1934,archives/database of kowel crime/data/obwieszczenia_publiczne/kowel_businesses.csv,https://polona.pl/preview/890a8bf6-59d6-4ded-bef3-654344f795d4,890a8bf6-59d6-4ded-bef3-654344f795d4
f:f2a4b73a6dda,Kriwolapczuk B.,,Stolarze,Warszawska,st:06caf55d067c,Warszawska,,1929,1929_business_directory.csv,,
f:e3c4e67ee3f9,Kroi B.,,Krawcy,Sienkiewicza 41,st:5d3d89171ee3,Sienkiewicza,41,1929,1929_business_directory.csv,,
f:9ce91435976e,Kropiwniker,,Zboże,Foksal 10,,,10,1929,1929_business_directory.csv,,
f:5ca46c426aed,Kruciński J.,,Tytoniowe,Ławka 21,,,21,1929,1929_business_directory.csv,,
f:5ec12f6dc0f5,Krupiński Jan,,"handel bronią, amunicją, przyborami my- śliwskiemi",Warszawska 22,st:06caf55d067c,Warszawska,22,1933,archives/database of kowel crime/data/obwieszczenia_publiczne/kowel_businesses.csv,https://polona.pl/preview/d9a8aa3b-9bf1-4bf2-a356-14234173ac0c,d9a8aa3b-9bf1-4bf2-a356-14234173ac0c
f:20a1a346be54,Krygtor E.,,Szewcy,Ró-wiońska,,,,1929,1929_business_directory.csv,,
f:b623214a727e,Krysiek A.,,Ziemioplady,Warszawska,st:06caf55d067c,Warszawska,,1929,1929_business_directory.csv,,
f:d7d977053dc4,Ktula Rzemieślnicza,,Kasy,Sp. z o. o.,,,,1929,1929_business_directory.csv,,
f:476f0fb4af76,Kupersztojn,,Charpentiers,Foksal 8,,,8,1929,1929_business_directory.csv,,
f:2c7b6bd5449e,Kuplecki Syndykat Rolniczy,,Ziemioplady,Komorowska 14,st:c290c2a90186,Komorowska,14,1929,1929_business_directory.csv,,
f:fef0a4aa562e,Kuras J.,,Slusarze,Sienkiewicza 29,st:5d3d89171ee3,Sienkiewicza,29,1929,1929_business_directory.csv,,
f:7d5adc1ed4f3,Kusznir,,Kotuchy,Maciejowska 4,st:dc704ea0c8ea,Maciejowska,4,1929,1929_business_directory.csv,,
f:5ac877c5e23b,Kusznir M.,,Futra,Warszawska 186,st:06caf55d067c,Warszawska,186,1929,1929_business_directory.csv,,
f:a3c32112c335,Kwasznik M.,,Krawcy,Mielczemsza 3,,,3,1929,1929_business_directory.csv,,
f:5e50cbbf64bc,L.,,Szojmur,Warszawska,st:06caf55d067c,Warszawska,,1929,1929_business_directory.csv,,
f:20924b7af880,L. Marynowski i F\. Pomeranc,,»Ekspres«,Mickiewicza 10,st:57d62842bea3,Mickiewicza,10,1924,archives/database of kowel crime/data/obwieszczenia_publiczne/kowel_businesses.csv,https://polona.pl/preview/8df16142-0fcf-44a6-8448-efaa765482e0,8df16142-0fcf-44a6-8448-efaa765482e0
f:da8a97c8d649,Labuś Fr.,,Tytoniowe,Kolejowa 88,st:a39b8f9fba52,Kolejowa,88,1929,1929_business_directory.csv,,
f:ec00c5996693,Lacha Gb. & Swio,,Madtarate,Łmoka 77,,,77,1929,1929_business_directory.csv,,
f:27e08552e685,Laks Chaskiel,Laks Chaskiel,handel artykułami spożywczemi,Aptecznej 36,,,36,1924,archives/database of kowel crime/data/obwieszczenia_publiczne/kowel_businesses.csv,https://polona.pl/preview/2adeecd4-e417-42de-95f8-e6b729def9a7,2adeecd4-e417-42de-95f8-e6b729def9a7
f:ac2ee9c487d1,Lambach W.,,Trumny,Warszawska 99,st:06caf55d067c,Warszawska,99,1929,1929_business_directory.csv,,
f:bbfd39ea5d19,Lana Kasztan,,handel towarami iudowemi,,,,,1924,archives/database of kowel crime/data/obwieszczenia_publiczne/kowel_businesses.csv,https://polona.pl/preview/79fd97cc-eca8-4ef2-932f-9795dbab7ead,79fd97cc-eca8-4ef2-932f-9795dbab7ead
f:ab500902ab27,Landa Ch.,,Zboże,Brzeska 16,st:7dc94505c4b3,Brzeska,16,1929,1929_business_directory.csv,,
f:22d8365059fd,Langer M.,,Zboże,3 Maja 7,st:e1587e53e305,3 Maja,7,1929,1929_business_directory.csv,,
f:411d6cd2f7b1,Langier D.,,Farby,Lacka 160,,,160,1929,1929_business_directory.csv,,
f:cb6112d3e5d4,Łapides Sima,,olejarnia motorowa,,,,,1934,archives/database of kowel crime/data/obwieszczenia_publiczne/kowel_businesses.csv,https://polona.pl/preview/825fc30c-5408-467d-97df-7cc835623fff,825fc30c-5408-467d-97df-7cc835623fff
f:c8b23684284e,Lawin I.,,Golantorps,Warszawska 72,st:06caf55d067c,Warszawska,72,1929,1929_business_directory.csv,,
f:b93ba63db499,Lcia Marder,Leja Marder,droby handel waty,Krótka 47,st:c1a83457d847,Krótka,47,1931,archives/database of kowel crime/data/obwieszczenia_publiczne/kowel_businesses.csv,https://polona.pl/preview/40da971c-61d5-45d6-9928-e3a863ef84c2,40da971c-61d5-45d6-9928-e3a863ef84c2
f:ce0ba68f9ecb,lcko Lewin,,drobny handel galanterją,Lucka 9,st:deb1b321e31a,Łucka,9,1914,archives/database of kowel crime/data/obwieszczenia_publiczne/kowel_businesses.csv,https://polona.pl/preview/ce7cc465-061d-4d65-8e76-1f91ac6f74dc,ce7cc465-061d-4d65-8e76-1f91ac6f74dc
f:79203a40c591,Ledersznajder J.,,Ubrania,Warszawska 191,st:06caf55d067c,Warszawska,191,1929,1929_business_directory.csv,,
f:6befa913eefa,Leja Alter,,"bufet ze sprzedażą piwa przy kmie „Nowo ści""",,,,,1929,archives/database of kowel crime/data/obwieszczenia_publiczne/kowel_businesses.csv,https://polona.pl/preview/93be8018-b4f5-4fd3-b908-581cdb599163,93be8018-b4f5-4fd3-b908-581cdb599163
f:e37fdf51f74c,Leja Grynberg,,drobna sprzedaż materjałów budowla nych leśnych,Królowej-Bony,,,,1932,archives/database of kowel crime/data/obwieszczenia_publiczne/kowel_businesses.csv,https://polona.pl/preview/76fa41b1-da18-4b87-97e4-0616f6d72c59,76fa41b1-da18-4b87-97e4-0616f6d72c59
f:3100d36bfb60,Leja Lejkach,,handel artykułami spożywczemi,,,,,1924,archives/database of kowel crime/data/obwieszczenia_publiczne/kowel_businesses.csv,https://polona.pl/preview/2b78893c-7027-437c-9db2-c0094b7181a6,2b78893c-7027-437c-9db2-c0094b7181a6
f:bc48ef6d15c5,Leja Tojbicz,,handel spożywczy,,,,,1929,archives/database of kowel crime/data/obwieszczenia_publiczne/kowel_businesses.csv,https://polona.pl/preview/c43c3356-2282-46a9-bdae-e71157632bdd,c43c3356-2282-46a9-bdae-e71157632bdd
f:86f3d70cd9de,Lejb Arkadier,,handel manufakturą,,,,,1926,archives/database of kowel crime/data/obwieszczenia_publiczne/kowel_businesses.csv,https://polona.pl/preview/a9b7c3da-9e5f-4f57-b050-53715e353d51,a9b7c3da-9e5f-4f57-b050-53715e353d51
f:1bae2285a2d9,Lejb Bass,,pośrednik handlowy,,,,,1927,archives/database of kowel crime/data/obwieszczenia_publiczne/kowel_businesses.csv,https://polona.pl/preview/25349422-96e2-4544-9967-a177f4bf0626,25349422-96e2-4544-9967-a177f4bf0626
f:d2b374b84f2c,,Lejb Fajn,,"Żydowskiej 11, 4148",,,4148,1927,archives/database of kowel crime/data/obwieszczenia_publiczne/kowel_businesses.csv,https://polona.pl/preview/43a144d7-71ca-40bc-ab00-4202730a78ea,43a144d7-71ca-40bc-ab00-4202730a78ea
f:e37ecb56fe7c,Lejb Fisz,Lejb Fisz,handel kolonjalno - spożywczy,Kościuszki Nr,st:b7d5a2f0721a,Kościuszki,,1928,archives/database of kowel crime/data/obwieszczenia_publiczne/kowel_businesses.csv,https://polona.pl/preview/685df5bb-a477-48f4-8880-495663221b4a,685df5bb-a477-48f4-8880-495663221b4a
f:68d38ff3dcf5,,Lejba Karsz,,Komarow- ska Nr,,,,1931,archives/database of kowel crime/data/obwieszczenia_publiczne/kowel_businesses.csv,https://polona.pl/preview/950b11c5-f06c-4b50-83d2-a725c68af89b,950b11c5-f06c-4b50-83d2-a725c68af89b
f:ad2128a88654,Lejba Sizargiel,,handel spożywczy,,,,,1929,archives/database of kowel crime/data/obwieszczenia_publiczne/kowel_businesses.csv,https://polona.pl/preview/888bd5f8-e44e-405f-8dba-754738c488ce,888bd5f8-e44e-405f-8dba-754738c488ce
f:040e974b74b0,Lejbenberg M.,,Golantorps,Lwowska 146,,,146,1929,1929_business_directory.csv,,
f:8ce1d9475831,Lejbisz Szyter,,sprzedaż zegarków,Lucka 150,st:deb1b321e31a,Łucka,150,1923,archives/database of kowel crime/data/obwieszczenia_publiczne/kowel_businesses.csv,https://polona.pl/preview/6f14eded-43a5-4015-aad1-761aa8c8efdc,6f14eded-43a5-4015-aad1-761aa8c8efdc
f:1f914be8b76a,Lejbisz Test,,drobny handel spożywczy,,,,,1928,archives/database of kowel crime/data/obwieszczenia_publiczne/kowel_businesses.csv,https://polona.pl/preview/036189b2-afe6-4d40-9706-027bbb4e7732,036189b2-afe6-4d40-9706-027bbb4e7732
f:a6e47d7897a7,Lejizor Helpern,Lejzor Helpern,ekspedytor,Warszawskiej 81,,,81,1927,archives/database of kowel crime/data/obwieszczenia_publiczne/kowel_businesses.csv,https://polona.pl/preview/0b4b2f84-f408-44b3-a65d-a8fb2b2b5cf7,0b4b2f84-f408-44b3-a65d-a8fb2b2b5cf7
f:c6a214d40576,Lejzor Grinberg,,"drobny handel spożywczy, wędliny i słoniny",Szeroka 2,st:c12bd83c3995,Szeroka,2,1932,archives/database of kowel crime/data/obwieszczenia_publiczne/kowel_businesses.csv,https://polona.pl/preview/267a9e40-3596-44c0-a595-a8d9a881ce5b,267a9e40-3596-44c0-a595-a8d9a881ce5b
f:f89b15296100,Lejzor Grinberg,,drobny handel spożywczy wędliny i słoniny,Szeroka 2,st:c12bd83c3995,Szeroka,2,1932,archives/database of kowel crime/data/obwieszczenia_publiczne/kowel_businesses.csv,https://polona.pl/preview/0eb96528-540c-46b0-a25d-7a131c98e419,0eb96528-540c-46b0-a25d-7a131c98e419
f:bbb39b737ed4,Lejzor Indech,,handel manufakturą,,,,,1927,archives/database of kowel crime/data/obwieszczenia_publiczne/kowel_businesses.csv,https://polona.pl/preview/9c2f082c-d7fd-448f-9e07-3eb4fa3f378c,9c2f082c-d7fd-448f-9e07-3eb4fa3f378c
f:acf8d89c564e,Lejzor Rubinsztejn,,"bufet, słodycze i detaliczna sprzedaż wyrobów tytoniowych",,,,,1928,archives/database of kowel crime/data/obwieszczenia_publiczne/kowel_businesses.csv,https://polona.pl/preview/cd9223f9-ea99-429b-b62b-6714984be656,cd9223f9-ea99-429b-b62b-6714984be656
f:d38e18b76a8e,Lejzor Swiniuch,,"handel manufakturą, starem żelazem, pakułami, szmatami i kośćmi",,,,,1929,archives/database of kowel crime/data/obwieszczenia_publiczne/kowel_businesses.csv,https://polona.pl/preview/c43c3356-2282-46a9-bdae-e71157632bdd,c43c3356-2282-46a9-bdae-e71157632bdd
f:1262c4ff6530,Leon Fuchs,,"biuro pisania podań, tłumaczeń i przepisy wania na maszynie",,,,,1926,archives/database of kowel crime/data/obwieszczenia_publiczne/kowel_businesses.csv,https://polona.pl/preview/4f82249b-142f-4713-9cd6-7765d7c36ea5,4f82249b-142f-4713-9cd6-7765d7c36ea5
f:e186b1181c16,Leon Kopecki,Leon Kopecki,przedmiotem przedsiębiorstwa jest prowadze nie,2 sklepów,,,,1924,archives/database of kowel crime/data/obwieszczenia_publiczne/kowel_businesses.csv,https://polona.pl/preview/2adeecd4-e417-42de-95f8-e6b729def9a7,2adeecd4-e417-42de-95f8-e6b729def9a7
f:4f7f3731d02b,Leon Lasota,,sklep artykułów spożywczych,,,,,1924,archives/database of kowel crime/data/obwieszczenia_publiczne/kowel_businesses.csv,https://polona.pl/preview/f2df8e25-42bf-4e29-9752-78d21b1f9f84,f2df8e25-42bf-4e29-9752-78d21b1f9f84
f:49618373bb00,Leon Werba,,biuro próśb,,,,,1927,archives/database of kowel crime/data/obwieszczenia_publiczne/kowel_businesses.csv,https://polona.pl/preview/82ec8fa7-066d-40f4-b883-f9199e27fd71,82ec8fa7-066d-40f4-b883-f9199e27fd71
f:ab72ded266a5,Lerner Bejła,,drobny handel spożvwczy,,,,,1933,archives/database of kowel crime/data/obwieszczenia_publiczne/kowel_businesses.csv,https://polona.pl/preview/d9a8aa3b-9bf1-4bf2-a356-14234173ac0c,d9a8aa3b-9bf1-4bf2-a356-14234173ac0c
f:6cf937963ebc,Lerner Ch.,,Slusarze,Warszawska 68,st:06caf55d067c,Warszawska,68,1929,1929_business_directory.csv,,
f:aa592f804954,Lerner M.,,Tytoniowe,Warszawska 167,st:06caf55d067c,Warszawska,167,1929,1929_business_directory.csv,,
f:00b0442b44ab,Lewin Szemdla,,handel przyborami do czapek i towarem lu dowym,Zakościelna 4,,,4,1924,archives/database of kowel crime/data/obwieszczenia_publiczne/kowel_businesses.csv,https://polona.pl/preview/ff08cb8e-9efb-40ee-8f02-05d2a7e8b60f,ff08cb8e-9efb-40ee-8f02-05d2a7e8b60f
f:f01ad05a6ce0,Liba Pendzik,,drobny handel spożywczy,,,,,1932,archives/database of kowel crime/data/obwieszczenia_publiczne/kowel_businesses.csv,https://polona.pl/preview/63c0c4d9-08b1-4b82-920b-ed4658d47f41,63c0c4d9-08b1-4b82-920b-ed4658d47f41
f:203ea685995d,Lifsza Rajz,,drobny handel spożywczy,,,,,1927,archives/database of kowel crime/data/obwieszczenia_publiczne/kowel_businesses.csv,https://polona.pl/preview/9254feef-bbf2-4877-bd98-45d9a073a602,9254feef-bbf2-4877-bd98-45d9a073a602
f:04136a47c68b,Linzen Hersz,,piwiarnia,Łucka 38,st:deb1b321e31a,Łucka,38,1924,archives/database of kowel crime/data/obwieszczenia_publiczne/kowel_businesses.csv,https://polona.pl/preview/b4b059a8-d099-433a-84d2-825199586a4d,b4b059a8-d099-433a-84d2-825199586a4d
f:0e640d59ff06,Litwar W.,,Ziemioplady,Warszawska 26,st:06caf55d067c,Warszawska,26,1929,1929_business_directory.csv,,
f:6f4435058d69,^lka Szojchet,,hotel,,,,,1927,archives/database of kowel crime/data/obwieszczenia_publiczne/kowel_businesses.csv,https://polona.pl/preview/74339fe4-6d3c-4f66-9460-52166d6fd810,74339fe4-6d3c-4f66-9460-52166d6fd810
f:ca89d08c4d93,Lobzor M.,,Krawcy,Warszawska 155,st:06caf55d067c,Warszawska,155,1929,1929_business_directory.csv,,
f:77a9b3902837,Loderman B.,,Tytoniowe,Sienkiewicza róg Artyleryjskiej,st:5d3d89171ee3,Sienkiewicza,,1929,1929_business_directory.csv,,
f:e66cee63cefb,Lorbor M.,,Tapicerzy,Warszawska 72,st:06caf55d067c,Warszawska,72,1929,1929_business_directory.csv,,
f:3f5f5ead768f,Lorman B.,,Fryzjerzy,Brzeska 9,st:7dc94505c4b3,Brzeska,9,1929,1929_business_directory.csv,,
f:210a8701e49d,Lotfer & Kerznar,,Fryzjerzy,Kolejowa 91,st:a39b8f9fba52,Kolejowa,91,1929,1929_business_directory.csv,,
f:e52e9e4f8ea8,Low-I. W.,,Golantorps,Warszawska 209,st:06caf55d067c,Warszawska,209,1929,1929_business_directory.csv,,
f:8122423e2fd5,Lowin I.,,Drzewo,Wlodzimiorska 18,,,18,1929,1929_business_directory.csv,,
f:fceee7c6c135,Łukasz Trusiuk,,skład apteczny,,,,,1931,archives/database of kowel crime/data/obwieszczenia_publiczne/kowel_businesses.csv,https://polona.pl/preview/7f3507fa-412f-4ff1-9c14-3d85ef3226cd,7f3507fa-412f-4ff1-9c14-3d85ef3226cd
f:9d8ce839f4f3,M.,,Tuszman,3 Maja,st:e1587e53e305,3 Maja,,1929,1929_business_directory.csv,,
f:d3c3612a48c2,M.,,Kowalowa,Warszawska,st:06caf55d067c,Warszawska,,1929,1929_business_directory.csv,,
f:64c10be6826d,Magia Sz.,,Szewcy,Kowalska,st:73f54a990ae8,Kowalska,,1929,1929_business_directory.csv,,
f:47f1fb1c545b,MaH.,,Slusarze,Warszawska 184,st:06caf55d067c,Warszawska,184,1929,1929_business_directory.csv,,
f:141ae179239a,Majzole S.,,Kapelusze,Warszawska 50,st:06caf55d067c,Warszawska,50,1929,1929_business_directory.csv,,
f:2a4c9547ef80,Małka Cukierman,,drobna sprzedaż mąki i przetworów zbożowych,,,,,1931,archives/database of kowel crime/data/obwieszczenia_publiczne/kowel_businesses.csv,https://polona.pl/preview/40da971c-61d5-45d6-9928-e3a863ef84c2,40da971c-61d5-45d6-9928-e3a863ef84c2
f:e1838482f084,Małka Duniec,,pokoje umeblowane,Kolejowa 87,st:a39b8f9fba52,Kolejowa,87,1924,archives/database of kowel crime/data/obwieszczenia_publiczne/kowel_businesses.csv,https://polona.pl/preview/6f14eded-43a5-4015-aad1-761aa8c8efdc,6f14eded-43a5-4015-aad1-761aa8c8efdc
f:fc1db20dc0d8,Małka Kagan,,handel spożywczy,,,,,1927,archives/database of kowel crime/data/obwieszczenia_publiczne/kowel_businesses.csv,https://polona.pl/preview/43a144d7-71ca-40bc-ab00-4202730a78ea,43a144d7-71ca-40bc-ab00-4202730a78ea
f:46ba95306ab4,Małka Mełamed,,drobny handel spożywczy,,,,,1931,archives/database of kowel crime/data/obwieszczenia_publiczne/kowel_businesses.csv,https://polona.pl/preview/f1238231-4793-489f-97df-04998562fd15,f1238231-4793-489f-97df-04998562fd15
f:f50e464b5df0,Małka Szejnblum,,hendel żelazem i uprzężą,,,,,1928,archives/database of kowel crime/data/obwieszczenia_publiczne/kowel_businesses.csv,https://polona.pl/preview/cd9223f9-ea99-429b-b62b-6714984be656,cd9223f9-ea99-429b-b62b-6714984be656
f:e74949f43851,Małka Werba,,handel artykułami spożywczemi,,,,,1924,archives/database of kowel crime/data/obwieszczenia_publiczne/kowel_businesses.csv,https://polona.pl/preview/ff08cb8e-9efb-40ee-8f02-05d2a7e8b60f,ff08cb8e-9efb-40ee-8f02-05d2a7e8b60f
f:f0f8e9dd9ecb,Małka Zylber,,drobny handel spożywczy,,,,,1931,archives/database of kowel crime/data/obwieszczenia_publiczne/kowel_businesses.csv,https://polona.pl/preview/c247ce90-6aa2-46b3-b7cb-f497c3f2d167,c247ce90-6aa2-46b3-b7cb-f497c3f2d167
f:4e62b93bfedf,Mandel M.,,Ziemioplady,Warszawska 225,st:06caf55d067c,Warszawska,225,1929,1929_business_directory.csv,,
f:df46705677c6,Mandol J.,,Ziemioplady,Warszawska 227,st:06caf55d067c,Warszawska,227,1929,1929_business_directory.csv,,
f:0ac3d8ada5dc,Mania Jeruchimowicz,,handel galanterją,,,,,1924,archives/database of kowel crime/data/obwieszczenia_publiczne/kowel_businesses.csv,https://polona.pl/preview/b075cfae-9120-40cd-b8ef-3d016f9b540d,b075cfae-9120-40cd-b8ef-3d016f9b540d
f:3c31e98a502b,Maradla Fridman,,handel galanterją,,,,,1926,archives/database of kowel crime/data/obwieszczenia_publiczne/kowel_businesses.csv,https://polona.pl/preview/8b2a82e5-472d-4fd1-ad91-fdbe3b38e8fe,8b2a82e5-472d-4fd1-ad91-fdbe3b38e8fe
f:b2a661ca95e6,Marcin Herlen,,"autobus kursujący Kowel — Mielnica Właściciel: Marcin Herlen, zamieszkały",,,,,1931,archives/database of kowel crime/data/obwieszczenia_publiczne/kowel_businesses.csv,https://polona.pl/preview/7f3507fa-412f-4ff1-9c14-3d85ef3226cd,7f3507fa-412f-4ff1-9c14-3d85ef3226cd
f:c416e8ce51c3,Marder S.,,Golantorps,Handlowa 4,st:cd91d9f1265f,Handlowa,4,1929,1929_business_directory.csv,,
f:f79dc78119b1,Marejda A.,,Slusarze,Warszawska 143,st:06caf55d067c,Warszawska,143,1929,1929_business_directory.csv,,
f:3631eae2676d,Marja Głouszek,,kawiarnia,,,,,1928,archives/database of kowel crime/data/obwieszczenia_publiczne/kowel_businesses.csv,https://polona.pl/preview/1ef615a2-b4b3-43d0-827d-81d2d050b175,1ef615a2-b4b3-43d0-827d-81d2d050b175
f:9d1a997ed15c,Marja Grinblat,Marja Grinblat,handel artykułami spożywczemi i galanterją,Kolejowej 38,,,38,1924,archives/database of kowel crime/data/obwieszczenia_publiczne/kowel_businesses.csv,https://polona.pl/preview/a062b514-0445-45d0-bae9-4447c9aebbdb,a062b514-0445-45d0-bae9-4447c9aebbdb
f:f2a6bfaa4e1b,Marja Houżwic vel Hurwic,,drobny handel wyrobów tyto niowych i artykułów spożywczych,,,,,1931,archives/database of kowel crime/data/obwieszczenia_publiczne/kowel_businesses.csv,https://polona.pl/preview/950b11c5-f06c-4b50-83d2-a725c68af89b,950b11c5-f06c-4b50-83d2-a725c68af89b
f:f531dedf4ede,Marja Mianowska,,"drobny handel artykułów tytonio wych, wódek i artykułów spożywczych",Kołodnicka 6,st:930dfcf3a505,Kołodnicka,6,1933,archives/database of kowel crime/data/obwieszczenia_publiczne/kowel_businesses.csv,https://polona.pl/preview/d245ac1c-a12b-4980-b1f2-2a09980f9f39,d245ac1c-a12b-4980-b1f2-2a09980f9f39
f:6e88b9d6523f,,Marja Stasiak,,Mało-Gon- czarna 23,,,23,1931,archives/database of kowel crime/data/obwieszczenia_publiczne/kowel_businesses.csv,https://polona.pl/preview/27af7d17-4159-4e2a-853c-4387283616b4,27af7d17-4159-4e2a-853c-4387283616b4
f:d70e59e965d1,Marja-Helena Czerwińska,,piwiarnia i domowa sprzedaz papierosów,3,,,,1932,archives/database of kowel crime/data/obwieszczenia_publiczne/kowel_businesses.csv,https://polona.pl/preview/05120253-9d6a-4e67-ab8b-9bebf6564b4e,05120253-9d6a-4e67-ab8b-9bebf6564b4e
f:e17aafd89b40,Marjam Epsztejn,,drobna sprzedaż galanterji,,,,,1926,archives/database of kowel crime/data/obwieszczenia_publiczne/kowel_businesses.csv,https://polona.pl/preview/31a3e2d2-5763-47d6-8d23-b5269a57a382,31a3e2d2-5763-47d6-8d23-b5269a57a382
f:5a3e21af2808,Marjan Gradoszyński,Marjan Gradoszyński,skład piwa,Łuckiej 13,,,13,1925,archives/database of kowel crime/data/obwieszczenia_publiczne/kowel_businesses.csv,https://polona.pl/preview/518232ea-5284-454e-83cf-9f8f7aaf824d,518232ea-5284-454e-83cf-9f8f7aaf824d
f:b87fe03a9d1a,Marjem Koczuba,,drobna sprzedaż artykułów spożyw czych,Sienkiewicza 23,st:5d3d89171ee3,Sienkiewicza,23,1934,archives/database of kowel crime/data/obwieszczenia_publiczne/kowel_businesses.csv,https://polona.pl/preview/c31b4e25-5d33-41e4-b19b-8aee4b25eb08,c31b4e25-5d33-41e4-b19b-8aee4b25eb08
f:bb6bfbcf322a,Marteld G.,,Wody,Warszawska,st:06caf55d067c,Warszawska,,1929,1929_business_directory.csv,,
f:5d3e7d92a37b,Masza Sziper,,kawiarnia,,,,,1927,archives/database of kowel crime/data/obwieszczenia_publiczne/kowel_businesses.csv,https://polona.pl/preview/82ec8fa7-066d-40f4-b883-f9199e27fd71,82ec8fa7-066d-40f4-b883-f9199e27fd71
f:f6f525720a16,Masza Szyzgał,,piwiarnia i domowa sprzedaż papierosów,uł,,,,1934,archives/database of kowel crime/data/obwieszczenia_publiczne/kowel_businesses.csv,https://polona.pl/preview/825fc30c-5408-467d-97df-7cc835623fff,825fc30c-5408-467d-97df-7cc835623fff
f:634eb8412f0f,Masza vel Myszka Szwarcblat,,drobny handel spożywczy i słodyczy,,,,,1931,archives/database of kowel crime/data/obwieszczenia_publiczne/kowel_businesses.csv,https://polona.pl/preview/2a3c9ad2-6289-47aa-9ea8-65d9c0e444d2,2a3c9ad2-6289-47aa-9ea8-65d9c0e444d2
f:489f4cfd0a68,,Mateusza Markowskiego,,postanowie niem sądu z dnia 29 listopada,,,,1934,archives/database of kowel crime/data/obwieszczenia_publiczne/kowel_businesses.csv,https://polona.pl/preview/1cf58309-712b-44d8-be0c-ad4fdab34e50,1cf58309-712b-44d8-be0c-ad4fdab34e50
f:216558f88dab,Matylda Stefani,Matylda Stefani,handel wyrobami wędliniarskiemi i mięsem,zauł,st:702ed1bad6b7,Zaułek Kolejowy,,1928,archives/database of kowel crime/data/obwieszczenia_publiczne/kowel_businesses.csv,https://polona.pl/preview/63526a57-f02b-4d5c-b874-798db36ddae8,63526a57-f02b-4d5c-b874-798db36ddae8
f:df83f70ec3dd,Mejer Barg,,handel ludowem ubraniem,,,,,1926,archives/database of kowel crime/data/obwieszczenia_publiczne/kowel_businesses.csv,https://polona.pl/preview/6ceae765-3f6d-4e29-aace-627197b8055d,6ceae765-3f6d-4e29-aace-627197b8055d
f:44eca33ff392,Mejer Chanis,,handel artykułami spożywczemi,,,,,1924,archives/database of kowel crime/data/obwieszczenia_publiczne/kowel_businesses.csv,https://polona.pl/preview/ad3c3a74-0110-4005-bd79-2db471a259ef,ad3c3a74-0110-4005-bd79-2db471a259ef
f:63a4fda43c83,Mejer Flasztac,,skup zboża,,,,,1934,archives/database of kowel crime/data/obwieszczenia_publiczne/kowel_businesses.csv,https://polona.pl/preview/7a9d61ef-6b9a-487f-a54a-b4025dd2a13b,7a9d61ef-6b9a-487f-a54a-b4025dd2a13b
f:3c42eceb9a8f,Mejer i Ester- Chana Pomeranc,,"Towarzystwo Przemysłowo - Leśne „Sosnadąb""",,,,,1932,archives/database of kowel crime/data/obwieszczenia_publiczne/kowel_businesses.csv,https://polona.pl/preview/4ad53025-efb8-4822-9948-09b4f2910797,4ad53025-efb8-4822-9948-09b4f2910797
f:24ac2d7dde69,Mejer i Ester-Chana Pomeranc,,"spółka firmowa pod nazwą „Towarzystwo Przemysłowo-Leśne „Sosnadąb""","""",,,,1932,archives/database of kowel crime/data/obwieszczenia_publiczne/kowel_businesses.csv,https://polona.pl/preview/4ad53025-efb8-4822-9948-09b4f2910797,4ad53025-efb8-4822-9948-09b4f2910797
f:4990ee617810,Mejer Kapszuk,,handel surewemi skórami i szczeciną,,,,,1924,archives/database of kowel crime/data/obwieszczenia_publiczne/kowel_businesses.csv,https://polona.pl/preview/79276d66-1194-4c55-b526-d0a21718f114,79276d66-1194-4c55-b526-d0a21718f114
f:ae13f266ea8e,Mejer Pomeranc,,handel wyrobami tytuniowemi,,,,,1924,archives/database of kowel crime/data/obwieszczenia_publiczne/kowel_businesses.csv,https://polona.pl/preview/623c4806-8034-4eae-be21-9dda5a5a93a8,623c4806-8034-4eae-be21-9dda5a5a93a8
f:52c1e6d10860,Mejkler Ćhaja-Dwojra,,drobny handel spożywczy i zboża,,,,,1932,archives/database of kowel crime/data/obwieszczenia_publiczne/kowel_businesses.csv,https://polona.pl/preview/567edeb6-b876-434a-a64f-47f9d0da784e,567edeb6-b876-434a-a64f-47f9d0da784e
f:b753f1e8cd69,Mejkler D.,,Gremplarnie,Brzeska 134,st:7dc94505c4b3,Brzeska,134,1929,1929_business_directory.csv,,
f:52f29532d420,Mełamed a.,,Nafta,Szkolna 28,st:ef71a5dea0c1,Szkolna,28,1929,1929_business_directory.csv,,
f:e559a695c8fe,Mełamed A.,,Nafta,Brzeska 143,st:7dc94505c4b3,Brzeska,143,1929,1929_business_directory.csv,,
f:28df4c74d38a,Melamed J.,,Geometra,Brzeska 145,st:7dc94505c4b3,Brzeska,145,1929,1929_business_directory.csv,,
f:89eb07a83105,Mełamed M.,,Krawcy,Brzeska 122,st:7dc94505c4b3,Brzeska,122,1929,1929_business_directory.csv,,
f:c4cf1301e53c,Mełamed St.,,Nafta,Bazarna 8,,,8,1929,1929_business_directory.csv,,
f:7eb60819a95c,Menachem^Chuna Feldman,,handel mięsem,,,,,1927,archives/database of kowel crime/data/obwieszczenia_publiczne/kowel_businesses.csv,https://polona.pl/preview/887211d5-4f91-4f63-9bbb-09c4eba06aa5,887211d5-4f91-4f63-9bbb-09c4eba06aa5
f:f1c7d45a1561,Menachem iRajciszer,,handel żelazem i artykułami spożyw- czemi,,,,,1929,archives/database of kowel crime/data/obwieszczenia_publiczne/kowel_businesses.csv,https://polona.pl/preview/234488c4-9726-4eaf-ae81-c01bda84fc6c,234488c4-9726-4eaf-ae81-c01bda84fc6c
f:10b2ea481fea,Menasze Ejczys,,handel galanterją,Lucka 3,st:deb1b321e31a,Łucka,3,1893,archives/database of kowel crime/data/obwieszczenia_publiczne/kowel_businesses.csv,https://polona.pl/preview/a648c9f4-2fca-4d39-bd78-5f9e0af75e7e,a648c9f4-2fca-4d39-bd78-5f9e0af75e7e
f:81ca782cf399,Mendel Kossowski,,drobny handel wyrobami tytoniowemi,Łucka 160,st:deb1b321e31a,Łucka,160,1924,archives/database of kowel crime/data/obwieszczenia_publiczne/kowel_businesses.csv,https://polona.pl/preview/4182d5e1-7e15-44c0-aabb-a28a7013a962,4182d5e1-7e15-44c0-aabb-a28a7013a962
f:3a3e0be2dc59,Menia Zylberberg,,drobny handel spożywczy,,,,,1929,archives/database of kowel crime/data/obwieszczenia_publiczne/kowel_businesses.csv,https://polona.pl/preview/7d47e5f2-72e2-4a67-a529-814d34c3d0d3,7d47e5f2-72e2-4a67-a529-814d34c3d0d3
f:46ba63321a5d,Mianowska K.,,Tytoniowe,Warszawska 67,st:06caf55d067c,Warszawska,67,1929,1929_business_directory.csv,,
f:c16c906c2229,Mianowski S.,,Wódki,Warszawska 165,st:06caf55d067c,Warszawska,165,1929,1929_business_directory.csv,,
f:1007c4da94c2,Michał Dichter,,handel artykułami spożywczemi,Staro-Kolejowa 26,st:6696b3e78791,Staro-Kolejowa,26,1891,archives/database of kowel crime/data/obwieszczenia_publiczne/kowel_businesses.csv,https://polona.pl/preview/2adeecd4-e417-42de-95f8-e6b729def9a7,2adeecd4-e417-42de-95f8-e6b729def9a7
f:a4e8ba2e250e,Michel Ejdelsztejn,Michel Ejdelsztejn,handel galanterją,Łucka 20,st:deb1b321e31a,Łucka,20,1905,archives/database of kowel crime/data/obwieszczenia_publiczne/kowel_businesses.csv,https://polona.pl/preview/ff08cb8e-9efb-40ee-8f02-05d2a7e8b60f,ff08cb8e-9efb-40ee-8f02-05d2a7e8b60f
f:36ed7884f5e0,Michel Sziter,,sprzedaż zegarków,Lucka 128,st:deb1b321e31a,Łucka,128,1923,archives/database of kowel crime/data/obwieszczenia_publiczne/kowel_businesses.csv,https://polona.pl/preview/2aedbfec-a6d7-4103-9ec5-375353c56f73,2aedbfec-a6d7-4103-9ec5-375353c56f73
f:052695e8c8be,Miejscowy Urzad Miar w Kowlu,,Government,Łucka 42,st:deb1b321e31a,Łucka,42,1929,archive/lucka_businesses.csv,,
f:dae4f8b9c1d5,Mikołaj Fijałkowski,,sprzedaż wędlin i mięsa,,,,,1929,archives/database of kowel crime/data/obwieszczenia_publiczne/kowel_businesses.csv,https://polona.pl/preview/61be2c8c-1cd9-4ecd-a9e2-5881a60b61d2,61be2c8c-1cd9-4ecd-a9e2-5881a60b61d2
f:20a7c37c109d,Mindla Mlurik,,handel spożywczy i bufet,,,,,1929,archives/database of kowel crime/data/obwieszczenia_publiczne/kowel_businesses.csv,https://polona.pl/preview/fe5f833a-2767-4690-8c48-f012e85acb86,fe5f833a-2767-4690-8c48-f012e85acb86
f:648073b3059a,Mirla Struzer,,hotel „Gdański”,Kolejowa 80,st:a39b8f9fba52,Kolejowa,80,1924,archives/database of kowel crime/data/obwieszczenia_publiczne/kowel_businesses.csv,https://polona.pl/preview/6f14eded-43a5-4015-aad1-761aa8c8efdc,6f14eded-43a5-4015-aad1-761aa8c8efdc
f:d7b6892edecd,Mmdla Lewenberg,,handel galanterją,,,,,1929,archives/database of kowel crime/data/obwieszczenia_publiczne/kowel_businesses.csv,https://polona.pl/preview/93be8018-b4f5-4fd3-b908-581cdb599163,93be8018-b4f5-4fd3-b908-581cdb599163
f:bb8d01b8df8f,Moj sze-Liber Langier,,skup zawodowy zboża,,,,,1927,archives/database of kowel crime/data/obwieszczenia_publiczne/kowel_businesses.csv,https://polona.pl/preview/74339fe4-6d3c-4f66-9460-52166d6fd810,74339fe4-6d3c-4f66-9460-52166d6fd810
f:0a53768ddffc,Moj1Clor Józ.,,Wiatraki,Lublimerica 41,,,41,1929,1929_business_directory.csv,,
f:2b4e6967cd68,Mojach Wajnsztejn,,handel galanterją,,,,,1924,archives/database of kowel crime/data/obwieszczenia_publiczne/kowel_businesses.csv,https://polona.pl/preview/2aedbfec-a6d7-4103-9ec5-375353c56f73,2aedbfec-a6d7-4103-9ec5-375353c56f73
f:7a6b8bd52c40,Mojisże Szowb,,handel spożywczy i żelazem,,,,,1928,archives/database of kowel crime/data/obwieszczenia_publiczne/kowel_businesses.csv,https://polona.pl/preview/1ef615a2-b4b3-43d0-827d-81d2d050b175,1ef615a2-b4b3-43d0-827d-81d2d050b175
f:284d5d38963a,Mojsze Gurwic,,sprzedaż manufaktury i ubrań goto wych,,,,,1930,archives/database of kowel crime/data/obwieszczenia_publiczne/kowel_businesses.csv,https://polona.pl/preview/ce5619a3-7534-4d6e-9b88-462c83083738,ce5619a3-7534-4d6e-9b88-462c83083738
f:df610c600496,Mojsze Ingberg,,handel artykułami spożywczemi i galanterią,,,,,1924,archives/database of kowel crime/data/obwieszczenia_publiczne/kowel_businesses.csv,https://polona.pl/preview/2adeecd4-e417-42de-95f8-e6b729def9a7,2adeecd4-e417-42de-95f8-e6b729def9a7
f:9ef1a73b3930,Mojsze Kandel,,kawiarnia i sprzedaż wyrobów tytuniowych,Górka 7,st:6db12fc2b6d9,Górka,7,1924,archives/database of kowel crime/data/obwieszczenia_publiczne/kowel_businesses.csv,https://polona.pl/preview/3b146af4-e419-4545-a13a-25290240e7da,3b146af4-e419-4545-a13a-25290240e7da
f:382eefeb282f,Mojsze Kerżner,,"hotel „ftstorja""",,,,,1924,archives/database of kowel crime/data/obwieszczenia_publiczne/kowel_businesses.csv,https://polona.pl/preview/695f6b42-aae3-4f91-bbe9-4b8e171ba2db,695f6b42-aae3-4f91-bbe9-4b8e171ba2db
f:f0231f1c2465,Mojsze Ledersznajder,,pracownia i sprzedaż ubrań ludowych,Łucka 20,st:deb1b321e31a,Łucka,20,1923,archives/database of kowel crime/data/obwieszczenia_publiczne/kowel_businesses.csv,https://polona.pl/preview/9d2b6521-3c7a-44e9-98d3-3544e8a9ef0a,9d2b6521-3c7a-44e9-98d3-3544e8a9ef0a
f:0cedc226c3ba,Mojsze Tejtelbaum (Tejtelbojm),,handel spożywczy i galanterją,,,,,1928,archives/database of kowel crime/data/obwieszczenia_publiczne/kowel_businesses.csv,https://polona.pl/preview/63526a57-f02b-4d5c-b874-798db36ddae8,63526a57-f02b-4d5c-b874-798db36ddae8
f:2dce63b3806b,Mojsze Woliweler,,handel artykułami spoźywczemi i wyrobami tytoniowemi,Lucka 18,st:deb1b321e31a,Łucka,18,1885,archives/database of kowel crime/data/obwieszczenia_publiczne/kowel_businesses.csv,https://polona.pl/preview/10d237da-d64b-457e-b670-d847ca3a8c4b,10d237da-d64b-457e-b670-d847ca3a8c4b
f:94ac12a2802a,Mojsze-Duwid Jakira,,"handel żelaza pod firmą „Wy roby żelazne""",,,,,1933,archives/database of kowel crime/data/obwieszczenia_publiczne/kowel_businesses.csv,https://polona.pl/preview/40ad6db6-94f8-4f56-bf3d-74b5fdcd5c8f,40ad6db6-94f8-4f56-bf3d-74b5fdcd5c8f
f:8a47580346b6,Mojżesz Cymerman,,drobna sprzedaż materjałów i przy- borów dentystycznych,,,,,1927,archives/database of kowel crime/data/obwieszczenia_publiczne/kowel_businesses.csv,https://polona.pl/preview/25349422-96e2-4544-9967-a177f4bf0626,25349422-96e2-4544-9967-a177f4bf0626
f:a101ae2dad98,Molarned Sz.,,Tytoniowe,Warszawska 185,st:06caf55d067c,Warszawska,185,1929,1929_business_directory.csv,,
f:8b8445905d09,Mordko - Mendel Gorin,,handel mięsem,,,,,1929,archives/database of kowel crime/data/obwieszczenia_publiczne/kowel_businesses.csv,https://polona.pl/preview/7d47e5f2-72e2-4a67-a529-814d34c3d0d3,7d47e5f2-72e2-4a67-a529-814d34c3d0d3
f:24908e29c930,Mordko Ajzenberg,,handel gotowym ubraniem i chustkami,Włodzimierska 2,st:61c4d35f6565,Włodzimierska,2,1924,archives/database of kowel crime/data/obwieszczenia_publiczne/kowel_businesses.csv,https://polona.pl/preview/7788a2ea-fb16-44f2-bccf-0fe60af0241a,7788a2ea-fb16-44f2-bccf-0fe60af0241a
f:050bf137ba62,Mordko Erlichgerecht,,"dostawa artykułów spożywczych, mięsa i paszy dla wojska",woj,st:93d8f9c4666b,Wojskowa,,1932,archives/database of kowel crime/data/obwieszczenia_publiczne/kowel_businesses.csv,https://polona.pl/preview/76fa41b1-da18-4b87-97e4-0616f6d72c59,76fa41b1-da18-4b87-97e4-0616f6d72c59
f:f8cf11ac99eb,Mordko Fiszbein,,handel farbami i klejem,,,,,1924,archives/database of kowel crime/data/obwieszczenia_publiczne/kowel_businesses.csv,https://polona.pl/preview/79276d66-1194-4c55-b526-d0a21718f114,79276d66-1194-4c55-b526-d0a21718f114
f:6e47f252b72f,Mordko Kuzniec,,hotel,,,,,1924,archives/database of kowel crime/data/obwieszczenia_publiczne/kowel_businesses.csv,https://polona.pl/preview/ff47319b-0f32-466e-92dd-bc4cd36be115,ff47319b-0f32-466e-92dd-bc4cd36be115
f:b3088ff25103,Mordko Langer i Syn w Kowlu,,spółka firmowa,,,,,1927,archives/database of kowel crime/data/obwieszczenia_publiczne/kowel_businesses.csv,https://polona.pl/preview/0b4b2f84-f408-44b3-a65d-a8fb2b2b5cf7,0b4b2f84-f408-44b3-a65d-a8fb2b2b5cf7
f:66af1b2215ee,Mordko Mandel,Mordko Mandel,bufet,Łucka 135,st:deb1b321e31a,Łucka,135,1920,archives/database of kowel crime/data/obwieszczenia_publiczne/kowel_businesses.csv,https://polona.pl/preview/ad3c3a74-0110-4005-bd79-2db471a259ef,ad3c3a74-0110-4005-bd79-2db471a259ef
f:e5a9089bc11c,Mordko Ojwental,Mordko Ojwental,handel szkłem i lampami,Maciejowskiej 7,,,7,1924,archives/database of kowel crime/data/obwieszczenia_publiczne/kowel_businesses.csv,https://polona.pl/preview/2adeecd4-e417-42de-95f8-e6b729def9a7,2adeecd4-e417-42de-95f8-e6b729def9a7
f:f11d07f1df47,Mordko Pereł,,handel resztkami towarów łokciowych,Lucka 42,st:deb1b321e31a,Łucka,42,1923,archives/database of kowel crime/data/obwieszczenia_publiczne/kowel_businesses.csv,https://polona.pl/preview/695f6b42-aae3-4f91-bbe9-4b8e171ba2db,695f6b42-aae3-4f91-bbe9-4b8e171ba2db
f:7fc3f87dda80,Mordko Stepak,Mordko Stepak,"handel artykułami spożywczemi, żelazem i sitami",Lucka 80,st:deb1b321e31a,Łucka,80,1920,archives/database of kowel crime/data/obwieszczenia_publiczne/kowel_businesses.csv,https://polona.pl/preview/ce7cc465-061d-4d65-8e76-1f91ac6f74dc,ce7cc465-061d-4d65-8e76-1f91ac6f74dc
f:64cbef53fd49,,Mordko- Mendel Sżlafsztejn,,Aleje Legjoinów 12,,,12,1927,archives/database of kowel crime/data/obwieszczenia_publiczne/kowel_businesses.csv,https://polona.pl/preview/0a527ff4-fb8d-4f31-86e4-a0c6d6609282,0a527ff4-fb8d-4f31-86e4-a0c6d6609282
f:386ad33fbdf6,Mordko-Kielman Fryszberg,,handel manufakturą lu dową,,,,,1927,archives/database of kowel crime/data/obwieszczenia_publiczne/kowel_businesses.csv,https://polona.pl/preview/887211d5-4f91-4f63-9bbb-09c4eba06aa5,887211d5-4f91-4f63-9bbb-09c4eba06aa5
f:c18674dc0f79,,Mordkowi Inglbergowi,,Królowej Bony Nr,st:28d5192be7fc,Królowej Bony,,1928,archives/database of kowel crime/data/obwieszczenia_publiczne/kowel_businesses.csv,https://polona.pl/preview/f48423b6-db55-4faf-90fa-9cdd9dad6e73,f48423b6-db55-4faf-90fa-9cdd9dad6e73
f:1793e92df908,Mormelsztejn,,Jaja,Włodzimierska 5,st:61c4d35f6565,Włodzimierska,5,1929,1929_business_directory.csv,,
f:1c32fc852026,Moszek iNagórnv,,bufet ze sprzedażą słodyczy i artyku łów spożywczych,,,,,1929,archives/database of kowel crime/data/obwieszczenia_publiczne/kowel_businesses.csv,https://polona.pl/preview/4e4c3ef0-b911-4749-bbf6-b8108e6fbe81,4e4c3ef0-b911-4749-bbf6-b8108e6fbe81
f:6de3e5dba161,Moszko Dancigier,,detaliczna sprzedaż cukru,,,,,1932,archives/database of kowel crime/data/obwieszczenia_publiczne/kowel_businesses.csv,https://polona.pl/preview/e535e9e2-0984-4a5e-90a2-00e2d3cefbce,e535e9e2-0984-4a5e-90a2-00e2d3cefbce
f:6507d558f96b,Moszko Lejbenberg,,handel artykułami spożywczemi i włosz czyzną,Rynek 15,st:2ddaa8c0fce3,Rynek,15,1924,archives/database of kowel crime/data/obwieszczenia_publiczne/kowel_businesses.csv,https://polona.pl/preview/ad3c3a74-0110-4005-bd79-2db471a259ef,ad3c3a74-0110-4005-bd79-2db471a259ef
f:ef32f6d291aa,Motel Bober,,piwiarnia,,,,,1926,archives/database of kowel crime/data/obwieszczenia_publiczne/kowel_businesses.csv,https://polona.pl/preview/6ceae765-3f6d-4e29-aace-627197b8055d,6ceae765-3f6d-4e29-aace-627197b8055d
f:7014d1ba97f3,,Motel Chinenzon,,Kr,,,,1924,archives/database of kowel crime/data/obwieszczenia_publiczne/kowel_businesses.csv,https://polona.pl/preview/f7849491-8501-4016-93bc-dcc849aa9171,f7849491-8501-4016-93bc-dcc849aa9171
f:537a3cacac78,Motel Gocklik,,Tokarskie,Lurka 70,,,70,1929,1929_business_directory.csv,,
f:dcbd3e1aaabf,Motel Jucht,,handel artykułami spożywczemi,Brzeska 8,st:7dc94505c4b3,Brzeska,8,1924,archives/database of kowel crime/data/obwieszczenia_publiczne/kowel_businesses.csv,https://polona.pl/preview/65208553-b5d4-4b10-9464-cc6a5ac95106,65208553-b5d4-4b10-9464-cc6a5ac95106
f:174830feabd5,Motel Maluszka,Motel Maluszka,handel artykułami spożywczemi,Handlowa 10,st:cd91d9f1265f,Handlowa,10,1905,archives/database of kowel crime/data/obwieszczenia_publiczne/kowel_businesses.csv,https://polona.pl/preview/a7f21fd6-344c-49c8-a705-e099da18e039,a7f21fd6-344c-49c8-a705-e099da18e039
f:e79f03fef727,Motel Wydra,,handel ludowemi towarami,Lucka 42,st:deb1b321e31a,Łucka,42,1912,archives/database of kowel crime/data/obwieszczenia_publiczne/kowel_businesses.csv,https://polona.pl/preview/ce7cc465-061d-4d65-8e76-1f91ac6f74dc,ce7cc465-061d-4d65-8e76-1f91ac6f74dc
f:a78fe2fe571e,Motia Fajuler,,herbaciarnia i słodycze,,,,,1928,archives/database of kowel crime/data/obwieszczenia_publiczne/kowel_businesses.csv,https://polona.pl/preview/1ef615a2-b4b3-43d0-827d-81d2d050b175,1ef615a2-b4b3-43d0-827d-81d2d050b175
f:451bf3c41b71,Mowsza Olsiuk,,piwiarnia ize sprzedażą zakąsek i wyrobów tytoniowych wyłącznie gościom,,,,,1928,archives/database of kowel crime/data/obwieszczenia_publiczne/kowel_businesses.csv,https://polona.pl/preview/df226055-441d-461a-b236-e2c7fe148f4e,df226055-441d-461a-b236-e2c7fe148f4e
f:cdeda26cdf68,Mozes - Ber Kagan,,"restauracja pod nazwą „Bar Amery kański""",,,,,1929,archives/database of kowel crime/data/obwieszczenia_publiczne/kowel_businesses.csv,https://polona.pl/preview/46db2297-e7d7-4059-8dc3-e67bc01c90f3,46db2297-e7d7-4059-8dc3-e67bc01c90f3
f:ec5b53c8e323,Mozes Dunajewiecki,Mozes Dunajewiecki,hg/del towarem ludowym,Lucka 59,st:deb1b321e31a,Łucka,59,1922,archives/database of kowel crime/data/obwieszczenia_publiczne/kowel_businesses.csv,https://polona.pl/preview/b5f86edb-c031-4310-af11-a2caa1abe13e,b5f86edb-c031-4310-af11-a2caa1abe13e
f:1838849e27fa,Mozes Gendler,,handel manufakturą,,,,,1927,archives/database of kowel crime/data/obwieszczenia_publiczne/kowel_businesses.csv,https://polona.pl/preview/82ec8fa7-066d-40f4-b883-f9199e27fd71,82ec8fa7-066d-40f4-b883-f9199e27fd71
f:436bcb914158,Mrówczyński W.,,Tytoniowe,Kolejowa 36,st:a39b8f9fba52,Kolejowa,36,1929,1929_business_directory.csv,,
f:90b84c17e8c9,Murik Lejbisz,,handel spożywczy,,,,,1932,archives/database of kowel crime/data/obwieszczenia_publiczne/kowel_businesses.csv,https://polona.pl/preview/b88ba794-781a-47dc-b193-8797d6082c01,b88ba794-781a-47dc-b193-8797d6082c01
f:e07d47af69bf,Mytnik Hersz,Mytnik Hersz,handel mięsem,Łucka 150,st:deb1b321e31a,Łucka,150,1918,archives/database of kowel crime/data/obwieszczenia_publiczne/kowel_businesses.csv,https://polona.pl/preview/b4b059a8-d099-433a-84d2-825199586a4d,b4b059a8-d099-433a-84d2-825199586a4d
f:7265b5055c8e,Nabożnik,,Żelazo,Targowa,,,,1929,1929_business_directory.csv,,
f:72d5ca44d2ed,Nadzieja Djanowska,,handel galanteryjny,,,,,1930,archives/database of kowel crime/data/obwieszczenia_publiczne/kowel_businesses.csv,https://polona.pl/preview/5fb03555-b6b4-4ce7-bc91-d39a10462644,5fb03555-b6b4-4ce7-bc91-d39a10462644
f:9ed7cda7d9e6,Naftule Kapszuk,,"handel skórami surewemi, szczeciną i wło sem",,,,,1924,archives/database of kowel crime/data/obwieszczenia_publiczne/kowel_businesses.csv,https://polona.pl/preview/79276d66-1194-4c55-b526-d0a21718f114,79276d66-1194-4c55-b526-d0a21718f114
f:699471774c67,Natalja Frydrychson,,apteka,,,,,1924,archives/database of kowel crime/data/obwieszczenia_publiczne/kowel_businesses.csv,https://polona.pl/preview/a648c9f4-2fca-4d39-bd78-5f9e0af75e7e,a648c9f4-2fca-4d39-bd78-5f9e0af75e7e
f:852e543598ff,Nechama Gulisz,,Hotel Warszawski,,,,,1925,archives/database of kowel crime/data/obwieszczenia_publiczne/kowel_businesses.csv,https://polona.pl/preview/2daf0155-b35c-4daa-8198-00eaac258bb6,2daf0155-b35c-4daa-8198-00eaac258bb6
f:eac185e55032,Nechemja Polak,,handel towarami ludowemi,,,,,1924,archives/database of kowel crime/data/obwieszczenia_publiczne/kowel_businesses.csv,https://polona.pl/preview/d0a5e785-760c-4fdd-b023-c8d30f564d47,d0a5e785-760c-4fdd-b023-c8d30f564d47
f:452d724db6d0,Nejman ł.,,Golantorps,Warszawska 148,st:06caf55d067c,Warszawska,148,1929,1929_business_directory.csv,,
f:c147da431fb8,Neoniła Łysakowska,,handel artykułami spożywczemi,Pomnikowa 17,st:96353b1acb99,Pomnikowa,17,1924,archives/database of kowel crime/data/obwieszczenia_publiczne/kowel_businesses.csv,https://polona.pl/preview/b5f86edb-c031-4310-af11-a2caa1abe13e,b5f86edb-c031-4310-af11-a2caa1abe13e
f:c888be0e2c29,Nepzian S.,,Golantorps,Warszawska 49,st:06caf55d067c,Warszawska,49,1929,1929_business_directory.csv,,
f:4a73aea9e628,Nesia Fiszman,,drobny handel spożywczy,,,,,1931,archives/database of kowel crime/data/obwieszczenia_publiczne/kowel_businesses.csv,https://polona.pl/preview/2a3c9ad2-6289-47aa-9ea8-65d9c0e444d2,2a3c9ad2-6289-47aa-9ea8-65d9c0e444d2
f:4e9879616855,Nojach Wejger,,drobny handel galanterją,,,,,1930,archives/database of kowel crime/data/obwieszczenia_publiczne/kowel_businesses.csv,https://polona.pl/preview/5fb03555-b6b4-4ce7-bc91-d39a10462644,5fb03555-b6b4-4ce7-bc91-d39a10462644
f:d7918f76ee3f,Nojech Olszecki,,handel towarami łokciowemi,D,,,,1924,archives/database of kowel crime/data/obwieszczenia_publiczne/kowel_businesses.csv,https://polona.pl/preview/b4b059a8-d099-433a-84d2-825199586a4d,b4b059a8-d099-433a-84d2-825199586a4d
f:0fa7464bec98,,Nojech Rojzen,,Macie jowskiej 17,,,17,1924,archives/database of kowel crime/data/obwieszczenia_publiczne/kowel_businesses.csv,https://polona.pl/preview/703d0d66-f6f4-451e-9638-08f04b344b21,703d0d66-f6f4-451e-9638-08f04b344b21
f:de647b29ac50,Nojen Szaroszewski,,piwiarnia i domowa sprzedaż pa pierosów,,,,,1933,archives/database of kowel crime/data/obwieszczenia_publiczne/kowel_businesses.csv,https://polona.pl/preview/d9a8aa3b-9bf1-4bf2-a356-14234173ac0c,d9a8aa3b-9bf1-4bf2-a356-14234173ac0c
f:71b0d6a67779,Noma Sztern,Noma Sztern,handel naczyniami,Łuckiej 13,,,13,1924,archives/database of kowel crime/data/obwieszczenia_publiczne/kowel_businesses.csv,https://polona.pl/preview/b075cfae-9120-40cd-b8ef-3d016f9b540d,b075cfae-9120-40cd-b8ef-3d016f9b540d
f:7a3b4cf4c2c6,Noska M.,,Wędliny,Warszawska,st:06caf55d067c,Warszawska,,1929,1929_business_directory.csv,,
f:ca7bd8b07ebe,Not A.,,Czopssiju,Warszawska 127,st:06caf55d067c,Warszawska,127,1929,1929_business_directory.csv,,
f:6bf0dee0d62f,Notariusz,,Legal,Warszawka 4,,,4,1938,kowel_residents_1938.csv,,
f:15a52ae33422,Nowicki T.,,Zajazdy,Warszawska,st:06caf55d067c,Warszawska,,1929,1929_business_directory.csv,,
f:88ca59bf36e8,Nowidski,,Fryzjerzy,Sienkiewicza 33,st:5d3d89171ee3,Sienkiewicza,33,1929,1929_business_directory.csv,,
f:e68a2e3b89ab,Nowość,,handel drobny obuwia i konfek cji,,,,,1931,archives/database of kowel crime/data/obwieszczenia_publiczne/kowel_businesses.csv,https://polona.pl/preview/888d89b6-c662-4767-a42d-8a8b57ca6733,888d89b6-c662-4767-a42d-8a8b57ca6733
f:d16cdd555924,Nuchim Kirszenbaum,,sprzedaż skóry i narzędzi szewckich,Łucka 18,st:deb1b321e31a,Łucka,18,1910,archives/database of kowel crime/data/obwieszczenia_publiczne/kowel_businesses.csv,https://polona.pl/preview/b5f86edb-c031-4310-af11-a2caa1abe13e,b5f86edb-c031-4310-af11-a2caa1abe13e
f:c59e77492c21,Nuchim Twerski,Nuchim Twerski,handel wyrobami tytuniowemi,Kolejowa 13,st:a39b8f9fba52,Kolejowa,13,1924,archives/database of kowel crime/data/obwieszczenia_publiczne/kowel_businesses.csv,https://polona.pl/preview/f2df8e25-42bf-4e29-9752-78d21b1f9f84,f2df8e25-42bf-4e29-9752-78d21b1f9f84
f:5083007e1f12,Nuchim-Lejb Pugacz,,handel artykułami spożywczemi i sprze daż papierosów,,,,,1924,archives/database of kowel crime/data/obwieszczenia_publiczne/kowel_businesses.csv,https://polona.pl/preview/e1039650-b528-4871-8510-f1b94ef00550,e1039650-b528-4871-8510-f1b94ef00550
f:7926bf1a636f,Nusin E.,,Fotograficzne,Warszawska 34,st:06caf55d067c,Warszawska,34,1929,1929_business_directory.csv,,
f:b7bdf434c8a4,Nuta Groj ser,,handel manufakturą,przy ',,,,1927,archives/database of kowel crime/data/obwieszczenia_publiczne/kowel_businesses.csv,https://polona.pl/preview/82ec8fa7-066d-40f4-b883-f9199e27fd71,82ec8fa7-066d-40f4-b883-f9199e27fd71
f:63d4f0ad46d3,Nuta Lerer,,"biuro pisania próśb i podań oraz przepisy- iq® n,a na maszynie",,,,,1927,archives/database of kowel crime/data/obwieszczenia_publiczne/kowel_businesses.csv,https://polona.pl/preview/af2540fa-47e6-4106-843c-5845fb156eb6,af2540fa-47e6-4106-843c-5845fb156eb6
f:64baeece9267,Nysel Kierżner,,handel spożywczy,,,,,1927,archives/database of kowel crime/data/obwieszczenia_publiczne/kowel_businesses.csv,https://polona.pl/preview/9254feef-bbf2-4877-bd98-45d9a073a602,9254feef-bbf2-4877-bd98-45d9a073a602
f:832d260441ca,Nyson Kopyt,,drobny handel artykułami kolonjalnemi i galllanierją,,,,,1929,archives/database of kowel crime/data/obwieszczenia_publiczne/kowel_businesses.csv,https://polona.pl/preview/7d47e5f2-72e2-4a67-a529-814d34c3d0d3,7d47e5f2-72e2-4a67-a529-814d34c3d0d3
f:c37389796436,Odamski L.,,Wędliny,Kopernika,,,,1929,1929_business_directory.csv,,
f:e2245b16f681,Okregowy Zwiazek Kooperatyw,,,Łucka 4,st:deb1b321e31a,Łucka,4,1929,archive/lucka_businesses.csv,,
f:2a5f5379dcbf,Oks Ghana - Sura,,drobna sprzedaż mięsa,,,,,1931,archives/database of kowel crime/data/obwieszczenia_publiczne/kowel_businesses.csv,https://polona.pl/preview/c247ce90-6aa2-46b3-b7cb-f497c3f2d167,c247ce90-6aa2-46b3-b7cb-f497c3f2d167
f:9514308d92dd,Olecki St.,,Tytoniowe,Brzeska 158,st:7dc94505c4b3,Brzeska,158,1929,1929_business_directory.csv,,
f:8389ee7837bb,Olga Choromańska,,handel wyrobami tytuniowemi,Sienkiewicza 43,st:5d3d89171ee3,Sienkiewicza,43,1921,archives/database of kowel crime/data/obwieszczenia_publiczne/kowel_businesses.csv,https://polona.pl/preview/66827c04-dc59-4b2b-b031-63613e0723f0,66827c04-dc59-4b2b-b031-63613e0723f0
f:3ebd66f48953,%olutejall.,,Golantorps,Wiodzimierska 1,,,1,1929,1929_business_directory.csv,,
f:8d07894c5952,Opatowski M.,,Tytoniowe,Brzeska 6,st:7dc94505c4b3,Brzeska,6,1929,1929_business_directory.csv,,
f:0631972a5ab8,Orirojntach M.,,Others,Warszawska 56,st:06caf55d067c,Warszawska,56,1929,1929_business_directory.csv,,
f:722892fbe07c,Owszyja Sztejnbach,,handel maszynami do szycia i instru mentami muzycznemi,,,,,1924,archives/database of kowel crime/data/obwieszczenia_publiczne/kowel_businesses.csv,https://polona.pl/preview/445e4a60-bc5e-4ea1-a980-e4408ee76f3d,445e4a60-bc5e-4ea1-a980-e4408ee76f3d
f:7e13dac3d585,P.,,Zalcman,,,,,1929,1929_business_directory.csv,,
f:67b1ca8eab0d,Pa-!lińska F.,,Wody,Warszawska 40,st:06caf55d067c,Warszawska,40,1929,1929_business_directory.csv,,
f:8d24db1d308d,Paja Linzen,,piwiarnia i domowa sprzedaż papierosów,,,,,1929,archives/database of kowel crime/data/obwieszczenia_publiczne/kowel_businesses.csv,https://polona.pl/preview/7d47e5f2-72e2-4a67-a529-814d34c3d0d3,7d47e5f2-72e2-4a67-a529-814d34c3d0d3
f:948f46ca6529,Paja Linzen,,piwiarnia,Włodzimierska 6,st:61c4d35f6565,Włodzimierska,6,1910,archives/database of kowel crime/data/obwieszczenia_publiczne/kowel_businesses.csv,https://polona.pl/preview/a7f21fd6-344c-49c8-a705-e099da18e039,a7f21fd6-344c-49c8-a705-e099da18e039
f:b294dbf92120,Pal Sz.,,Czopssiju,Warszawska 188,st:06caf55d067c,Warszawska,188,1929,1929_business_directory.csv,,
f:1fc6fc814c6e,Pan' A.,,Charpentiers,Budyszczadska 8,,,8,1929,1929_business_directory.csv,,
f:9c663a2fc9e6,Panawas M.,,Slusarze,Legjonów 22,,,22,1929,1929_business_directory.csv,,
f:c39db7a8d0c1,Panstwowa Fabryka Tytoniowa,,Government,Łucka 1,st:deb1b321e31a,Łucka,1,1929,archive/lucka_businesses.csv,,
f:55c144d7165e,Państwowa Wytwórnia Wódek,,Wódki,Monopolowa 46,st:b501d35a5470,Monopolowa,46,1929,1929_business_directory.csv,,
f:b1f19d2102e3,Panstwowy Zarzad Drogowy,,,Łucka 24,st:deb1b321e31a,Łucka,24,1929,archive/lucka_businesses.csv,,
f:4a9de58948b0,Papa L.,,Ziemioplady,Warszawska 31,st:06caf55d067c,Warszawska,31,1929,1929_business_directory.csv,,
f:df5ea6bde666,Papo J.,,Ziemioplady,Warszawska 18,st:06caf55d067c,Warszawska,18,1929,1929_business_directory.csv,,
f:0e037d89dea6,Paslawaski A.,,Jubilerzy,Warszawska,st:06caf55d067c,Warszawska,,1929,1929_business_directory.csv,,
f:ac99cc87ca35,Paulina Zołotarowa,,drobny handel wyrobami tytomo- wemi,Warszawska 184,st:06caf55d067c,Warszawska,184,1932,archives/database of kowel crime/data/obwieszczenia_publiczne/kowel_businesses.csv,https://polona.pl/preview/76fa41b1-da18-4b87-97e4-0616f6d72c59,76fa41b1-da18-4b87-97e4-0616f6d72c59
f:469004b3e8c1,Pawlicha S.,,Wódki,Kolejowa,st:a39b8f9fba52,Kolejowa,,1929,1929_business_directory.csv,,
f:ea7280c2d654,Pejsach Wajnsztejn,,handel naczyniem kuchennem,,,,,1927,archives/database of kowel crime/data/obwieszczenia_publiczne/kowel_businesses.csv,https://polona.pl/preview/74339fe4-6d3c-4f66-9460-52166d6fd810,74339fe4-6d3c-4f66-9460-52166d6fd810
f:08562dfdd9c0,Pejsach Zelcer,,drobny handel żelaza,,,,,1931,archives/database of kowel crime/data/obwieszczenia_publiczne/kowel_businesses.csv,https://polona.pl/preview/27af7d17-4159-4e2a-853c-4387283616b4,27af7d17-4159-4e2a-853c-4387283616b4
f:7122d6429268,Pelagja Berska,,hotel „Polonja,Łucka 135,st:deb1b321e31a,Łucka,135,1 si,archives/database of kowel crime/data/obwieszczenia_publiczne/kowel_businesses.csv,https://polona.pl/preview/6f14eded-43a5-4015-aad1-761aa8c8efdc,6f14eded-43a5-4015-aad1-761aa8c8efdc
f:4d069d553f43,Perec Blajsztejn,,handel spożywczy,,,,,1929,archives/database of kowel crime/data/obwieszczenia_publiczne/kowel_businesses.csv,https://polona.pl/preview/c43c3356-2282-46a9-bdae-e71157632bdd,c43c3356-2282-46a9-bdae-e71157632bdd
f:bccfc1739691,Perec Cygielman,,jubiler i zegarmistrz,,,,,1927,archives/database of kowel crime/data/obwieszczenia_publiczne/kowel_businesses.csv,https://polona.pl/preview/82ec8fa7-066d-40f4-b883-f9199e27fd71,82ec8fa7-066d-40f4-b883-f9199e27fd71
f:12926d03b8e6,Pesia Rlperin,,handel szkłem i naczyniami,,,,,1924,archives/database of kowel crime/data/obwieszczenia_publiczne/kowel_businesses.csv,https://polona.pl/preview/6f14eded-43a5-4015-aad1-761aa8c8efdc,6f14eded-43a5-4015-aad1-761aa8c8efdc
f:47353963245f,Pesia Rojter,Pesia Rojter,handel materjałami piśmiennemi,Lucka 68,st:deb1b321e31a,Łucka,68,1918,archives/database of kowel crime/data/obwieszczenia_publiczne/kowel_businesses.csv,https://polona.pl/preview/8f29b1f0-607c-4681-8578-eada52a24000,8f29b1f0-607c-4681-8578-eada52a24000
f:5ac73204bff6,Pesia Wajner,,drobny handel obuwia,,,,,1932,archives/database of kowel crime/data/obwieszczenia_publiczne/kowel_businesses.csv,https://polona.pl/preview/8ae835e5-592c-4e4b-8b09-46ecb59d07d3,8ae835e5-592c-4e4b-8b09-46ecb59d07d3
f:e0d67208c553,Piątkowski L.,,Tytoniowe,Warszawska 32,st:06caf55d067c,Warszawska,32,1929,1929_business_directory.csv,,
f:e0bec01e53e7,Pinchas Godomiczer,,handel towarami łokciowemi,Lucka 110,st:deb1b321e31a,Łucka,110,1924,archives/database of kowel crime/data/obwieszczenia_publiczne/kowel_businesses.csv,https://polona.pl/preview/a31bd9f3-e4ad-43bf-936d-519fbd247df3,a31bd9f3-e4ad-43bf-936d-519fbd247df3
f:d3b2af4bfa8a,Pinchas Wajsiberg,,handel żelazem,,,,,1929,archives/database of kowel crime/data/obwieszczenia_publiczne/kowel_businesses.csv,https://polona.pl/preview/4e4c3ef0-b911-4749-bbf6-b8108e6fbe81,4e4c3ef0-b911-4749-bbf6-b8108e6fbe81
f:c7d3d5568443,Pinchos Chasis,,handel spożywczy,,,,,1928,archives/database of kowel crime/data/obwieszczenia_publiczne/kowel_businesses.csv,https://polona.pl/preview/1ef615a2-b4b3-43d0-827d-81d2d050b175,1ef615a2-b4b3-43d0-827d-81d2d050b175
f:22835d5b6dc0,Pinchos Fitersojbel,,handel mięsem,,,,,1926,archives/database of kowel crime/data/obwieszczenia_publiczne/kowel_businesses.csv,https://polona.pl/preview/9f973f19-fb8d-46a8-802c-760d7bd4a137,9f973f19-fb8d-46a8-802c-760d7bd4a137
f:a1606ac23ee2,Pinchos Goldfarb,Pinchos Goldfarb,handel artykułami spożywczemi i naczynia mi kuchennemi,Maciejowska 6,st:dc704ea0c8ea,Maciejowska,6,1922,archives/database of kowel crime/data/obwieszczenia_publiczne/kowel_businesses.csv,https://polona.pl/preview/f7849491-8501-4016-93bc-dcc849aa9171,f7849491-8501-4016-93bc-dcc849aa9171
f:90246c2857cb,Pinchos Szejnbojm,,handel galanterją,Łucka 103,st:deb1b321e31a,Łucka,103,1923,archives/database of kowel crime/data/obwieszczenia_publiczne/kowel_businesses.csv,https://polona.pl/preview/ff08cb8e-9efb-40ee-8f02-05d2a7e8b60f,ff08cb8e-9efb-40ee-8f02-05d2a7e8b60f
f:33a9ec462ab7,Pinkus Sojfer,,herbaciarnia,,,,,1929,archives/database of kowel crime/data/obwieszczenia_publiczne/kowel_businesses.csv,https://polona.pl/preview/93be8018-b4f5-4fd3-b908-581cdb599163,93be8018-b4f5-4fd3-b908-581cdb599163
f:ea79f7046cdd,Piotr Kamiński,,detaliczny handel trunkami w naczy niach zamkniętych,,,,,1927,archives/database of kowel crime/data/obwieszczenia_publiczne/kowel_businesses.csv,https://polona.pl/preview/43a144d7-71ca-40bc-ab00-4202730a78ea,43a144d7-71ca-40bc-ab00-4202730a78ea
f:856924286700,Piotrowski N.,,Krawcy,Mickiewicza 8,st:57d62842bea3,Mickiewicza,8,1929,1929_business_directory.csv,,
f:5615d44557b3,Piwkowski F.,,Fryzjerzy,Wierzbowa 5,st:6060842bb0d2,Wierzbowa,5,1929,1929_business_directory.csv,,
f:dc559f92cd04,Plon J.,,Tytoniowe,Warszawska,st:06caf55d067c,Warszawska,,1929,1929_business_directory.csv,,
f:56cdd6141f08,Plutecka Stefanja,,sklep spożywczy,,,,,1933,archives/database of kowel crime/data/obwieszczenia_publiczne/kowel_businesses.csv,https://polona.pl/preview/40ad6db6-94f8-4f56-bf3d-74b5fdcd5c8f,40ad6db6-94f8-4f56-bf3d-74b5fdcd5c8f
f:82fe3eb99108,Poker M.,,Krawcy,,,,,1929,1929_business_directory.csv,,
f:730603c17bea,Pola (Perlą) Giwant,,handel spożywczy,,,,,1929,archives/database of kowel crime/data/obwieszczenia_publiczne/kowel_businesses.csv,https://polona.pl/preview/7d47e5f2-72e2-4a67-a529-814d34c3d0d3,7d47e5f2-72e2-4a67-a529-814d34c3d0d3
f:5c527774aec9,Poldman Z.,,Zboże,Targowa,,,,1929,1929_business_directory.csv,,
f:b197d7ab8e1f,Poliszuk C.,,Golantorps,Warszawska 2,st:06caf55d067c,Warszawska,2,1929,1929_business_directory.csv,,
f:72159090e6c8,Poliszuk Cal,,handel galanterją,Lucka 161,st:deb1b321e31a,Łucka,161,1906,archives/database of kowel crime/data/obwieszczenia_publiczne/kowel_businesses.csv,https://polona.pl/preview/a062b514-0445-45d0-bae9-4447c9aebbdb,a062b514-0445-45d0-bae9-4447c9aebbdb
f:9a2703c7adee,Poliszuk M.,,Golantorps,Kolejowa 2,st:a39b8f9fba52,Kolejowa,2,1929,1929_business_directory.csv,,
f:56ce9c90b257,Polmin,,Nafta,Brzeska 153,st:7dc94505c4b3,Brzeska,153,1929,1929_business_directory.csv,,
f:191bab6dadb6,Polofiscy Bcia,,Wody,Cyrkowa 2k,st:f0ab7cac5b92,Cyrkowa,2k,1929,1929_business_directory.csv,,
f:371ae340476f,Polonja wł. Berska P.,,Hotele,Łuska 135,,,135,1929,1929_business_directory.csv,,
f:8fc8cdca5750,Pomeranc Ch.,,Tytoniowe,Listopadowa 91,st:b3eef9adf412,Listopadowa,91,1929,1929_business_directory.csv,,
f:de565c762d23,Pon W.,,Krawcy,Warszawska 44,st:06caf55d067c,Warszawska,44,1929,1929_business_directory.csv,,
f:1ac4a102fa91,Popis,,Jadłodajnie,Kolejowa 59,st:a39b8f9fba52,Kolejowa,59,1929,1929_business_directory.csv,,
f:da56216aca60,Powiatowe Kolo Zwiazku Invaidow Wojen,,,Łucka 10,st:deb1b321e31a,Łucka,10,1929,archive/lucka_businesses.csv,,
f:5851632bdbf2,Powszechny Zaklad Ubezpieczen Wzaj,,insurance,Monopolowa 18,st:b501d35a5470,Monopolowa,18,1938,kowel_residents_1938.csv,,
f:df09a8852b4c,Pozna,,oddział,“,,,,1926,archives/database of kowel crime/data/obwieszczenia_publiczne/kowel_businesses.csv,https://polona.pl/preview/308cbef0-01e0-4859-bd30-1f2b844f833e,308cbef0-01e0-4859-bd30-1f2b844f833e
f:e498726adfa7,Poznań,,Oddział,”,,,,1924,archives/database of kowel crime/data/obwieszczenia_publiczne/kowel_businesses.csv,https://polona.pl/preview/65208553-b5d4-4b10-9464-cc6a5ac95106,65208553-b5d4-4b10-9464-cc6a5ac95106
f:e6c598477e3b,Prawidło J.,,Slusarze,Warszawska 82,st:06caf55d067c,Warszawska,82,1929,1929_business_directory.csv,,
f:82ea7ddf84c5,Prejss Estera,,drobna sprzedaż koszyków i powrozów,,,,,1931,archives/database of kowel crime/data/obwieszczenia_publiczne/kowel_businesses.csv,https://polona.pl/preview/c247ce90-6aa2-46b3-b7cb-f497c3f2d167,c247ce90-6aa2-46b3-b7cb-f497c3f2d167
f:081378b118fd,Pres Josif,Pres Josif,handel powrozami i koszykami,Łuckiej 112,,,112,1924,archives/database of kowel crime/data/obwieszczenia_publiczne/kowel_businesses.csv,https://polona.pl/preview/d0a5e785-760c-4fdd-b023-c8d30f564d47,d0a5e785-760c-4fdd-b023-c8d30f564d47
f:e620a5c112af,Press Ch.,,Koszykarskie,Warszawska 65,st:06caf55d067c,Warszawska,65,1929,1929_business_directory.csv,,
f:bace5cbde0d4,Press J.,,Koszykarskie,Warszawska 86,st:06caf55d067c,Warszawska,86,1929,1929_business_directory.csv,,
f:abc25b6515ee,Pryzant,,Zegarmistrza,Krzywa,st:90f60b1f52cc,Krzywa,,1929,1929_business_directory.csv,,
f:f5782c0ee52f,Ptakowski A.,,Ziemioplady,Mickiewicza 7,st:57d62842bea3,Mickiewicza,7,1929,1929_business_directory.csv,,
f:59776c9c2e34,Pugacz Sz.,,Tytoniowe,Warszawska 249,st:06caf55d067c,Warszawska,249,1929,1929_business_directory.csv,,
f:7ed2f0491259,R.,,Grawer,Rówrońska,,,,1929,1929_business_directory.csv,,
f:d81d9f1a71bb,R.,,Kowale,Sienkiewicza 29,st:5d3d89171ee3,Sienkiewicza,29,1929,1929_business_directory.csv,,
f:83bf70352d3b,Raby Ruchla,,piwiarnia,Listopadowa 91,st:b3eef9adf412,Listopadowa,91,1932,archives/database of kowel crime/data/obwieszczenia_publiczne/kowel_businesses.csv,https://polona.pl/preview/3a19645e-cf9c-4bdb-bd60-e788df72aa01,3a19645e-cf9c-4bdb-bd60-e788df72aa01
f:a3ef2dafc1c3,Rachmil Frydman 1,,"drobna sprzedaż kapeluszy, płaszczów i futer",,,,,1930,archives/database of kowel crime/data/obwieszczenia_publiczne/kowel_businesses.csv,https://polona.pl/preview/65e88c68-ff20-46a9-82db-2f32b6f2d90f,65e88c68-ff20-46a9-82db-2f32b6f2d90f
f:acbd73a12087,Rafał Cymeryng,Rafał Cymeryng,handel naczyniami i manufakturą,Łucka 57,st:deb1b321e31a,Łucka,57,1905,archives/database of kowel crime/data/obwieszczenia_publiczne/kowel_businesses.csv,https://polona.pl/preview/4f8782f1-29b3-46fb-a92c-435fcbb0cd47,4f8782f1-29b3-46fb-a92c-435fcbb0cd47
f:0fd2c113b370,Rajtar M. E.,,Krawcy,Ogrodowa 20,st:8206e4a8cb05,Ogrodowa,20,1929,1929_business_directory.csv,,
f:6292d6845c63,Rajziszor M.,,Ziemioplady,Warszawska 181,st:06caf55d067c,Warszawska,181,1929,1929_business_directory.csv,,
f:8dd51b842629,Rajzla Wajner,,handel spożywczy,,,,,1929,archives/database of kowel crime/data/obwieszczenia_publiczne/kowel_businesses.csv,https://polona.pl/preview/ef874927-de03-4367-a2a0-6481a80024cb,ef874927-de03-4367-a2a0-6481a80024cb
f:3a3d4fde709e,Razinzońska Dina,,handel wyrobami żelaznemi,Targowa 23,,,23,1918,archives/database of kowel crime/data/obwieszczenia_publiczne/kowel_businesses.csv,https://polona.pl/preview/5c2ecb58-ae18-457e-9fd6-d4f3cc8bd80c,5c2ecb58-ae18-457e-9fd6-d4f3cc8bd80c
f:ab21af76f566,Rbram-lcek Erlich,,handel galanterją,,,,,1924,archives/database of kowel crime/data/obwieszczenia_publiczne/kowel_businesses.csv,https://polona.pl/preview/6f14eded-43a5-4015-aad1-761aa8c8efdc,6f14eded-43a5-4015-aad1-761aa8c8efdc
f:e1e8eaa0c804,Rejder Cyrla,,handel spożywczy,Łucka 195,st:deb1b321e31a,Łucka,195,1924,archives/database of kowel crime/data/obwieszczenia_publiczne/kowel_businesses.csv,https://polona.pl/preview/b4b059a8-d099-433a-84d2-825199586a4d,b4b059a8-d099-433a-84d2-825199586a4d
f:c9683db47d6c,Rejder I.,,Nafta,Lurka 216,,,216,1929,1929_business_directory.csv,,
f:430eb9ffc20d,Rejza Cytryn,,handel spożywczy i wata,Handlowa 33,st:cd91d9f1265f,Handlowa,33,1932,archives/database of kowel crime/data/obwieszczenia_publiczne/kowel_businesses.csv,https://polona.pl/preview/8ae835e5-592c-4e4b-8b09-46ecb59d07d3,8ae835e5-592c-4e4b-8b09-46ecb59d07d3
f:da6794573758,Rejzia Baskin,,skład apteczny,Lucka 53,st:deb1b321e31a,Łucka,53,1924,archives/database of kowel crime/data/obwieszczenia_publiczne/kowel_businesses.csv,https://polona.pl/preview/79fd97cc-eca8-4ef2-932f-9795dbab7ead,79fd97cc-eca8-4ef2-932f-9795dbab7ead
f:30b5921c3198,Rejzla Blumenkranc,,bufet i sprzedaż artykułów spożywczych,,,,,1926,archives/database of kowel crime/data/obwieszczenia_publiczne/kowel_businesses.csv,https://polona.pl/preview/fd16e1be-5df0-4b5e-9c34-323923cbc0d5,fd16e1be-5df0-4b5e-9c34-323923cbc0d5
f:3835361bc76e,Rejzla Chiżyk,,handel spożywczy,,,,,1927,archives/database of kowel crime/data/obwieszczenia_publiczne/kowel_businesses.csv,https://polona.pl/preview/82ec8fa7-066d-40f4-b883-f9199e27fd71,82ec8fa7-066d-40f4-b883-f9199e27fd71
f:9adb684cde3e,Rejzla Kirżner vel Litwaik,,"handel żelazem pod firmą „Żelazo-Okucie""",,,,,1933,archives/database of kowel crime/data/obwieszczenia_publiczne/kowel_businesses.csv,https://polona.pl/preview/c7f5a7b7-0b28-49e5-af96-012225e365d0,c7f5a7b7-0b28-49e5-af96-012225e365d0
f:2ceb2bb8d1da,Renta S.,,Cukiernia,Łuska 23,,,23,1929,1929_business_directory.csv,,
f:22e41fb8c6f7,Resursa Obywatelska,,Business,Łucka 19,st:deb1b321e31a,Łucka,19,1929,archive/lucka_businesses.csv,,
f:9057a8b5066c,Resursa Obywatelska,,Merchant's Resource Association,Lucka 19,st:deb1b321e31a,Łucka,19,1938,kowel_residents_1938.csv,,
f:a001078ed18f,Resursa Obywatelska,,restauracja,,,,,1929,archives/database of kowel crime/data/obwieszczenia_publiczne/kowel_businesses.csv,https://polona.pl/preview/888bd5f8-e44e-405f-8dba-754738c488ce,888bd5f8-e44e-405f-8dba-754738c488ce
f:0e15346e6a78,Rnbinsztojn L.,,Tytoniowe,Warszawska 191,st:06caf55d067c,Warszawska,191,1929,1929_business_directory.csv,,
f:b9cacd01b357,Rochman J.,,Krawcy,Kolejowa 50,st:a39b8f9fba52,Kolejowa,50,1929,1929_business_directory.csv,,
f:30a762a4c726,Rojder Ch.,,Jaja,Brzeska 110,st:7dc94505c4b3,Brzeska,110,1929,1929_business_directory.csv,,
f:f800cdd0140b,Rojder G.,,Herbaciarnie,Legjonowa 12,,,12,1929,1929_business_directory.csv,,
f:741a41bf58f9,Rojtburd M.,,Zboże,Targowa,,,,1929,1929_business_directory.csv,,
f:df2cbbf575e4,Rojtenberg Awrum Geszel,,handel manufakturą,,,,,1924,archives/database of kowel crime/data/obwieszczenia_publiczne/kowel_businesses.csv,https://polona.pl/preview/6b99d55f-d15e-4c4e-ae14-676e854e58f7,6b99d55f-d15e-4c4e-ae14-676e854e58f7
f:80b2fcdabe0a,Rojtenborg,,Ziemioplady,Warszawska 215,st:06caf55d067c,Warszawska,215,1929,1929_business_directory.csv,,
f:bf09dfca0a49,Rojzen Lejbisz,,"handel futer, gotowych ubrań i kapeluszy pod firmą „Futro""",,,,,1931,archives/database of kowel crime/data/obwieszczenia_publiczne/kowel_businesses.csv,https://polona.pl/preview/0b571a68-fa26-4d89-9cc7-61d627d12af1,0b571a68-fa26-4d89-9cc7-61d627d12af1
f:f2c38a61c687,Rojzon S.,,Others,Maciojrnirska 17,,,17,1929,1929_business_directory.csv,,
f:d83aafd4880c,Roktor B.,,Krawcy,Warszawska 50,st:06caf55d067c,Warszawska,50,1929,1929_business_directory.csv,,
f:5d48b986ec82,Ronfa Kantor,,drobny handel spożywczy,,,,,1929,archives/database of kowel crime/data/obwieszczenia_publiczne/kowel_businesses.csv,https://polona.pl/preview/87e3357a-932c-4c33-b682-d8f7c3271c10,87e3357a-932c-4c33-b682-d8f7c3271c10
f:1061c803c0f6,Rosinzowska R.,,Ziemioplady,Warszawska 66,st:06caf55d067c,Warszawska,66,1929,1929_business_directory.csv,,
f:1d898ca9dba2,Roza Brizełi-Grutzhandler,,"drobny handel płaszczy, kapeluszy, okryć i futer zwyczajnych",,,,,1934,archives/database of kowel crime/data/obwieszczenia_publiczne/kowel_businesses.csv,https://polona.pl/preview/4645fbb8-d147-4498-a387-df634f92a353,4645fbb8-d147-4498-a387-df634f92a353
f:b8613c232d1e,Roza Epsztejn po mężu Kardasz,,"drobny handel galan- terji, ubrań ludowych i obuwia",,,,,1932,archives/database of kowel crime/data/obwieszczenia_publiczne/kowel_businesses.csv,https://polona.pl/preview/831f4ade-6cdf-4647-989a-4c9761c1af64,831f4ade-6cdf-4647-989a-4c9761c1af64
f:b7c8a2f1170e,Rozenfeld S.,,Szewcy,Targowa,,,,1929,1929_business_directory.csv,,
f:0168bf8f4fb7,Rozon M.,,Świeco,Warszawska 132,st:06caf55d067c,Warszawska,132,1929,1929_business_directory.csv,,
f:de3e6aa4a7f1,Rózonfold I. E.,,Krawcy,109,,,,1929,1929_business_directory.csv,,
f:11cc1eed7a1c,Rubinsztejn S.,,Cukierki,Warszawska 105,st:06caf55d067c,Warszawska,105,1929,1929_business_directory.csv,,
f:0b3b2b265752,Rubinsztoja D.,,Ziemioplady,Warszawska 173,st:06caf55d067c,Warszawska,173,1929,1929_business_directory.csv,,
f:5d2e948b87b4,Rubinsztojn E.,,Ubrania,Warszawska 182,st:06caf55d067c,Warszawska,182,1929,1929_business_directory.csv,,
f:5bbd2c517788,Rubirisztojn L.,,Wody,Łaleka 20,,,20,1929,1929_business_directory.csv,,
f:5dc4a86376d4,Ruchla Pal,,"drobny handel spożywczy, wody sodowej i owoców",,,,,1932,archives/database of kowel crime/data/obwieszczenia_publiczne/kowel_businesses.csv,https://polona.pl/preview/831f4ade-6cdf-4647-989a-4c9761c1af64,831f4ade-6cdf-4647-989a-4c9761c1af64
f:446f7f5193a4,Ruchla Rabiner,,drobna sprzedaż galanterji i konfekcji,,,,,1930,archives/database of kowel crime/data/obwieszczenia_publiczne/kowel_businesses.csv,https://polona.pl/preview/ce5619a3-7534-4d6e-9b88-462c83083738,ce5619a3-7534-4d6e-9b88-462c83083738
f:514a04b3b157,Ruchla Rojzen,,"handel artykułami spożywczemi, owoca mi 1 ' r Vbą i włoszczyzną",,,,,1927,archives/database of kowel crime/data/obwieszczenia_publiczne/kowel_businesses.csv,https://polona.pl/preview/82ec8fa7-066d-40f4-b883-f9199e27fd71,82ec8fa7-066d-40f4-b883-f9199e27fd71
f:79fa1b090c11,Ruchla Sztejnberg,,handel artykułami spożywczemi,Staro-Kolejowa 28,st:6696b3e78791,Staro-Kolejowa,28,1918,archives/database of kowel crime/data/obwieszczenia_publiczne/kowel_businesses.csv,https://polona.pl/preview/b267a341-c32c-48f7-b58b-7cbde60f819b,b267a341-c32c-48f7-b58b-7cbde60f819b
f:b431370b3fdc,Rus K.,,Tytoniowe,Warszawska 101,st:06caf55d067c,Warszawska,101,1929,1929_business_directory.csv,,
f:379f6766e536,Ruwin - Ber Oks,,drobna sprzedaż mięsa,,,,,1931,archives/database of kowel crime/data/obwieszczenia_publiczne/kowel_businesses.csv,https://polona.pl/preview/c247ce90-6aa2-46b3-b7cb-f497c3f2d167,c247ce90-6aa2-46b3-b7cb-f497c3f2d167
f:8a73f86f02f9,Ruwin Borek,Ruwin Borek,handel papierosami,Łucka 62,st:deb1b321e31a,Łucka,62,1920,archives/database of kowel crime/data/obwieszczenia_publiczne/kowel_businesses.csv,https://polona.pl/preview/ff08cb8e-9efb-40ee-8f02-05d2a7e8b60f,ff08cb8e-9efb-40ee-8f02-05d2a7e8b60f
f:eb754b942a50,Ruwinowicz J.,,Zegarmistrz,Warszawska,st:06caf55d067c,Warszawska,,1929,1929_business_directory.csv,,
f:00f009e16ad9,Rycyka S.,,Others,Warszawska 27,st:06caf55d067c,Warszawska,27,1929,1929_business_directory.csv,,
f:1676d97c53b8,Rykla Liberman,,drobny handel spożywczy,,,,,1929,archives/database of kowel crime/data/obwieszczenia_publiczne/kowel_businesses.csv,https://polona.pl/preview/68ead3b3-192d-4989-8a65-204e3d0bcf14,68ead3b3-192d-4989-8a65-204e3d0bcf14
f:3108a201c777,Rywka Bronfeld,,drobny handel spożywczy,,,,,1933,archives/database of kowel crime/data/obwieszczenia_publiczne/kowel_businesses.csv,https://polona.pl/preview/40ad6db6-94f8-4f56-bf3d-74b5fdcd5c8f,40ad6db6-94f8-4f56-bf3d-74b5fdcd5c8f
f:1661f57b49ca,Rywka Kandelszajn,,handel spożywczy i słodyczami,,,,,1928,archives/database of kowel crime/data/obwieszczenia_publiczne/kowel_businesses.csv,https://polona.pl/preview/22f90ec5-aeff-49fc-a742-c707496f133a,22f90ec5-aeff-49fc-a742-c707496f133a
f:87a0bd23149b,Rywka Poliszuk,,drobny handel galanterją,,,,,1927,archives/database of kowel crime/data/obwieszczenia_publiczne/kowel_businesses.csv,https://polona.pl/preview/af2540fa-47e6-4106-843c-5845fb156eb6,af2540fa-47e6-4106-843c-5845fb156eb6
f:d5ae85e9291b,,Rywka Rak,,Spr,,,,1932,archives/database of kowel crime/data/obwieszczenia_publiczne/kowel_businesses.csv,https://polona.pl/preview/a8cda5ad-03a6-4bf1-a97b-d8978162ef2b,a8cda5ad-03a6-4bf1-a97b-d8978162ef2b
f:7be110c7f923,Rywka Segał,,handel artykułami spożywczemi i galanterją,,,,,1924,archives/database of kowel crime/data/obwieszczenia_publiczne/kowel_businesses.csv,https://polona.pl/preview/d0a5e785-760c-4fdd-b023-c8d30f564d47,d0a5e785-760c-4fdd-b023-c8d30f564d47
f:8d143c108e5d,"Rywka ,Zylberberg",,handel 1 spożywczy,,,,,1929,archives/database of kowel crime/data/obwieszczenia_publiczne/kowel_businesses.csv,https://polona.pl/preview/888bd5f8-e44e-405f-8dba-754738c488ce,888bd5f8-e44e-405f-8dba-754738c488ce
f:e4dd1583a6a2,Rzymsko-Katolicki Cmentarz Parafjalny,,,Łucka 64,st:deb1b321e31a,Łucka,64,1929,archive/lucka_businesses.csv,,
f:3dcb88f6eee2,S.,,Szechet,3 Maja,st:e1587e53e305,3 Maja,,1929,1929_business_directory.csv,,
f:aa7a3960ab9c,Sado J.,,Żelazoodlecenie,Kolejowa,st:a39b8f9fba52,Kolejowa,,1929,1929_business_directory.csv,,
f:cf4f5b4c5d0c,Sagan-Kagan P.,,Kapelusze,Warszawska 112,st:06caf55d067c,Warszawska,112,1929,1929_business_directory.csv,,
f:a2d13cff590e,Sandelszteja J.,,Drukarnie,Warszawska 19,st:06caf55d067c,Warszawska,19,1929,1929_business_directory.csv,,
f:23918575fcea,Sara Finkiel,,handel artykułami spożywczeni,Sienkiewicza 2,st:5d3d89171ee3,Sienkiewicza,2,1917,archives/database of kowel crime/data/obwieszczenia_publiczne/kowel_businesses.csv,https://polona.pl/preview/2adeecd4-e417-42de-95f8-e6b729def9a7,2adeecd4-e417-42de-95f8-e6b729def9a7
f:3205d7737027,Sara Tejtelbaum,,handel artykułami spożywczemi i galanterją,Lucka 69,st:deb1b321e31a,Łucka,69,1919,archives/database of kowel crime/data/obwieszczenia_publiczne/kowel_businesses.csv,https://polona.pl/preview/6f14eded-43a5-4015-aad1-761aa8c8efdc,6f14eded-43a5-4015-aad1-761aa8c8efdc
f:2b1ff804d249,Sara Wół,,piwiarnia ze sprzedażą zakąsek oraz domowa sprzedaż papierosów,,,,,1929,archives/database of kowel crime/data/obwieszczenia_publiczne/kowel_businesses.csv,https://polona.pl/preview/7d47e5f2-72e2-4a67-a529-814d34c3d0d3,7d47e5f2-72e2-4a67-a529-814d34c3d0d3
f:81643961b8ee,Sas Sz.,,Krawcy,Warszawska 21,st:06caf55d067c,Warszawska,21,1929,1929_business_directory.csv,,
f:d0c2ea015c82,Satrykman M.,,Fryzjerzy,Kolejowa 64,st:a39b8f9fba52,Kolejowa,64,1929,1929_business_directory.csv,,
f:a476e70f1631,Sawicki M.,,Tytoniowe,Królowej Bony 1,st:28d5192be7fc,Królowej Bony,1,1929,1929_business_directory.csv,,
f:75431fa5f2c9,Schnoidor C.,,Others,Warszawska 171,st:06caf55d067c,Warszawska,171,1929,1929_business_directory.csv,,
f:c47178087554,Segal Ch.,,Tytoniowe,Warszawska 188,st:06caf55d067c,Warszawska,188,1929,1929_business_directory.csv,,
f:d876ea13a95f,Segał Sz.,,Garbarnie,Maciejowska 102,st:dc704ea0c8ea,Maciejowska,102,1929,1929_business_directory.csv,,
f:ea8b3073aa0b,Segenkagan Pesia,,pracownia kapeluszy i handel galanterją,Łucka 71,st:deb1b321e31a,Łucka,71,1913,archives/database of kowel crime/data/obwieszczenia_publiczne/kowel_businesses.csv,https://polona.pl/preview/b4b059a8-d099-433a-84d2-825199586a4d,b4b059a8-d099-433a-84d2-825199586a4d
f:43f413336020,Sejmik Pow (dod.) gabinet sekretarza,,,Łucka 46,st:deb1b321e31a,Łucka,46,1929,archive/lucka_businesses.csv,,
f:7072db7dd6df,Sender Markiter,,handel manufakturą,,,,,1927,archives/database of kowel crime/data/obwieszczenia_publiczne/kowel_businesses.csv,https://polona.pl/preview/9254feef-bbf2-4877-bd98-45d9a073a602,9254feef-bbf2-4877-bd98-45d9a073a602
f:98540c5042f8,Siła Bachowiec,,handel mięsem i wyrobami masarskie mu,,,,,1927,archives/database of kowel crime/data/obwieszczenia_publiczne/kowel_businesses.csv,https://polona.pl/preview/0b4b2f84-f408-44b3-a65d-a8fb2b2b5cf7,0b4b2f84-f408-44b3-a65d-a8fb2b2b5cf7
f:f7c0e3511c28,Silwor A.,,ślissarze,Kopernika,,,,1929,1929_business_directory.csv,,
f:669c92e0d087,Sima Rubinsztejn,,handel gotowemi ubraniami,,,,,1929,archives/database of kowel crime/data/obwieszczenia_publiczne/kowel_businesses.csv,https://polona.pl/preview/4c37c7cd-e096-4696-a5e0-52e568b29ab8,4c37c7cd-e096-4696-a5e0-52e568b29ab8
f:a1c59abb30dc,Skulski L.,,Geometra,,,,,1929,1929_business_directory.csv,,
f:c853a4af9171,Slepak M.,,Ziemioplady,Warszawska 169,st:06caf55d067c,Warszawska,169,1929,1929_business_directory.csv,,
f:2c956e4bc571,Smary & Bebczuk L. i Ska,,Nafta,Warszawska 135,st:06caf55d067c,Warszawska,135,1929,1929_business_directory.csv,,
f:b151b5b06037,Sobkow M.,,Tytoniowe,,,,,1929,1929_business_directory.csv,,
f:63b525d0258a,Sogał F.,,Jaja,Handlowa 27,st:cd91d9f1265f,Handlowa,27,1929,1929_business_directory.csv,,
f:1fa9e0fd2f12,Sojbel I.,,Tapicerzy,Warszawska 93,st:06caf55d067c,Warszawska,93,1929,1929_business_directory.csv,,
f:7ab7becdbbcd,Sojbeł J.,,Farby,Warszawska 170,st:06caf55d067c,Warszawska,170,1929,1929_business_directory.csv,,
f:5476243edb27,Sonia Guterman,,handel żelazem,,,,,1924,archives/database of kowel crime/data/obwieszczenia_publiczne/kowel_businesses.csv,https://polona.pl/preview/b075cfae-9120-40cd-b8ef-3d016f9b540d,b075cfae-9120-40cd-b8ef-3d016f9b540d
f:3a526af91db9,Sosia-Rywka Gwircman,,drobny handel spożywczy,,,,,1927,archives/database of kowel crime/data/obwieszczenia_publiczne/kowel_businesses.csv,https://polona.pl/preview/74339fe4-6d3c-4f66-9460-52166d6fd810,74339fe4-6d3c-4f66-9460-52166d6fd810
f:b97fa06fe95e,Sosna 1,,Ekspedycyjne,Listopadowa 87,st:b3eef9adf412,Listopadowa,87,1929,1929_business_directory.csv,,
f:ac3b5c02d233,Sosna Icko,,handel spożywczy,Listopadowa 87,st:b3eef9adf412,Listopadowa,87,1924,archives/database of kowel crime/data/obwieszczenia_publiczne/kowel_businesses.csv,https://polona.pl/preview/b4b059a8-d099-433a-84d2-825199586a4d,b4b059a8-d099-433a-84d2-825199586a4d
f:03a22644fd5e,Spirydon Noskow,,handel win i wódek,,,,,1927,archives/database of kowel crime/data/obwieszczenia_publiczne/kowel_businesses.csv,https://polona.pl/preview/0b4b2f84-f408-44b3-a65d-a8fb2b2b5cf7,0b4b2f84-f408-44b3-a65d-a8fb2b2b5cf7
f:410790e3260a,Śpiwak J.,,Zboże,Targowa,,,,1929,1929_business_directory.csv,,
f:87820a0ed599,Spółdzielnia Osadników Wojskowych w Warszawie z o. o.,,Kasy,oddz.,,,,1929,1929_business_directory.csv,,
f:5553f8ba8f86,SruI Finkelsztejn,Srul Finkelsztejn,skład apteczny,Lucka 59,st:deb1b321e31a,Łucka,59,1924,archives/database of kowel crime/data/obwieszczenia_publiczne/kowel_businesses.csv,https://polona.pl/preview/a062b514-0445-45d0-bae9-4447c9aebbdb,a062b514-0445-45d0-bae9-4447c9aebbdb
f:3a69131a000a,Srul Jucht,Srul Jucht,handel artykułami spożywczemi,Handlowej 47,,,47,1924,archives/database of kowel crime/data/obwieszczenia_publiczne/kowel_businesses.csv,https://polona.pl/preview/a7f21fd6-344c-49c8-a705-e099da18e039,a7f21fd6-344c-49c8-a705-e099da18e039
f:fb18e87f15aa,Srul Orajewer,,handel manufakturą i chustkami,on- 7 3,,,3,1912,archives/database of kowel crime/data/obwieszczenia_publiczne/kowel_businesses.csv,https://polona.pl/preview/703d0d66-f6f4-451e-9638-08f04b344b21,703d0d66-f6f4-451e-9638-08f04b344b21
f:2eca8872cad8,,Srul piwnikier,,Tuszowskiego Nr,st:729abcf19c16,Tuszowskiego,,1927,archives/database of kowel crime/data/obwieszczenia_publiczne/kowel_businesses.csv,https://polona.pl/preview/82ec8fa7-066d-40f4-b883-f9199e27fd71,82ec8fa7-066d-40f4-b883-f9199e27fd71
f:cdde6f589ff2,Srul Sztofenberg,Srul Sztofenberg,handel wyrobami tytuniowemi,Wojskowej 17,,,17,1924,archives/database of kowel crime/data/obwieszczenia_publiczne/kowel_businesses.csv,https://polona.pl/preview/623c4806-8034-4eae-be21-9dda5a5a93a8,623c4806-8034-4eae-be21-9dda5a5a93a8
f:72dab4470a4a,Srul-Mojsze Bass,,księgarnia,,,,,1926,archives/database of kowel crime/data/obwieszczenia_publiczne/kowel_businesses.csv,https://polona.pl/preview/8bbf7c23-ed81-446d-88a3-dc73e8b2de88,8bbf7c23-ed81-446d-88a3-dc73e8b2de88
f:e9a01112cd8e,StandardNobel S. A.,,Nafta,Kołodnicka 7,st:930dfcf3a505,Kołodnicka,7,1929,1929_business_directory.csv,,
f:2ac10a838c00,Stanisław Buszko,,piwiarnia i sprzedaż wyrobów tyto niowych,,,,,1930,archives/database of kowel crime/data/obwieszczenia_publiczne/kowel_businesses.csv,https://polona.pl/preview/ce5619a3-7534-4d6e-9b88-462c83083738,ce5619a3-7534-4d6e-9b88-462c83083738
f:f5d6b3f33706,Stanisław Mianowski,Stanisław Mianowski,sprzedaż wyrobów wódczanych,Włodzimierska 5,st:61c4d35f6565,Włodzimierska,5,1924,archives/database of kowel crime/data/obwieszczenia_publiczne/kowel_businesses.csv,https://polona.pl/preview/b5f86edb-c031-4310-af11-a2caa1abe13e,b5f86edb-c031-4310-af11-a2caa1abe13e
f:19f63f5c1504,Stanisław Młodzikowski,,sprzedaż piwa i wyrobów tyto niowych,Dworzec,st:4c0504b2bd82,Dworzec Kolejowy,,1931,archives/database of kowel crime/data/obwieszczenia_publiczne/kowel_businesses.csv,https://polona.pl/preview/ae82d98f-ffcd-4803-9935-301a07cde0cd,ae82d98f-ffcd-4803-9935-301a07cde0cd
f:733f1c5edb59,Stanisław Pawlicha,Stanisław Pawlicha,handel artykułami spożywczemi oraz sprzedaż trunków w naczyniach zamkniętych,Wojskowej 22,,,22,1927,archives/database of kowel crime/data/obwieszczenia_publiczne/kowel_businesses.csv,https://polona.pl/preview/43a144d7-71ca-40bc-ab00-4202730a78ea,43a144d7-71ca-40bc-ab00-4202730a78ea
f:4f9558e8af8e,Stanisław Włodarski,,handel obuwiem i przyborami szewskiemi,Lucka 118,st:deb1b321e31a,Łucka,118,1908,archives/database of kowel crime/data/obwieszczenia_publiczne/kowel_businesses.csv,https://polona.pl/preview/a062b514-0445-45d0-bae9-4447c9aebbdb,a062b514-0445-45d0-bae9-4447c9aebbdb
f:fac5e12c0107,Stefania Sawicka,,kawiarnia z wyszynkiem piwa i sprze daż papierosów,,,,,1929,archives/database of kowel crime/data/obwieszczenia_publiczne/kowel_businesses.csv,https://polona.pl/preview/e0194cdf-2b9b-4220-ba25-6dcfa7304ea2,e0194cdf-2b9b-4220-ba25-6dcfa7304ea2
f:721d0517d504,Stefanowicz L.,,Wędliny,,,,,1929,1929_business_directory.csv,,
f:2aa52652108e,Stok Sz.,,Farby,Warszawska 130,st:06caf55d067c,Warszawska,130,1929,1929_business_directory.csv,,
f:50e1efb45f53,Stolar M.,,Slusarze,Lurka 20,,,20,1929,1929_business_directory.csv,,
f:118295bf389d,Struter Ch.,,Fryzjerzy,Krótka 4,st:c1a83457d847,Krótka,4,1929,1929_business_directory.csv,,
f:aadf264b447e,Struża J.,,Fryzjerzy,Kolejowa 85,st:a39b8f9fba52,Kolejowa,85,1929,1929_business_directory.csv,,
f:95afe9efb7e6,Struzer M.,,Trykotaże,Warszawska 66,st:06caf55d067c,Warszawska,66,1929,1929_business_directory.csv,,
f:af03b6a04120,Sura Kagan,,drobny handel spożywczy,,,,,1931,archives/database of kowel crime/data/obwieszczenia_publiczne/kowel_businesses.csv,https://polona.pl/preview/40da971c-61d5-45d6-9928-e3a863ef84c2,40da971c-61d5-45d6-9928-e3a863ef84c2
f:8ec13a4d8c54,Sura Licht,Sura Licht,handel artykułami spożywczemi,Szkolnej 18,,,18,1924,archives/database of kowel crime/data/obwieszczenia_publiczne/kowel_businesses.csv,https://polona.pl/preview/2adeecd4-e417-42de-95f8-e6b729def9a7,2adeecd4-e417-42de-95f8-e6b729def9a7
f:b1da75883ea5,Sura Marder,,handel spożywczy,,,,,1929,archives/database of kowel crime/data/obwieszczenia_publiczne/kowel_businesses.csv,https://polona.pl/preview/c43c3356-2282-46a9-bdae-e71157632bdd,c43c3356-2282-46a9-bdae-e71157632bdd
f:f0e94f715052,Sura Zafran,,handel żelazem,,,,,1929,archives/database of kowel crime/data/obwieszczenia_publiczne/kowel_businesses.csv,https://polona.pl/preview/93be8018-b4f5-4fd3-b908-581cdb599163,93be8018-b4f5-4fd3-b908-581cdb599163
f:50853926bfcb,Sura-Tema Szerbojm,,herbaciarnia,,,,,1927,archives/database of kowel crime/data/obwieszczenia_publiczne/kowel_businesses.csv,https://polona.pl/preview/9254feef-bbf2-4877-bd98-45d9a073a602,9254feef-bbf2-4877-bd98-45d9a073a602
f:531f7e148f8b,Świniuch L.,,Ziemioplady,Warszawska 181,st:06caf55d067c,Warszawska,181,1929,1929_business_directory.csv,,
f:df5d4cf3c35d,Sygid J.,,Krawcy,Warszawska 70,st:06caf55d067c,Warszawska,70,1929,1929_business_directory.csv,,
f:dc2d0e23d510,Szadziński Al.,,Fryzjerzy,Lacka 2,,,2,1929,1929_business_directory.csv,,
f:c7a57ae39ffc,Szaja Bieloraj,,sklep spożywczy,,,,,1927,archives/database of kowel crime/data/obwieszczenia_publiczne/kowel_businesses.csv,https://polona.pl/preview/49d3eb71-187b-4935-8102-b95983785938,49d3eb71-187b-4935-8102-b95983785938
f:b1dc8bca765c,Szaja Bursztejn,,piwiarnia,,,,,1926,archives/database of kowel crime/data/obwieszczenia_publiczne/kowel_businesses.csv,https://polona.pl/preview/8bbf7c23-ed81-446d-88a3-dc73e8b2de88,8bbf7c23-ed81-446d-88a3-dc73e8b2de88
f:bb64acb6d1db,Szaja Giber,Szaja Giber,sprzedaż wyrobów tytuniowych,"Udzielono prokury Wolfowi Barowi, zamies",,,,1924,archives/database of kowel crime/data/obwieszczenia_publiczne/kowel_businesses.csv,https://polona.pl/preview/e1039650-b528-4871-8510-f1b94ef00550,e1039650-b528-4871-8510-f1b94ef00550
f:98eb1d456528,,Szaja Gonik,,Sienkiewicza 14,st:5d3d89171ee3,Sienkiewicza,14,1928,archives/database of kowel crime/data/obwieszczenia_publiczne/kowel_businesses.csv,https://polona.pl/preview/cd9223f9-ea99-429b-b62b-6714984be656,cd9223f9-ea99-429b-b62b-6714984be656
f:955d121baf2a,Szaja Gutman,,pracownia krawiecka i handel ubraniami ludo- Wemi,Lucka 18,st:deb1b321e31a,Łucka,18,1922,archives/database of kowel crime/data/obwieszczenia_publiczne/kowel_businesses.csv,https://polona.pl/preview/98c5fc23-b2f8-48c8-9d27-204367af7084,98c5fc23-b2f8-48c8-9d27-204367af7084
f:65b1a3da5553,Szaja Kagan,,handel kiszkami surowemi,,,,,1924,archives/database of kowel crime/data/obwieszczenia_publiczne/kowel_businesses.csv,https://polona.pl/preview/6f14eded-43a5-4015-aad1-761aa8c8efdc,6f14eded-43a5-4015-aad1-761aa8c8efdc
f:92f601f83b35,Szaja Majzlisz,Szaja Majzlisz,sprzedaż papierosów,Łucka 2,st:deb1b321e31a,Łucka,2,1922,archives/database of kowel crime/data/obwieszczenia_publiczne/kowel_businesses.csv,https://polona.pl/preview/43c93c4a-e102-47a7-bbc2-48e59690f7b9,43c93c4a-e102-47a7-bbc2-48e59690f7b9
f:35245013aa52,Szaja Wajsberg,,sprzedaż zegarków i zakład zegarmi strzowski,,,,,1929,archives/database of kowel crime/data/obwieszczenia_publiczne/kowel_businesses.csv,https://polona.pl/preview/c43c3356-2282-46a9-bdae-e71157632bdd,c43c3356-2282-46a9-bdae-e71157632bdd
f:8d1080113bfc,Szamszen - Lejzor Lerner,,drobna sprzedaż artykułów spożywczych i kolonjalnych,Warszawska 53,st:06caf55d067c,Warszawska,53,1933,archives/database of kowel crime/data/obwieszczenia_publiczne/kowel_businesses.csv,https://polona.pl/preview/f0a4b3a1-b9a6-46f7-8215-27dfcfe9ba3b,f0a4b3a1-b9a6-46f7-8215-27dfcfe9ba3b
f:19a43ff5ffb4,Szamuś M.,,Krawcy,Warszawska 60,st:06caf55d067c,Warszawska,60,1929,1929_business_directory.csv,,
f:d201c6be7ffc,Szamuś Sz.,,Krawcy,Warszawska 5,st:06caf55d067c,Warszawska,5,1929,1929_business_directory.csv,,
f:151c9c3ae4d0,Szczasny J.,,Wędliny,,,,,1929,1929_business_directory.csv,,
f:9e9453520bbf,Sze.jwa Goldsztejn,,"handel farbami, tapetami i mydłem",,,,,1927,archives/database of kowel crime/data/obwieszczenia_publiczne/kowel_businesses.csv,https://polona.pl/preview/0b4b2f84-f408-44b3-a65d-a8fb2b2b5cf7,0b4b2f84-f408-44b3-a65d-a8fb2b2b5cf7
f:50d55591483b,Szechter Marjam,Szechter Marjam,handel obuwiem,Łucka 100,st:deb1b321e31a,Łucka,100,1924,archives/database of kowel crime/data/obwieszczenia_publiczne/kowel_businesses.csv,https://polona.pl/preview/b4b059a8-d099-433a-84d2-825199586a4d,b4b059a8-d099-433a-84d2-825199586a4d
f:d3fd3203749b,Szejnbaum Małka,,drobny handel drożdżami,,,,,1933,archives/database of kowel crime/data/obwieszczenia_publiczne/kowel_businesses.csv,https://polona.pl/preview/d9a8aa3b-9bf1-4bf2-a356-14234173ac0c,d9a8aa3b-9bf1-4bf2-a356-14234173ac0c
f:06e944dc311e,Szejnblum M.,,Ziemioplady,Warszawska 229,st:06caf55d067c,Warszawska,229,1929,1929_business_directory.csv,,
f:578c1f6d718c,Szejndla Ajzen,,drobny handel spożywczy,,,,,1932,archives/database of kowel crime/data/obwieszczenia_publiczne/kowel_businesses.csv,https://polona.pl/preview/b88ba794-781a-47dc-b193-8797d6082c01,b88ba794-781a-47dc-b193-8797d6082c01
f:7381dcf7c5b9,Szejndla Nejman,,handel galanterją,,,,,1924,archives/database of kowel crime/data/obwieszczenia_publiczne/kowel_businesses.csv,https://polona.pl/preview/5c2ecb58-ae18-457e-9fd6-d4f3cc8bd80c,5c2ecb58-ae18-457e-9fd6-d4f3cc8bd80c
f:03c1b45cf2b9,Szejndla Sztejnberg,,"drobny handel spożywczy, wody so dowej i słodyczy",3,,,,1931,archives/database of kowel crime/data/obwieszczenia_publiczne/kowel_businesses.csv,https://polona.pl/preview/950b11c5-f06c-4b50-83d2-a725c68af89b,950b11c5-f06c-4b50-83d2-a725c68af89b
f:3e02c8bc5710,Szejwa Wejc,,"„Żywność"" drobny handel spożywczy",,,,,1934,archives/database of kowel crime/data/obwieszczenia_publiczne/kowel_businesses.csv,https://polona.pl/preview/890a8bf6-59d6-4ded-bef3-654344f795d4,890a8bf6-59d6-4ded-bef3-654344f795d4
f:cd7068b2def7,Szendla Efrus,,handel naczyniem,Łucka 42,st:deb1b321e31a,Łucka,42,1922,archives/database of kowel crime/data/obwieszczenia_publiczne/kowel_businesses.csv,https://polona.pl/preview/b267a341-c32c-48f7-b58b-7cbde60f819b,b267a341-c32c-48f7-b58b-7cbde60f819b
f:105627a8c592,Szenkier Ruchla-Leja,,drobna sprzedaż gotowych ubrań ludowych,Warszawska 134,st:06caf55d067c,Warszawska,134,1933,archives/database of kowel crime/data/obwieszczenia_publiczne/kowel_businesses.csv,https://polona.pl/preview/c7f5a7b7-0b28-49e5-af96-012225e365d0,c7f5a7b7-0b28-49e5-af96-012225e365d0
f:f00e29959235,Szepsel Gutman,Aron Gutman,handel gotowemi ubraniami ludowemi,Łucka 8,st:deb1b321e31a,Łucka,8,1922,archives/database of kowel crime/data/obwieszczenia_publiczne/kowel_businesses.csv,https://polona.pl/preview/66827c04-dc59-4b2b-b031-63613e0723f0,66827c04-dc59-4b2b-b031-63613e0723f0
f:8ae381aa9481,Szepsel Klejner,,handel artykułami spożywczemi i słodyczami,Łucka 125,st:deb1b321e31a,Łucka,125,1920,archives/database of kowel crime/data/obwieszczenia_publiczne/kowel_businesses.csv,https://polona.pl/preview/2adeecd4-e417-42de-95f8-e6b729def9a7,2adeecd4-e417-42de-95f8-e6b729def9a7
f:5011187cce42,Szetbaum S.,,Herbaciarnie,Brzeska 1,st:7dc94505c4b3,Brzeska,1,1929,1929_business_directory.csv,,
f:33841c514cea,Szifer Szejndla,,cukiernia,"Warszawska 42, woj",st:06caf55d067c,Warszawska,,1932,archives/database of kowel crime/data/obwieszczenia_publiczne/kowel_businesses.csv,https://polona.pl/preview/b88ba794-781a-47dc-b193-8797d6082c01,b88ba794-781a-47dc-b193-8797d6082c01
f:57caf0aa81c7,Sziper Masza,,kawiarnia,Łucka 127,st:deb1b321e31a,Łucka,127,1924,archives/database of kowel crime/data/obwieszczenia_publiczne/kowel_businesses.csv,https://polona.pl/preview/ff08cb8e-9efb-40ee-8f02-05d2a7e8b60f,ff08cb8e-9efb-40ee-8f02-05d2a7e8b60f
f:f01c7d4d9506,Szkoła Powszechna im. prof. Mościckiego,,Government,Łucka 17,st:deb1b321e31a,Łucka,17,1929,archive/lucka_businesses.csv,,
f:478d87114769,Szlajfer D.,,Krawcy,Brzeska 69,st:7dc94505c4b3,Brzeska,69,1929,1929_business_directory.csv,,
f:f3b85ca027e1,Szłojn Ch.,,Fryzjerzy,Kolejowa 33,st:a39b8f9fba52,Kolejowa,33,1929,1929_business_directory.csv,,
f:54b7675bc0df,Szloma Fajntich,,handel spożywczy i bufet,,,,,1928,archives/database of kowel crime/data/obwieszczenia_publiczne/kowel_businesses.csv,https://polona.pl/preview/1ef615a2-b4b3-43d0-827d-81d2d050b175,1ef615a2-b4b3-43d0-827d-81d2d050b175
f:5a9cf0d5f899,Szloma Granicz,Szloma Granicz,handel artykułami spożywczemi,Włodzimierskiej 24,,,24,1924,archives/database of kowel crime/data/obwieszczenia_publiczne/kowel_businesses.csv,https://polona.pl/preview/79276d66-1194-4c55-b526-d0a21718f114,79276d66-1194-4c55-b526-d0a21718f114
f:9ca1aaf9d913,Szloma Łangier,,drobna sprzedaż farb i tapet,,,,,1930,archives/database of kowel crime/data/obwieszczenia_publiczne/kowel_businesses.csv,https://polona.pl/preview/f9c2040f-06f2-4290-96e5-b6904f9f7d92,f9c2040f-06f2-4290-96e5-b6904f9f7d92
f:194f7beb393a,Szloma Trejster,,handel towarami łokciowemi,,,,,1924,archives/database of kowel crime/data/obwieszczenia_publiczne/kowel_businesses.csv,https://polona.pl/preview/79276d66-1194-4c55-b526-d0a21718f114,79276d66-1194-4c55-b526-d0a21718f114
f:3948ed08c99b,Szloma-Michel Szapiro,,handel towarami ludowemi,Lucka 3,st:deb1b321e31a,Łucka,3,1923,archives/database of kowel crime/data/obwieszczenia_publiczne/kowel_businesses.csv,https://polona.pl/preview/b267a341-c32c-48f7-b58b-7cbde60f819b,b267a341-c32c-48f7-b58b-7cbde60f819b
f:2f26b4f3c55e,Szmojsz M.,,Czopssiju,Kościelna 4,st:becf704481a7,Kościelna,4,1929,1929_business_directory.csv,,
f:4fd596451abe,Szmojsz S. & Smajder G.,,Czopssiju,Warszawska 180,st:06caf55d067c,Warszawska,180,1929,1929_business_directory.csv,,
f:1ea22e9fdca4,Szmul Awrum Guperfajn,,olejarnia,,,,,1927,archives/database of kowel crime/data/obwieszczenia_publiczne/kowel_businesses.csv,https://polona.pl/preview/772eedc8-5b08-4f24-9bac-b1b037f9426a,772eedc8-5b08-4f24-9bac-b1b037f9426a
f:20fa5168b6dd,Szmul Bregman,,handel szkłem,,,,,1928,archives/database of kowel crime/data/obwieszczenia_publiczne/kowel_businesses.csv,https://polona.pl/preview/38415a99-8597-43d5-ba61-f3f53c1550e5,38415a99-8597-43d5-ba61-f3f53c1550e5
f:7402d9151cb0,Szmul Byk,,handel spożywczy,,,,,1926,archives/database of kowel crime/data/obwieszczenia_publiczne/kowel_businesses.csv,https://polona.pl/preview/8b2a82e5-472d-4fd1-ad91-fdbe3b38e8fe,8b2a82e5-472d-4fd1-ad91-fdbe3b38e8fe
f:7bfc5955299d,Szmul Charat,,handel spożywczy,,,,,1926,archives/database of kowel crime/data/obwieszczenia_publiczne/kowel_businesses.csv,https://polona.pl/preview/be317ba7-b737-4f1e-9ab5-12983c0979be,be317ba7-b737-4f1e-9ab5-12983c0979be
f:f494b163a0c7,Szmul Erlich,,handel obuwiem i galanterją,,,,,1926,archives/database of kowel crime/data/obwieszczenia_publiczne/kowel_businesses.csv,https://polona.pl/preview/8b2a82e5-472d-4fd1-ad91-fdbe3b38e8fe,8b2a82e5-472d-4fd1-ad91-fdbe3b38e8fe
f:88e7c3257e49,Szmul Gutman,,handel żelazem,Łucka 148,st:deb1b321e31a,Łucka,148,1920,archives/database of kowel crime/data/obwieszczenia_publiczne/kowel_businesses.csv,https://polona.pl/preview/b267a341-c32c-48f7-b58b-7cbde60f819b,b267a341-c32c-48f7-b58b-7cbde60f819b
f:4f6cc9963ae1,Szmul Wajsberg,,pracownia i sprzedaż zegarków,Lucka 63,st:deb1b321e31a,Łucka,63,1915,archives/database of kowel crime/data/obwieszczenia_publiczne/kowel_businesses.csv,https://polona.pl/preview/ce7cc465-061d-4d65-8e76-1f91ac6f74dc,ce7cc465-061d-4d65-8e76-1f91ac6f74dc
f:23cf61956904,Szmul Werba,,handel galanterją,,,,,1924,archives/database of kowel crime/data/obwieszczenia_publiczne/kowel_businesses.csv,https://polona.pl/preview/4182d5e1-7e15-44c0-aabb-a28a7013a962,4182d5e1-7e15-44c0-aabb-a28a7013a962
f:33bb82140a6c,Szmul-Lejba Wajsbrot,,hurtowy skład piwa,Warszawska 112-a,st:06caf55d067c,Warszawska,,1933,archives/database of kowel crime/data/obwieszczenia_publiczne/kowel_businesses.csv,https://polona.pl/preview/361caa37-a56b-4e67-8e96-7f17ef1630af,361caa37-a56b-4e67-8e96-7f17ef1630af
f:58fbef1bd44b,Sznajder Chil,Sznajder Chil,handel naczyniami szklannemi,Maciejowskiej 24,,,24,1924,archives/database of kowel crime/data/obwieszczenia_publiczne/kowel_businesses.csv,https://polona.pl/preview/d0a5e785-760c-4fdd-b023-c8d30f564d47,d0a5e785-760c-4fdd-b023-c8d30f564d47
f:73506e679758,Sznajder G.,,Krawcy,Warszawska 4,st:06caf55d067c,Warszawska,4,1929,1929_business_directory.csv,,
f:4c7606e3bf7a,Szojchet J.,,Golantorps,Kościelna 7,st:becf704481a7,Kościelna,7,1929,1929_business_directory.csv,,
f:f1bb230e10f9,Szojnbaurn P.,,Golantorps,Warszawska 136,st:06caf55d067c,Warszawska,136,1929,1929_business_directory.csv,,
f:09618ab570e8,Szorb F.,,Curder,Warszawska,st:06caf55d067c,Warszawska,,1929,1929_business_directory.csv,,
f:50018d56c368,Szowb M.,,Ziemioplady,Warszawska 184,st:06caf55d067c,Warszawska,184,1929,1929_business_directory.csv,,
f:0be8fd40bd40,Szoweł - Aron Mandelbojm,,"piwiarnia, handel spożywczy i detaliczny wyrobami tytoniowemi",,,,,1929,archives/database of kowel crime/data/obwieszczenia_publiczne/kowel_businesses.csv,https://polona.pl/preview/7d47e5f2-72e2-4a67-a529-814d34c3d0d3,7d47e5f2-72e2-4a67-a529-814d34c3d0d3
f:1b7464fa7c86,Szpital Powiatowy Sejmiku Kowelskiego,,,Łucka 78,st:deb1b321e31a,Łucka,78,1929,archive/lucka_businesses.csv,,
f:04fd5e3fd265,Szpital Żydowski,,Hostpital,Łucka 85,st:deb1b321e31a,Łucka,85,1938,kowel_residents_1938.csv,,
f:8d621996a238,Szpital Żydowski,,Business,Łucka 85,st:deb1b321e31a,Łucka,85,1929,archive/lucka_businesses.csv,,
f:f22024edac53,Szpryncia Godomyczer,,sprzedaż manufaktury,,,,,1926,archives/database of kowel crime/data/obwieszczenia_publiczne/kowel_businesses.csv,https://polona.pl/preview/d2d13466-afb4-4454-a5c8-94f97fea6482,d2d13466-afb4-4454-a5c8-94f97fea6482
f:2dd3ebbc9aec,Szpryńcia Marszałkowicz,,handel spożywczy,,,,,1927,archives/database of kowel crime/data/obwieszczenia_publiczne/kowel_businesses.csv,https://polona.pl/preview/887211d5-4f91-4f63-9bbb-09c4eba06aa5,887211d5-4f91-4f63-9bbb-09c4eba06aa5
f:0a65276802f1,Szrajbor M.,,Stolarze,Czysta,,,,1929,1929_business_directory.csv,,
f:5d30f570ee75,Sztaincondler N.,,Krawcy,Cordowna 27,,,27,1929,1929_business_directory.csv,,
f:5ea419c7dc3e,Sztejnbach O. Ska,,Instrumenty,Lucka 117,st:deb1b321e31a,Łucka,117,1929,1929_business_directory.csv,,
f:52d9a57f7474,Sztejnberg F.,,Zboże,Łucka 71,st:deb1b321e31a,Łucka,71,1929,1929_business_directory.csv,,
f:f0f9b86e5275,Sztejnberg Jakób,,drobny handel drożdży,,,,,1933,archives/database of kowel crime/data/obwieszczenia_publiczne/kowel_businesses.csv,https://polona.pl/preview/d9a8aa3b-9bf1-4bf2-a356-14234173ac0c,d9a8aa3b-9bf1-4bf2-a356-14234173ac0c
f:759fb87da6cf,Sztofenberg S.,,Tytoniowe,Lurka 35,,,35,1929,1929_business_directory.csv,,
f:f2d7c78031b4,Sztojn M.,,Golantorps,Warszawska 59,st:06caf55d067c,Warszawska,59,1929,1929_business_directory.csv,,
f:0dd5a4315a01,Sztojnberg M.,,Zboże,Lurka 114,,,114,1929,1929_business_directory.csv,,
f:963b16160c68,Sztojngardt B.,,Tytoniowe,Kolejowa 13,st:a39b8f9fba52,Kolejowa,13,1929,1929_business_directory.csv,,
f:77c72a48638a,Sztom I. N.,,Introligatora,Królowej Bony 7,st:28d5192be7fc,Królowej Bony,7,1929,1929_business_directory.csv,,
f:75de5eecd1c6,Szulim Rojzen,,sprzedaż szkła i naczyń szklanych,Maciejowska 17,st:dc704ea0c8ea,Maciejowska,17,1920,archives/database of kowel crime/data/obwieszczenia_publiczne/kowel_businesses.csv,https://polona.pl/preview/4885526c-bae0-4d03-8b1a-21d868b1afe5,4885526c-bae0-4d03-8b1a-21d868b1afe5
f:70c8b214bec3,Szulim Szapiro,,drobny handel skór i przyborów sze wskich,,,,,1932,archives/database of kowel crime/data/obwieszczenia_publiczne/kowel_businesses.csv,https://polona.pl/preview/3a19645e-cf9c-4bdb-bd60-e788df72aa01,3a19645e-cf9c-4bdb-bd60-e788df72aa01
f:d864171b9d04,Szulirn B.,,Golantorps,Warszawska 189,st:06caf55d067c,Warszawska,189,1929,1929_business_directory.csv,,
f:5e5cc6a67b25,Szumowska Anna,,sprzedaż artykułów spożywczych i piw 3,Dzika 28,st:8c99e56c030b,Dzika,28,1924,archives/database of kowel crime/data/obwieszczenia_publiczne/kowel_businesses.csv,https://polona.pl/preview/b4b059a8-d099-433a-84d2-825199586a4d,b4b059a8-d099-433a-84d2-825199586a4d
f:7ec0828a83d8,Szwarc Chana,Właśc Chana Szwarc,handel artykułami spożywczemi,ftptecznej 10,,,10,1894,archives/database of kowel crime/data/obwieszczenia_publiczne/kowel_businesses.csv,https://polona.pl/preview/98c5fc23-b2f8-48c8-9d27-204367af7084,98c5fc23-b2f8-48c8-9d27-204367af7084
f:7a872f850568,Szwarc Sz.,,Slusarze,Warszawska 154,st:06caf55d067c,Warszawska,154,1929,1929_business_directory.csv,,
f:7368f4fc6538,Szwarcblat B.,,Szewcy,Warszawska,st:06caf55d067c,Warszawska,,1929,1929_business_directory.csv,,
f:f5879d9efb0d,Szwarcblat R.,,Kapelusze,Warszawska 80,st:06caf55d067c,Warszawska,80,1929,1929_business_directory.csv,,
f:8667a7239396,Szydman S.,,Futra,Warszawska 83,st:06caf55d067c,Warszawska,83,1929,1929_business_directory.csv,,
f:fa570e1e1d4c,Szyja Kamin,,handel artykułami spożywczemi i delikatesami,Lucka 163,st:deb1b321e31a,Łucka,163,1912,archives/database of kowel crime/data/obwieszczenia_publiczne/kowel_businesses.csv,https://polona.pl/preview/b267a341-c32c-48f7-b58b-7cbde60f819b,b267a341-c32c-48f7-b58b-7cbde60f819b
f:e7f8330ef4cd,Szyja Klejner,,handel obuwiem,Lucka 132,st:deb1b321e31a,Łucka,132,1922,archives/database of kowel crime/data/obwieszczenia_publiczne/kowel_businesses.csv,https://polona.pl/preview/9d2b6521-3c7a-44e9-98d3-3544e8a9ef0a,9d2b6521-3c7a-44e9-98d3-3544e8a9ef0a
f:bd144b6c5f62,Szyja-Chaim Tchor,,drobny^ handel drzewa opałowego i budowlanego,,,,,1933,archives/database of kowel crime/data/obwieszczenia_publiczne/kowel_businesses.csv,https://polona.pl/preview/d245ac1c-a12b-4980-b1f2-2a09980f9f39,d245ac1c-a12b-4980-b1f2-2a09980f9f39
f:c6e626a5868e,Szyk Hersz,Szyk Hersz,handel obuwiem,Łucka 24,st:deb1b321e31a,Łucka,24,1923,archives/database of kowel crime/data/obwieszczenia_publiczne/kowel_businesses.csv,https://polona.pl/preview/ff08cb8e-9efb-40ee-8f02-05d2a7e8b60f,ff08cb8e-9efb-40ee-8f02-05d2a7e8b60f
f:6a842660d202,Szyltor A.,,Herbaciarnie,Kolejowa 86,st:a39b8f9fba52,Kolejowa,86,1929,1929_business_directory.csv,,
f:d816a33c8186,Szymkiewicz Władysław,,Adwokat/Lawyer,Łucka 9,st:deb1b321e31a,Łucka,9,1929,archive/lucka_businesses.csv,,
f:49146e652a6b,Szymon Goldberg i Syn,,skład apteczny,,,,,1926,archives/database of kowel crime/data/obwieszczenia_publiczne/kowel_businesses.csv,https://polona.pl/preview/fd16e1be-5df0-4b5e-9c34-323923cbc0d5,fd16e1be-5df0-4b5e-9c34-323923cbc0d5
f:864a40288605,Szymon Kawerberg,,piwiarnia i sprzedaż domowa papie rosów,,,,,1929,archives/database of kowel crime/data/obwieszczenia_publiczne/kowel_businesses.csv,https://polona.pl/preview/68ead3b3-192d-4989-8a65-204e3d0bcf14,68ead3b3-192d-4989-8a65-204e3d0bcf14
f:32913b242ad7,,Szymon Pugacz,,Góika Ns 12,,,12,1924,archives/database of kowel crime/data/obwieszczenia_publiczne/kowel_businesses.csv,https://polona.pl/preview/445e4a60-bc5e-4ea1-a980-e4408ee76f3d,445e4a60-bc5e-4ea1-a980-e4408ee76f3d
f:73ab39483ad1,Szyndler B.,,Zboże,Monopolowa 64,st:b501d35a5470,Monopolowa,64,1929,1929_business_directory.csv,,
f:0f71f9ad8000,Szyner M.,,Kowale,Warszawska 42,st:06caf55d067c,Warszawska,42,1929,1929_business_directory.csv,,
f:2a38b6a237f5,Szyper I.,,Wody,Lurka 127,,,127,1929,1929_business_directory.csv,,
f:23bf97387314,Szyter M.,,Zegarmistrza,Warszawska 49,st:06caf55d067c,Warszawska,49,1929,1929_business_directory.csv,,
f:302210329f07,Tabach Sura,,drobny handel galanterji,ui,,,,1932,archives/database of kowel crime/data/obwieszczenia_publiczne/kowel_businesses.csv,https://polona.pl/preview/76fa41b1-da18-4b87-97e4-0616f6d72c59,76fa41b1-da18-4b87-97e4-0616f6d72c59
f:2917b93e984a,Talion N. & Sz.,,Others,Lucka 24,st:deb1b321e31a,Łucka,24,1929,1929_business_directory.csv,,
f:0f42282934fd,Tauba Taksa,,drobna sprzedaż artykułów spożywczych i zboża,,,,,1932,archives/database of kowel crime/data/obwieszczenia_publiczne/kowel_businesses.csv,https://polona.pl/preview/3a19645e-cf9c-4bdb-bd60-e788df72aa01,3a19645e-cf9c-4bdb-bd60-e788df72aa01
f:6f30256f8012,Tehaz,,"spółka z ograniczoną odpowiedzialnością, Oddział","""",,,,1927,archives/database of kowel crime/data/obwieszczenia_publiczne/kowel_businesses.csv,https://polona.pl/preview/68269fab-f58d-435f-a8d4-c5c9b01a3b88,68269fab-f58d-435f-a8d4-c5c9b01a3b88
f:dc6d2fe95363,Teliaz Tow. Eksploatacji i Handlu Żelazem z o.o.,,Ziemioplady,Lucka 42,st:deb1b321e31a,Łucka,42,1929,1929_business_directory.csv,,
f:6f474b01be2f,Teresa-Franciszka Nagucka,,drobny handel galanterji,Warszawska 29,st:06caf55d067c,Warszawska,29,1933,archives/database of kowel crime/data/obwieszczenia_publiczne/kowel_businesses.csv,https://polona.pl/preview/f0a4b3a1-b9a6-46f7-8215-27dfcfe9ba3b,f0a4b3a1-b9a6-46f7-8215-27dfcfe9ba3b
f:6115d7bba266,Terk B.,,Tapicerzy,Warszawska 21,st:06caf55d067c,Warszawska,21,1929,1929_business_directory.csv,,
f:af16ce6964d9,Tojba Langier (Łangier),,handel spożywczy,,,,,1928,archives/database of kowel crime/data/obwieszczenia_publiczne/kowel_businesses.csv,https://polona.pl/preview/df226055-441d-461a-b236-e2c7fe148f4e,df226055-441d-461a-b236-e2c7fe148f4e
f:cd0cf426570c,Tojbicz A.,,Wody,Brzeska 37,st:7dc94505c4b3,Brzeska,37,1929,1929_business_directory.csv,,
f:45b6e71152c9,Towarzystwo Metalurgiczne - Bracia Czerniak i Ska,,Business,Łucka 42,st:deb1b321e31a,Łucka,42,1929,archive/lucka_businesses.csv,,
f:bbb8a4a96a56,Trachtenberg E.,,Zajazdy,Kopernika,,,,1929,1929_business_directory.csv,,
f:7a43fa422005,Trykasz A.,,Zajazdy,Kopernika,,,,1929,1929_business_directory.csv,,
f:fba337836659,Tyla Worcel,,drobny handel żelaza,,,,,1932,archives/database of kowel crime/data/obwieszczenia_publiczne/kowel_businesses.csv,https://polona.pl/preview/8ae835e5-592c-4e4b-8b09-46ecb59d07d3,8ae835e5-592c-4e4b-8b09-46ecb59d07d3
f:199744c20b38,Tymodzowicz,,Fryzjerzy,Łuska,,,,1929,1929_business_directory.csv,,
f:6c10ff29a299,Ukraińska Kooperatywa,,Kasy,Sp. z o. o.,,,,1929,1929_business_directory.csv,,
f:68b2d9faee6e,Uszer Bregman,,handel skórami i przyborami szewckiemi,Lucka 18,st:deb1b321e31a,Łucka,18,1890,archives/database of kowel crime/data/obwieszczenia_publiczne/kowel_businesses.csv,https://polona.pl/preview/2adeecd4-e417-42de-95f8-e6b729def9a7,2adeecd4-e417-42de-95f8-e6b729def9a7
f:06f8db49250a,Uszer Szwarc,,handel artykułami spożywczemi,,,,,1924,archives/database of kowel crime/data/obwieszczenia_publiczne/kowel_businesses.csv,https://polona.pl/preview/4f8782f1-29b3-46fb-a92c-435fcbb0cd47,4f8782f1-29b3-46fb-a92c-435fcbb0cd47
f:fb3016473fa6,,Wacław Bartoszewski,,Łuckiej 201,,,201,1923,archives/database of kowel crime/data/obwieszczenia_publiczne/kowel_businesses.csv,https://polona.pl/preview/0a455f7d-9260-40f3-88a9-c90a07786990,0a455f7d-9260-40f3-88a9-c90a07786990
f:24b5f6d891c5,Wacław Głouszek,,drobny handel spożywczy,Bilińska 3,,,3,1933,archives/database of kowel crime/data/obwieszczenia_publiczne/kowel_businesses.csv,https://polona.pl/preview/d9a8aa3b-9bf1-4bf2-a356-14234173ac0c,d9a8aa3b-9bf1-4bf2-a356-14234173ac0c
f:76a522ce02ef,Wacław Rytwiński,,skład maszyn i narzędzi rolni czych,,,,,1934,archives/database of kowel crime/data/obwieszczenia_publiczne/kowel_businesses.csv,https://polona.pl/preview/890a8bf6-59d6-4ded-bef3-654344f795d4,890a8bf6-59d6-4ded-bef3-654344f795d4
f:b185cff0d70c,Wajner Zelman,Wajner Zelman,sprzedaż rzeczy używanych,Maciejowskiej Nr,,,,1927,archives/database of kowel crime/data/obwieszczenia_publiczne/kowel_businesses.csv,https://polona.pl/preview/887211d5-4f91-4f63-9bbb-09c4eba06aa5,887211d5-4f91-4f63-9bbb-09c4eba06aa5
f:177e4f016c53,Wajneztejn,,Zegarmistrza,Sienkiewicza 13,st:5d3d89171ee3,Sienkiewicza,13,1929,1929_business_directory.csv,,
f:ef4c8a8099e3,Wajngarten H.,,Fryzjerzy,Sienkiewicza 28,st:5d3d89171ee3,Sienkiewicza,28,1929,1929_business_directory.csv,,
f:9eac93f79b1c,Wajnor,,Krawcy,Sienkiewicza 25,st:5d3d89171ee3,Sienkiewicza,25,1929,1929_business_directory.csv,,
f:5cde62b533ea,Wajnor M.,,Ubrania,Sienkiewicza 39,st:5d3d89171ee3,Sienkiewicza,39,1929,1929_business_directory.csv,,
f:2913285dd3e9,Wajsblat F. & L.,,Wody,Mickiewicza 9,st:57d62842bea3,Mickiewicza,9,1929,1929_business_directory.csv,,
f:d1d7dbb13a76,Wajsborg Ch.,,Zegarmistrza,Warszawska 80,st:06caf55d067c,Warszawska,80,1929,1929_business_directory.csv,,
f:9f31c4808afa,Wajsborg P.,,Ziemioplady,Warszawska 225,st:06caf55d067c,Warszawska,225,1929,1929_business_directory.csv,,
f:e909db608dd4,Wajsborg Sz.,,Zegarmistrza,Warszawska 132,st:06caf55d067c,Warszawska,132,1929,1929_business_directory.csv,,
f:b52861b306aa,Wajsman M.,,Geometra,Warszawska 78,st:06caf55d067c,Warszawska,78,1929,1929_business_directory.csv,,
f:ffe224995419,Waks Bencjon,,handel zbożem i mąką,3 Maja 5,st:e1587e53e305,3 Maja,5,1920,archives/database of kowel crime/data/obwieszczenia_publiczne/kowel_businesses.csv,https://polona.pl/preview/b075cfae-9120-40cd-b8ef-3d016f9b540d,b075cfae-9120-40cd-b8ef-3d016f9b540d
f:c397c9215b42,Waksman Ch.,,Ziemioplady,Warszawska 157,st:06caf55d067c,Warszawska,157,1929,1929_business_directory.csv,,
f:c5dbc486e38a,Walasztejn M.,,Golantorps,Kolejowa,st:a39b8f9fba52,Kolejowa,,1929,1929_business_directory.csv,,
f:5a8b0954d16d,Walczyński P.,,Tytoniowe,,,,,1929,1929_business_directory.csv,,
f:0b8125d71593,Warszawskie Tow. Ubezpieczeń,,Ubezpieczenioteobiura,Więzienna (branch),st:0814ac27b0de,Więzienna,,1929,1929_business_directory.csv,,
f:63c77b38940a,Warsztojn N.,,Golantorps,Sienkiewicza 13,st:5d3d89171ee3,Sienkiewicza,13,1929,1929_business_directory.csv,,
f:a7aa62950757,Wcl-Sól,,wolny skład soli,,,,,1929,archives/database of kowel crime/data/obwieszczenia_publiczne/kowel_businesses.csv,https://polona.pl/preview/949e7e20-3222-4d0e-bd83-3bcc24979742,949e7e20-3222-4d0e-bd83-3bcc24979742
f:eb5d26fde227,Wedrestyjder,,Krawcy,Warszawska 181,st:06caf55d067c,Warszawska,181,1929,1929_business_directory.csv,,
f:c151b2b2b11d,Weiser,,Others,,,,,1929,1929_business_directory.csv,,
f:a50aa1a5e0be,Wejborszpiel A.,,Krawcy,Kolejowa 13,st:a39b8f9fba52,Kolejowa,13,1929,1929_business_directory.csv,,
f:2b2cc2ea6125,Wiktor - Mieczysław Krukowski,Wiktor-Mieczysław Krukowski,hurtownia wódek,Włodzimierska 5,st:61c4d35f6565,Włodzimierska,5,1921,archives/database of kowel crime/data/obwieszczenia_publiczne/kowel_businesses.csv,https://polona.pl/preview/3d624fef-e95f-41a3-8c79-589fec7411e0,3d624fef-e95f-41a3-8c79-589fec7411e0
f:79360396d853,Wiktor Bernasowski,,Adwokat,Łucka 15,st:deb1b321e31a,Łucka,15,1929,archive/lucka_businesses.csv,,
f:1b6f4edbd5e1,Wiktor Kirschner,,biuro techniczno-budowlane,,,,,1924,archives/database of kowel crime/data/obwieszczenia_publiczne/kowel_businesses.csv,https://polona.pl/preview/a648c9f4-2fca-4d39-bd78-5f9e0af75e7e,a648c9f4-2fca-4d39-bd78-5f9e0af75e7e
f:826091f62587,Wiktor-Bolesław Mrówczyński,Mieczysławowi Krukowskiemu,sprzedaż wyrobów tytoniowy cn,Kościelnej 18,,,18,1924,archives/database of kowel crime/data/obwieszczenia_publiczne/kowel_businesses.csv,https://polona.pl/preview/2adeecd4-e417-42de-95f8-e6b729def9a7,2adeecd4-e417-42de-95f8-e6b729def9a7
f:ab4c4b6e277f,Winograd M.,,Slusarze,Krótka 14,st:c1a83457d847,Krótka,14,1929,1929_business_directory.csv,,
f:553f8012a7b3,Winor D.,,Fryzjerzy,Warszawska 20,st:06caf55d067c,Warszawska,20,1929,1929_business_directory.csv,,
f:34b4da6961be,Witold Grzymała - Siemianowski,,detaliczny handel na pojami alkoholoweml w naczyniach zamkniętych,,,,,1929,archives/database of kowel crime/data/obwieszczenia_publiczne/kowel_businesses.csv,https://polona.pl/preview/cc2200d4-0e16-44de-852c-3b9675f4c217,cc2200d4-0e16-44de-852c-3b9675f4c217
f:d6c1f21809b5,Władysław Jaroszewicz i S-ka,,spółka firmowa,Łucka 188,st:deb1b321e31a,Łucka,188,1924,archives/database of kowel crime/data/obwieszczenia_publiczne/kowel_businesses.csv,https://polona.pl/preview/66827c04-dc59-4b2b-b031-63613e0723f0,66827c04-dc59-4b2b-b031-63613e0723f0
f:38aa9b83fb9a,Władysław Lambach,,wyrób trumien,,,,,1927,archives/database of kowel crime/data/obwieszczenia_publiczne/kowel_businesses.csv,https://polona.pl/preview/af2540fa-47e6-4106-843c-5845fb156eb6,af2540fa-47e6-4106-843c-5845fb156eb6
f:81c2809ebcd4,,Właściciel Awrum Wolf Rodman,,Kolejowej Nr,,,,1929,archives/database of kowel crime/data/obwieszczenia_publiczne/kowel_businesses.csv,https://polona.pl/preview/93be8018-b4f5-4fd3-b908-581cdb599163,93be8018-b4f5-4fd3-b908-581cdb599163
f:e622dafc1f98,,Właściciel Gilel Goldberg,,Kościuszki Nr,st:b7d5a2f0721a,Kościuszki,,1934,archives/database of kowel crime/data/obwieszczenia_publiczne/kowel_businesses.csv,https://polona.pl/preview/890a8bf6-59d6-4ded-bef3-654344f795d4,890a8bf6-59d6-4ded-bef3-654344f795d4
f:0c4312cbde1e,,Właściciel Jankiel Eweńczyk,,icy Foksal Nr,,,,1929,archives/database of kowel crime/data/obwieszczenia_publiczne/kowel_businesses.csv,https://polona.pl/preview/ef874927-de03-4367-a2a0-6481a80024cb,ef874927-de03-4367-a2a0-6481a80024cb
f:8bda13f78fe7,,Właściciel Moijsze Sztejnberg,,Pomnikowa,st:96353b1acb99,Pomnikowa,,1933,archives/database of kowel crime/data/obwieszczenia_publiczne/kowel_businesses.csv,https://polona.pl/preview/d9a8aa3b-9bf1-4bf2-a356-14234173ac0c,d9a8aa3b-9bf1-4bf2-a356-14234173ac0c
f:97ec32bd09ac,Włodzimierz Baranowski,,sprzedaż wyrobów tytoniowych,,,,,1926,archives/database of kowel crime/data/obwieszczenia_publiczne/kowel_businesses.csv,https://polona.pl/preview/966d02cf-e8d2-454c-bfcd-03945f1fdda6,966d02cf-e8d2-454c-bfcd-03945f1fdda6
f:41d66dc7f00f,Włodzimierz Ciechoński,,skup trzody chlewnej,,,,,1932,archives/database of kowel crime/data/obwieszczenia_publiczne/kowel_businesses.csv,https://polona.pl/preview/e535e9e2-0984-4a5e-90a2-00e2d3cefbce,e535e9e2-0984-4a5e-90a2-00e2d3cefbce
f:ddc901f379db,WoIk L.,,Zboże,Monopolowa 75,st:b501d35a5470,Monopolowa,75,1929,1929_business_directory.csv,,
f:007e5c588a6c,Wójcik J.,,Wędliny,Warszawska,st:06caf55d067c,Warszawska,,1929,1929_business_directory.csv,,
f:f59da5c188b3,Wol-Sól,,Wolny Skład Soli,,,,,1929,archives/database of kowel crime/data/obwieszczenia_publiczne/kowel_businesses.csv,https://polona.pl/preview/38b70545-2c45-46ad-ab63-df2c5ab214d2,38b70545-2c45-46ad-ab63-df2c5ab214d2
f:39e2923fcf97,Wolf Erlich,Wolf Erlich,handel lampami i szkłem,Lucka,st:deb1b321e31a,Łucka,,1914,archives/database of kowel crime/data/obwieszczenia_publiczne/kowel_businesses.csv,https://polona.pl/preview/2adeecd4-e417-42de-95f8-e6b729def9a7,2adeecd4-e417-42de-95f8-e6b729def9a7
f:f646f88409a5,Wolf L.,,Golantorps,Warszawska 181,st:06caf55d067c,Warszawska,181,1929,1929_business_directory.csv,,
f:fe434ded6a8b,,Wolf Lejwi,,Listopadowej 24,,,24,1924,archives/database of kowel crime/data/obwieszczenia_publiczne/kowel_businesses.csv,https://polona.pl/preview/ce7cc465-061d-4d65-8e76-1f91ac6f74dc,ce7cc465-061d-4d65-8e76-1f91ac6f74dc
f:60c0125aac58,Wolf Lewin,,handel galanterją,,,,,1929,archives/database of kowel crime/data/obwieszczenia_publiczne/kowel_businesses.csv,https://polona.pl/preview/61be2c8c-1cd9-4ecd-a9e2-5881a60b61d2,61be2c8c-1cd9-4ecd-a9e2-5881a60b61d2
f:199846abf550,Wolf Litwak,,sprzedaż wyrobów żelaznych,,,,,1924,archives/database of kowel crime/data/obwieszczenia_publiczne/kowel_businesses.csv,https://polona.pl/preview/2adeecd4-e417-42de-95f8-e6b729def9a7,2adeecd4-e417-42de-95f8-e6b729def9a7
f:2dd3368c96cf,Wolf Szczerbaty,,handel manufakturą,,,,,1927,archives/database of kowel crime/data/obwieszczenia_publiczne/kowel_businesses.csv,https://polona.pl/preview/9254feef-bbf2-4877-bd98-45d9a073a602,9254feef-bbf2-4877-bd98-45d9a073a602
f:589a44c81928,Wolk A.,,Zboże,Monopolowa 77,st:b501d35a5470,Monopolowa,77,1929,1929_business_directory.csv,,
f:a978691f29b1,Wołk A.,,Drzewo,Kościelna 10,st:becf704481a7,Kościelna,10,1929,1929_business_directory.csv,,
f:3d5f81d93183,Wolk H.,,Zboże,Kościuszki 10,st:b7d5a2f0721a,Kościuszki,10,1929,1929_business_directory.csv,,
f:a4f4b10b2063,Wolk I. D.,,Kapelusze,Warszawska 40,st:06caf55d067c,Warszawska,40,1929,1929_business_directory.csv,,
f:fbc9b9580f7b,Wolman Bala,,Garbarnie,Monopolowa 71,st:b501d35a5470,Monopolowa,71,1929,1929_business_directory.csv,,
f:6301e9df42be,Wolny Sklad Soli - Spoldzielnia Spozywcza,,,Łucka 101,st:deb1b321e31a,Łucka,101,1929,archive/lucka_businesses.csv,,
f:8cd564864d8a,Wolyntanka Polskie Tow. Dobrocz.,,Jadłodajnie,Sienkiewicza 9,st:5d3d89171ee3,Sienkiewicza,9,1929,1929_business_directory.csv,,
f:1b8c6e70117f,Worba Sz.,,Golantorps,Warszawska 2,st:06caf55d067c,Warszawska,2,1929,1929_business_directory.csv,,
f:129bc3f2c6c5,Worcel H.,,Ziemioplady,Warszawska 213,st:06caf55d067c,Warszawska,213,1929,1929_business_directory.csv,,
f:eeba95f43d0f,Worcel J.,,Ziemioplady,Warszawska 233,st:06caf55d067c,Warszawska,233,1929,1929_business_directory.csv,,
f:a5776ebd0484,Wornor Ch. & Ingborg M.,,Ubrania,Włodzimierska 1,st:61c4d35f6565,Włodzimierska,1,1929,1929_business_directory.csv,,
f:951d1e75c46b,Wusiczer M.,,Golantorps,Warszawska 330,st:06caf55d067c,Warszawska,330,1929,1929_business_directory.csv,,
f:4c827f5d0744,Wydra F.,,Introligatora,Kolejowa 8,st:a39b8f9fba52,Kolejowa,8,1929,1929_business_directory.csv,,
f:f6316c8de7f4,Wydrycz M. L.,,Krawcy,Warszawska 55,st:06caf55d067c,Warszawska,55,1929,1929_business_directory.csv,,
f:ba9302833ae2,Wygoda,,Ekspedycyjne,Łuska 105,,,105,1929,1929_business_directory.csv,,
f:455b96ea12a1,XAlzanbora M.,,Golantorps,Warszawska 13,st:06caf55d067c,Warszawska,13,1929,1929_business_directory.csv,,
f:5b327d2e7eef,XBass J.,,Golantorps,,,,,1929,1929_business_directory.csv,,
f:3a3a80cfde47,xErlich ł,,Farby,Warszawska 158,st:06caf55d067c,Warszawska,158,1929,1929_business_directory.csv,,
f:7d08efb25140,xl3orozowski J.,,Drzewo,Fabryczna 4,st:b4ca2b3dbab6,Fabryczna,4,1929,1929_business_directory.csv,,
f:edacfc57af44,xLangior Ch.,,Farby,Warszawska 11,st:06caf55d067c,Warszawska,11,1929,1929_business_directory.csv,,
f:c3d2c4bc386b,Z.,,Sundolzon,Warszawska,st:06caf55d067c,Warszawska,,1929,1929_business_directory.csv,,
f:363b1cbb4a4a,Z30-da,,Szklane,,,,,1929,1929_business_directory.csv,,
f:7e189cc001a3,Zachary Szwarcblat,,handel towarami łokciowemi’ i ludowemi,,,,,1924,archives/database of kowel crime/data/obwieszczenia_publiczne/kowel_businesses.csv,https://polona.pl/preview/d0a5e785-760c-4fdd-b023-c8d30f564d47,d0a5e785-760c-4fdd-b023-c8d30f564d47
f:c48b979fccf7,Zae K.,,Cukiernia,Łuska 7,,,7,1929,1929_business_directory.csv,,
f:5f5683e2545f,Zafran R.,,Golantorps,Warszawska 100,st:06caf55d067c,Warszawska,100,1929,1929_business_directory.csv,,
f:a41fb6a0af6d,Zafran S.,,Zboże,Warszawska 223,st:06caf55d067c,Warszawska,223,1929,1929_business_directory.csv,,
f:73858de27076,Zając A.,,Ubrania,Warszawska,st:06caf55d067c,Warszawska,,1929,1929_business_directory.csv,,
f:6ad20670637a,Zajdel,,Mosty,Warszawska 91,st:06caf55d067c,Warszawska,91,1929,1929_business_directory.csv,,
f:b8c47ca30894,Zajwel Bronsztejn,Zajwel Bronsztejn,tartak parowy,ica Sienkiewicza 8,,,8,1924,archives/database of kowel crime/data/obwieszczenia_publiczne/kowel_businesses.csv,https://polona.pl/preview/98c5fc23-b2f8-48c8-9d27-204367af7084,98c5fc23-b2f8-48c8-9d27-204367af7084
f:ee1920fdc8d4,,Zajwel Bronsztejn,,Nowo-Kolejowej 88,,,88,1924,archives/database of kowel crime/data/obwieszczenia_publiczne/kowel_businesses.csv,https://polona.pl/preview/3ad57a76-0fcd-49c3-b9f8-045287778e22,3ad57a76-0fcd-49c3-b9f8-045287778e22
f:241300d34399,Załoga,,Ekspedycyjne,Nadrzeczna 24,,,24,1929,1929_business_directory.csv,,
f:8a34b895521f,Zatran P.,,Golantorps,Warszawska 44,st:06caf55d067c,Warszawska,44,1929,1929_business_directory.csv,,
f:6d16f77fe516,Zbinowski H.,,Golantorps,Warszawska 29,st:06caf55d067c,Warszawska,29,1929,1929_business_directory.csv,,
f:22106dbb7bdc,Zelant A.,,Szewcy,Warszawska,st:06caf55d067c,Warszawska,,1929,1929_business_directory.csv,,
f:5f457a096251,Zelcer Ch.,,Ubrania,Rynek 32,st:2ddaa8c0fce3,Rynek,32,1929,1929_business_directory.csv,,
f:a9b7ea6af8dd,Zelman Osiuk,,handel detaliczny napojami alkoholowe mi w naczyniach zamkniętych,,,,,1926,archives/database of kowel crime/data/obwieszczenia_publiczne/kowel_businesses.csv,https://polona.pl/preview/8b2a82e5-472d-4fd1-ad91-fdbe3b38e8fe,8b2a82e5-472d-4fd1-ad91-fdbe3b38e8fe
f:bf5637d72fae,Zelman Szenkier,Zelman Szenkier,handel manufakturą i galanterją,Cyrkowej Nr,,,,1927,archives/database of kowel crime/data/obwieszczenia_publiczne/kowel_businesses.csv,https://polona.pl/preview/887211d5-4f91-4f63-9bbb-09c4eba06aa5,887211d5-4f91-4f63-9bbb-09c4eba06aa5
f:ad9a3579cd8b,Zelman Wajner,Zelman Wajner,handel staremi rzeczami,* Brzeska 31,st:7dc94505c4b3,Brzeska,31,1924,archives/database of kowel crime/data/obwieszczenia_publiczne/kowel_businesses.csv,https://polona.pl/preview/4f8782f1-29b3-46fb-a92c-435fcbb0cd47,4f8782f1-29b3-46fb-a92c-435fcbb0cd47
f:ac46a8b08b56,Zelman Zak,,handel artykułami spożywczemi i wyrobami ty- tuniowemi,Górka 10,st:6db12fc2b6d9,Górka,10,1924,archives/database of kowel crime/data/obwieszczenia_publiczne/kowel_businesses.csv,https://polona.pl/preview/47bcdddc-87e3-4f51-a542-5fa0d22e8fa0,47bcdddc-87e3-4f51-a542-5fa0d22e8fa0
f:624c3e1e8ba0,Zelmen Atłas,Zelman Atłas,handel skórami i obuwiem,Łucka 18,st:deb1b321e31a,Łucka,18,1895,archives/database of kowel crime/data/obwieszczenia_publiczne/kowel_businesses.csv,https://polona.pl/preview/ff08cb8e-9efb-40ee-8f02-05d2a7e8b60f,ff08cb8e-9efb-40ee-8f02-05d2a7e8b60f
f:19bec41cf20b,ZembrzuSki,,Tytoniowe,Lucka 85,st:deb1b321e31a,Łucka,85,1929,1929_business_directory.csv,,
f:f91bbb1d51f4,,Zemel Kojfa,,v ul,,,,1924,archives/database of kowel crime/data/obwieszczenia_publiczne/kowel_businesses.csv,https://polona.pl/preview/3b2a90fa-9c14-417f-a02d-763459806283,3b2a90fa-9c14-417f-a02d-763459806283
f:a7a4edc57807,Zemel Szmul,,drobny handel spożywczy,,,,,1931,archives/database of kowel crime/data/obwieszczenia_publiczne/kowel_businesses.csv,https://polona.pl/preview/27af7d17-4159-4e2a-853c-4387283616b4,27af7d17-4159-4e2a-853c-4387283616b4
f:78f3db6657ed,Zgoda,,"Sznajder, Gonik i S-ka, spółka firmowa",,,,,1934,archives/database of kowel crime/data/obwieszczenia_publiczne/kowel_businesses.csv,https://polona.pl/preview/bbd11677-0220-48b1-9a0f-2e6986286028,bbd11677-0220-48b1-9a0f-2e6986286028
f:34e624181027,Ziembicki K.,,Drzewo,Targowa 39,,,39,1929,1929_business_directory.csv,,
f:82cdc6f1628d,Zigor G.,,Krawcy,Kolejowa 30,st:a39b8f9fba52,Kolejowa,30,1929,1929_business_directory.csv,,
f:ea526258b352,Ziskind Ch.,,Golantorps,Warszawska 134,st:06caf55d067c,Warszawska,134,1929,1929_business_directory.csv,,
f:cc81b7399115,Ziskind Mojsze,,handel towarami ludowemi,,,,,1924,archives/database of kowel crime/data/obwieszczenia_publiczne/kowel_businesses.csv,https://polona.pl/preview/10d237da-d64b-457e-b670-d847ca3a8c4b,10d237da-d64b-457e-b670-d847ca3a8c4b
f:1c9809185c00,Ziskis M.,,Golantorps,Warszawska 62,st:06caf55d067c,Warszawska,62,1929,1929_business_directory.csv,,
f:1e1fff48b37b,Zokzniak J.,,Kamasznicy,Halomindciii,,,,1929,1929_business_directory.csv,,
f:d9304852adab,Zubaty R.,,Zegarmistrz,Warszawska,st:06caf55d067c,Warszawska,,1929,1929_business_directory.csv,,
f:5969d9a4cc38,Żurach Zafran,,handel żelazem,Lucka 16,st:deb1b321e31a,Łucka,16,1893,archives/database of kowel crime/data/obwieszczenia_publiczne/kowel_businesses.csv,https://polona.pl/preview/2adeecd4-e417-42de-95f8-e6b729def9a7,2adeecd4-e417-42de-95f8-e6b729def9a7
f:e08397680de9,Żurakowska Z.,,Tytoniowe,Kolejowa,st:a39b8f9fba52,Kolejowa,,1929,1929_business_directory.csv,,
f:e32890b98425,Związek Inżynierów,,Techniczne,Targowa,,,,1929,1929_business_directory.csv,,
f:8b839812a47f,Związek Rolników Wolyfiskich,,Ziemioplady,Więzienna,st:0814ac27b0de,Więzienna,,1929,1929_business_directory.csv,,
f:2325d10c210a,Zwiorowicz M.,,Tytoniowe,Warszawska 134,st:06caf55d067c,Warszawska,134,1929,1929_business_directory.csv,,
f:51ccd697dcbb,Zychkolc M.,,Krawcy,Warszawska 127,st:06caf55d067c,Warszawska,127,1929,1929_business_directory.csv,,
f:f270028022fa,Zygmunt J. Chyliński St.,,Szewcy,Warszawska,st:06caf55d067c,Warszawska,,1929,1929_business_directory.csv,,
f:926509caf12d,Zygmunt Motel,,handel artykułami spożywczemi i sprzedaż wyrobów tytoniowych,Kolejowa 85,st:a39b8f9fba52,Kolejowa,85,1924,archives/database of kowel crime/data/obwieszczenia_publiczne/kowel_businesses.csv,https://polona.pl/preview/4182d5e1-7e15-44c0-aabb-a28a7013a962,4182d5e1-7e15-44c0-aabb-a28a7013a962
f:f49728e3e81b,Zygmunt Sawicki,,sprzedaż artykułów spożywczych i piwiarnia,,,,,1929,archives/database of kowel crime/data/obwieszczenia_publiczne/kowel_businesses.csv,https://polona.pl/preview/cc2200d4-0e16-44de-852c-3b9675f4c217,cc2200d4-0e16-44de-852c-3b9675f4c217
f:b792f7e0b7cb,Zylborborg M.,,Krawcy,Warszawska 57,st:06caf55d067c,Warszawska,57,1929,1929_business_directory.csv,,
