object_id,issue_title,issue_date,page,highlight,source_url
820b4cde-fbfa-4b5f-af63-0145a19246ef,Obwieszczenia Publiczne : dodatek   № 30 do Dziennika Urzędowego Ministerstwa Sprawiedliwości. 1918 (7 września),1918-09-07,10,"Aleksandrowskiej 22, który przed d. 12 lute-
n r ‘ ky* na robotach w Kowlu.",https://polona.pl/preview/820b4cde-fbfa-4b5f-af63-0145a19246ef
9102970e-1e59-4bf1-bbda-c77fafe2c59a,"Obwieszczenia Publiczne : dodatek do Dziennika Urzędowego Ministerstwa Sprawiedliwości.   R.4, № 29 A (10 kwietnia 1920)",1920-04-10,10,"Oddziały: w Kowlu, Krasnymstawie, Łodzi, Łucku, Piń
czowie, Puławach, Równem, Sandomierzu, Opocznie i",https://polona.pl/preview/9102970e-1e59-4bf1-bbda-c77fafe2c59a
f484050e-64a6-41f7-bd9d-0278c0a594a2,"Obwieszczenia Publiczne : dodatek do Dziennika Urzędowego Ministerstwa Sprawiedliwości.   R.4, № 53 (7 lipca 1920)",1920-07-07,13,"K., poszukuje Stanisława Szurygi, ostatnio zamieszkałego w Kowlu na
stacji kolejowej kelnerem, obecnie",https://polona.pl/preview/f484050e-64a6-41f7-bd9d-0278c0a594a2
1d9b9818-0b5d-4e09-9481-925500701605,"Obwieszczenia Publiczne : dodatek do Dziennika Urzędowego Ministerstwa Sprawiedliwości.   R.4, № 57 (21 lipca 1920)",1920-07-21,24,"Krakow-
skie-Przed mieście 58, oddziały w Kowlu, Łucku i Równem.",https://polona.pl/preview/1d9b9818-0b5d-4e09-9481-925500701605
37bd12a8-a957-42a3-a2ec-d6f04d08ca41,"Obwieszczenia Publiczne : dodatek do Dziennika Urzędowego Ministerstwa Sprawiedliwości.   R.4, № 84 (27 października 1920)",1920-10-27,19,"K., poszu
kuje niniejszem: Filipa Michalika, lat 34, urodź, w Kowlu, i Władysławy
Michalik, lat 25, urodź",https://polona.pl/preview/37bd12a8-a957-42a3-a2ec-d6f04d08ca41
f1ec1f8c-cecd-45bf-98d7-e5107b24f30e,"Obwieszczenia Publiczne : dodatek do Dziennika Urzędowego Ministerstwa Sprawiedliwości.   R.5, № 6 (22 stycznia 1921)",1921-01-22,3,"skutkach zaoczności. 203 1

Na żądanie Ireny-Heleny z Krzyżanowskich Prechitkowej, żony ban
kowca, w Kowlu",https://polona.pl/preview/f1ec1f8c-cecd-45bf-98d7-e5107b24f30e
9f1d98f1-e8c2-4c64-937a-cc77b4354a2b,"Obwieszczenia Publiczne : dodatek do Dziennika Urzędowego Ministerstwa Sprawiedliwości.   R.5, № 18 A (9 marca 1921)",1921-03-09,3,"Chodkiewiczowej.
22) Nieruchomość w Kowlu, przy ul.",https://polona.pl/preview/9f1d98f1-e8c2-4c64-937a-cc77b4354a2b
9f1d98f1-e8c2-4c64-937a-cc77b4354a2b,"Obwieszczenia Publiczne : dodatek do Dziennika Urzędowego Ministerstwa Sprawiedliwości.   R.5, № 18 A (9 marca 1921)",1921-03-09,2,"Nieruchomość dziedziczno-czynszowa, w Kowlu, przy ul. rana-Antomego-Feliksa Mochlińskiego.
d. 12 kwietnia 1921 r.
8) Nieruchomość dziedziczno-czynszowa w Kowlu",https://polona.pl/preview/9f1d98f1-e8c2-4c64-937a-cc77b4354a2b
2dbb6385-6e40-45d3-b062-c18603491bd3,"Obwieszczenia Publiczne : dodatek do Dziennika Urzędowego Ministerstwa Sprawiedliwości.   R.5, № 29 (16 kwietnia 1921)",1921-04-16,11,"Koweiskie-
qo z tymczasową siedzibą w Kowlu, wzywa sukcesorów po zmarłym w d.
2 kwietnia 1913 r. w kolonji",https://polona.pl/preview/2dbb6385-6e40-45d3-b062-c18603491bd3
ec1361e4-bfe4-4ad0-b206-43dbd093b456,"Obwieszczenia Publiczne : dodatek do Dziennika Urzędowego Ministerstwa Sprawiedliwości.   R.5, № 33 (30 kwietnia 1921)",1921-04-30,14,"Kowelskigo,
z siedzibą w Kowlu, wzywa sukcesorów Teodora Eńko-Darowskiego, syna
Michała, zmarłego w d",https://polona.pl/preview/ec1361e4-bfe4-4ad0-b206-43dbd093b456
fcf88bfb-e555-49ca-973f-6cc2a30df1ea,"Obwieszczenia Publiczne : dodatek do Dziennika Urzędowego Ministerstwa Sprawiedliwości.   R.5, № 70 (10 września 1921)",1921-09-10,10,"Kowelskiego, z siedzibą w Kowlu, na
mocy art. 1682 G. P. Kowelskiego, z siedzibą w Kowlu, na
mocy art. 1682 U. P.",https://polona.pl/preview/fcf88bfb-e555-49ca-973f-6cc2a30df1ea
5991881f-e49a-4d22-8105-860d510133e8,"Obwieszczenia Publiczne : dodatek do Dziennika Urzędowego Ministerstwa Sprawiedliwości.   R.5, № 74 (24 września 1921)",1921-09-24,19,"Heleny Hulewicz,
córki Bazylego, zmarłej 9 grudnia 1918 r. sporządzony przed notarjuszem
Prożygą w> Kowlu",https://polona.pl/preview/5991881f-e49a-4d22-8105-860d510133e8
5ddad348-5717-45d7-b9f7-267e6e912051,"Obwieszczenia Publiczne : dodatek do Dziennika Urzędowego Ministerstwa Sprawiedliwości.   R.5, № 84 (29 października 1921)",1921-10-29,21,"Oddziały: w Kowlu, Krasnymstawie, Lodzi, Pińczowie, Pu
ławach, Równem, Sandomierzu, Opocznie, Zamościu",https://polona.pl/preview/5ddad348-5717-45d7-b9f7-267e6e912051
002abff0-40af-400a-b084-b17875834b8d,"Obwieszczenia Publiczne : dodatek do Dziennika Urzędowego Ministerstwa Sprawiedliwości.   R.5, № 94 (3 grudnia 1921)",1921-12-03,19,"Democzani w Kowlu, wciągnięty do księgi nietyczącej nieruchomości za
1913 r. pod Nr. rep. 104 na str.",https://polona.pl/preview/002abff0-40af-400a-b084-b17875834b8d
24488668-833f-48b2-b16f-bb7dea1f3b89,"Obwieszczenia Publiczne : dodatek do Dziennika Urzędowego Ministerstwa Sprawiedliwości.   R.5, № 96 (10 grudnia 1921)",1921-12-10,15,"niniejszego obwiesz
czenia, zameldowali prawa swoj do pozostałego po zmarłym majątku,
położonego w Kowlu",https://polona.pl/preview/24488668-833f-48b2-b16f-bb7dea1f3b89
d2f23a34-2ca4-4ad9-ae97-0e78d0cf574c,"Obwieszczenia Publiczne : dodatek do Dziennika Urzędowego Ministerstwa Sprawiedliwości.   R.5, № 99 (21 grudnia 1921)",1921-12-21,14,"niniejszego obwie
szczenia, zameldowali prawa swoje do pozostałego po zmarłym majątku,
znajdującego się w Kowlu C.
wzywa sukcesorów zamordowanej w Kowlu w listopadzie 1919 r.",https://polona.pl/preview/d2f23a34-2ca4-4ad9-ae97-0e78d0cf574c
76109198-e7bb-49e9-a562-b74cd49f63c4,"Obwieszczenia Publiczne : dodatek do Dziennika Urzędowego Ministerstwa Sprawiedliwości.   R.5,  № 102 (31 grudnia 1921)",1921-12-31,27,"Oddział w Kowlu. Istnieje od
1921 r. Właśc. inżynier Teodor Michajłowski w Warszawie.",https://polona.pl/preview/76109198-e7bb-49e9-a562-b74cd49f63c4
35e57fc5-0e24-47dd-9c24-2be9a4233c63,"Obwieszczenia Publiczne : dodatek do Dziennika Urzędowego Ministerstwa Sprawiedliwości.   R.6, № 1 (4 stycznia 1922)",1922-01-04,18,"Kowelskiego, z siedzibą w Kowlu, na
mocy art. 1682 Cl. P.",https://polona.pl/preview/35e57fc5-0e24-47dd-9c24-2be9a4233c63
a7192441-c27c-4869-b236-849be5642d85,"Obwieszczenia Publiczne : dodatek do Dziennika Urzędowego Ministerstwa Sprawiedliwości.   R.6, № 1 A (4 stycznia 1922)",1922-01-04,13,"Otwarto
oddziały w Kowlu, Siedlcach, ekspozytura w Łodzi. Kapitał zakładowy",https://polona.pl/preview/a7192441-c27c-4869-b236-849be5642d85
ff8fd5b2-5d63-43f4-b582-8d757616684a,"Obwieszczenia Publiczne : dodatek do Dziennika Urzędowego Ministerstwa Sprawiedliwości.   R.6, № 24 (29 marca 1922)",1922-03-29,22,"Ne 798.
d. 27 kwietnia
Nieruchomość w Kowlu przy ul. Dizałka gruntu 157,09 sąż. kw. z nieruchomości czynszowej w Kowlu
przy ul.",https://polona.pl/preview/ff8fd5b2-5d63-43f4-b582-8d757616684a
ff8fd5b2-5d63-43f4-b582-8d757616684a,"Obwieszczenia Publiczne : dodatek do Dziennika Urzędowego Ministerstwa Sprawiedliwości.   R.6, № 24 (29 marca 1922)",1922-03-29,21,"Ne 790.
d. 25 kwietnia
Nieruchomość w Kowlu przy ul. Ks.",https://polona.pl/preview/ff8fd5b2-5d63-43f4-b582-8d757616684a
86aee4d4-8c59-4056-8a8f-445717a4ed54,"Obwieszczenia Publiczne : dodatek do Dziennika Urzędowego Ministerstwa Sprawiedliwości.   R.6, № 24 A (29 marca 1922)",1922-03-29,6,"Froima Finkelsztejna, sporządzony przed notarjuszem
Skorupskim w Kowlu d. 14 stycznia 1920 r. i wciągnięty",https://polona.pl/preview/86aee4d4-8c59-4056-8a8f-445717a4ed54
b26dc859-0c91-4616-a701-ed52e0d45e7e,"Obwieszczenia Publiczne : dodatek do Dziennika Urzędowego Ministerstwa Sprawiedliwości.   R.6, № 26 (5 kwietnia 1922)",1922-04-05,17,"Kowelskiego, na mocy art. 1401- (J.P.C.,
' ar i- , X ( }:, Zh - Ros -). wzywa sukcesorów zmarłej w Kowlu dnia
wydrukowania mniejszego, zameldowali prawa swoje do pozostałeqo po
zmarłej mienia położonego w Kowlu",https://polona.pl/preview/b26dc859-0c91-4616-a701-ed52e0d45e7e
9e94b61c-05cb-41a5-9a91-ae447e08eef9,"Obwieszczenia Publiczne : dodatek do Dziennika Urzędowego Ministerstwa Sprawiedliwości.   R.6, № 30 (19 kwietnia 1922)",1922-04-19,7,"Nieruchomość w Kowlu, na piaskach za pomnikiem, przy ul. Działka gruntu powierzchni 380 sąż. kw. z nieruchomości w Kowlu
przy ul.",https://polona.pl/preview/9e94b61c-05cb-41a5-9a91-ae447e08eef9
0eb4cb63-dbe4-4e00-9495-161108a91867,"Obwieszczenia Publiczne : dodatek do Dziennika Urzędowego Ministerstwa Sprawiedliwości.   R.6, № 34 (3 maja 1922)",1922-05-03,12,"Ros.), wzywa sukcesorów zmarłego w Kowlu
d. 29 stycznia 1922 r.",https://polona.pl/preview/0eb4cb63-dbe4-4e00-9495-161108a91867
0eb4cb63-dbe4-4e00-9495-161108a91867,"Obwieszczenia Publiczne : dodatek do Dziennika Urzędowego Ministerstwa Sprawiedliwości.   R.6, № 34 (3 maja 1922)",1922-05-03,13,"wydrukowania niniejszego obwieszczenia, zameldowali prawa
swoje do pozostałego po zmarłym mienia, położonego w Kowlu",https://polona.pl/preview/0eb4cb63-dbe4-4e00-9495-161108a91867
964f3c98-dff5-413d-a1b8-dc6064daba9f,"Obwieszczenia Publiczne : dodatek do Dziennika Urzędowego Ministerstwa Sprawiedliwości.   R.6, № 45 (14 czerwca 1922)",1922-06-14,17,"Timofieja Lojko, syna Wasyla, przez mego s P orządzon J e J Nr 66 _
tarjuszem Horodeckim w Kowlu w d.",https://polona.pl/preview/964f3c98-dff5-413d-a1b8-dc6064daba9f
11cb7b91-30a0-4b95-bb63-ce42581fac45,"Obwieszczenia Publiczne : dodatek do Dziennika Urzędowego Ministerstwa Sprawiedliwości.   R.6, № 47 (21 czerwca 1922)",1922-06-21,4,"Nieruch, w Kowlu przy ul.",https://polona.pl/preview/11cb7b91-30a0-4b95-bb63-ce42581fac45
d0cd9f39-e6c3-4e1f-9dec-9641a568d1ac,"Obwieszczenia Publiczne : dodatek do Dziennika Urzędowego Ministerstwa Sprawiedliwości.   R.6, № 52 (8 lipca 1922)",1922-07-08,14,"obwieszcza, że otwarte zostało
postępowanie spadkowe po śmierci Manesa Zalca, syna Hersza, zmarłego
w Kowlu niniejszego wezwania, zameldowali prawa swoje do pozosta
łego po zmarłym majątku nieruchomego, położonego w Kowlu",https://polona.pl/preview/d0cd9f39-e6c3-4e1f-9dec-9641a568d1ac
d0cd9f39-e6c3-4e1f-9dec-9641a568d1ac,"Obwieszczenia Publiczne : dodatek do Dziennika Urzędowego Ministerstwa Sprawiedliwości.   R.6, № 52 (8 lipca 1922)",1922-07-08,11,"śmierci Izydora Łuckiewicza, zmarłegq d. 3 paź
dziernika 1917 r., właśc. ruchomości znajdującej się w Kowlu",https://polona.pl/preview/d0cd9f39-e6c3-4e1f-9dec-9641a568d1ac
1c173b89-3461-4718-b96a-5ae7a75f2397,"Obwieszczenia Publiczne : dodatek do Dziennika Urzędowego Ministerstwa Sprawiedliwości.   R.6, № 64 (19 sierpnia 1922)",1922-08-19,18,"Kowla — Ela Brenera na imię Etli Brener, poświad
czonego przez notarjusza Adolfa Horodeckiego w Kowlu",https://polona.pl/preview/1c173b89-3461-4718-b96a-5ae7a75f2397
08687ad0-2ef5-40ec-9efd-16a7de316fe1,"Obwieszczenia Publiczne : dodatek do Dziennika Urzędowego Ministerstwa Sprawiedliwości.   R.6, № 66 (26 sierpnia 1922)",1922-08-26,31,"Lub ''™ e ’ K ^ k '- Pr f dm - 58 ‘ S P ółka r°zpóczęła działalność
. 25 czerwca 1918 r, Oddziały: w Kowlu",https://polona.pl/preview/08687ad0-2ef5-40ec-9efd-16a7de316fe1
d6af50b3-7df4-4073-9784-9da618d83924,"Obwieszczenia Publiczne : dodatek do Dziennika Urzędowego Ministerstwa Sprawiedliwości.   R.6, № 70 (9 września 1922)",1922-09-09,10,", właśc. ma
jątku w Kowlu przy ul. obwieszcza, że otwarte zostały postę
powania spadkowe po śmierci:
1) Chaskiela-Szymona Werby, zmarłego w Kowlu składającego się
z działki gruntu i zabudowań (371);
2) Srula Langera, zmarłego d. 14 lipca 1920 r. w Kowlu w 1913 r., właśc.
majątku w Kowlu przy ul. w 1913 r., właśc. nieruch, w Kowlu
(373).",https://polona.pl/preview/d6af50b3-7df4-4073-9784-9da618d83924
b009312a-69f2-4057-abe1-f14c8da52c0b,"Obwieszczenia Publiczne : dodatek do Dziennika Urzędowego Ministerstwa Sprawiedliwości.   R.6, № 89 (15 listopada 1922)",1922-11-15,12,"października r. b. kuratorką
do wspomnianego majątku mianowana została Julita Romanienko, zamiesz
kała w Kowlu",https://polona.pl/preview/b009312a-69f2-4057-abe1-f14c8da52c0b
f187d4fa-8ea1-4e68-b3a6-91cda8b7445e,"Obwieszczenia Publiczne : dodatek do Dziennika Urzędowego Ministerstwa Sprawiedliwości.   R.6, № 94 (2 grudnia 1922)",1922-12-02,5,"C., obwieszcza, że otwarte zo
stało postępowanie spadkowe po śmierci Augusta Hermana, zmarłego
w Kowlu d. 10 lipca 1922 r. właściciela majątku w Kowlu przy ul.",https://polona.pl/preview/f187d4fa-8ea1-4e68-b3a6-91cda8b7445e
f187d4fa-8ea1-4e68-b3a6-91cda8b7445e,"Obwieszczenia Publiczne : dodatek do Dziennika Urzędowego Ministerstwa Sprawiedliwości.   R.6, № 94 (2 grudnia 1922)",1922-12-02,2,"516/22) z powództwa Dawida i Sury Opoline-
rów w sprawie własności majątku nieruchomego, położonego w Kowlu",https://polona.pl/preview/f187d4fa-8ea1-4e68-b3a6-91cda8b7445e
000af8d5-26dc-43f6-a97f-b3adc8e2499b,"Obwieszczenia Publiczne : dodatek do Dziennika Urzędowego Ministerstwa Sprawiedliwości.   R.6, № 99 (20 grudnia 1922)",1922-12-20,3,"obwieszczenia, zgłosili swoje prawa do
pozostałego po śmierci jego majątku nieruchomego, położonego w Kowlu",https://polona.pl/preview/000af8d5-26dc-43f6-a97f-b3adc8e2499b
000af8d5-26dc-43f6-a97f-b3adc8e2499b,"Obwieszczenia Publiczne : dodatek do Dziennika Urzędowego Ministerstwa Sprawiedliwości.   R.6, № 99 (20 grudnia 1922)",1922-12-20,14,"kasie , skarbowej
w Łucku 10.413 mk. poi. należności z aktu zastawu nieruchomości Hol
cera, położonej w Kowlu",https://polona.pl/preview/000af8d5-26dc-43f6-a97f-b3adc8e2499b
000af8d5-26dc-43f6-a97f-b3adc8e2499b,"Obwieszczenia Publiczne : dodatek do Dziennika Urzędowego Ministerstwa Sprawiedliwości.   R.6, № 99 (20 grudnia 1922)",1922-12-20,15,"kasie skarbowej
w Lucku 18.037 mk. poi. należności z aktu zastawu nieruchomości Hol
cera, położonej w Kowlu",https://polona.pl/preview/000af8d5-26dc-43f6-a97f-b3adc8e2499b
8a14932e-ed07-465d-bca9-2f6a97913c1e,"Obwieszczenia Publiczne : dodatek do Dziennika Urzędowego Ministerstwa Sprawiedliwości.   R.7, № 1 (3 stycznia 1923)",1923-01-03,5,"wydrukowania niniejszego obwieszczenia, zameldowali
prawa swoje do pozostałego po zmarłym/mienia, położonego w Kowlu",https://polona.pl/preview/8a14932e-ed07-465d-bca9-2f6a97913c1e
f46f6696-53b1-4922-bd02-4fc8aaf50731,"Obwieszczenia Publiczne : dodatek do Dziennika Urzędowego Ministerstwa Sprawiedliwości.   R.7, № 4 (13 stycznia 1923)",1923-01-13,4,"wydrukowania niniejszego obwieszczenia, zameldowali prawa swoje
do pozostałego po zmarłym mienia w Kowlu",https://polona.pl/preview/f46f6696-53b1-4922-bd02-4fc8aaf50731
93be974d-c53d-4a89-b065-bc4909105f16,"Obwieszczenia Publiczne : dodatek do Dziennika Urzędowego Ministerstwa Sprawiedliwości.   R.7, № 8 (27 stycznia 1923)",1923-01-27,3,"C., wzywa niewiadomą z miejsca pobytu Menię Majles, poprzednio
zamieszkałą w Kowlu, przy ul. N° 21/23) z p°""
wództwa Borucha Rajtera w sprawie własności majątku nieruchomego, p°‘
łożonego w Kowlu",https://polona.pl/preview/93be974d-c53d-4a89-b065-bc4909105f16
5c58df14-f2d0-4b4c-bb38-3527173e10e9,"Obwieszczenia Publiczne : dodatek do Dziennika Urzędowego Ministerstwa Sprawiedliwości.   R.7, № 15 (21 lutego 1923)",1923-02-21,14,"Zarząd: Marjan-Ro-
b ert Porzęcki, zam. w Kowlu, przy ul. Królowej Bony 13, Srul Gilman,
2 am. w m.",https://polona.pl/preview/5c58df14-f2d0-4b4c-bb38-3527173e10e9
b350ab1e-2a65-46b1-bad1-5a8f7ae6193a,"Obwieszczenia Publiczne : dodatek do Dziennika Urzędowego Ministerstwa Sprawiedliwości.   R.7, № 17 (28 lutego 1923)",1923-02-28,3,"imieniu swoim i nieletniego svna swego Ireneusza, o prawo
własności do majątku nieruchomego, płożonegb w Kowlu doparka na mocy aktu przyrzeczenia sprzedaży z d. 18 sierpnia 1918 r.,
który to majątek znajduje się w Kowlu",https://polona.pl/preview/b350ab1e-2a65-46b1-bad1-5a8f7ae6193a
6adc27c3-bb83-423c-8b04-e260f53f119e,"Obwieszczenia Publiczne : dodatek do Dziennika Urzędowego Ministerstwa Sprawiedliwości.   R.7, № 19 (7 marca 1923)",1923-03-07,4,"Wołyńskiego, niniej-
^ Ze rn wzywa oddział Banku Rosyjskiego dla handlu i przemysłu w Kowlu
° odbioru",https://polona.pl/preview/6adc27c3-bb83-423c-8b04-e260f53f119e
0ed853fd-f656-400d-8108-8436f45b15e6,"Obwieszczenia Publiczne : dodatek do Dziennika Urzędowego Ministerstwa Sprawiedliwości.   R.7, № 20 (10 marca 1923)",1923-03-10,29,"Obwieszczenia publiczne

Ne 20

na imię Olgi Choromańskiej, zaświadczone przez notarjusza Skorupskieg 0
w Kowlu",https://polona.pl/preview/0ed853fd-f656-400d-8108-8436f45b15e6
6740ec4a-52ec-410e-a449-4336685ffe40,"Obwieszczenia Publiczne : dodatek do Dziennika Urzędowego Ministerstwa Sprawiedliwości.   R.7, № 22 (17 marca 1923)",1923-03-17,13,"Szyi Fisza przez niego sporządzony przed notarjuszem w Kowlu, Janem
Prożygą w d. 15 lipca 1913 r. i wciągnięty",https://polona.pl/preview/6740ec4a-52ec-410e-a449-4336685ffe40
95ecb3fd-f64e-4d06-99f6-1e042d1ff14b,"Obwieszczenia Publiczne : dodatek do Dziennika Urzędowego Ministerstwa Sprawiedliwości.   R.7, № 40 (1 kwietnia 1923)",1923-04-01,3,"niniejszego obwieszczenia, zameldowali prawa swoje do po
zostałego po zmarłej mienia, położonego w Kowlu Kowelskiego, wzywa sukcesorów zmarłej w Kowlu
d. 27 stycznia 1923 r.",https://polona.pl/preview/95ecb3fd-f64e-4d06-99f6-1e042d1ff14b
55fc913f-bda5-431b-8d1f-7eed21e13324,"Obwieszczenia Publiczne : dodatek do Dziennika Urzędowego Ministerstwa Sprawiedliwości.   R.7, № 36 (5 maja 1923)",1923-05-05,19,"Kowelskiego, Efrosinji Leszczuk, córki Nikifora,
przez nią sporządzony przed notarjuszem Democzani w Kowlu",https://polona.pl/preview/55fc913f-bda5-431b-8d1f-7eed21e13324
41fffa79-a744-4a0f-ba6e-c11163f119ec,"Obwieszczenia Publiczne : dodatek do Dziennika Urzędowego Ministerstwa Sprawiedliwości.   R.7, № 40 A (19 maja 1923)",1923-05-19,31,"Łuckiego, i Stępkowski Wiktor, zam. w Kowlu,
przy ul. Staro-Kolejowej 29. Głęboka 14, Mojżesz
Rejder, zam. w Kowlu, ul. Brzeska 42, Szczepowski Wacław, zam. w maj. . 1 lutego 1923 r. przed Stanisła
wem Farasiewiczem, zastępcą Franciszka Skorupskiego, notarjusza w Kowlu",https://polona.pl/preview/41fffa79-a744-4a0f-ba6e-c11163f119ec
0cffc113-f6c9-40a6-9b79-106ac09291dd,"Obwieszczenia Publiczne : dodatek do Dziennika Urzędowego Ministerstwa Sprawiedliwości.   R.7, № 42 (26 maja 1923)",1923-05-26,25,"Udzielono pełnej prokury Kazimierzowi Karpowiczowi i Hilaremu
Michalewiczowi, zamieszkałym w Kowlu: 1 1923 r. wciągnięto następującą firmę pod Na 17/5:
„Bank dla handlu i przemysłu w Warszawie, oddział w Kowlu Strażackiej 7, z prawem podpisu za oddział w Kowlu zawsze we
dwóch łącznie, lub jednego z nich z zarządzającym Oddział w Kowlu rozpoczął swe czynności w październiku 1922 r.",https://polona.pl/preview/0cffc113-f6c9-40a6-9b79-106ac09291dd
0cffc113-f6c9-40a6-9b79-106ac09291dd,"Obwieszczenia Publiczne : dodatek do Dziennika Urzędowego Ministerstwa Sprawiedliwości.   R.7, № 42 (26 maja 1923)",1923-05-26,19,"Aleksego
Prażmowskiego, przez niego zeznany przed notarjuszem Franciszkiem Sko
rupskim w Kowlu d. 29",https://polona.pl/preview/0cffc113-f6c9-40a6-9b79-106ac09291dd
1127c108-807a-4466-ab89-c27f892f9661,"Obwieszczenia Publiczne : dodatek do Dziennika Urzędowego Ministerstwa Sprawiedliwości.   R.7, № 43 (30 maja 1923)",1923-05-30,3,"80 23 r.) z powództwa Eweliny Szwarcowej w imieniu której działa
adwokat Zygmut Grekk, zamieszkały w Kowlu",https://polona.pl/preview/1127c108-807a-4466-ab89-c27f892f9661
6c043de4-0285-4a47-95e2-601346564975,"Obwieszczenia Publiczne : dodatek do Dziennika Urzędowego Ministerstwa Sprawiedliwości.   R.7, № 44 (2 czerwca 1923)",1923-06-02,4,"Lubelskim. 3072

Sąd pokoju I okr. w Kowlu, na zasadzie art. 1401 — 1403 (J. P.",https://polona.pl/preview/6c043de4-0285-4a47-95e2-601346564975
0a455f7d-9260-40f3-88a9-c90a07786990,"Obwieszczenia Publiczne : dodatek do Dziennika Urzędowego Ministerstwa Sprawiedliwości.   R.7, № 47 (13 czerwca 1923)",1923-06-13,31,"Wacław Bartoszewski, zam. w Kowlu przy ul.",https://polona.pl/preview/0a455f7d-9260-40f3-88a9-c90a07786990
128bdcbc-a057-4873-b94a-eab59b46f9e1,"Obwieszczenia Publiczne : dodatek do Dziennika Urzędowego Ministerstwa Sprawiedliwości.   R.7, № 48 (16 czerwca 1923)",1923-06-16,16,"w Kowlu przeciwko Jakóbowi
Brykowi z miejsca pobytu niewiadomego, o prawie własności na majątek
n ieruchomy Sąd pokoju 1 okręgu w Kowlu obwieszcza, że w sprawie z powódz
twa Dawida i Sury Opolinerów, zamieszkałych",https://polona.pl/preview/128bdcbc-a057-4873-b94a-eab59b46f9e1
c9fb3437-807d-4b71-964b-e8fc9b51dffb,"Obwieszczenia Publiczne : dodatek do Dziennika Urzędowego Ministerstwa Sprawiedliwości.   R.7, № 31 (18 kwietnia 1923)",1923-06-18,4,"Kowelskiego, w Kowlu, na zasadzie art. 58 1
i 309 1 U. P.",https://polona.pl/preview/c9fb3437-807d-4b71-964b-e8fc9b51dffb
c9fb3437-807d-4b71-964b-e8fc9b51dffb,"Obwieszczenia Publiczne : dodatek do Dziennika Urzędowego Ministerstwa Sprawiedliwości.   R.7, № 31 (18 kwietnia 1923)",1923-06-18,11,"wydrukowania niniejszego obwieszczenia, zameldowali prawa swoje
do pozostałego po zmarłym mienia, położonego w Kowlu C, wzywa sukcesorów zmarłego w Kowlu
d. 21 lipca 1918 r.",https://polona.pl/preview/c9fb3437-807d-4b71-964b-e8fc9b51dffb
351885d4-df8d-40b0-bc42-e0b20b7157df,"Obwieszczenia Publiczne : dodatek do Dziennika Urzędowego Ministerstwa Sprawiedliwości.   R.7, № 50 (23 czerwca 1923)",1923-06-23,17,"Sąd pokoju I ok* w Kowlu obwieszcza, że orzeczeniem tegoż sądu
z d. 28 maja 1923 r. została zatwierdzona",https://polona.pl/preview/351885d4-df8d-40b0-bc42-e0b20b7157df
b244a68c-16ba-4673-8c11-b49c8d05c8f2,"Obwieszczenia Publiczne : dodatek do Dziennika Urzędowego Ministerstwa Sprawiedliwości.   R.7, № 51 (27 czerwca 1923)",1923-06-27,5,"niniejszego obwieszczenia,
zameldowali prawa swoje do pozostałego po zmarłym majątku, położo
nego w Kowlu Łuckiej N° 104, składającego się z działki gruntu i zabudowań C. 286/23.
3784

Sąd pokoju I okr. w Kowlu 6

Obwieszczenia publiczne

N° 51

Sąd pokoju 1 okr. w Kowlu, na zasadzie art. 1401 U. P.",https://polona.pl/preview/b244a68c-16ba-4673-8c11-b49c8d05c8f2
439c6fcd-9f0b-4e4e-97f9-429cd6192d71,"Obwieszczenia Publiczne : dodatek do Dziennika Urzędowego Ministerstwa Sprawiedliwości.   R.7, № 52 (30 czerwca 1923)",1923-06-30,14,"sporządzony przed Finto-
lrłl Sierakiewiczem, pełniącym obowiązki ftdolfa Horodeckiego, notarju-
Sza w Kowlu",https://polona.pl/preview/439c6fcd-9f0b-4e4e-97f9-429cd6192d71
0a1bc6a7-ec81-48b8-af2f-f4862bad934b,"Obwieszczenia Publiczne : dodatek do Dziennika Urzędowego Ministerstwa Sprawiedliwości.   R.7, № 53 (4 lipca 1923)",1923-07-04,30,"u f j est Henryk Dąbrowski, zamieszkały w Kowlu, przy ulicy
*a { P °lskj . remu nadano prawo podpisu lskie j w Lublinie, Oddział w Kowlu, spółka akcyjna"",
tyty •' handl* 6 osiębiorstwa stanowią wszelkie",https://polona.pl/preview/0a1bc6a7-ec81-48b8-af2f-f4862bad934b
0a1bc6a7-ec81-48b8-af2f-f4862bad934b,"Obwieszczenia Publiczne : dodatek do Dziennika Urzędowego Ministerstwa Sprawiedliwości.   R.7, № 53 (4 lipca 1923)",1923-07-04,31,"Udzielono prokury na oddział kowelski Kazimierzowi Szu ^. c y
skiemu i Helenie Soleckiej, zamieszkałym w Kowlu",https://polona.pl/preview/0a1bc6a7-ec81-48b8-af2f-f4862bad934b
f77c4d8d-127a-412f-b1bc-11c3c934e6b2,"Obwieszczenia Publiczne : dodatek do Dziennika Urzędowego Ministerstwa Sprawiedliwości.   R.7, № 54 (7 lipca 1923)",1923-07-07,6,"Plantańskiej 30. 4210

(]• pokoju 1 okr. w Kowlu, na zasadzie art. 1401 U. P.",https://polona.pl/preview/f77c4d8d-127a-412f-b1bc-11c3c934e6b2
62a34e69-3059-4be4-aa74-0ed941948095,"Obwieszczenia Publiczne : dodatek do Dziennika Urzędowego Ministerstwa Sprawiedliwości.   R.7, № 57 (18 lipca 1923)",1923-07-18,6,"C., sąd pokoju IV okręgu w Kowlu,
w Kan ^ Cesor ° w zma rłego wd. 19 października 1918 r. w m.",https://polona.pl/preview/62a34e69-3059-4be4-aa74-0ed941948095
e3cc01ae-f130-478f-bf65-5ab6f09eeef0,"Obwieszczenia Publiczne : dodatek do Dziennika Urzędowego Ministerstwa Sprawiedliwości.   R.7, № 60 (28 lipca 1923)",1923-07-28,6,"-
' e ncu, składającego się z 2 dzies. gruntu sadybnego i ogrodowego.
4678-3-1

Sąd pokoju I okr. w Kowlu C., wzywa
; sorów zmarłej w schronisku dla; dzieci repatrjantów w Kowlu, siero-
J ulji Puchanowskiej, N° 19/23). 4654

R Sąd pokoju I okr. w Kowlu, na zasadzie aft. 1239 (T. X cz. I Zb. Pr.",https://polona.pl/preview/e3cc01ae-f130-478f-bf65-5ab6f09eeef0
e3cc01ae-f130-478f-bf65-5ab6f09eeef0,"Obwieszczenia Publiczne : dodatek do Dziennika Urzędowego Ministerstwa Sprawiedliwości.   R.7, № 60 (28 lipca 1923)",1923-07-28,7,"H okr.
w Kowlu, wzywa sukcesorów zmarłego we wsi Pohinkach, gm. Hołoby-
pow.",https://polona.pl/preview/e3cc01ae-f130-478f-bf65-5ab6f09eeef0
e3cc01ae-f130-478f-bf65-5ab6f09eeef0,"Obwieszczenia Publiczne : dodatek do Dziennika Urzędowego Ministerstwa Sprawiedliwości.   R.7, № 60 (28 lipca 1923)",1923-07-28,14,"Tomasza Czerechowskiego,
Poległego na wojnie, zaświadczone przez Adolfa Horodeckiego, notarjusza
w Kowlu",https://polona.pl/preview/e3cc01ae-f130-478f-bf65-5ab6f09eeef0
7ba318e5-be45-4fbc-a4d3-cb5e0f46a5fb,"Obwieszczenia Publiczne : dodatek do Dziennika Urzędowego Ministerstwa Sprawiedliwości.   R.7, № 65 (16 sierpnia 1923)",1923-08-16,2,"ob
wieszczenia niniejszego, zameldowali prawa swoje do pęzostałego po
zmarłej mienia, położonego w Kowlu Łuckiej, składającego się
z działki ziemi i zabudowań (C. 515/23). 5120

Sąd pokoju I okr. w Kowlu, na N° 120/23). 5122

Sąd pokoju 1 okr. w Kowlu, na zasadzie art. 1239 (T. X cz. 1 Zb. Pr.",https://polona.pl/preview/7ba318e5-be45-4fbc-a4d3-cb5e0f46a5fb
3478f1f1-abc9-4869-9812-949108e15d4e,"Obwieszczenia Publiczne : dodatek do Dziennika Urzędowego Ministerstwa Sprawiedliwości.   R.7, № 67 (22 sierpnia 1923)",1923-08-22,4,"obwieszczenia, zameldowali prawa swoje
do pozostałego po jego śmierci mienia. 5350—3—1

Sąd pokoju 1 okr. w Kowlu",https://polona.pl/preview/3478f1f1-abc9-4869-9812-949108e15d4e
ae85e8c8-d55b-4a33-bb6a-9652a2476ca5,"Obwieszczenia Publiczne : dodatek do Dziennika Urzędowego Ministerstwa Sprawiedliwości.   R.7, № 81 (10 października 1923)",1923-10-10,22,"prokurentem Karol Bork, w Katowicach: prokuren-
‘ a mi Adolf Schaffner i Alfons-Karol Hanaszyński, w Kowlu",https://polona.pl/preview/ae85e8c8-d55b-4a33-bb6a-9652a2476ca5
b74c9b13-9d16-43dd-9007-c679ad3d5951,"Obwieszczenia Publiczne : dodatek do Dziennika Urzędowego Ministerstwa Sprawiedliwości.   R.7, № 82 (13 października 1923)",1923-10-13,26,"Jana
r ystupy, przez niego sporządzony przed Franciszkiem Skorupskim, notar
iuszem w Kowlu w d. 24 stycznia",https://polona.pl/preview/b74c9b13-9d16-43dd-9007-c679ad3d5951
b74c9b13-9d16-43dd-9007-c679ad3d5951,"Obwieszczenia Publiczne : dodatek do Dziennika Urzędowego Ministerstwa Sprawiedliwości.   R.7, № 82 (13 października 1923)",1923-10-13,6,"C. i art. 1239
gruH • Cz ‘ * ^ r ’ ^ os -)’ wz ' /wa sukcesorów zmarłego w Kowlu w d. 26
od h 3 r> Władysława d. 14 kwietnia 1924 r., zgłosili swoje prawa do po-
stałego po zmarłym spadku. 6554
Cz Sąd pokoju w Kowlu",https://polona.pl/preview/b74c9b13-9d16-43dd-9007-c679ad3d5951
b74c9b13-9d16-43dd-9007-c679ad3d5951,"Obwieszczenia Publiczne : dodatek do Dziennika Urzędowego Ministerstwa Sprawiedliwości.   R.7, № 82 (13 października 1923)",1923-10-13,25,"Abrama Lublińskiego przez niego sporządzony przed Franciszkiem Sko
rupskim, notarjusżem w Kowlu w d.",https://polona.pl/preview/b74c9b13-9d16-43dd-9007-c679ad3d5951
b74c9b13-9d16-43dd-9007-c679ad3d5951,"Obwieszczenia Publiczne : dodatek do Dziennika Urzędowego Ministerstwa Sprawiedliwości.   R.7, № 82 (13 października 1923)",1923-10-13,29,"burmistrza Pawła Łukaszewicza i ławnika Tomasza Grzybowskiego, żarn*
w Rakowie. 6482

Sąd pokoju w Kowlu",https://polona.pl/preview/b74c9b13-9d16-43dd-9007-c679ad3d5951
8b845014-2830-4656-bb71-c5cf55adab0e,"Obwieszczenia Publiczne : dodatek do Dziennika Urzędowego Ministerstwa Sprawiedliwości.   R.7, № 85 (24 października 1923)",1923-10-24,14,"Skorupskim notarjuszem w Kowlu,
’ ^ ^Zerw^^o r ’’ re ^' ^ r ' na term ' n trzechletni, to jest do
^Pływem Wspólnicy: Bracia Jonas i Izrael Li-
rriocy zan ™ esz k a l‘ w Kowlu.",https://polona.pl/preview/8b845014-2830-4656-bb71-c5cf55adab0e
8b845014-2830-4656-bb71-c5cf55adab0e,"Obwieszczenia Publiczne : dodatek do Dziennika Urzędowego Ministerstwa Sprawiedliwości.   R.7, № 85 (24 października 1923)",1923-10-24,1,"Apolonję (Pelagję) z Wołoszunów Tkaczukową, działa
jąca w asystencji męża Andrzeja Tkaczuka, mieszk. w Kowlu",https://polona.pl/preview/8b845014-2830-4656-bb71-c5cf55adab0e
40208d57-e61b-4240-b5eb-435f3f1b908c,"Obwieszczenia Publiczne : dodatek do Dziennika Urzędowego Ministerstwa Sprawiedliwości.   R.7, № 86 (27 października 1923)",1923-10-27,4,"Trę-
swoje prawa i pretensje do spadku pozostałego po zmarłym.

645J

1q cz l°7h^ U W Kowlu ’ na zas",https://polona.pl/preview/40208d57-e61b-4240-b5eb-435f3f1b908c
0d6145b3-4688-43f8-bc36-c7f616efca89,"Obwieszczenia Publiczne : dodatek do Dziennika Urzędowego Ministerstwa Sprawiedliwości.   R.7, № 90 (10 listopada 1923)",1923-11-10,29,"Kierownikami oddziału ^ s ki,
skiego są zamieszkali w Kowlu: Lucjan Marynowski i Władysław rZ y S tw° . • gje-
Polski Bank Handlowy, oddział w Kowlu.",https://polona.pl/preview/0d6145b3-4688-43f8-bc36-c7f616efca89
554077a4-1932-4a87-ac83-34358974053e,"Obwieszczenia Publiczne : dodatek do Dziennika Urzędowego Ministerstwa Sprawiedliwości.   R.7, № 95 (28 listopada 1923)",1923-11-28,28,"Oceanie Steam Nawigation Company
Limited"" albo —White Star Line and White Star Dominion Line"" filja
w Kowlu Kierownikiem filji jest Abram Werba, zamieszkały w Kowlu
przy ul. Łuckiej 119.",https://polona.pl/preview/554077a4-1932-4a87-ac83-34358974053e
721a6cd3-d907-46a2-9837-07f9ec09581b,"Obwieszczenia Publiczne : dodatek do Dziennika Urzędowego Ministerstwa Sprawiedliwości.   R.7, № 96 A (1 grudnia 1923)",1923-12-01,62,"odpowiedzialnością została zawarta na mocy aktu, zeznanego
przed Franciszkiem Skorupskim, notarjuszem w Kowlu",https://polona.pl/preview/721a6cd3-d907-46a2-9837-07f9ec09581b
3857a1ef-ce86-45e6-b8f9-ecb9b7be428d,"Obwieszczenia Publiczne : dodatek do Dziennika Urzędowego Ministerstwa Sprawiedliwości.   R.7, № 97 (5 grudnia 1923)",1923-12-05,3,"Szeptyckiego i Szosowej N° 2/79, i Sucharnej
N° 23. 7904
Sąd pokoju w Kowlu, na zasadzie art. 1401 U.",https://polona.pl/preview/3857a1ef-ce86-45e6-b8f9-ecb9b7be428d
e740859b-558b-4792-ae63-d5ecf3477a2e,"Obwieszczenia Publiczne : dodatek do Dziennika Urzędowego Ministerstwa Sprawiedliwości.   R.7, № 103 (26 grudnia 1923)",1923-12-26,11,"Liber-
mana, przez niego sporządzony w d. 27 czerwca 1922 r. przed Adolfem
Horodeckim, notarjuszem w Kowlu",https://polona.pl/preview/e740859b-558b-4792-ae63-d5ecf3477a2e
17f87267-4dc4-49d3-aedd-cedb0d3f8f89,"Obwieszczenia Publiczne : dodatek do Dziennika Urzędowego Ministerstwa Sprawiedliwości.    R.8, № 11 (15 stycznia 1924)",1924-01-15,27,"ze
znanego przed Antonim Sierakowiczem, pełniącym obowiązki Antoniego
Wdziękońskiego, notarjusza w Kowlu",https://polona.pl/preview/17f87267-4dc4-49d3-aedd-cedb0d3f8f89
43a5a97a-69b1-49ba-821e-1fc0b15358d4,"Obwieszczenia Publiczne : dodatek do Dziennika Urzędowego Ministerstwa Sprawiedliwości.   R.8, № 3 (15 stycznia 1924)",1924-01-15,3,"Sąd pokoju w Kowlu, na zasadzie art. 1401 (J. P. C. i art. 1239 (T.
cz. 1 Zb. Pr.",https://polona.pl/preview/43a5a97a-69b1-49ba-821e-1fc0b15358d4
6ceec0f6-5432-4bb6-9c99-1a867af4947a,"Obwieszczenia Publiczne : dodatek do Dziennika Urzędowego Ministerstwa Sprawiedliwości.   R.8, № 12 (29 stycznia 1924)",1924-01-29,1,"pierwiastkowej regulacji hipotecznej w termi
nach następujących:
d. 2 kwietnia 1924 r.
1) Nieruchomość w Kowlu",https://polona.pl/preview/6ceec0f6-5432-4bb6-9c99-1a867af4947a
866ff5d8-fb2c-41a9-b768-56cf25c2c34a,"Obwieszczenia Publiczne : dodatek do Dziennika Urzędowego Ministerstwa Sprawiedliwości.   R.8, № 15 (7 lutego 1924)",1924-02-07,4,"Szmidt, l-voto Bączkowskiej, z dóbr przy wsi Peremiłówka.
d. 15 kwietnia 1924 r.
3) Nieruchomość w Kowlu",https://polona.pl/preview/866ff5d8-fb2c-41a9-b768-56cf25c2c34a
ffa47911-1f55-4ef8-bf3c-4ac3a9a9f6b4,"Obwieszczenia Publiczne : dodatek do Dziennika Urzędowego Ministerstwa Sprawiedliwości.   R.8, № 19 (16 lutego 1924)",1924-02-16,15,"„Srul Liberman, handel manufakturą i galanterją” w Kowlu, przy
ul. Łuckiej 101 .",https://polona.pl/preview/ffa47911-1f55-4ef8-bf3c-4ac3a9a9f6b4
a11fe712-9b44-4709-b1b0-4e7fdb0b464e,"Obwieszczenia Publiczne : dodatek do Dziennika Urzędowego Ministerstwa Sprawiedliwości.   R.8, № 20 (19 lutego 1924)",1924-02-19,3,"Rówieńskiej — 103 sąż.
kw., nabyta przez Julję Majewską od Marji-Cezaryny Maciejowskiej.
4) Nieruchomość w Kowlu",https://polona.pl/preview/a11fe712-9b44-4709-b1b0-4e7fdb0b464e
d26fb7a5-b3d4-44da-b2ed-9a5daf0c3009,"Obwieszczenia Publiczne : dodatek do Dziennika Urzędowego Ministerstwa Sprawiedliwości.   R.8, № 21 (21 lutego 1924)",1924-02-21,18,"okręgowego
w Łucku obwieszcza o odnotowaniu w d. 9 lutego 1924 r. tytułu wyko
nawczego sądu pokoju w Kowlu",https://polona.pl/preview/d26fb7a5-b3d4-44da-b2ed-9a5daf0c3009
d26fb7a5-b3d4-44da-b2ed-9a5daf0c3009,"Obwieszczenia Publiczne : dodatek do Dziennika Urzędowego Ministerstwa Sprawiedliwości.   R.8, № 21 (21 lutego 1924)",1924-02-21,19,"Stefana Nikołajewa, przez niego sporządzony przed Adolfem Horodeckim,
notarjuszem w Kowlu w d. 21 lutego",https://polona.pl/preview/d26fb7a5-b3d4-44da-b2ed-9a5daf0c3009
e8f1a33c-9d3f-41c7-be43-0b3d38123643,"Obwieszczenia Publiczne : dodatek do Dziennika Urzędowego Ministerstwa Sprawiedliwości.   R.8, № 24 (28 lutego 1924)",1924-02-28,3,"nabyta przez Jegida-Lejba Gerwica od Chaima Kiejnszterina z nie
ruchom. większej.
4) Nieruchomość w Kowlu",https://polona.pl/preview/e8f1a33c-9d3f-41c7-be43-0b3d38123643
3ad57a76-0fcd-49c3-b9f8-045287778e22,"Obwieszczenia Publiczne : dodatek do Dziennika Urzędowego Ministerstwa Sprawiedliwości.   R.8, № 26 (4 marca 1924)",1924-03-04,2,"mtr. 2 , nabyta przez Froima Koppa
od Józefa-Szyi Sapira z nieruchomości większej.
4) Nieruchomość w Kowlu",https://polona.pl/preview/3ad57a76-0fcd-49c3-b9f8-045287778e22
3ad57a76-0fcd-49c3-b9f8-045287778e22,"Obwieszczenia Publiczne : dodatek do Dziennika Urzędowego Ministerstwa Sprawiedliwości.   R.8, № 26 (4 marca 1924)",1924-03-04,30,"Zajwel Bronsztejn, zam. w Kowlu, przy ul.",https://polona.pl/preview/3ad57a76-0fcd-49c3-b9f8-045287778e22
445e4a60-bc5e-4ea1-a980-e4408ee76f3d,"Obwieszczenia Publiczne : dodatek do Dziennika Urzędowego Ministerstwa Sprawiedliwości.   R.8, № 27 (6 marca 1924)",1924-03-06,16,"Jan Miro
now, zam. tamże.
903 .Szymon Pugacz"", handel wyrobami tytuniowemi w Kowlu,
ul. Łucka 52. Szymon Pugacz, zam. w Kowlu, ul. „Owszyja Sztejnbach” — handel maszynami do szycia i instru
mentami muzycznemi w Kowlu, przy ul.",https://polona.pl/preview/445e4a60-bc5e-4ea1-a980-e4408ee76f3d
2f304598-6718-4e41-bf1b-9846393a659c,"Obwieszczenia Publiczne : dodatek do Dziennika Urzędowego Ministerstwa Sprawiedliwości.   R.8, № 28 (8 marca 1924)",1924-03-08,4,"pierwiastkowej regulacji hipotecznej w ter
minach następujących:
d. 14 maja 1924.
1) Nieruchomość w Kowlu",https://polona.pl/preview/2f304598-6718-4e41-bf1b-9846393a659c
2f304598-6718-4e41-bf1b-9846393a659c,"Obwieszczenia Publiczne : dodatek do Dziennika Urzędowego Ministerstwa Sprawiedliwości.   R.8, № 28 (8 marca 1924)",1924-03-08,5,"Rynek — 8,5 metr. kw.„
nabyta przez Nuchima-Bera Chusyda od Jochwedy Rejder.
3) Nieruchomość w Kowlu,",https://polona.pl/preview/2f304598-6718-4e41-bf1b-9846393a659c
8f29b1f0-607c-4681-8578-eada52a24000,"Obwieszczenia Publiczne : dodatek do Dziennika Urzędowego Ministerstwa Sprawiedliwości.   R.8, № 28 A (8 marca 1924)",1924-03-08,63,"wciągnięto następujące firmy pod Ne Ne:
894 „Józef Barwikowski"", pracownia i sprzedaż wyrobów betono
wych w Kowlu 64

Obwieszczenia publiczne

Ne 28a

899 „Pesia Rojter"", handel materjałami piśmiennemi w Kowlu, ul. Pesia Rojter, zam. w Kowlu, przy ul.",https://polona.pl/preview/8f29b1f0-607c-4681-8578-eada52a24000
f2df8e25-42bf-4e29-9752-78d21b1f9f84,"Obwieszczenia Publiczne : dodatek do Dziennika Urzędowego Ministerstwa Sprawiedliwości.   R.8, № 30 (15 marca 1924)",1924-03-15,10,"Nuchim Twerski, zam. w Kowlu, przy ul. „Franciszek Labuś”, sprzedaż wyrobów tytuniowych w Kowlu,
przy ul. Nowo-Kolejowej 88. Właśc. „Nuchim Twerski”, handel wyrobami tytuniowemi w Kowlu, ul.
Kolejowa 13. Właśc. „Leon Lasota”, sklep artykułów spożywczych w Kowlu, przy ul.
Targowej 9. Właśc.",https://polona.pl/preview/f2df8e25-42bf-4e29-9752-78d21b1f9f84
f2df8e25-42bf-4e29-9752-78d21b1f9f84,"Obwieszczenia Publiczne : dodatek do Dziennika Urzędowego Ministerstwa Sprawiedliwości.   R.8, № 30 (15 marca 1924)",1924-03-15,2,"się wezwanego w powyższym terminie sprawa
będzie rozpoznana w jego nieobecności. 1378

Sąd pokoju w Kowlu Prużańskiego. 1380

Sąd pokoju w Kowlu, na zasadzie art. 58 1 i 309 1 U. P.",https://polona.pl/preview/f2df8e25-42bf-4e29-9752-78d21b1f9f84
f2df8e25-42bf-4e29-9752-78d21b1f9f84,"Obwieszczenia Publiczne : dodatek do Dziennika Urzędowego Ministerstwa Sprawiedliwości.   R.8, № 30 (15 marca 1924)",1924-03-15,11,"następującą firmę pod Na 967:
„Chaskiel Pomeranc”, hurtowy skład piwa i handel wyrobami tytunio-
wemi w Kowlu",https://polona.pl/preview/f2df8e25-42bf-4e29-9752-78d21b1f9f84
e1039650-b528-4871-8510-f1b94ef00550,"Obwieszczenia Publiczne : dodatek do Dziennika Urzędowego Ministerstwa Sprawiedliwości.   R.8, № 30 A (15 marca 1924)",1924-03-15,3,"Filję w Kowlu
i Pińsku zwinięto. Otwarto Oddział w Poznaniu. Dyrektor Thomas H.",https://polona.pl/preview/e1039650-b528-4871-8510-f1b94ef00550
e1039650-b528-4871-8510-f1b94ef00550,"Obwieszczenia Publiczne : dodatek do Dziennika Urzędowego Ministerstwa Sprawiedliwości.   R.8, № 30 A (15 marca 1924)",1924-03-15,1,"„Nuchim-Lejb Pugacz”—handel artykułami spożywczemi i sprze
daż papierosów w Kowlu, przy ul. „Jan Bielawa’—restauracja z wyszynkiem napojów wyskoko
wych w Kowlu, przy ul. Sienkiewicza N 2 29. „Szaja Giber”—sprzedaż wyrobów tytuniowych w Kowlu, ul. Luc
ka N° 175. Właśc. Szaja Giber, zamieszkały w Kowlu. Udzielono prokury
Wolfowi Barowi, zamieszkałemu w Kowlu, przy ul.",https://polona.pl/preview/e1039650-b528-4871-8510-f1b94ef00550
47bcdddc-87e3-4f51-a542-5fa0d22e8fa0,"Obwieszczenia Publiczne : dodatek do Dziennika Urzędowego Ministerstwa Sprawiedliwości.   R.8, № 31 (19 marca 1924)",1924-03-19,31,"tamże.
d. 8 marca 1924 r.
1012 „Zelman Zak"", handel artykułami spożywczemi i wyrobami ty-
tuniowemi w Kowlu",https://polona.pl/preview/47bcdddc-87e3-4f51-a542-5fa0d22e8fa0
3b146af4-e419-4545-a13a-25290240e7da,"Obwieszczenia Publiczne : dodatek do Dziennika Urzędowego Ministerstwa Sprawiedliwości.   R.8, № 32 (22 marca 1924)",1924-03-22,8,"Teodora Pru-
sika, przez niego sporządzony przed notarjuszem Wdziękońskim w Kowlu
w d. 25 lutego 1923",https://polona.pl/preview/3b146af4-e419-4545-a13a-25290240e7da
3b146af4-e419-4545-a13a-25290240e7da,"Obwieszczenia Publiczne : dodatek do Dziennika Urzędowego Ministerstwa Sprawiedliwości.   R.8, № 32 (22 marca 1924)",1924-03-22,31,"„Mojsze Kandel”, kawiarnia i sprzedaż wyrobów tytuniowych
w Kowlu, ul. Górka 7. Wlaśc. „Władysław Brodowski, handel artykułami spożywczemi w Kowlu,
ul. Górka 11. Właśc.",https://polona.pl/preview/3b146af4-e419-4545-a13a-25290240e7da
3b146af4-e419-4545-a13a-25290240e7da,"Obwieszczenia Publiczne : dodatek do Dziennika Urzędowego Ministerstwa Sprawiedliwości.   R.8, № 32 (22 marca 1924)",1924-03-22,13,"C., sąd pokoju w Kowlu obwieszcza,
iż decyzją z d. 31 stycznia 1924 r., opartą na decyzji sądu okręgowego",https://polona.pl/preview/3b146af4-e419-4545-a13a-25290240e7da
174f8f36-31f1-418d-b2ef-02a598c35a51,"Obwieszczenia Publiczne : dodatek do Dziennika Urzędowego Ministerstwa Sprawiedliwości.   R.8, № 33 (26 marca 1924)",1924-03-26,28,"Rejzia Ejchenbaum, handel spożywczy, galanteryjny i wyrobami
tytuniowemi w Kowlu, ul. Szloma Mełamed, hurtowy handel wyrobami tytuniowemi
w Kowlu, ul. Lucka 24. Właśc.",https://polona.pl/preview/174f8f36-31f1-418d-b2ef-02a598c35a51
0acacc23-de11-44f6-ab53-bd79e7715ff9,"Obwieszczenia Publiczne : dodatek do Dziennika Urzędowego Ministerstwa Sprawiedliwości.   R.8, № 35 (2 kwietnia 1924)",1924-04-02,13,"zatwierdzony w prawach spadku do 1 /9 części majątku po zmarłym
ojcu Abramie-Janklu Zysblacie, położonym w Kowlu",https://polona.pl/preview/0acacc23-de11-44f6-ab53-bd79e7715ff9
43c93c4a-e102-47a7-bbc2-48e59690f7b9,"Obwieszczenia Publiczne : dodatek do Dziennika Urzędowego Ministerstwa Sprawiedliwości.   R.8, № 36 (5 kwietnia 1924)",1924-04-05,1,"prawa swoje do pozostałego po jego
śmierci majątku nieruchomego we wsi Przygodzicze. 592

Sąd pokoju w Kowlu",https://polona.pl/preview/43c93c4a-e102-47a7-bbc2-48e59690f7b9
43c93c4a-e102-47a7-bbc2-48e59690f7b9,"Obwieszczenia Publiczne : dodatek do Dziennika Urzędowego Ministerstwa Sprawiedliwości.   R.8, № 36 (5 kwietnia 1924)",1924-04-05,30,"Icek Bauch, zam. w Kowlu, przy ul. Bejła Kaufman, zam.—
tamże.
1016 „Bejła Landa"", handel artykułami spożywczemi w Kowlu, ul. —tamże.
1021 „Chaja Wajnsztejn"", handel spożywczy w Kowlu, ul. Kolejo
wa 88. Istnieje od 1921 r. okręgowego w Łucku
w d. 8 marca 1924 r., wciągnięto następujące firmy pod N° Ne:
1014 „Icek Bauch"", bufet w Kowlu Chaja Wajnsztejn, zam. w Kowlu, przy
ul. Kolejowej 84. y",https://polona.pl/preview/43c93c4a-e102-47a7-bbc2-48e59690f7b9
43c93c4a-e102-47a7-bbc2-48e59690f7b9,"Obwieszczenia Publiczne : dodatek do Dziennika Urzędowego Ministerstwa Sprawiedliwości.   R.8, № 36 (5 kwietnia 1924)",1924-04-05,31,"32

Obwieszczenia publiczne

Ns 36

1022 „Szaja Majzlisz"", sprzedaż papierosów w Kowlu, ul. Szaja Majzlisz, zam. w Kowlu, przy ul. Jadwiga Burczyńska, zam. w Kowlu, przy ul. Górka 13.
1108 „Jowel-Ber Bronsztejn"", handel spożywczy w Kowlu, przy
ul. Łuckiej 142. Właśc. Chyl Segał, zam. — tamże. ,
1107 „Jadwiga Burczyńska"", handel spożywczy w Kowlu, przy
ul. Górka 3.",https://polona.pl/preview/43c93c4a-e102-47a7-bbc2-48e59690f7b9
a062b514-0445-45d0-bae9-4447c9aebbdb,"Obwieszczenia Publiczne : dodatek do Dziennika Urzędowego Ministerstwa Sprawiedliwości.   R.8, № 80 (5 kwietnia 1924)",1924-04-05,29,"Chynia Garber, zam. w Kowlu, ul. Strażacka 32.
Ubl. „eh.—H. Werner i M. Wspólnicy: Chaim Hersz Werner i Mojsze Ingber, obaj zamiesz
kali w Kowlu: pierwszy przy ul. 9, -Chynia Garber”, handel żelazem w Kowlu, ul. Lucka 38. Istnieje
^{asc. Srul Finkelsztejn, zam. w Kowlu, przy ul. Stra
żackiej 22.
d. 7 czerwca 1924 r.
a io 1 ? Ingber” w Kowlu, Włodzimierska 1.",https://polona.pl/preview/a062b514-0445-45d0-bae9-4447c9aebbdb
a062b514-0445-45d0-bae9-4447c9aebbdb,"Obwieszczenia Publiczne : dodatek do Dziennika Urzędowego Ministerstwa Sprawiedliwości.   R.8, № 80 (5 kwietnia 1924)",1924-04-05,31,"„Karol Olszowiec”, koncesjonowano-kaucjonowane biuro komi
sowe i techniczno-handlowe w Kowlu, przy ul Karol
Olszowiec, zam. w Kowlu, przy ul. Łuckiej 147.
d. 14 sierpnia 1924 r.
1460.",https://polona.pl/preview/a062b514-0445-45d0-bae9-4447c9aebbdb
a062b514-0445-45d0-bae9-4447c9aebbdb,"Obwieszczenia Publiczne : dodatek do Dziennika Urzędowego Ministerstwa Sprawiedliwości.   R.8, № 80 (5 kwietnia 1924)",1924-04-05,30,"„Icek Barg”, hotel „Belwiu”, w Kowlu, ul. Lucka 131. Istnieje od
1921 r. Właśc. Dawid Mycznik, zam.
w Kowlu, przy ul. Łuckiej 121.
1401. „Stanisław Włodarski”, handel obuwiem i przyborami szewskiemi
w Kowlu, ul. Lucka 118. „Poliszuk Cal”, handel galanterją w Kowlu, ul. Lucka 161. Istnieje
od 1906 r. Właśc. Marja Grinblat,
zam. w Kowlu, przy ul. Kolejowej 38.
d. 18 lipca 1924 r.
1424.",https://polona.pl/preview/a062b514-0445-45d0-bae9-4447c9aebbdb
a062b514-0445-45d0-bae9-4447c9aebbdb,"Obwieszczenia Publiczne : dodatek do Dziennika Urzędowego Ministerstwa Sprawiedliwości.   R.8, № 80 (5 kwietnia 1924)",1924-04-05,23,"Nuchem Wolf, zam. w Kole.
n j 5579 ; . rantom Pawłowski”, sklep rzeźniczy w Kowlu, przy ul.",https://polona.pl/preview/a062b514-0445-45d0-bae9-4447c9aebbdb
d6627617-e059-4db2-a041-8f17567fee88,"Obwieszczenia Publiczne : dodatek do Dziennika Urzędowego Ministerstwa Sprawiedliwości.   R.8, № 37 (9 kwietnia 1924)",1924-04-09,22,"Petent utrzymuje, że Piotr Zdżaniec
Powracając z Rosji, zmarł w wagonie w Kowlu w d. 14 listopada 1918",https://polona.pl/preview/d6627617-e059-4db2-a041-8f17567fee88
623c4806-8034-4eae-be21-9dda5a5a93a8,"Obwieszczenia Publiczne : dodatek do Dziennika Urzędowego Ministerstwa Sprawiedliwości.   R.8, № 38 (12 kwietnia 1924)",1924-04-12,29,"30

Obwieszczenia publiczne

Ns 38

1159 „Srul Sztofenberg"", handel wyrobami tytuniowemi w Kowlu,
przy Srul Sztofenberg, zam. w Kowlu, przy ul.",https://polona.pl/preview/623c4806-8034-4eae-be21-9dda5a5a93a8
623c4806-8034-4eae-be21-9dda5a5a93a8,"Obwieszczenia Publiczne : dodatek do Dziennika Urzędowego Ministerstwa Sprawiedliwości.   R.8, № 38 (12 kwietnia 1924)",1924-04-12,31,"1924 r. wciągnięto następującą firmę pod Nr. 1155:
„Mejer Pomeranc"", handel wyrobami tytuniowemi w Kowlu",https://polona.pl/preview/623c4806-8034-4eae-be21-9dda5a5a93a8
623c4806-8034-4eae-be21-9dda5a5a93a8,"Obwieszczenia Publiczne : dodatek do Dziennika Urzędowego Ministerstwa Sprawiedliwości.   R.8, № 38 (12 kwietnia 1924)",1924-04-12,24,"1924 r., wciągnięto następującą firmę pod Nr. 1106:
„Joś Sochaczewski"", handel wyrobami tytuniowemi w Kowlu",https://polona.pl/preview/623c4806-8034-4eae-be21-9dda5a5a93a8
545d9a0f-17e8-42f8-9cc1-d5fbab34e871,"Obwieszczenia Publiczne : dodatek do Dziennika Urzędowego Ministerstwa Sprawiedliwości.   R.8, № 40 (19 kwietnia 1924)",1924-04-19,30,". ~ handel galanterją w Kowlu, przy ul. Luckiei
^. stmeję od 1918 r.",https://polona.pl/preview/545d9a0f-17e8-42f8-9cc1-d5fbab34e871
b4b059a8-d099-433a-84d2-825199586a4d,"Obwieszczenia Publiczne : dodatek do Dziennika Urzędowego Ministerstwa Sprawiedliwości.   R.8, № 42 (26 kwietnia 1924)",1924-04-26,28,"Dawidowicz flron, zam. w Kowlu,
prz y ul. Maciejowskiej 83.
i _ 1092. „Linzen Hersz”, piwiarnia w Kowlu, ul. Łucka 38. Istnieje od
y l0 r. Właśc. „Rejder Cyrla”, handel spożywczy w Kowlu, ul. Łucka 195.
'stnieje od 1918 r. Właśc. Szechter Marjam, zam. w Kowlu, przy ul. Pomni
kowej 12 .
. 1061. Bronzaft Szulim,
arr >. w Kowlu, przy ul. Brzeskiej 38.
1090.",https://polona.pl/preview/b4b059a8-d099-433a-84d2-825199586a4d
b4b059a8-d099-433a-84d2-825199586a4d,"Obwieszczenia Publiczne : dodatek do Dziennika Urzędowego Ministerstwa Sprawiedliwości.   R.8, № 42 (26 kwietnia 1924)",1924-04-26,29,"Fridman Benjamin, zam. w Kowlu, przy
ul. Łuckiej 115.
1085. Gutman Idei, zam. w Kowlu, przy
ul. Listopadowej 74.
1087. Uszer Cuperfajn, zam. w Kowlu, przy
Handlowej 15.
1080. „Ajzen Dawid”, piwiarnia w Kowlu, ul. Mytnik Hersz, zam. w Kowlu, przy ul. Legjonowej 36.
1082. Mojech Olszecki, zam-
w Kowlu, przy ul. Maciejowskiej 38.
1078.",https://polona.pl/preview/b4b059a8-d099-433a-84d2-825199586a4d
b4b059a8-d099-433a-84d2-825199586a4d,"Obwieszczenia Publiczne : dodatek do Dziennika Urzędowego Ministerstwa Sprawiedliwości.   R.8, № 42 (26 kwietnia 1924)",1924-04-26,2,"niestawienia się pozwanych w oznaczonym terminie sprawa
^dzie osądzona w ich nieobecności. 2591
Sąd pokoju w Kowlu",https://polona.pl/preview/b4b059a8-d099-433a-84d2-825199586a4d
b4b059a8-d099-433a-84d2-825199586a4d,"Obwieszczenia Publiczne : dodatek do Dziennika Urzędowego Ministerstwa Sprawiedliwości.   R.8, № 42 (26 kwietnia 1924)",1924-04-26,3,"O. 41/23. 2595

Sąd pokoju w Kowlu, na zasadzie art. 1401 Cl. P. C. i art. 1239 (T. X
cz. I Zb. Pr. Sąd pokoju w Kowlu, na zasadzie art. 1401 CL P. C. i art. 1239 (T. ^
cz. 1 Zb. Pr.",https://polona.pl/preview/b4b059a8-d099-433a-84d2-825199586a4d
a7f21fd6-344c-49c8-a705-e099da18e039,"Obwieszczenia Publiczne : dodatek do Dziennika Urzędowego Ministerstwa Sprawiedliwości.   R.8, № 42 A (26 kwietnia 1924)",1924-04-26,30,"Szloma Kuperberq,
• ~~ tamże. y
■stniejp 123 , - Gołda Berenzon"", handel galanterją w Kowlu, ul. U1, krótkiej 109 r ' WłaŚC ‘ Gołda Berenzon, zamieszkała w Kowlu, przy P=J^ 8 -Hersz Fefer"", handel skórami surowemi i szczeciną w Kowlu.
a bryczna 37. Właśc.",https://polona.pl/preview/a7f21fd6-344c-49c8-a705-e099da18e039
a7f21fd6-344c-49c8-a705-e099da18e039,"Obwieszczenia Publiczne : dodatek do Dziennika Urzędowego Ministerstwa Sprawiedliwości.   R.8, № 42 A (26 kwietnia 1924)",1924-04-26,14,"wciągnięto następującą firmę pod Nr. 1153:
„Josif Spiwak"", handel galanterją i konfekcją dziecinną w Kowlu",https://polona.pl/preview/a7f21fd6-344c-49c8-a705-e099da18e039
a7f21fd6-344c-49c8-a705-e099da18e039,"Obwieszczenia Publiczne : dodatek do Dziennika Urzędowego Ministerstwa Sprawiedliwości.   R.8, № 42 A (26 kwietnia 1924)",1924-04-26,22,"Wspólnicy: Ira Tuller, Frajter Rubinsztejn i ftron Franc,
u] tyscy zamieszkali w Kowlu: pierwszy przy",https://polona.pl/preview/a7f21fd6-344c-49c8-a705-e099da18e039
a7f21fd6-344c-49c8-a705-e099da18e039,"Obwieszczenia Publiczne : dodatek do Dziennika Urzędowego Ministerstwa Sprawiedliwości.   R.8, № 42 A (26 kwietnia 1924)",1924-04-26,31,"Srul Jucht, zamieszkały w Kowlu,
przy ul. Handlowej 47.
1129 „Paja Linzen"", piwiarnia w Kowlu, ul. Pesia Muszczycka, zamieszka' 3
w Kowlu, przy ul. Ejdla Watenmacher, za-
mieszkała w Kowlu, przy ul. Chaja Zyskind, zamieszkała w Kowlu, przy
ul. Motel Maluszka, zamieszkały
w Kowlu, przy ul.",https://polona.pl/preview/a7f21fd6-344c-49c8-a705-e099da18e039
703d0d66-f6f4-451e-9638-08f04b344b21,"Obwieszczenia Publiczne : dodatek do Dziennika Urzędowego Ministerstwa Sprawiedliwości.   R.8, № 43 (30 kwietnia 1924)",1924-04-30,24,"„Hersz Lejb Curyf”, handel artykułami spożywczemi w Kowlu,
Pomnikowa 33; wlaśc. Ela Finkielsztejn, zam.
w Kowlu, przy ul. Targowej 4.
d. 13 marca 1924 r.
1066. „Bronisław Szterba”, handel wyrobami masarskiemi w Kowlu,
ul, Sienkiewicza 21. Nojech Rojzen, zam. w Kowlu, przy ul. Macie
jowskiej 17.
1070. „Nojech Rojzen’, handel gotowemi ubraniami w Kowlu, Rynek2.
istnieje od 1922 r.; własc.",https://polona.pl/preview/703d0d66-f6f4-451e-9638-08f04b344b21
4885526c-bae0-4d03-8b1a-21d868b1afe5,"Obwieszczenia Publiczne : dodatek do Dziennika Urzędowego Ministerstwa Sprawiedliwości.   R.8, № 44 (3 maja 1924)",1924-05-03,8,"„Elka Winter’, handel spożywczy w Kowlu, ul. Mickiewicza 4.
Istnieje od 1902 r. Właśc. „Frejden Frejda”, handel skórami i przyborami szewckiemi
w Kowlu, ul. Łucka 20. Istnieje od 1918 r. Elka Winter, zam. w Kowlu, przy ul. Mickie
wicza 28.
d. 17 marca 1924 r.
1096. „Szulim Rojzen”, sprzedaż szkła i naczyń szklanych w Kowlu,
ul. Maciejowska 17. Istnieje od 1920 r.",https://polona.pl/preview/4885526c-bae0-4d03-8b1a-21d868b1afe5
4885526c-bae0-4d03-8b1a-21d868b1afe5,"Obwieszczenia Publiczne : dodatek do Dziennika Urzędowego Ministerstwa Sprawiedliwości.   R.8, № 44 (3 maja 1924)",1924-05-03,20,"Wspólnicy:
Froim Kusznir i Boruch Grinberg, obaj zamieszkali w Kowlu przy ul. Pias-
kowej 24.",https://polona.pl/preview/4885526c-bae0-4d03-8b1a-21d868b1afe5
eacf2984-b611-45d2-ad43-240f602bb295,"Obwieszczenia Publiczne : dodatek do Dziennika Urzędowego Ministerstwa Sprawiedliwości.   R.8, № 47 (14 maja 1924)",1924-05-14,15,"„Antoni Bugień”, sprzedaż wyrobów tytuniowych w Kowlu przy
ul. Łuckiej Na 130.",https://polona.pl/preview/eacf2984-b611-45d2-ad43-240f602bb295
ff08cb8e-9efb-40ee-8f02-05d2a7e8b60f,"Obwieszczenia Publiczne : dodatek do Dziennika Urzędowego Ministerstwa Sprawiedliwości.   R.8, № 48 (17 maja 1924)",1924-05-17,28,"Ruwin Borek, zam. w Kowlu, przy ul. Aptekar
skiej 32.
1142. Michel Ejdelsztejn, zam. w Kowlu, przy ul. Apte
karskiej 18.
1140. Furszteler Chaim, zam. w Kowlu, przy ul. Nowy-
Swiat 21.
1138. Cal Ćwik, zam. w Kowlu, przy ul. Guz Pinchas, zam. w Kowlu, przy ul. Stra-
Za ckiej 11.
1130. „Sziper Masza”, kawiarnia w Kowlu, ul.",https://polona.pl/preview/ff08cb8e-9efb-40ee-8f02-05d2a7e8b60f
ff08cb8e-9efb-40ee-8f02-05d2a7e8b60f,"Obwieszczenia Publiczne : dodatek do Dziennika Urzędowego Ministerstwa Sprawiedliwości.   R.8, № 48 (17 maja 1924)",1924-05-17,16,"Fidel Złata, zamieszkała w Kowlu przy ul. Foksal 13.
1103. Kowalski Srul, zamieszkały w Kowlu
Przy ul. Brzeskiej 51. Gorin Dawid, zamieszkały w Kowlu przy ul. Krótkiej 60.
1105. Zelman Atłas, zamieszkały w Kowlu przy ul. Stra
żackiej 24.
1102. Szyk Hersz, zamieszkały w Kowlu przy ul. Mieszczańskiej 12.
1101.",https://polona.pl/preview/ff08cb8e-9efb-40ee-8f02-05d2a7e8b60f
ff08cb8e-9efb-40ee-8f02-05d2a7e8b60f,"Obwieszczenia Publiczne : dodatek do Dziennika Urzędowego Ministerstwa Sprawiedliwości.   R.8, № 48 (17 maja 1924)",1924-05-17,17,"Goryń Jankiel, zamieszkały w Kowlu przy ul. Tar
gowej 18.
1114. Bachowicz Szmul, zamieszkały
w Kowlu przy ul. Krótkiej 7.
1116. „Hochman Ajzik”, handel mięsem w Kowlu, ul. Handlowa 23.
Istnieje od 1921 r. Właśc. Barańska Florentyna, zamieszkała
w Kowlu przy ul. Dzikiej 18.
1111. Hochman Ajzik, zamieszkały w Kowlu przy ul.
Włodzimierskiej 24’.
1113.",https://polona.pl/preview/ff08cb8e-9efb-40ee-8f02-05d2a7e8b60f
3b2a90fa-9c14-417f-a02d-763459806283,"Obwieszczenia Publiczne : dodatek do Dziennika Urzędowego Ministerstwa Sprawiedliwości.   R.8, № 48 A (17 maja 1924)",1924-05-17,12,"Zemel Kojfa, zam. w Kowlu, przv ul. . — tamże.
d. 8 kwietnia 1924 r.
1171 „Wojciech Kiełbasa"" wędliniarnia w Kowlu, ul. Górka 5. Właśc. Wojciech Kiełbasa, zam. — tamże.
d. 10 kwietnia 1924 r.
1176 „Zemel Kojfa"" handel wyrobami tytuniowemi w Kowlu",https://polona.pl/preview/3b2a90fa-9c14-417f-a02d-763459806283
3d624fef-e95f-41a3-8c79-589fec7411e0,"Obwieszczenia Publiczne : dodatek do Dziennika Urzędowego Ministerstwa Sprawiedliwości.   R.8, № 52 (31 maj 1924)",1924-05-31,31,"„Wiktor - Mieczysław Krukowski”, hurtownia wódek w Kowlu,
Włodzimierska 5. Istnieje od 1921 r. Wiktor-Mieczysław Krukowski,
zam. w Kowlu, przy ul. Kościelnej 18.
d. 26 kwietnia 1924 r.:
1222.",https://polona.pl/preview/3d624fef-e95f-41a3-8c79-589fec7411e0
b5f86edb-c031-4310-af11-a2caa1abe13e,"Obwieszczenia Publiczne : dodatek do Dziennika Urzędowego Ministerstwa Sprawiedliwości.   R.8, № 55 (11 czerwca 1924)",1924-06-11,20,"Jankiel Poryckier, zam. w Kowlu,
przy ul. Maciejowskiej 5. ,,,,,, ^ . ■
1209. Mozes Dunajewiecki, zam. w Kowlu,
ul. Łucka 42. , . ,
1199. „Mozes Dunajewiecki”, hg/del towarem ludowym w Kowlu, ul.
Lucka 59. Istnieje od 1922 r. Właśc. „Nuchim Kirszenbaum”, sprzedaż skóry i narzędzi szewckich
w Kowlu, ul. Łucka 18. „Hersz Worcel”, handel żelazem w Kowlu, ul. Łucka 11. Istnieje
od 1890 r. Właśc.",https://polona.pl/preview/b5f86edb-c031-4310-af11-a2caa1abe13e
b5f86edb-c031-4310-af11-a2caa1abe13e,"Obwieszczenia Publiczne : dodatek do Dziennika Urzędowego Ministerstwa Sprawiedliwości.   R.8, № 55 (11 czerwca 1924)",1924-06-11,18,"Wspólnicy: Abel Szpruch i Michel Rojzen, obaj zamieszkali w Kowlu:
pierwszy przy ul. „Jan Szytler”, kawiarnia w Kowlu, przy ul. Nowo-Kolejowej 70.
Właśc. Jan Golenko, zam. w Kowlu. „Neoniła Łysakowska”, handel artykułami spożywczemi w Kowlu,
ul. Pomnikowa 17. Właśc. „Michel Rojzen i Abel Szpruch” w Kowlu, przy ul. Dużo-Wło-
dzimierskiej 3.",https://polona.pl/preview/b5f86edb-c031-4310-af11-a2caa1abe13e
84002901-6a4c-4a48-8512-16db605faf46,"Obwieszczenia Publiczne : dodatek do Dziennika Urzędowego Ministerstwa Sprawiedliwości.   R.8, № 56 (14 czerwca 1924)",1924-06-14,20,"firmę pod N° 1297:
„Chana-Pesia Goldszmidt”, handel materjałami piśmiennemi i wyro
bami tytoniowemi w Kowlu Chana-Pesia Goldszmidt,
zam. w Kowlu, przy ul.",https://polona.pl/preview/84002901-6a4c-4a48-8512-16db605faf46
84002901-6a4c-4a48-8512-16db605faf46,"Obwieszczenia Publiczne : dodatek do Dziennika Urzędowego Ministerstwa Sprawiedliwości.   R.8, № 56 (14 czerwca 1924)",1924-06-14,28,"Biliński,
w Krzemieńcu Wacław Popowski, w Ostrogu Ludwik Wojciechowski, w Sar
nach Józef Berezowski, w Kowlu",https://polona.pl/preview/84002901-6a4c-4a48-8512-16db605faf46
a31bd9f3-e4ad-43bf-936d-519fbd247df3,"Obwieszczenia Publiczne : dodatek do Dziennika Urzędowego Ministerstwa Sprawiedliwości.   R.8, № 57 (18 czerwca 1924)",1924-06-18,30,"„Pinchas Godomiczer”, handel towarami łokciowemi w Kowlu,
Lucka 110. Właśc. „Jan Różański”, sprzedaż przyborów myśliwskich w Kowlu,
Lucka 133. Istnieje od 1922 r. Właśc. Jan Różański, zam. w Kowlu, przy
ul. Kościuszki 9.
1321.",https://polona.pl/preview/a31bd9f3-e4ad-43bf-936d-519fbd247df3
b267a341-c32c-48f7-b58b-7cbde60f819b,"Obwieszczenia Publiczne : dodatek do Dziennika Urzędowego Ministerstwa Sprawiedliwości.   R.8, № 59 (25 czerwca 1924)",1924-06-25,21,"Zelman Rejder, zam. w Kowlu, przy
ul. Cerkiewnej 23. „Bencjon Guz”, handel żelazem w Kowlu, ul. Łucka 59. Właśc. „Chasia Frankfowicz”, handel artykułami spożywczemi w Kowlu,
ul. Nowo-Kolejowa 2. Chasia Frankfowicz, zam.
w Kowlu, przy ul. Pomnikowej 37.
1210. „Chaim Guz”, handel żelazem w Kowlu, ul. Łucka 10. istnieje
od 1921 r. Właśc.",https://polona.pl/preview/b267a341-c32c-48f7-b58b-7cbde60f819b
b267a341-c32c-48f7-b58b-7cbde60f819b,"Obwieszczenia Publiczne : dodatek do Dziennika Urzędowego Ministerstwa Sprawiedliwości.   R.8, № 59 (25 czerwca 1924)",1924-06-25,22,"„Szloma-Michel Szapiro”, handel towarami ludowemi w Kowlu,
ul. Lucka 3. Istnieje od 1923 r. Wlaśc. „Jeruchim Finkielsztejn”, bufet słodki i owocowy w Kowlu, ul.
' Lucka 157. Właśc. „Szyja Kamin”, handel artykułami spożywczemi i delikatesami
w Kowlu, ul. Lucka 163.",https://polona.pl/preview/b267a341-c32c-48f7-b58b-7cbde60f819b
ce7cc465-061d-4d65-8e76-1f91ac6f74dc,"Obwieszczenia Publiczne : dodatek do Dziennika Urzędowego Ministerstwa Sprawiedliwości.   R.8, № 60 (28 czerwca 1924)",1924-06-28,12,"Bakuna
przez niego sporządzony przez Wiktora Zawojskiego zastępcę ftdolfa Horo-
deckiego, notarjusza w Kowlu",https://polona.pl/preview/ce7cc465-061d-4d65-8e76-1f91ac6f74dc
ce7cc465-061d-4d65-8e76-1f91ac6f74dc,"Obwieszczenia Publiczne : dodatek do Dziennika Urzędowego Ministerstwa Sprawiedliwości.   R.8, № 60 (28 czerwca 1924)",1924-06-28,29,"Kowelskiej 1.
d. 20 maja 1924 r.
1311. .Wolf Lejwi”, handel artykułami spożywczemi w Kowlu, ul. „Bejrisz Rabinerzon”, handel obuwiem w Kowlu, ul. Lucka 49.
Istnieje od 1885 r. Właśc. „lcko Lewin ”, drobny handel galanterją w Kowlu, ul. Lucka 9.
Istnieje od 1914 r. Właśc. lcko Lewin”, zam. w Kowlu, przy ul. Kościelnej 4.
d. 13 maja 1924 r.
1969. Wolf Lejwi, zam. w Kowlu, przy ul.",https://polona.pl/preview/ce7cc465-061d-4d65-8e76-1f91ac6f74dc
ce7cc465-061d-4d65-8e76-1f91ac6f74dc,"Obwieszczenia Publiczne : dodatek do Dziennika Urzędowego Ministerstwa Sprawiedliwości.   R.8, № 60 (28 czerwca 1924)",1924-06-28,25,"„Icko Bruszankier”, handel artykułami spożywczemi w Kowlu,
ul. Kolejowa 48. Istnieje od 1922 r. Mordko Stepak,
zam. w Kowlu, przy ul. Łuckiej 69.
d. 7 maja 1924 r.
1253. „Mordko Stepak”, handel artykułami spożywczemi, żelazem
i sitami w Kowlu, ul. Lucka 80. „Icek Zokner”, handel artykułami spożywczemi w Kowlu, ul.
Łucka 158. Istnieje od 1920 r. Właśc. „Motel Wydra”, handel ludowemi towarami w Kowlu, ul. Lucka 42.
Istnieje od 1912 r. Właśc.",https://polona.pl/preview/ce7cc465-061d-4d65-8e76-1f91ac6f74dc
cc2307a1-0bd2-4630-8866-de2b4c085b90,"Obwieszczenia Publiczne : dodatek do Dziennika Urzędowego Ministerstwa Sprawiedliwości.   R.8, № 61 (2 lipca 1924)",1924-07-02,2,"po raz pierwszy, zgłosili swoje prawa do pozostałego po jej śmierci ma
jątku. 4003—3—1
Sąd pokoju w Kowlu",https://polona.pl/preview/cc2307a1-0bd2-4630-8866-de2b4c085b90
cc2307a1-0bd2-4630-8866-de2b4c085b90,"Obwieszczenia Publiczne : dodatek do Dziennika Urzędowego Ministerstwa Sprawiedliwości.   R.8, № 61 (2 lipca 1924)",1924-07-02,0,"i za prowadzenie sprawy; nadania wyrokowi rygoru natych
miastowej wykonalności. 4039

Sąd pokoju w Kowlu",https://polona.pl/preview/cc2307a1-0bd2-4630-8866-de2b4c085b90
66827c04-dc59-4b2b-b031-63613e0723f0,"Obwieszczenia Publiczne : dodatek do Dziennika Urzędowego Ministerstwa Sprawiedliwości.   R.8, № 62 (5 lipca 1924)",1924-07-05,30,"1924 r., wciągnięto następującą firmę pod N° 1340:
„Władysław Jaroszewicz i S-ka”, spółka firmowa w Kowlu",https://polona.pl/preview/66827c04-dc59-4b2b-b031-63613e0723f0
66827c04-dc59-4b2b-b031-63613e0723f0,"Obwieszczenia Publiczne : dodatek do Dziennika Urzędowego Ministerstwa Sprawiedliwości.   R.8, № 62 (5 lipca 1924)",1924-07-05,22,"Meier Rojzen, zam. tamże.
d. 15 maja 1924 r.
1290 Abram Citryn”, kawiarnia i sprzedaż słodyczy w Kowlu „Olga Choromańska”, handel wyrobami tytuniowemi w Kowlu,
ul. Sienkiewicza 43. Istnieje od 1921 r. Aron Gutman”, handel ubraniami gotowemi w Kowlu, ul. Ry
nek 26. Istnieje od 1921 r. Właśc. Aron Gutman, zamieszk. w Kowlu, przy
ul. Ogrodowej 14.
d. 6 czerwca 1924 r.
1342. Citryn, zam. tamże.
d. 20 maja 1924 r.
1307 „Szepsel Gutman”, handel gotowemi ubraniami ludowemi
w Kowlu",https://polona.pl/preview/66827c04-dc59-4b2b-b031-63613e0723f0
5bb5957b-8942-4481-a5ce-5533cbb1fc8d,"Obwieszczenia Publiczne : dodatek do Dziennika Urzędowego Ministerstwa Sprawiedliwości.   R.8, № 63 (9 lipca 1924)",1924-07-09,23,"Handel artykułami spożywczemi i galanterją
w Kowlu, ul. Staro - Kolejowa 43. Istnieje od 1920 r. Księgarnia w Kowlu, ul. Kolejowa 88. Istnieje
od 1923 r. Właśc. Sprzedaż farb i tapet w Kowlu, ul. Lucka 160.
Istnieje, od 1904 r. Właśc. Duwid Łangier, zam. tamże. Handel galanterją w Kowlu, Lucka 129. Właśc.
Ruchla Chazen, zam. tamże.
d. 13 maja 1924 r.
1265.",https://polona.pl/preview/5bb5957b-8942-4481-a5ce-5533cbb1fc8d
5bb5957b-8942-4481-a5ce-5533cbb1fc8d,"Obwieszczenia Publiczne : dodatek do Dziennika Urzędowego Ministerstwa Sprawiedliwości.   R.8, № 63 (9 lipca 1924)",1924-07-09,31,"czerwca 1924 r. wciągnięto następującą firmę pod N° 1357:
„Chil Ejbuszyc”, handel galanterją i obuwiem w Kowlu",https://polona.pl/preview/5bb5957b-8942-4481-a5ce-5533cbb1fc8d
5bb5957b-8942-4481-a5ce-5533cbb1fc8d,"Obwieszczenia Publiczne : dodatek do Dziennika Urzędowego Ministerstwa Sprawiedliwości.   R.8, № 63 (9 lipca 1924)",1924-07-09,24,"Handel drzewem i deskami w Kowlu, ul. Dużo-
Włodzimierska 18. Istnieje od 1921 r. Właśc.",https://polona.pl/preview/5bb5957b-8942-4481-a5ce-5533cbb1fc8d
0def50a3-6449-4aa3-9610-9d135c497ff9,"Obwieszczenia Publiczne : dodatek do Dziennika Urzędowego Ministerstwa Sprawiedliwości.   R.8, № 64 (12 lipca 1924)",1924-07-12,31,"Kropiwnikier i S-ka”, w Kowlu,
Listopadowa 28. Wspólnicy: Mozes Kropiwnikier, Mendel Fefer i Szyja Cyn,
wszyscy zamieszkali w Kowlu: pierwszy. przy",https://polona.pl/preview/0def50a3-6449-4aa3-9610-9d135c497ff9
0def50a3-6449-4aa3-9610-9d135c497ff9,"Obwieszczenia Publiczne : dodatek do Dziennika Urzędowego Ministerstwa Sprawiedliwości.   R.8, № 64 (12 lipca 1924)",1924-07-12,19,"C., sąd pokoju w Kowlu obwieszcza,
iż decyzją z d. 26/111 i 21 /V 1924 r., opartą na decyzji sądu okręgowego",https://polona.pl/preview/0def50a3-6449-4aa3-9610-9d135c497ff9
2b78893c-7027-437c-9db2-c0094b7181a6,"Obwieszczenia Publiczne : dodatek do Dziennika Urzędowego Ministerstwa Sprawiedliwości.   R.8, № 65 (16 lipca 1924)",1924-07-16,15,"1924 r. wciągnięto następującą firmę pod N° 1315:
„Leja Lejkach” — handel artykułami spożywczemi w Kowlu",https://polona.pl/preview/2b78893c-7027-437c-9db2-c0094b7181a6
7788a2ea-fb16-44f2-bccf-0fe60af0241a,"Obwieszczenia Publiczne : dodatek do Dziennika Urzędowego Ministerstwa Sprawiedliwości.   R.8, № 70 (2 sierpnia 1924)",1924-08-02,14,"„Aszkenazy Szloma” — handel przyborami piśmiennemi w Kowlu,
ul. Lucka 69. Istnieje od 1894 r. „Mordko Ajzenberg” — handel gotowym ubraniem i chustkami
w Kowlu, ul. Włodzimierska 2. „Julja Babicka”, handel artykułami spożywczemi w Kowlu, ul.
Kolejowa 36. Istnieje od 1922 r. Właśc. „lcko Berezowicz — handel galanterją i obuwiem w Kowlu, ul.
Lucka 142. Istnieje od 1918 r.",https://polona.pl/preview/7788a2ea-fb16-44f2-bccf-0fe60af0241a
9d2b6521-3c7a-44e9-98d3-3544e8a9ef0a,"Obwieszczenia Publiczne : dodatek do Dziennika Urzędowego Ministerstwa Sprawiedliwości.   R.8, № 72 (9 sierpnia 1924)",1924-08-09,25,"„Cynamon Sosia”, handel naczyniem kuchennem w Kowlu,
ul. Łucka 5. Istnieje od 1910 r. Właśc. Cynamon Sosia, zamieszkała w Kowlu,
przy ul. Brzeskiej 6.
w Kowlu, ul. Brandla Sztejngardt, zam. tamże.
d. 27 maja 1924 r.
1338. .Krauze Tauba”, handel galanterją w Kowlu, „Jankiel Kagan”, handel galanterją w Kowlu, ul. Kolejowa 11.
Istnieje od 1910 r. Właśc.",https://polona.pl/preview/9d2b6521-3c7a-44e9-98d3-3544e8a9ef0a
9d2b6521-3c7a-44e9-98d3-3544e8a9ef0a,"Obwieszczenia Publiczne : dodatek do Dziennika Urzędowego Ministerstwa Sprawiedliwości.   R.8, № 72 (9 sierpnia 1924)",1924-08-09,27,"„Jankiel-Łuzer Goldberg” — handel galanterją i gotowemi ubra
niami w Kowlu, ul. Staro Kolejowa 43.",https://polona.pl/preview/9d2b6521-3c7a-44e9-98d3-3544e8a9ef0a
9d2b6521-3c7a-44e9-98d3-3544e8a9ef0a,"Obwieszczenia Publiczne : dodatek do Dziennika Urzędowego Ministerstwa Sprawiedliwości.   R.8, № 72 (9 sierpnia 1924)",1924-08-09,28,"„Ita Szerman” — handel gotowemi ubraniami w Kowlu, ul. Lu
cka 30. Istnieje od .1920 r. Właśc. „Szyja Klejner” — handel obuwiem w Kowlu, ul. Lucka 132. Ist
nieje od 1922 r. Właśc. „Bejla Tenenbaum”—handel artykułami spożywczemi w Kowlu,
ul. Kolejowa 49. Istnieje od 1923 r. „Mojsze Ledersznajder”—pracownia i sprzedaż ubrań ludowych
w Kowlu, ul. Łucka 20.",https://polona.pl/preview/9d2b6521-3c7a-44e9-98d3-3544e8a9ef0a
65208553-b5d4-4b10-9464-cc6a5ac95106,"Obwieszczenia Publiczne : dodatek do Dziennika Urzędowego Ministerstwa Sprawiedliwości.   R.8, № 73 (13 sierpnia 1924)",1924-08-13,28,"zmianę wpis Na 2:
Firma brzmieć będzie: „Polski Bank Handlowy Towarzystwo Akcyjne
„Poznań”, Oddział w Kowlu sądu okręgowego w Łucku w d. 19 lipca
1924 r. pod N° 43 przy firmie: „Polski Bank Handlowy, Oddział w Kowlu",https://polona.pl/preview/65208553-b5d4-4b10-9464-cc6a5ac95106
65208553-b5d4-4b10-9464-cc6a5ac95106,"Obwieszczenia Publiczne : dodatek do Dziennika Urzędowego Ministerstwa Sprawiedliwości.   R.8, № 73 (13 sierpnia 1924)",1924-08-13,17,"„Cywja Kwaśnik”— drobny handel delikatesami w Kowlu, ul. Łu
cka 145. Istnieje od 1918 r. Właśc. „Eijasz Jakubowski”—kawiarnia w Kowlu, ul. Kolejowa 69. Ist
nieje od 16 września 1923 r. Właścic.",https://polona.pl/preview/65208553-b5d4-4b10-9464-cc6a5ac95106
65208553-b5d4-4b10-9464-cc6a5ac95106,"Obwieszczenia Publiczne : dodatek do Dziennika Urzędowego Ministerstwa Sprawiedliwości.   R.8, № 73 (13 sierpnia 1924)",1924-08-13,18,"Wspól
nicy: Hersz i Naftuli Grojsery, obaj zamieszkali w Kowlu, przy ul. Łuckiej 59. „Motel Jucht” — handel artykułami spożywczemi w Kowlu, ul.
Brzeska 8. Właśc. „Hersz i Naftuli Grojsery” w Kowlu, Lucka 59.",https://polona.pl/preview/65208553-b5d4-4b10-9464-cc6a5ac95106
2adeecd4-e417-42de-95f8-e6b729def9a7,"Obwieszczenia Publiczne : dodatek do Dziennika Urzędowego Ministerstwa Sprawiedliwości.   R.8, № 74 (16 sierpnia 1924)",1924-08-16,15,"Leon Kopecki, zam.
w Kowlu, przy ul. wiem w Kowlu, ul. Lucka 156. Istnieje od 1920 r. Właśc. „Jakób-Hersz Poliszuk”—handel galanterją i instrumentami mu-
zycznemi w Kowlu, ul. Lucka 161. „Lejb Galperin” handel naczyniami kuchennemi w Kowlu, ul.
Lucka 25. Właśc. „Józef Bursztejn” — handel obuwiem w Kowlu, ul. Lucka 65.
Istnieje od 1922 r. Właśc.",https://polona.pl/preview/2adeecd4-e417-42de-95f8-e6b729def9a7
2adeecd4-e417-42de-95f8-e6b729def9a7,"Obwieszczenia Publiczne : dodatek do Dziennika Urzędowego Ministerstwa Sprawiedliwości.   R.8, № 74 (16 sierpnia 1924)",1924-08-16,14,"Abram Gold
berg, zam. w Kowlu, przy ul. Sienkiewicza 43.
1279. Mordko Ojwental, zam. w Kowlu, przy
ul. Maciejowskiej 7.
1280. „Michał Dichter” — handel artykułami spożywczemi w Kowlu,
ul. Chaim Szwarc, zam.
w Kowlu, przy ul. Kolejowej 4.
1278. Icko Lejb Erlich, zam. w Kowlu, przy
ul. Krótkiej 40.
1266.",https://polona.pl/preview/2adeecd4-e417-42de-95f8-e6b729def9a7
2adeecd4-e417-42de-95f8-e6b729def9a7,"Obwieszczenia Publiczne : dodatek do Dziennika Urzędowego Ministerstwa Sprawiedliwości.   R.8, № 74 (16 sierpnia 1924)",1924-08-16,13,"„Żurach Zafran”, handel żelazem w Kowlu, ul. Lucka 16. I st
nieje od 1893 r. Właśc. Laks Chaskiel, zam, w Kowlu, pr z “
ul. Aptecznej 36.
d. 25 kwietnia 1924 r.
1196. „Wolf Erlich”—handel lampami i szkłem w Kowlu, ul. Lucka
Istnieje od 1914 r. Właśc. Wolf Erlich, zam. w Kowlu, przy ul. Brzeskiej o- „Klara Brener”—bufet w Kowlu, Lucka 134. Istnieje od 1923 r-
Właśc.",https://polona.pl/preview/2adeecd4-e417-42de-95f8-e6b729def9a7
10d237da-d64b-457e-b670-d847ca3a8c4b,"Obwieszczenia Publiczne : dodatek do Dziennika Urzędowego Ministerstwa Sprawiedliwości.   R.8, № 75 (20 sierpnia 1924)",1924-08-20,3,"spadek będzie
przyznany tylko tym, którzy zgłoszą i udowodnią swoje prawa spadkowe.
5065

Sąd pokoju w Kowlu",https://polona.pl/preview/10d237da-d64b-457e-b670-d847ca3a8c4b
10d237da-d64b-457e-b670-d847ca3a8c4b,"Obwieszczenia Publiczne : dodatek do Dziennika Urzędowego Ministerstwa Sprawiedliwości.   R.8, № 75 (20 sierpnia 1924)",1924-08-20,31,"Chaim Motiuk, zam. w Kowlu,
przy ul. Mało-Włodzimierskiej 37.
d. 24 czerwca 1924 r.
1369. „Chaim Motiuk”, handel artykułami spożywczemi w Kowlu,
ul. Brzeska 5. Istnieje od 1890 r. Właśc. „Abram Tojbicz”, skład piwa, porteru i miodu w Kowlu, przy
ul. Brzeskiej 39. Istnieje od 1894 r.",https://polona.pl/preview/10d237da-d64b-457e-b670-d847ca3a8c4b
10d237da-d64b-457e-b670-d847ca3a8c4b,"Obwieszczenia Publiczne : dodatek do Dziennika Urzędowego Ministerstwa Sprawiedliwości.   R.8, № 75 (20 sierpnia 1924)",1924-08-20,21,"„Chana Gołąbka"", handel galanterją i konfekcją w Kowlu, ul.
Łucka 38. Właśc. Djanowski Jerzy, zam. w Kowlu, przy ul. „Baranik Zysia”, jadłodajnia w Kowlu, przy ul. Łuckiej 147.
Istnieje od 1918 r. Właśc. „Djanowski Jerzy”, handel galanterją w Kowlu, ul. Lucka 107.
Istnieje od 1923 r. Właśc. „Mojsze Woliweler”, handel artykułami spoźywczemi i wyrobami
tytoniowemi w Kowlu, ul. Lucka 18.",https://polona.pl/preview/10d237da-d64b-457e-b670-d847ca3a8c4b
6b99d55f-d15e-4c4e-ae14-676e854e58f7,"Obwieszczenia Publiczne : dodatek do Dziennika Urzędowego Ministerstwa Sprawiedliwości.   R.8, № 76 (23 sierpnia 1924)",1924-08-23,23,"„Aron Fradelis”, handel jubilerski i sprzedaż zegarków w Kowlu,
przy ul. Łuckiej 127. „Zofja Prażmowska’’, Apteka w Kowlu, przy ul. Łuckiej 168. Ist
nieje od 1890 r. Właśc. „Jan Segert’’, restauracja w Kowlu, Powórsk. Istnieje od 1922 r.
Właśc. Jan Segert, zamieszkały w Kowlu, przy ul. Poprzecznej 14.
d. 16 lipca 1924 r.
1402. „Bass Wolf”, handel biżuterią w Kowlu, przy ul. Łuckiej 147.
Istnieje od 1895 r. Właśc.",https://polona.pl/preview/6b99d55f-d15e-4c4e-ae14-676e854e58f7
6b99d55f-d15e-4c4e-ae14-676e854e58f7,"Obwieszczenia Publiczne : dodatek do Dziennika Urzędowego Ministerstwa Sprawiedliwości.   R.8, № 76 (23 sierpnia 1924)",1924-08-23,7,"Be
nedykta w Kowlu majątku, położonego w folwarku Gnidawa, przy wsi Gurka-
Połonna, pow.",https://polona.pl/preview/6b99d55f-d15e-4c4e-ae14-676e854e58f7
6b99d55f-d15e-4c4e-ae14-676e854e58f7,"Obwieszczenia Publiczne : dodatek do Dziennika Urzędowego Ministerstwa Sprawiedliwości.   R.8, № 76 (23 sierpnia 1924)",1924-08-23,24,"„Gierszon Cukierman”, handel gotowemi ubraniami w Kowlu*
ul. Lucka 18. Istnieje pd 1922 r. Właśc.",https://polona.pl/preview/6b99d55f-d15e-4c4e-ae14-676e854e58f7
6b99d55f-d15e-4c4e-ae14-676e854e58f7,"Obwieszczenia Publiczne : dodatek do Dziennika Urzędowego Ministerstwa Sprawiedliwości.   R.8, № 76 (23 sierpnia 1924)",1924-08-23,22,"Wspólnicy: Elkuna Goidfeder i Gesel Gen-
eirnan, obaj zamieszkali w Kowlu, przy ul. Łuckiej 18.",https://polona.pl/preview/6b99d55f-d15e-4c4e-ae14-676e854e58f7
4f8782f1-29b3-46fb-a92c-435fcbb0cd47,"Obwieszczenia Publiczne : dodatek do Dziennika Urzędowego Ministerstwa Sprawiedliwości.   R.8, № 78 (30 sierpnia 1924)",1924-08-30,29,"Zelman Wajner, zam. w Kowlu, ul*
Brzeska 31.
d. 4 sierpnia 1924 r.
1441. „Zelman Wajner”, handel staremi rzeczami w Kowlu, ul. Han
dlowa 6. Istnieje od 1922 r. Właśc. Rafał Cymeryng, zam. w Kowlu
przy ul. Handlowej 4.
d. 26 kwietnia 1924 r.
1224. „Rafał Cymeryng”, handel naczyniami i manufakturą w Kowlu,
ul. Łucka 57. Istnieje od 1905 r. Właśc. Wspólnicy: Lucjan Marynowski i Ajzyk Pome,ranc, obaj
zamieszkali w Kowlu; pierwszy przy ul.",https://polona.pl/preview/4f8782f1-29b3-46fb-a92c-435fcbb0cd47
df0eec87-7cdc-4954-8175-1286b4583c3f,"Obwieszczenia Publiczne : dodatek do Dziennika Urzędowego Ministerstwa Sprawiedliwości.   R.8, № 79 (3 września 1924)",1924-09-03,18,"Szumska w domu Szeremety i w Kowlu, na Starym Mieście,
a Pteka Ejsmunta, z jednoczesnem unieważnieniem",https://polona.pl/preview/df0eec87-7cdc-4954-8175-1286b4583c3f
df0eec87-7cdc-4954-8175-1286b4583c3f,"Obwieszczenia Publiczne : dodatek do Dziennika Urzędowego Ministerstwa Sprawiedliwości.   R.8, № 79 (3 września 1924)",1924-09-03,3,"d. 18 listopada 1924 r.
1) Nieruchomość w Kowlu, przy ul.",https://polona.pl/preview/df0eec87-7cdc-4954-8175-1286b4583c3f
a648c9f4-2fca-4d39-bd78-5f9e0af75e7e,"Obwieszczenia Publiczne : dodatek do Dziennika Urzędowego Ministerstwa Sprawiedliwości.   R.8, № 82 (13 września 1924)",1924-09-13,30,"„Menasze Ejczys”, handel galanterją w Kowlu, ul. Lucka 3.
Istnieje od 1893 r. Właśc.",https://polona.pl/preview/a648c9f4-2fca-4d39-bd78-5f9e0af75e7e
a648c9f4-2fca-4d39-bd78-5f9e0af75e7e,"Obwieszczenia Publiczne : dodatek do Dziennika Urzędowego Ministerstwa Sprawiedliwości.   R.8, № 82 (13 września 1924)",1924-09-13,31,"„Natalja Frydrychson”, apteka w Kowlu, przy ul. Łuckiej 138. Właśc. „Chaim-Lejzor Press”, handel koszykami i powrozami w Kowlu,
przy ul. Łuckiej 112. „Chaja Kraska”, handel artykułami spożywczemi w Kowlu, Plac
Handlowy. Istnieje od 1920 r. Właśc. Chaja Kraska, zam. w Kowlu, przy
ul. Bazarnej 14.
d. 13 sierpnia 1924 r.
1452. „Wiktor Kirschner”, biuro techniczno-budowlane w Kowlu, przy
ul. Monopolowej 59. Właśc.",https://polona.pl/preview/a648c9f4-2fca-4d39-bd78-5f9e0af75e7e
ad3c3a74-0110-4005-bd79-2db471a259ef,"Obwieszczenia Publiczne : dodatek do Dziennika Urzędowego Ministerstwa Sprawiedliwości.   R.8, № 84 (20 września 1924)",1924-09-20,29,"Mordko Mandel, zam w Kowlu, przy ul. Więziennej 14.
d. 13 sierpnia 1924 r.
1454. Gonik Motel, zam. w Kowlu, przy
ul. Maciejowskiej 40.
1409. „Mordko Mandel”, bufet w Kowlu, ul. Łucka 135. Istnieje od
1920 r. Właśc. „Jankiel Karsz”, handel mięsem w Kowlu, ul. Mickiewicza 1.
Istnieje od 1918 r. Właśc. Jankiel Karsz, zam. w Kowlu, przy ul. Mickie
wicza 44.
1437. „Bencjon Rojzen”, bufet w Kowlu, ul.",https://polona.pl/preview/ad3c3a74-0110-4005-bd79-2db471a259ef
8df16142-0fcf-44a6-8448-efaa765482e0,"Obwieszczenia Publiczne : dodatek do Dziennika Urzędowego Ministerstwa Sprawiedliwości.   R.8, № 85 (24 września 1924)",1924-09-24,15,"Pomeranc”—-»Ekspres«
w Kowlu, ul. Mickiewicza 10.",https://polona.pl/preview/8df16142-0fcf-44a6-8448-efaa765482e0
6e2baed1-6b63-44ee-b27d-14649e01b955,"Obwieszczenia Publiczne : dodatek do Dziennika Urzędowego Ministerstwa Sprawiedliwości.   R.8, № 86 (27 września 1924)",1924-09-27,1,"wydrukowania niniejszego obwieszczenia, zameldowali prawa do pozostałego
po nim majątku. 5905
Sąd pokoju w Kowlu",https://polona.pl/preview/6e2baed1-6b63-44ee-b27d-14649e01b955
98c5fc23-b2f8-48c8-9d27-204367af7084,"Obwieszczenia Publiczne : dodatek do Dziennika Urzędowego Ministerstwa Sprawiedliwości.   R.8, № 87 (1 października 1924)",1924-10-01,27,"„Zajwel Bronsztejn"", tartak parowy w Kowlu, przy ul. Kołodni-
ckiej. Egzystuje od 1924 r. Właśc. Zajwel Bronsztejn, zam. w Kowlu, ulica
Sienkiewicza 8.
1487.",https://polona.pl/preview/98c5fc23-b2f8-48c8-9d27-204367af7084
98c5fc23-b2f8-48c8-9d27-204367af7084,"Obwieszczenia Publiczne : dodatek do Dziennika Urzędowego Ministerstwa Sprawiedliwości.   R.8, № 87 (1 października 1924)",1924-10-01,26,"Właśc Chana Szwarc, zam. w Kowlu, przy ul. ftptecznej 10.
d. 14 sierpnia 1924 r.
1462. „Szaja Gutman”, pracownia krawiecka i handel ubraniami ludo-
Wemi w Kowlu, ul. Lucka 18. „Gitla Mełamed”, handel towarami ludowemi w Kowlu, przy ulicy
Brzeskiej 18. Właśc. „Szwarc Chana”, handel artykułami spożywczemi w Kowlu. Ist
nieje od 1894 r,.",https://polona.pl/preview/98c5fc23-b2f8-48c8-9d27-204367af7084
1c42c88a-8e5a-4ff7-acd6-25bded45a47a,"Obwieszczenia Publiczne : dodatek do Dziennika Urzędowego Ministerstwa Sprawiedliwości.   R.8, № 88 (4 października 1924)",1924-10-04,18,"Siennej 61, fabrykę
°dek i likierów w Kowlu i browar parowy pod firmą „Jeleń” w Lublinie,
nl.",https://polona.pl/preview/1c42c88a-8e5a-4ff7-acd6-25bded45a47a
99869925-b7f6-455e-b086-b41596323f00,"Obwieszczenia Publiczne : dodatek do Dziennika Urzędowego Ministerstwa Sprawiedliwości.   R.8, № 89 (8 października 1924)",1924-10-08,23,"Przedmiotem przedsiębiorstwa jest urządzenie i eksploatacja garbarni
skór w Kowlu w pierwszej dzielnicy Chusidowie, Szapiro i B-cia Gelmanowie” w Kowlu, przy ul. Brze
skiej. Wspólnikami są: Ajzik Chusid, Dawid Chusid, Jankel Szapiro, Boruch
Gelman i Mordka Cielman, wszyscy w Kowlu",https://polona.pl/preview/99869925-b7f6-455e-b086-b41596323f00
5c2ecb58-ae18-457e-9fd6-d4f3cc8bd80c,"Obwieszczenia Publiczne : dodatek do Dziennika Urzędowego Ministerstwa Sprawiedliwości.   R.8, № 90 A (11 października 1924)",1924-10-11,14,"Wspólnicy: Szymon Goldberg i Izaak Goldberg, obaj zamiesz
ali w Kowlu, przy ul. Sienkiewicza 25. Skład apteczny w Kowlu, ul. Staro-
, olejowa 25.",https://polona.pl/preview/5c2ecb58-ae18-457e-9fd6-d4f3cc8bd80c
5c2ecb58-ae18-457e-9fd6-d4f3cc8bd80c,"Obwieszczenia Publiczne : dodatek do Dziennika Urzędowego Ministerstwa Sprawiedliwości.   R.8, № 90 A (11 października 1924)",1924-10-11,13,"Handel żelazem w Kowlu, ul. Zakościel-
na 2. Istnieje od 1900 r. Wlaśc. Handel manufakturą i gotowemi ubiorami
w Kowlu, przy ul. Łuckiej 23. Właśc. Józef Kiejnerman, zam. w Kowlu, przy
ul. Brzeskiej 40. K
d. 23 września 1924 r.

1548. Chasia Zelcer, zam. w Kowlu, przy
ul. Handel farbami suchemi w Kowlu ul. Łucka 55.
19 P° P ' WłaŚC Szendla Stok - zam. w Kowlu, orzy ul.",https://polona.pl/preview/5c2ecb58-ae18-457e-9fd6-d4f3cc8bd80c
5c2ecb58-ae18-457e-9fd6-d4f3cc8bd80c,"Obwieszczenia Publiczne : dodatek do Dziennika Urzędowego Ministerstwa Sprawiedliwości.   R.8, № 90 A (11 października 1924)",1924-10-11,12,"„Chasia Łande"", drobny handel zbożem w Kowlu, przy ul. Brze
skiej 16. Istnieje od 1918 r. Właśc. „Razinzońska Dina"", handel wyrobami żelaznemi w Kowlu, ul.
Targowa 23. Istnieje od 1918 r. Właśc. „Chaim Melamed"", handel naftą i smarami w Kowlu, przy ul.
Łuckiej 1. Właśc. „Chasis Pinchas"", handel artykułami spożywczemi w Kowlu,,
przy ul. Łuckiej 24. Istnieje od 1910 r.",https://polona.pl/preview/5c2ecb58-ae18-457e-9fd6-d4f3cc8bd80c
5c2ecb58-ae18-457e-9fd6-d4f3cc8bd80c,"Obwieszczenia Publiczne : dodatek do Dziennika Urzędowego Ministerstwa Sprawiedliwości.   R.8, № 90 A (11 października 1924)",1924-10-11,11,"„Szejndla Nejman"", handel galanterją, w Kowlu, przy ul. Łuc
kiej 144. Istnieje od 1921 r. Właśc.",https://polona.pl/preview/5c2ecb58-ae18-457e-9fd6-d4f3cc8bd80c
695f6b42-aae3-4f91-bbe9-4b8e171ba2db,"Obwieszczenia Publiczne : dodatek do Dziennika Urzędowego Ministerstwa Sprawiedliwości.   R.8, № 92 (18 października 1924)",1924-10-18,30,"„Basia Zafran”, handel towarami ludowemi w Kowlu, przy ul.
Łuckiej 16. Istnieje od 1922 r. Właśc. „Mojsze Kerżner”, hotel „ftstorja"" w Kowlu, przy ul. Królowej
Bony 4. „Mordko Pereł”, handel resztkami towarów łokciowych w Kowlu,
ul. Lucka 42. Istnieje od 1923 r. „ftndrzej Szeroczenko”, kawiarnia w Kowlu, ul. Górna 8. „ftntoni Michalski”, handel bławatno-galanteryjny w Kowlu, ul.
Lucka 110. Istnieje od 1923 r.",https://polona.pl/preview/695f6b42-aae3-4f91-bbe9-4b8e171ba2db
4182d5e1-7e15-44c0-aabb-a28a7013a962,"Obwieszczenia Publiczne : dodatek do Dziennika Urzędowego Ministerstwa Sprawiedliwości.   R.8, № 93 (22 października 1924)",1924-10-22,30,"„Mendel Kossowski”, drobny handel wyrobami tytoniowemi
w Kowlu, ul. Łucka 160. Właśc. „Szmul Werba”, handel galanterją w Kowlu, przy ul. Łuckiej 161.
Istnieje od 1911 r. Właśc. „Fejga Blajguz”, handel galanterją w Kowlu, przy ul. Łuckiej 107.
Istnieje od 1915 r. Wlaśc.",https://polona.pl/preview/4182d5e1-7e15-44c0-aabb-a28a7013a962
4182d5e1-7e15-44c0-aabb-a28a7013a962,"Obwieszczenia Publiczne : dodatek do Dziennika Urzędowego Ministerstwa Sprawiedliwości.   R.8, № 93 (22 października 1924)",1924-10-22,12,"Fe-
fer, przez nią sporządzony w d. 27 listopada 1922 r. przed Antonim Wdzie-
końskim, notarjuszem w Kowlu",https://polona.pl/preview/4182d5e1-7e15-44c0-aabb-a28a7013a962
4182d5e1-7e15-44c0-aabb-a28a7013a962,"Obwieszczenia Publiczne : dodatek do Dziennika Urzędowego Ministerstwa Sprawiedliwości.   R.8, № 93 (22 października 1924)",1924-10-22,29,"„Zygmunt Motel”, handel artykułami spożywczemi i sprzedaż
wyrobów tytoniowych w Kowlu, ul.",https://polona.pl/preview/4182d5e1-7e15-44c0-aabb-a28a7013a962
b075cfae-9120-40cd-b8ef-3d016f9b540d,"Obwieszczenia Publiczne : dodatek do Dziennika Urzędowego Ministerstwa Sprawiedliwości.   R.8, № 94 (25 października 1924)",1924-10-25,25,"Handel spożywczy i dystrybucja w Kowlu, ul.
Lucka 255. Właśc.",https://polona.pl/preview/b075cfae-9120-40cd-b8ef-3d016f9b540d
b075cfae-9120-40cd-b8ef-3d016f9b540d,"Obwieszczenia Publiczne : dodatek do Dziennika Urzędowego Ministerstwa Sprawiedliwości.   R.8, № 94 (25 października 1924)",1924-10-25,21,"„Waks Bencjon”, handel zbożem i mąką w Kowlu, ul. 3 Maja 5.
Istnieje od 1920 r. Właśc. „Judis Finkielsztejn”, handel artykułami spożywczemi i zbożem
w Kowlu, ul. Handlowa 17. Kasztan Idei, zam. w Kowlu, przy
ui Magistrackiej 17.
d. 28 lipca 1924 r.
1428. Noma Sztern, zam. w Kowlu, przy ul. Łuckiej 13.
1465. „Noma Sztern”, handel naczyniami w Kowlu, przy ul. Łuckiej 13.
istnieje od 1920 r. Właśc.",https://polona.pl/preview/b075cfae-9120-40cd-b8ef-3d016f9b540d
6a8ffd3b-8de9-4dc4-b2c4-9d0cb4d3cb0d,"Obwieszczenia Publiczne : dodatek do Dziennika Urzędowego Ministerstwa Sprawiedliwości.   R.8, № 95 (29 października 1924)",1924-10-29,1,"Mieszawie. 6606

Sąd pokoju w Kowlu, na zasadzie art. 58 1 i 309 1 G. P.",https://polona.pl/preview/6a8ffd3b-8de9-4dc4-b2c4-9d0cb4d3cb0d
6a8ffd3b-8de9-4dc4-b2c4-9d0cb4d3cb0d,"Obwieszczenia Publiczne : dodatek do Dziennika Urzędowego Ministerstwa Sprawiedliwości.   R.8, № 95 (29 października 1924)",1924-10-29,11,"Toruniu: Oktawjana Karwowskiego, w Baranowiczach: Wacława
Tarnowskiego i Jakóba-Jana Dąbrowskiego, w Kowlu",https://polona.pl/preview/6a8ffd3b-8de9-4dc4-b2c4-9d0cb4d3cb0d
6a8ffd3b-8de9-4dc4-b2c4-9d0cb4d3cb0d,"Obwieszczenia Publiczne : dodatek do Dziennika Urzędowego Ministerstwa Sprawiedliwości.   R.8, № 95 (29 października 1924)",1924-10-29,2,"Nowogródzkiego. 6598

Sąd pokoju w Kowlu, na zasadzie art. 1401 U. P. C. i art. 1239 (T. N° 1616/24. 6597

Sąd pokoju w Kowlu, na zasadzie art. 1401 G. P. C. i art. 1239 (T. X.
cz. 1. Zb.",https://polona.pl/preview/6a8ffd3b-8de9-4dc4-b2c4-9d0cb4d3cb0d
d0a5e785-760c-4fdd-b023-c8d30f564d47,"Obwieszczenia Publiczne : dodatek do Dziennika Urzędowego Ministerstwa Sprawiedliwości.   R.8, № 96 (1 listopada 1924)",1924-11-01,30,"„Rywka Segał”, handel artykułami spożywczemi i galanterją
w Kowlu, przy ul. Sienkiewicza 38.",https://polona.pl/preview/d0a5e785-760c-4fdd-b023-c8d30f564d47
d0a5e785-760c-4fdd-b023-c8d30f564d47,"Obwieszczenia Publiczne : dodatek do Dziennika Urzędowego Ministerstwa Sprawiedliwości.   R.8, № 96 (1 listopada 1924)",1924-11-01,29,"„Berko Awruch”, kawiarnia w Kowlu, ul. Kolejowa 87. Istnieje
od 1923 r. Właśc. Sznajder Chil, zam. w Kowlu,
przy ul. Maciejowskiej 24.
1498. „Sznajder Chil”, handel naczyniami szklannemi w Kowlu, przy
ul. Łuckiej 13. Istnieje od 1918 r. „Zachary Szwarcblat”, handel towarami łokciowemi’ i ludowemi
w Kowlu, przy ul. Łuckiej 77. Pres Josif, zam. w Kowlu, przy
ul. Łuckiej 112.
1499.",https://polona.pl/preview/d0a5e785-760c-4fdd-b023-c8d30f564d47
2aedbfec-a6d7-4103-9ec5-375353c56f73,"Obwieszczenia Publiczne : dodatek do Dziennika Urzędowego Ministerstwa Sprawiedliwości.   R.8, № 96 A (1 listopada 1924)",1924-11-01,3,"„Michel Sziter”, sprzedaż zegarków w Kowlu, ul. Lucka 128.
Istnieje od 1923 r. Właśc. „Kowelska Spółka Spożywcza Teodor Krupiński i S-ka, spółka
firmowa w Kowlu”. „Chaim Wajnsztejn”, hotel „Metropol” w Kowlu, ul. Kolejowa 77.
E gzystuj e od 1904 r. Właśc. „Mojach Wajnsztejn”, handel galanterją w Kowlu, przy ul. Sien
kiewicza 13. Właśc. „Duwid Segał”, handel artykułami spożywczemi w Kowlu, przy
ul. Łuckiej 66. Istnieje od 1880 r.",https://polona.pl/preview/2aedbfec-a6d7-4103-9ec5-375353c56f73
d906868d-cf32-4c7f-8325-02c8a17bb756,"Obwieszczenia Publiczne : dodatek do Dziennika Urzędowego Ministerstwa Sprawiedliwości.   R.8, № 97 (5 listopada1924)",1924-11-05,2,"Nowogródzkim.
6777

Sąd pokoju w Kowlu, na zasadzie art. 1401 U. P. C. i art. 1239 (T. X
I Zb. Pr.",https://polona.pl/preview/d906868d-cf32-4c7f-8325-02c8a17bb756
ff47319b-0f32-466e-92dd-bc4cd36be115,"Obwieszczenia Publiczne : dodatek do Dziennika Urzędowego Ministerstwa Sprawiedliwości.   R.8, № 98 (8 listopada 1924)",1924-11-08,31,"czerwca 1924 r., wciągnięto następującą firmę pod N° 1371:
„Eleonora Rudnicka” — handel spożywczy w Kowlu",https://polona.pl/preview/ff47319b-0f32-466e-92dd-bc4cd36be115
ff47319b-0f32-466e-92dd-bc4cd36be115,"Obwieszczenia Publiczne : dodatek do Dziennika Urzędowego Ministerstwa Sprawiedliwości.   R.8, № 98 (8 listopada 1924)",1924-11-08,29,"„Mordko Kuzniec”, hotel w Kowlu, przy ul. Kolejowej 73. Właśc. Wspólnikami są: Srul Wajsbrot i Froim Erlich, obaj
zamieszkali w Kowlu. „Fejga-Rejzia Hopen, handel artykułami spożywczemi w Kowlu,
przy ul. Handlowej 16. „Chasia Rojzen”, księgarnia w Kowlu, ul. Łucka 71. Właśc. Jankiel Goldberg, zam. w Kowlu, przy ul. Fab
rycznej 21.
d. 26 maja 1924 r.
1325.",https://polona.pl/preview/ff47319b-0f32-466e-92dd-bc4cd36be115
ff47319b-0f32-466e-92dd-bc4cd36be115,"Obwieszczenia Publiczne : dodatek do Dziennika Urzędowego Ministerstwa Sprawiedliwości.   R.8, № 98 (8 listopada 1924)",1924-11-08,23,"f PÓ,Ri Stano ^ ią , łącz "" ie: 5 haim Szwarc, Nuchim Bachower
ncAK • wszyscy w Kowlu - Zarządcy zastępują",https://polona.pl/preview/ff47319b-0f32-466e-92dd-bc4cd36be115
ff47319b-0f32-466e-92dd-bc4cd36be115,"Obwieszczenia Publiczne : dodatek do Dziennika Urzędowego Ministerstwa Sprawiedliwości.   R.8, № 98 (8 listopada 1924)",1924-11-08,22,"Siedziba spółki w Kowlu, ul. Kolejowa 4.",https://polona.pl/preview/ff47319b-0f32-466e-92dd-bc4cd36be115
ff47319b-0f32-466e-92dd-bc4cd36be115,"Obwieszczenia Publiczne : dodatek do Dziennika Urzędowego Ministerstwa Sprawiedliwości.   R.8, № 98 (8 listopada 1924)",1924-11-08,28,"gnięto następujące firmy pod N 2 N 2 :
d. 20 maja 1924 r.
1317. .Jankiel Goldberg”, handel galanterją w Kowlu",https://polona.pl/preview/ff47319b-0f32-466e-92dd-bc4cd36be115
e862ee0a-d7b0-4813-b4fb-fbcb0a8d7195,"Obwieszczenia Publiczne : dodatek do Dziennika Urzędowego Ministerstwa Sprawiedliwości.   R.8, № 99 (12 listopada 1924)",1924-11-12,21,"Pawła Le-
bensztejna, przez niego sporządzony przed Adolfem Horodeckim, notarju
szem w Kowlu w d. 13 Ste
fana Łazarczuka, przez niego sporządzony przed Franciszkiem Skorupskim,
notarjuszem w Kowlu w d.",https://polona.pl/preview/e862ee0a-d7b0-4813-b4fb-fbcb0a8d7195
27002aac-8786-4248-b34b-105dc140291f,"Obwieszczenia Publiczne : dodatek do Dziennika Urzędowego Ministerstwa Sprawiedliwości.   R.8, № 100 (15 listopada 1924)",1924-11-15,0,"Nowogródzkim. ' 7090

Sąd pokoju w Kowlu, na zasadzie art. 1401 U. P. C. i art. 1239 (T. X
cz.",https://polona.pl/preview/27002aac-8786-4248-b34b-105dc140291f
6f14eded-43a5-4015-aad1-761aa8c8efdc,"Obwieszczenia Publiczne : dodatek do Dziennika Urzędowego Ministerstwa Sprawiedliwości.   R.8, № 101 (19 listopada 1924)",1924-11-19,20,"Wspólnicy: Samson Kornijenko, Mikołaj Gabiec i Hersz Blucher, zam.
w Kowlu, przy ul. Łuckiej 89. „Chuna Furszteler”, handel materiałami budowlanemi w Kowlu,
przy ul. Pomnikowej 21. Wspólnicy: Bejła Majzels i Abram Szapiro, zam. w Kowlu, przy ulicy
Łuckiej: pierwsza pod Ne 111, drugi września 1924 r.
1574. .Samson Kornijenko, Mikołaj Gabiec i Hersz Blucher „Pośrednik”
spółka firmowa w Kowlu „Gerszon Goldsztejn”, przedsiębiorstwo robót budowlanych i dro
gowych w Kowlu, Pomnikowa 14. Właśc.",https://polona.pl/preview/6f14eded-43a5-4015-aad1-761aa8c8efdc
6f14eded-43a5-4015-aad1-761aa8c8efdc,"Obwieszczenia Publiczne : dodatek do Dziennika Urzędowego Ministerstwa Sprawiedliwości.   R.8, № 101 (19 listopada 1924)",1924-11-19,2,"Grodzieńskiej. 7158
Sąd pokoju w Kowlu, na zasadzie art. 1401 Cl. P. C., i art. 1239 (T. X.
cz. 1.",https://polona.pl/preview/6f14eded-43a5-4015-aad1-761aa8c8efdc
6f14eded-43a5-4015-aad1-761aa8c8efdc,"Obwieszczenia Publiczne : dodatek do Dziennika Urzędowego Ministerstwa Sprawiedliwości.   R.8, № 101 (19 listopada 1924)",1924-11-19,22,"Boruch Kac, zam. w Kowlu, przy ul. Łuckiej 89.
d. 14 sierpnia 1924 r.
1466. „Boruch Kac"", handel qalanterją w Kowlu. Istnieje od 1921 r.
Właśc. „Sara Tejtelbaum”, handel artykułami spożywczemi i galanterją
w Kowlu, ul. Lucka 69. „Lejbisz Szyter”, sprzedaż zegarków w Kowlu, ul. Lucka 150.
Istnieje od 1923 r. Właśc. „Pesia Rlperin”, handel szkłem i naczyniami w Kowlu, ul. Lu
cka 135. Istnieje od 1914 r. Właśc.",https://polona.pl/preview/6f14eded-43a5-4015-aad1-761aa8c8efdc
6f14eded-43a5-4015-aad1-761aa8c8efdc,"Obwieszczenia Publiczne : dodatek do Dziennika Urzędowego Ministerstwa Sprawiedliwości.   R.8, № 101 (19 listopada 1924)",1924-11-19,23,"d. 13 września 1924 r.
1517. .Icko Goldberg”, handel manufakturą w Kowlu, ul. Łucka 141. „Icko Glejzer”, hotel „Wersal” w Kowlu, Mickiewicza 4. Istnieje
od 1903 r. Właśc. Icko Goldberg, zam. w Kowlu, przy ul. Fab
rycznej 16.
d. 20 września 1924 r.
1529. „Mirla Struzer”, hotel „Gdański” w Kowlu, Kolejowa 80. Właśc.
Mirla Struzer, zam. tamże. .
1531. „Pelagja Berska"", hotel „Polonja w Kowlu, Łucka 135. Istnieje
od 1 sierpnia 1924 r. Właśc.",https://polona.pl/preview/6f14eded-43a5-4015-aad1-761aa8c8efdc
5762e876-1097-4802-91b8-a68bbae9d3c3,"Obwieszczenia Publiczne : dodatek do Dziennika Urzędowego Ministerstwa Sprawiedliwości.   R.8, № 102 (22 listopada 1924)",1924-11-22,18,"Siedziba spółki w Kowlu. ul. Monopolowa 22. Teodor Tepicyn, człon
kowie, oraz Stanisław Moszyński, zastępca z prawami pełnemi członka,
wszyscy w Kowlu ograniczoną odpowiedzialnością zawarta na mocy aktu, ze-
znanego w kancelarji notarjusza Skorupskiego w Kowlu",https://polona.pl/preview/5762e876-1097-4802-91b8-a68bbae9d3c3
94fa385d-a1aa-4b7c-9efc-b30496ad6b54,"Obwieszczenia Publiczne : dodatek do Dziennika Urzędowego Ministerstwa Sprawiedliwości.   R.8, № 103 (26 listopada 1924)",1924-11-26,23,"Pawła Leben-
sztejna przez niego sporządzony przed Adolfem Horodeckim, notarjuszem
w Kowlu w d. 10 listopada Pawła Leben-
sztejna przez niego sporządzony przed Adolfem Horodeckim, notarjuszem
w Kowlu w d. 6 lutego",https://polona.pl/preview/94fa385d-a1aa-4b7c-9efc-b30496ad6b54
79276d66-1194-4c55-b526-d0a21718f114,"Obwieszczenia Publiczne : dodatek do Dziennika Urzędowego Ministerstwa Sprawiedliwości.   R.8, № 104 (29 listopada 1924)",1924-11-29,29,"„Ruwin Ćwik—handel naftą i wyrobami pokrewnemi w Kowlu,
ul. Łucka 218. Istnieje od 1918 r. Właśc. Szloma Granicz, zam. w Kowlu, przy ul.
Włodzimierskiej 24.
1516. „Szloma Granicz” — handel artykułami spożywczemi w Kowlu,
przy ul. Włodzimierskiej 5. Właśc.",https://polona.pl/preview/79276d66-1194-4c55-b526-d0a21718f114
79276d66-1194-4c55-b526-d0a21718f114,"Obwieszczenia Publiczne : dodatek do Dziennika Urzędowego Ministerstwa Sprawiedliwości.   R.8, № 104 (29 listopada 1924)",1924-11-29,28,"„Mejer Kapszuk”—handel surewemi skórami i szczeciną w Kowlu,
Pfzy ul. Magistrackiej 12. „Cyrla Bar”—handel towarami łokciowemi i gotowym ubraniem
w Kowlu, przy ul. Łuckiej 54. „Naftule Kapszuk”—handel skórami surewemi, szczeciną i wło
sem w Kowlu, przy ul. Rzecznej 23. „Szloma Trejster”—handel towarami łokciowemi w Kowlu, przy
u l. Włodzimierskiej 2. Właśc. „Mordko Fiszbein”— handel farbami i klejem w Kowlu, przy ul.
Łuckiej 31. Istnieje od 1883 r. Właśc.",https://polona.pl/preview/79276d66-1194-4c55-b526-d0a21718f114
5223295f-b68d-48e2-9f7d-9170a33dc72d,"Obwieszczenia Publiczne : dodatek do Dziennika Urzędowego Ministerstwa Sprawiedliwości.   R.8, № 105 (3 grudnia 1924)",1924-12-03,31,"Wspólnikami są: Józef Wejc
man i Szachna Boruszek, obaj zamieszkali w Kowlu: pierwszy przy ul.",https://polona.pl/preview/5223295f-b68d-48e2-9f7d-9170a33dc72d
5223295f-b68d-48e2-9f7d-9170a33dc72d,"Obwieszczenia Publiczne : dodatek do Dziennika Urzędowego Ministerstwa Sprawiedliwości.   R.8, № 105 (3 grudnia 1924)",1924-12-03,30,"Udzielono prokury Józefowi Mu
szyńskiemu, zam. w Kowlu przy ul. Bóżnica żydowska w Kowlu,
przy ul. Mejer-Chaim Biber, zam. tamże.
d. 27 września 1924 r.
1575 „Łaźnia bóżnicy żydowskiej pod nazwą „Borman” w Kowlu",https://polona.pl/preview/5223295f-b68d-48e2-9f7d-9170a33dc72d
5223295f-b68d-48e2-9f7d-9170a33dc72d,"Obwieszczenia Publiczne : dodatek do Dziennika Urzędowego Ministerstwa Sprawiedliwości.   R.8, № 105 (3 grudnia 1924)",1924-12-03,17,"nieważną c. p. 1.000.000 mk., orzeka zaocznie: umowę przyrzeczenia sprze
daży nieruchomości miejskiej w Kowlu Mojsieja (Mojżesza), Benjamina, Józefa, Leji, Ghany i Ra-
chili Kadeców (Kadesów), zamieszkałych w Kowlu",https://polona.pl/preview/5223295f-b68d-48e2-9f7d-9170a33dc72d
79fd97cc-eca8-4ef2-932f-9795dbab7ead,"Obwieszczenia Publiczne : dodatek do Dziennika Urzędowego Ministerstwa Sprawiedliwości.   R.8, № 106 (6 grudnia 1924)",1924-12-06,25,"„Lana Kasztan”, handel towarami iudowemi w Kowlu, ulica
LucKa 35. Istnieje od 1923 r. Właśc. Spółka ma na celu
handel detaliczny napojami wyskokowemi w Kowlu, przy ul. Łuckiej 146. „Rejzia Baskin”, skład apteczny w Kowlu, ul. Lucka 53 Właśc. Wspólnikami są: Józef Zakrzewski i Estera-Gołda Panturyn, zamiesz
kali w Kowlu: pierwszy przy ul.",https://polona.pl/preview/79fd97cc-eca8-4ef2-932f-9795dbab7ead
79fd97cc-eca8-4ef2-932f-9795dbab7ead,"Obwieszczenia Publiczne : dodatek do Dziennika Urzędowego Ministerstwa Sprawiedliwości.   R.8, № 106 (6 grudnia 1924)",1924-12-06,1,". ^

Sąd pokoju w Kowlu, na zasadzie art. 1401 (J. P. C. i art. 1239 (T. gdyż w razie przeciwnym spadek wydany bedzie wiadomej sądowi
spadkobierczyni. 7613—3—

Sąd pokoju w Kowlu",https://polona.pl/preview/79fd97cc-eca8-4ef2-932f-9795dbab7ead
efb0a635-b8e8-4d1d-adb7-62cd70e2a4dd,"Obwieszczenia Publiczne : dodatek do Dziennika Urzędowego Ministerstwa Sprawiedliwości.   R.8, № 109 (17 grudnia 1924)",1924-12-17,0,"Kowelskiego, i przy ekspozyturze śledczej w Kowlu. 7823

Na zasadzie art. 1401 U.",https://polona.pl/preview/efb0a635-b8e8-4d1d-adb7-62cd70e2a4dd
f7849491-8501-4016-93bc-dcc849aa9171,"Obwieszczenia Publiczne : dodatek do Dziennika Urzędowego Ministerstwa Sprawiedliwości.   R.8, № 110 (20 grudnia 1924)",1924-12-20,20,"„Myszka Mandel” handel żelazem w Kowlu, ul. Lucka 6. Istnieje
od 1912 r. Właśc. „Bogusław Czwanczer” cukiernia w Kowlu, ul. Kolejowa 5. Ist
nieje od 1920 r. Właśc.",https://polona.pl/preview/f7849491-8501-4016-93bc-dcc849aa9171
f7849491-8501-4016-93bc-dcc849aa9171,"Obwieszczenia Publiczne : dodatek do Dziennika Urzędowego Ministerstwa Sprawiedliwości.   R.8, № 110 (20 grudnia 1924)",1924-12-20,22,"Józef Woliweler w Kowlu.
1684 „Pinchas Kruk”, detaliczny handel zbożem we wsi i gm.",https://polona.pl/preview/f7849491-8501-4016-93bc-dcc849aa9171
f7849491-8501-4016-93bc-dcc849aa9171,"Obwieszczenia Publiczne : dodatek do Dziennika Urzędowego Ministerstwa Sprawiedliwości.   R.8, № 110 (20 grudnia 1924)",1924-12-20,1,"obwieszczenia, zameldowali prawa swoje do pozostałego po jego
śmierci majątku. , 5000—3 — 3

Sąd pokoju w Kowlu wydrukowania niniej
szego obwieszczenia, zameldowali prawa swoje do pozostałego po nim
spadku, położonego w Kowlu",https://polona.pl/preview/f7849491-8501-4016-93bc-dcc849aa9171
f7849491-8501-4016-93bc-dcc849aa9171,"Obwieszczenia Publiczne : dodatek do Dziennika Urzędowego Ministerstwa Sprawiedliwości.   R.8, № 110 (20 grudnia 1924)",1924-12-20,21,"Pinchos Goldfarb, zam. w Kowlu przy ul. Maciejowskiej 17.
d. 13 września 1924 r.
1479. 'Zipa Chait, zam. w Kowlu przy ul. Dzikiej 36.
d. 24 czerwca 1924 r.
1366. Motel Chinenzon, zam. w Kowlu przy
ul. Kr. Bony.
d. 16 sierpnia 1924 r.
1475. „Zipa Chait” skład apteczhy w Kowlu, ul. Kolejowa 36. Istnieje
od 1922 r. Właśc. Wspólnicy: Izrael i Mo
zes Kasteiańscy, zam. w Kowlu przy ul. Łuckiej 67.",https://polona.pl/preview/f7849491-8501-4016-93bc-dcc849aa9171
a759fd57-8cf2-4b23-9585-685a5c42d59d,"Obwieszczenia Publiczne : dodatek do Dziennika Urzędowego Ministerstwa Sprawiedliwości.   R.9, № 2 (7 stycznia 1925)",1925-01-07,17,"„Aleksandra Rusiłowiczowa"" w Kowlu, przy ul. Warszawskiej 85. Właśc.: Aleksandra Rusiłowiczowa w Kowlu, ul. Adama
Mickiewicza 36.
d. 27 listopada 1924 r.
1926.",https://polona.pl/preview/a759fd57-8cf2-4b23-9585-685a5c42d59d
2152e8e8-e26f-466f-9aee-4462b8156e90,"Obwieszczenia Publiczne : dodatek do Dziennika Urzędowego Ministerstwa Sprawiedliwości.   R.9, № 12 (11 lutego 1925)",1925-02-11,22,"Ludwiki Kuśnierz, przez nią sporządzony przed notarjuszem
Janem Prożigą, w d. 4 września 1912 r. w Kowlu",https://polona.pl/preview/2152e8e8-e26f-466f-9aee-4462b8156e90
2daf0155-b35c-4daa-8198-00eaac258bb6,"Obwieszczenia Publiczne : dodatek do Dziennika Urzędowego Ministerstwa Sprawiedliwości.   R.9, № 13 (14 lutego 1925)",1925-02-14,17,"„Nechama Gulisz”, Hotel Warszawski w Kowlu, przy ul. Kole
jowej 84. Właśc.",https://polona.pl/preview/2daf0155-b35c-4daa-8198-00eaac258bb6
aa6318cf-c794-4808-9f2e-47dadda44da4,"Obwieszczenia Publiczne : dodatek do Dziennika Urzędowego Ministerstwa Sprawiedliwości.   R.9, № 14 (18 lutego 1925)",1925-02-18,23,"Mieczysławem Oportowskim w Kowlu, za rep. Ne 4460.
(Z.",https://polona.pl/preview/aa6318cf-c794-4808-9f2e-47dadda44da4
d38f6ba3-665c-4d8d-987e-1db2672ec694,"Obwieszczenia Publiczne : dodatek do Dziennika Urzędowego Ministerstwa Sprawiedliwości.   R.9, № 15 (21 lutego 1925)",1925-02-21,4,"Sąd pokoju w Kowlu, na zasadzie art. 1401 Cl. P. C. i art. 1239 (T. X
cz. 1 Zb. Pr. Sąd pokoju w Kowlu, na zasadzie art. 1401 G. P. C. i art. 1239 (T. X
cz. I Zb. Pr.",https://polona.pl/preview/d38f6ba3-665c-4d8d-987e-1db2672ec694
6dceee89-3505-4e2c-b50e-c9835758d6ec,"Obwieszczenia Publiczne : dodatek do Dziennika Urzędowego Ministerstwa Sprawiedliwości.   R.9, № 17 (28 lutego 1925)",1925-02-28,3,"Na żądanie Alberta Glazera, zamieszkałego w Kowlu, konsystorz ewan
gelicko - augsburski w Warszawie wzywa",https://polona.pl/preview/6dceee89-3505-4e2c-b50e-c9835758d6ec
ce4ccc0e-f2f1-4856-a4af-14fd72eabf10,"Obwieszczenia Publiczne : dodatek do Dziennika Urzędowego Ministerstwa Sprawiedliwości.   R.9, № 19 (7 marca 1925)",1925-03-07,25,"Dyrektorem Oddziału w Kowlu został mianowany
Marjan Jastrzębski, prócz niego prawo podpisu za tenże oddział",https://polona.pl/preview/ce4ccc0e-f2f1-4856-a4af-14fd72eabf10
bb6e4df6-82c2-4556-b939-3d4b29b73250,"Obwieszczenia Publiczne : dodatek do Dziennika Urzędowego Ministerstwa Sprawiedliwości.   R.9, № 20 (11 marca 1925)",1925-03-11,33,"Bronstejn i S-ka” w Kowlu, przy ul. Warszawskiej 117. Wspólnikami są: Bencjon Bronsztejn i Mordko Kandel, obaj zamieszkali
w Kowlu.",https://polona.pl/preview/bb6e4df6-82c2-4556-b939-3d4b29b73250
bb6e4df6-82c2-4556-b939-3d4b29b73250,"Obwieszczenia Publiczne : dodatek do Dziennika Urzędowego Ministerstwa Sprawiedliwości.   R.9, № 20 (11 marca 1925)",1925-03-11,32,"Józef Dziatkowski w Kowlu, przy ul. Maciejowskiej 50.
d. 3 grudnia 1924 r.
1963.",https://polona.pl/preview/bb6e4df6-82c2-4556-b939-3d4b29b73250
0a1973f5-e455-46a9-af04-06637bfa5e6b,"Obwieszczenia Publiczne : dodatek do Dziennika Urzędowego Ministerstwa Sprawiedliwości.   R.9,№ 22 A (18 marca 1925)",1925-03-18,38,"Siedziba spółki w Kowlu,
ul. Strzelecka 10. Wspólnikami są: Icchok i Mojsze-Jakób Aszkenazy. obaj zamieszkali
w Kowlu, ul. Łucka 69.",https://polona.pl/preview/0a1973f5-e455-46a9-af04-06637bfa5e6b
43c23839-bf95-42d7-b659-51b0630a8ef5,"Obwieszczenia Publiczne : dodatek do Dziennika Urzędowego Ministerstwa Sprawiedliwości.   R.9, № 25 (28 marca 1925)",1925-03-28,4,"Ostrzega się o skutkach zaoczności. 1310 2 2

Na żądanie Alberta Glazera, zamieszkałego w Kowlu, konsystorz",https://polona.pl/preview/43c23839-bf95-42d7-b659-51b0630a8ef5
903adb70-112b-459e-bd5d-eca9354f27d0,"Obwieszczenia Publiczne : dodatek do Dziennika Urzędowego Ministerstwa Sprawiedliwości.   R.9, № 26 (1 kwietnia 1925)",1925-04-01,18,"P f C., sąd pokoju w Kowlu obwieszcza
o odwołaniu pełnomocnictwa, wydanego przez Dymitra Nikitina na C, sąd pokoju w Kowlu obwieszcza
o odwołaniu pełnomocnictwa, wydanego przez Eudokję Chlebową na imię",https://polona.pl/preview/903adb70-112b-459e-bd5d-eca9354f27d0
903adb70-112b-459e-bd5d-eca9354f27d0,"Obwieszczenia Publiczne : dodatek do Dziennika Urzędowego Ministerstwa Sprawiedliwości.   R.9, № 26 (1 kwietnia 1925)",1925-04-01,4,"Ne 36/25. 2214
Sąd pokoju w Kowlu, na zasadzie art. 1401 CJ. P. C. i art. 1239 (T. X
cz. I Zb. Pr. Na 128/25. 2209
Sąd pokoju w Kowlu, na zasadzie art. 1401 U. P. C. i art. 1239 (T. X
cz. I Zb. Pr. Ne 28/25. 2212

Sąd pokoju w Kowlu, na podstawie art. 1401 U. P. C. i art. 1239 (T. X
cz. 1 Zb. Pr. Ne 224/24. 2213
Sąd pokoju w Kowlu, na zasadzie art. 1401 G. P. C. i art. 1239 (T. X
cz. i Zb. Pr. Obwieszczenia publiczne.

5

Sąd pokoju w Kowlu, na zasadzie art. 1401 U. P. C. i art. 1239 (T.",https://polona.pl/preview/903adb70-112b-459e-bd5d-eca9354f27d0
974815de-e851-47ef-8fa9-e97e1ecd5631,"Obwieszczenia Publiczne : dodatek do Dziennika Urzędowego Ministerstwa Sprawiedliwości.   R.9, № 27 (4 kwietnia 1925)",1925-04-04,15,"d. 24 marca 1925 r. testamentu no-
tarjalnego sporządzonego przed Adolfem Horodeckim, notarjuszem w Kowlu . 24 marca 1925 r. testamentu no-
tarjalnego, oporządzonego przed Adolfem Horodeckim, notarjuszem w Kowlu",https://polona.pl/preview/974815de-e851-47ef-8fa9-e97e1ecd5631
974815de-e851-47ef-8fa9-e97e1ecd5631,"Obwieszczenia Publiczne : dodatek do Dziennika Urzędowego Ministerstwa Sprawiedliwości.   R.9, № 27 (4 kwietnia 1925)",1925-04-04,18,"października 1924 r. został zatwierdzony do
wykonania notarjalny testament zmarłego w d. 3 czerwca 1924 r. w Kowlu Antoniego Roberta Tuszowskiego przez niego sporządzony w d. 20 maja
1924 r. przed notarjuszem Skompskim w Kowlu",https://polona.pl/preview/974815de-e851-47ef-8fa9-e97e1ecd5631
420cf77e-b9e4-4ba9-8877-5ae3f37db2ed,"Obwieszczenia Publiczne : dodatek do Dziennika Urzędowego Ministerstwa Sprawiedliwości.   R.9, № 28 (8 kwietnia 1925)",1925-04-08,23,"Klima
Jewtuszyka przez niego sporządzony przed zastępcą notarjusza Adolfa Ho-
rodeckiego w Kowlu—Antonim",https://polona.pl/preview/420cf77e-b9e4-4ba9-8877-5ae3f37db2ed
431c17c3-1d91-4689-96af-c9e2e81e14a9,"Obwieszczenia Publiczne : dodatek do Dziennika Urzędowego Ministerstwa Sprawiedliwości.   R.9, № 34 (29 kwietnia 1925)",1925-04-29,2,"- lber u, Glazera > zamieszkałego w Kowlu, konsystorz ewan
mut hów GI 9 a7P rol' W Warszawie wz Vwa żone",https://polona.pl/preview/431c17c3-1d91-4689-96af-c9e2e81e14a9
4b9c924a-ee4b-4be7-a88c-fec926277072,"Obwieszczenia Publiczne : dodatek do Dziennika Urzędowego Ministerstwa Sprawiedliwości.   R.9, № 37 (9 maja 1925)",1925-05-09,21,"Kostalski, w Grudziądzu Paweł
Wiewiórka, w Inowrocławiu Marja Petrykowska, w Końskich Józef Cegłowski,
w Kowlu",https://polona.pl/preview/4b9c924a-ee4b-4be7-a88c-fec926277072
fc2987b7-826f-4d0c-9998-3a0ebbccfc5c,"Obwieszczenia Publiczne : dodatek do Dziennika Urzędowego Ministerstwa Sprawiedliwości.   R.9, № 39 (16 maja 1925)",1925-05-16,4,"Ne 271/25). 3492
Sąd pokoju w Kowlu, na zasadzie art. 1401 U. P. C. i art. 1239 (T. X.
cz. 1. Zb. Ne 165/25. 3491

Sąd pokoju w Kowlu, na zasadzie art. 1401 (X P. C. i art. 1239 (T. X.
cz. I. Zb. Ne 24/25. 3490

Sąd pokoju w Kowlu, na zasadzie art. 1401 G. P. C. i art. 1239 (T. X.
cz. I. Zb. Obwieszczenia publiczne.

5

Sąd pokoju w Kowlu, na zasadzie art. 1401 U. P. C. i art. 1239 (T. X.",https://polona.pl/preview/fc2987b7-826f-4d0c-9998-3a0ebbccfc5c
fc2987b7-826f-4d0c-9998-3a0ebbccfc5c,"Obwieszczenia Publiczne : dodatek do Dziennika Urzędowego Ministerstwa Sprawiedliwości.   R.9, № 39 (16 maja 1925)",1925-05-16,17,"Sąd pokoju w Kowlu, na zasadzie art. 293 — 298 Ci. P.",https://polona.pl/preview/fc2987b7-826f-4d0c-9998-3a0ebbccfc5c
fc2987b7-826f-4d0c-9998-3a0ebbccfc5c,"Obwieszczenia Publiczne : dodatek do Dziennika Urzędowego Ministerstwa Sprawiedliwości.   R.9, № 39 (16 maja 1925)",1925-05-16,3,"Brześciu n/B przy 2-m bzl fch-
tuzowym zaułku, N° 27
Sąd pokoju w Kowlu, na zasadzie art. 1401 U.",https://polona.pl/preview/fc2987b7-826f-4d0c-9998-3a0ebbccfc5c
281603e7-58b2-43dc-9f13-2217dc799a9b,"Obwieszczenia Publiczne : dodatek do Dziennika Urzędowego Ministerstwa Sprawiedliwości.   R.9, № 42 (27 maja 1925)",1925-05-27,26,"„Duwid Opaliner” w Kowlu, przy ul. Łuckiej 137. Handel ma
nufakturą i obuwiem.",https://polona.pl/preview/281603e7-58b2-43dc-9f13-2217dc799a9b
281603e7-58b2-43dc-9f13-2217dc799a9b,"Obwieszczenia Publiczne : dodatek do Dziennika Urzędowego Ministerstwa Sprawiedliwości.   R.9, № 42 (27 maja 1925)",1925-05-27,31,"odpowiedzialnością zawarta została na mocy
aktu, zeznanego przed Hipolitem Żyznowskim, notarjuszem w Kowlu",https://polona.pl/preview/281603e7-58b2-43dc-9f13-2217dc799a9b
33ea46b8-d1f5-4dea-b6a4-35256727e169,"Obwieszczenia Publiczne : dodatek do Dziennika Urzędowego Ministerstwa Sprawiedliwości.   R.9, № 48 (17 czerwca 1925)",1925-06-17,3,"ażeby w ciągu 6 miesięcy, od dnia wydrukowania niniejszego
zgłosili prawa swoje do majątku po nim w Kowlu majątku po nim pozostałego, a składającego się z około
106 h. lasu — Z. 313/25. 4464

Sąd pokoju w Kowlu niniejszego obwieszczenia, zameldowali swoje prawa do
pozostałego po nich mienie. 4465

Sąd pokoju w Kowlu",https://polona.pl/preview/33ea46b8-d1f5-4dea-b6a4-35256727e169
518232ea-5284-454e-83cf-9f8f7aaf824d,"Obwieszczenia Publiczne : dodatek do Dziennika Urzędowego Ministerstwa Sprawiedliwości.   R.9, № 49 (20 czerwca 1925)",1925-06-20,28,"„Marjan Gradoszyński”, skład piwa w Kowlu, przy ul. Łuckiej 154.
istnieje od 1923 r. Właśc. Marjan Gradoszyński, zam. w Kowlu, przy ul.
Łuckiej 13.
d. 1 listopada 1924 r.
1822.",https://polona.pl/preview/518232ea-5284-454e-83cf-9f8f7aaf824d
759460a7-3527-43f5-ac9d-f4e914972457,"Obwieszczenia Publiczne : dodatek do Dziennika Urzędowego Ministerstwa Sprawiedliwości.   R.9, № 50 (24 czerwca 1925)",1925-06-24,26,"Oddziały: w Kowlu, Równem, Siedlcach i ekspozyturę w Lodzi zwinięto.
Otwarto oddział w Lucku.
1179.",https://polona.pl/preview/759460a7-3527-43f5-ac9d-f4e914972457
b39490db-b3c2-4690-b7b3-58abf9832294,"Obwieszczenia Publiczne : dodatek do Dziennika Urzędowego Ministerstwa Sprawiedliwości.   R.9, № 52 (1 lipca 1925)",1925-07-01,22,"Kowlu przez niego sporządzony przed notarjuszem
Żyznowskim w d. 5 lutego 1925 r. w Kowlu, za rep. Wilhel
ma Eglera przez niego sporządzony w d. 8 lutego 1923 r. przed Antonim
Wdziękońskim, notarjuszem w Kowlu",https://polona.pl/preview/b39490db-b3c2-4690-b7b3-58abf9832294
6609c718-3f03-44cd-8b6b-0901572e8b76,"Obwieszczenia Publiczne : dodatek do Dziennika Urzędowego Ministerstwa Sprawiedliwości.   R.9, № 53 (4 lipca 1925)",1925-07-04,26,"Wilhelm
Kuhn, zam. we Włodzimierzu.
.2420. . ” Pierwsza Spółka Młynarska w Kowlu, Icko Cukierman, Chaim",https://polona.pl/preview/6609c718-3f03-44cd-8b6b-0901572e8b76
6609c718-3f03-44cd-8b6b-0901572e8b76,"Obwieszczenia Publiczne : dodatek do Dziennika Urzędowego Ministerstwa Sprawiedliwości.   R.9, № 53 (4 lipca 1925)",1925-07-04,27,"Horo-
deckim, notarjuszem w Kowlu w d. 20 lutego 1922 r., Ń 2 455 i umowy
prywatnej z dnia 27 stycznia Przed
miotem przedsiębiorstwa jest prowadzenie młyna parowego w Kowlu. Tabakhendler, Abram-Jankiel Grzebmacher, Ruwin Wajnsztejn,
Mozes Pereł, Aron Rajz i Szyja Mejkler, wszyscy w Kowlu",https://polona.pl/preview/6609c718-3f03-44cd-8b6b-0901572e8b76
d6199215-4bc7-49de-a632-43c5be020195,"Obwieszczenia Publiczne : dodatek do Dziennika Urzędowego Ministerstwa Sprawiedliwości.   R.9, № 54 (8 lipca 1925)",1925-07-08,31,"marca 1925 r. pod N° 43 przy firmie „Polski Bank Handlowy Towarzystwo
Akcyjne — Poznań — oddział w Kowlu",https://polona.pl/preview/d6199215-4bc7-49de-a632-43c5be020195
d6199215-4bc7-49de-a632-43c5be020195,"Obwieszczenia Publiczne : dodatek do Dziennika Urzędowego Ministerstwa Sprawiedliwości.   R.9, № 54 (8 lipca 1925)",1925-07-08,10,"Maciejów, pow. kowelskiego, po
wierzchni zgodnie z orzeczeniem powiatowego komitetu nadawczego w Kowlu",https://polona.pl/preview/d6199215-4bc7-49de-a632-43c5be020195
f4d68405-77dd-49b4-931a-2a00c55ca442,"Obwieszczenia Publiczne : dodatek do Dziennika Urzędowego Ministerstwa Sprawiedliwości.   R.9, № 57 (18 lipca 1925)",1925-07-18,25,"niego sporządzony dn. 19 marca 1923 r. przed Sierakie-
wiczem, zastępcą notarjusza Wdziekońskiego w Kowlu",https://polona.pl/preview/f4d68405-77dd-49b4-931a-2a00c55ca442
86785e50-9f9f-4b31-8f7c-fc0d2f8137b0,"Obwieszczenia Publiczne : dodatek do Dziennika Urzędowego Ministerstwa Sprawiedliwości.   R.9, № 58 (22 lipca 1925)",1925-07-22,13,"odnotowaniu w d. 8 lipca 1925 r. aktu nadania, sporządzonego
przed Hipolitem Żyznowskim, notarjuszem w Kowlu",https://polona.pl/preview/86785e50-9f9f-4b31-8f7c-fc0d2f8137b0
86785e50-9f9f-4b31-8f7c-fc0d2f8137b0,"Obwieszczenia Publiczne : dodatek do Dziennika Urzędowego Ministerstwa Sprawiedliwości.   R.9, № 58 (22 lipca 1925)",1925-07-22,23,"odpowiedzialnością zawarta
została na mocy aktu, zeznanego przed Hipolitem Żyznowskim, notarjuszem
w Kowlu",https://polona.pl/preview/86785e50-9f9f-4b31-8f7c-fc0d2f8137b0
9b0b9e41-4b80-4311-94c4-351e81c539cb,"Obwieszczenia Publiczne : dodatek do Dziennika Urzędowego Ministerstwa Sprawiedliwości.   R.9, № 16 (25 lutego 1925)",1925-07-25,20,"Kowlu
Nuty Kimela, przez niego sporządzony przed notarjuszem ftdoifem Horo-
deckim w Kowlu w d 29 stycznia",https://polona.pl/preview/9b0b9e41-4b80-4311-94c4-351e81c539cb
93aac8d5-0295-41cb-95e1-72c2bd53c473,"Obwieszczenia Publiczne : dodatek do Dziennika Urzędowego Ministerstwa Sprawiedliwości.   R.9, № 59 A (25 lipca 1925)",1925-07-25,9,"Spółka firmowa zawarta na mocy aktu, sporządzonego przed Francisz
kiem Skorupskim, notarjuszem w Kowlu Wspólnikami są: Aleksander Zbiniowski i Józef Brze iński, zamieszkali:
pierwszy w Kowlu, przy ul.",https://polona.pl/preview/93aac8d5-0295-41cb-95e1-72c2bd53c473
05abd13e-749d-4d3f-b3a2-f220d5c9b9cc,"Obwieszczenia Publiczne : dodatek do Dziennika Urzędowego Ministerstwa Sprawiedliwości.   R.9, № 64 (12 sierpnia 1925)",1925-08-12,17,"zatwierdzony, w celu wykonania, testament pryw atny Leonidy Winter, zmarłej
d. 24 grudnia 1924 r. w Kowlu",https://polona.pl/preview/05abd13e-749d-4d3f-b3a2-f220d5c9b9cc
d42e3638-b01f-4ec7-b105-a8e46462d3f8,"Obwieszczenia Publiczne : dodatek do Dziennika Urzędowego Ministerstwa Sprawiedliwości.   R.9, № 65 (15 sierpnia 1925)",1925-08-15,8,"przestrzeni 22 dzies.
1.835 sąż. kw., własność Moszki Libgubera.
5) Dwie nieruchomości wieczysto-czynszowe w Kowlu",https://polona.pl/preview/d42e3638-b01f-4ec7-b105-a8e46462d3f8
323a4f21-ec6f-42f7-869e-132db74c46a0,"Obwieszczenia Publiczne : dodatek do Dziennika Urzędowego Ministerstwa Sprawiedliwości.   R.9, № 69 (29 sierpnia 1925)",1925-08-29,30,"Szaji
bojgela w Kowlu, przez niego sporządzony w d. 18 kwietnia 1923 r. przed
notarjuszem Wdziekonskim w Kowlu, za rep.",https://polona.pl/preview/323a4f21-ec6f-42f7-869e-132db74c46a0
2e970709-f7d2-4521-973b-cc85a134e6f6,"Obwieszczenia Publiczne : dodatek do Dziennika Urzędowego Ministerstwa Sprawiedliwości.   R.9, № 77 (26 września 1925)",1925-09-26,27,"Żyznowskim w Kowlu, za rep. Ns 187. (Na 434/25/Z). 7452
Sj!""",https://polona.pl/preview/2e970709-f7d2-4521-973b-cc85a134e6f6
b1e5cc56-37da-45f8-aebe-4d19b66c131c,"Obwieszczenia Publiczne : dodatek do Dziennika Urzędowego Ministerstwa Sprawiedliwości.   R.9, № 81 (10 października 1925)",1925-10-10,19,"sądu okręgow. w Łucku
obwieszcza o odnotowaniu w d. 28/IX. 1925 r., tytułu wykonawczego sądu
pokoju w Kowlu r., mocą którego Elżbiecie Skudera przy
znane zostało prawo własności do nieiuchomości, położonej w Kowlu",https://polona.pl/preview/b1e5cc56-37da-45f8-aebe-4d19b66c131c
5715840e-00db-478d-a2a8-a7e85fd92bfb,"Obwieszczenia Publiczne : dodatek do Dziennika Urzędowego Ministerstwa Sprawiedliwości.   R.9, № 85 (24 października 1925)",1925-10-24,2,"Włodzimierza Krala na rzecz ich, na mocy
aktu zastawu zeznanego przed Janem Bohojawleńskim, notarjuszem w Kowlu",https://polona.pl/preview/5715840e-00db-478d-a2a8-a7e85fd92bfb
65752f22-120d-4b3a-8239-797c5a1c1547,"Obwieszczenia Publiczne : dodatek do Dziennika Urzędowego Ministerstwa Sprawiedliwości.   R.9, № 86 (28 października 1925)",1925-10-28,20,"6 kwietnia 1924 r., sporządzony przez niego w d. 17 gru
dnia 1919 r. przed notarjuszem Skorupskim w Kowlu",https://polona.pl/preview/65752f22-120d-4b3a-8239-797c5a1c1547
180c526a-f8f5-43d7-9da2-8874589445bc,"Obwieszczenia Publiczne : dodatek do Dziennika Urzędowego Ministerstwa Sprawiedliwości.   R.9, № 88 (4 listopada 1925)",1925-11-04,17,", Ewy Kusyk, przez nią sporządzony w d. 20
maja 1924 r. przed notarjuszem Franciszkiem Skorupskim w Kowlu Siedliszcze, Marji Sławińskiej, przez nią sporządzony przed
notarjuszem Skorupskim w Kowlu w d. 28 czerwca",https://polona.pl/preview/180c526a-f8f5-43d7-9da2-8874589445bc
127d6588-7611-4780-aefe-d6249b63dc23,"Obwieszczenia Publiczne : dodatek do Dziennika Urzędowego Ministerstwa Sprawiedliwości.   R.9, № 88 A (4 listopada 1925)",1925-11-04,14,"okręgowego w Łucku w dniu
18 września 1925 r. przy firmie „Władysław Jaioszewicz i S-ka, spółka fir
mowa w Kowlu",https://polona.pl/preview/127d6588-7611-4780-aefe-d6249b63dc23
a41d076d-790a-4138-8275-b62c9b3b33ae,"Obwieszczenia Publiczne : dodatek do Dziennika Urzędowego Ministerstwa Sprawiedliwości.   R.9, № 94 (25 listopada 1925)",1925-11-25,4,"Ros.),
sąd pokoju w Kowlu, wzywa sukcesorów Fli Panturena, zmarłego w d. 16
maja 1923 r.. ażeby w ciągu miesięcy, od dnia wydrukowania niniejsze
go, zgłosili prawa swoje do majątku, po nim pozostałego i w Kowlu",https://polona.pl/preview/a41d076d-790a-4138-8275-b62c9b3b33ae
a41d076d-790a-4138-8275-b62c9b3b33ae,"Obwieszczenia Publiczne : dodatek do Dziennika Urzędowego Ministerstwa Sprawiedliwości.   R.9, № 94 (25 listopada 1925)",1925-11-25,0,"się wezwanego w oznaczonym terminie spra
wa rozpoznana będzie w jego nieobecności. 9119

Sąd pokoju w Kowlu",https://polona.pl/preview/a41d076d-790a-4138-8275-b62c9b3b33ae
a41d076d-790a-4138-8275-b62c9b3b33ae,"Obwieszczenia Publiczne : dodatek do Dziennika Urzędowego Ministerstwa Sprawiedliwości.   R.9, № 94 (25 listopada 1925)",1925-11-25,3,"O. 563/25. 9126

Sąd pokoju w Kowlu, na zasadzie art. 1401 U. P. C. i art. 3239 (T. X.
cz. I. Zb. Sąd pokoju w Kowlu, na zasadzie art. 1401 U. P. C. i art. 1239 (T. X.
cz. I. Zb. Pr. miesięcy, od dnia wydrukowania niniej
szego, zameldowali prawa swoje do majątku po niej pozostałego w Kowlu Nr. 637/25. 9128

Sąd pokoju w Kowlu, na zasadzie art. 1401 U. P. C. i art. 1239 ( ł. X.
cz. I. Zb. Z. 550/25. 9127

Sąd pokoju w Kowlu, na zasadzie art. 1401 U. P. C. i art. 3239 (11. X.
cz. I. Zb.",https://polona.pl/preview/a41d076d-790a-4138-8275-b62c9b3b33ae
69b24aa9-f568-4b0f-a567-4831cc75f5b6,"Obwieszczenia Publiczne : dodatek do Dziennika Urzędowego Ministerstwa Sprawiedliwości.   R.9, № 95 (28 listopada 1925)",1925-11-28,23,"C., sąd pokoju w Kowlu obwieszcza, że,
po rozpoznaniu w d. 13 marca 1925 r. sprawy z powództwa Eufemjusza Pozwanemu Somczyńskiemu służy prawo wniesienia do sądu poko
ju w Kowlu w ciągu 2-ch tygodni, od daty",https://polona.pl/preview/69b24aa9-f568-4b0f-a567-4831cc75f5b6
085dc561-15a0-4f7e-9250-f635d0b81cd3,"Obwieszczenia Publiczne : dodatek do Dziennika Urzędowego Ministerstwa Sprawiedliwości.   R.9, № 96 (2 grudnia 1925)",1925-12-02,2,"Jarzembskiego, mieszk. w Kowlu, ul. Pomniko
wa Nr. 38, o uznanie stanu dziecka prawego (Nr. 1. 3.",https://polona.pl/preview/085dc561-15a0-4f7e-9250-f635d0b81cd3
394483de-101b-4b07-99c0-43d1bb8f4696,"Obwieszczenia Publiczne : dodatek do Dziennika Urzędowego Ministerstwa Sprawiedliwości.   R.9, № 98 (9 grudnia 1925)",1925-12-09,27,"odpowiedzialnością zawarta została na mocy
aktu, zeznanego przed Hipolitem Żyznowskim, notarjuszem w Kowlu",https://polona.pl/preview/394483de-101b-4b07-99c0-43d1bb8f4696
64b9cae1-a924-4ab1-a9a5-317b0f0b8d49,"Obwieszczenia Publiczne : dodatek do Dziennika Urzędowego Ministerstwa Sprawiedliwości.   R.9, № 100 (16 grudnia 1925)",1925-12-16,3,"Sąd pokoju w Kowlu, na mocy art. 94 prawa wekslowego, obwie
szcza, że w d. 14 listopada 1925 r., zostało umorzenie zaginionych 8 weksli, wystawionych w d. 14 września 1925 r.
przez Tadeusza Szola, pfatnych w Kowlu ogłoszenia niniejszego, t. j. do d. 4 lutego 1926 r., przed
stawił powyższe weksle sądowi pokoju w Kowlu",https://polona.pl/preview/64b9cae1-a924-4ab1-a9a5-317b0f0b8d49
b6eda394-7122-4b02-84d5-c433284abbc3,"Obwieszczenia Publiczne : dodatek do Dziennika Urzędowego Ministerstwa Sprawiedliwości.   R.9, № 101 (19 grudnia 1925)",1925-12-19,13,"Kowlu, w osobie Pro
kopa Biegi, w Kowlu zamieszkałego, i zarząd majątkiem temuż powierzył
z zobowiązaniem C„ sąd pokoju w Kowlu obwieszcza,
ze decyzją z dn. 31 października 1925 r., opartą na decyzji sądu okręgo",https://polona.pl/preview/b6eda394-7122-4b02-84d5-c433284abbc3
12b7dc67-9f5d-4a60-a7a7-01eae7a8117c,"Obwieszczenia Publiczne : dodatek do Dziennika Urzędowego Ministerstwa Sprawiedliwości.   R.9, № 102 (23 grudnia 1925)",1925-12-23,2,"Sąd pokoju w Kowlu, na mocy art. 1401 U. P. C. i art. 1239 (T. X cz.
I Zb. Pr.",https://polona.pl/preview/12b7dc67-9f5d-4a60-a7a7-01eae7a8117c
616c8417-6d51-4259-be5f-bcadc7c7e6b3,"Obwieszczenia Publiczne : dodatek do Dziennika Urzędowego Ministerstwa Sprawiedliwości.   R.10, № 2 (7 stycznia 1926)",1926-01-07,20,"Teodora, przez
niego sporządzony w d. 8 kwietnia 1924 r., przed notariuszem Franciszkiem
Skorupskim w Kowlu",https://polona.pl/preview/616c8417-6d51-4259-be5f-bcadc7c7e6b3
a6c9c993-1353-46ff-bf3a-e954ee3d4e5e,"Obwieszczenia Publiczne : dodatek do Dziennika Urzędowego Ministerstwa Sprawiedliwości.   R.10, № 3 (9 stycznia 1926)",1926-01-09,31,"Łucku
w d. 9 kwietnia 1925 r. wciągnięta została następująca firma pod
Nr. 2391:
„Icko Cukierman“ w Kowlu",https://polona.pl/preview/a6c9c993-1353-46ff-bf3a-e954ee3d4e5e
af8d4f2a-4774-4956-a59b-9aa9f59a06ea,"Obwieszczenia Publiczne : dodatek do Dziennika Urzędowego Ministerstwa Sprawiedliwości.   R.10, № 4 (13 stycznia 1926)",1926-01-13,33,"Moniuszki 3, zeznane w formie aktu przed notarjuszem Franciszkiem
Skorupskim w Kowlu w dniu 9 marca 1924",https://polona.pl/preview/af8d4f2a-4774-4956-a59b-9aa9f59a06ea
e9a54912-4851-4b25-9680-98bbc1277072,"Obwieszczenia Publiczne : dodatek do Dziennika Urzędowego Ministerstwa Sprawiedliwości.   R.10, № 6 A (20 stycznia 1926)",1926-01-20,22,"Wspólnikami są: Boruch-Hersz Gelman i Dawid Gelman,
obaj zamieszkali w Kowlu, przy ul. Łuckiej 56. „Bracia Gelmany, spółka firmowa“ w Kowlu, przy ul. Łuc
kiej 56.",https://polona.pl/preview/e9a54912-4851-4b25-9680-98bbc1277072
1d9f4f13-32c1-4d9e-933f-dab58c0f3c25,"Obwieszczenia Publiczne : dodatek do Dziennika Urzędowego Ministerstwa Sprawiedliwości.   R.10, № 7 (23 stycznia 1926)",1926-01-23,22,"Szegiedina (Szejgie-
dina vel Szejgiediuka) przez niego sporządzony przed notarjuszem Adolfem
Horodeckim w Kowlu",https://polona.pl/preview/1d9f4f13-32c1-4d9e-933f-dab58c0f3c25
308cbef0-01e0-4859-bd30-1f2b844f833e,"Obwieszczenia Publiczne : dodatek do Dziennika Urzędowego Ministerstwa Sprawiedliwości.   R.10, № 9 (30 stycznia 1926)",1926-01-30,31,"sądu okręgowego w Łucku, przy
firmie „Polski Bank Handlowy, Towarzystwo Akcyjne „Pozna“, oddział
w Kowlu",https://polona.pl/preview/308cbef0-01e0-4859-bd30-1f2b844f833e
b46e5207-bc76-4c35-996c-2fc0dee8f4d5,"Obwieszczenia Publiczne : dodatek do Dziennika Urzędowego Ministerstwa Sprawiedliwości.   R.10, № 11 (6 lutego 1926)",1926-02-06,2,"należności na walutę obecną i o zabezpieczenie za
sądzonej sumy zastawionym majątkiem pozwanej, położonym w Kowlu",https://polona.pl/preview/b46e5207-bc76-4c35-996c-2fc0dee8f4d5
d86c1473-ae2d-4ba1-b8df-86cc4a8ac892,"Obwieszczenia Publiczne : dodatek do Dziennika Urzędowego Ministerstwa Sprawiedliwości.   R.10, № 12 (10 lutego 1926)",1926-02-10,31,"Bartłomieja, przez niego sporządzony w dn. 3 czerwca 1925 r. przed
notarjuszem, Hipolitem Żyznowskim, w Kowlu",https://polona.pl/preview/d86c1473-ae2d-4ba1-b8df-86cc4a8ac892
84cab299-62ac-4d11-a9cb-c757445a0ecf,"Obwieszczenia Publiczne : dodatek do Dziennika Urzędowego Ministerstwa Sprawiedliwości.   R.10, № 13 (13 lutego 1926)",1926-02-13,31,"Krasnymstawie, j) Franciszek Dorożyński za oddział w Krze
mieńcu, k) Kazimierz Szurmiński za oddział w Kowlu Władysławowi Różańskiemu
za oddział w Brześciu nad Bugiem, d) Aleksandrowi Woźniakowi za od
dział w Kowlu",https://polona.pl/preview/84cab299-62ac-4d11-a9cb-c757445a0ecf
f4ee7461-f8ea-4ae6-ae96-21beae5df890,"Obwieszczenia Publiczne : dodatek do Dziennika Urzędowego Ministerstwa Sprawiedliwości.   R.10, № 15 (20 lutego 1926)",1926-02-20,17,"okręgowego
w Łucku obwieszcza o odnotowaniu w dn. 8 lutego 1926 r. tytułu wyko
nawczego sądu pokoju w Kowlu",https://polona.pl/preview/f4ee7461-f8ea-4ae6-ae96-21beae5df890
f4ee7461-f8ea-4ae6-ae96-21beae5df890,"Obwieszczenia Publiczne : dodatek do Dziennika Urzędowego Ministerstwa Sprawiedliwości.   R.10, № 15 (20 lutego 1926)",1926-02-20,3,"Z. 1P26. 1443

Sąd pokoju w Kowlu, na mocy art. 1401 U. P. C., i art. 1239 (T. X
cz. I Zb. Pr. ciągu 6 miesięcy, od dnia
wydrukowania niniejszego, zameldowali prawa swoje do pozostałego po
niej w Kowlu",https://polona.pl/preview/f4ee7461-f8ea-4ae6-ae96-21beae5df890
f4ee7461-f8ea-4ae6-ae96-21beae5df890,"Obwieszczenia Publiczne : dodatek do Dziennika Urzędowego Ministerstwa Sprawiedliwości.   R.10, № 15 (20 lutego 1926)",1926-02-20,2,"którego Zofja Halikowska pożyczyła od Róży
Białostockiej 11.000 rb., pod zastaw nieruchomego majątku w Kowlu Zaścińskiego, wypis
z księgi hipotecznej Nr. 513, odpis aktu notarjalnego w Kowlu Nr. 513, od
pis prótokółu",https://polona.pl/preview/f4ee7461-f8ea-4ae6-ae96-21beae5df890
4702ca01-d516-48e5-99dc-a2a91b95db9a,"Obwieszczenia Publiczne : dodatek do Dziennika Urzędowego Ministerstwa Sprawiedliwości.   R.10, № 22 (17 marca 1926)",1926-03-17,16,"Bene
dykta w Kowlu sprzedało mieszkance m.",https://polona.pl/preview/4702ca01-d516-48e5-99dc-a2a91b95db9a
071fbe46-fb82-4264-80b0-7414a4a47497,"Obwieszczenia Publiczne : dodatek do Dziennika Urzędowego Ministerstwa Sprawiedliwości.   R.10, № 23 (20 marca 1926)",1926-03-20,4,"Z. 6P26. 2378

Sąd pokoju w Kowlu, na zasadzie art. 1401 U. P. C. i art. 1239 (T. X
cz. I Zb. Pr. Landwarowie,
pow. t rockiego. 2377
Sąd pokoju w Kowlu, na zasadzie art. 1401 U. P.",https://polona.pl/preview/071fbe46-fb82-4264-80b0-7414a4a47497
e6ef294e-901d-4e4e-b1e2-86d9b9b205f0,"Obwieszczenia Publiczne : dodatek do Dziennika Urzędowego Ministerstwa Sprawiedliwości.   R.10, № 23 A (20 marca 1926)",1926-03-20,31,"odpowiedzialnością zawarta została na mocy aktu, zezna-
nego przed Hipolitem Żyznowskim, notarjuszem w Kowlu",https://polona.pl/preview/e6ef294e-901d-4e4e-b1e2-86d9b9b205f0
86445e90-1947-4dc4-b2c1-fe48b0939d03,"Obwieszczenia Publiczne : dodatek do Dziennika Urzędowego Ministerstwa Sprawiedliwości.   R.10, № 31 (17 kwietnia 1926)",1926-04-17,3,"niniejszego
obwieszczenia, zameldowali swoje prawa do pozostałego po nim mienia.
3708

Sąd pokoju w Kowlu ciągu 6 miesięcy, od dnia wydrukowania niniejsze
go zameldowali prawa swoje do pozostałego po nich w Kowlu",https://polona.pl/preview/86445e90-1947-4dc4-b2c1-fe48b0939d03
f55d2793-da36-434e-8ec1-c8ac1cc5e52e,"Obwieszczenia Publiczne : dodatek do Dziennika Urzędowego Ministerstwa Sprawiedliwości.   R.10, № 33 (24 kwietnia 1926)",1926-04-24,31,"Dymitra Mańkuty, przez niego
sporządzony w d. 7 lipca 1923 r., przed notariuszem Adolfem Horodeckim,
w Kowlu",https://polona.pl/preview/f55d2793-da36-434e-8ec1-c8ac1cc5e52e
45e2db92-77f3-45a7-87a1-39ea29b71268,"Obwieszczenia Publiczne : dodatek do Dziennika Urzędowego Ministerstwa Sprawiedliwości.   R.10, № 34 (28 kwietnia 1926)",1926-04-28,4,"dziesięcin ziemi, młyna wodnego, drewnianego, ze stawem i do
1234 sąż. kw. ziemi. 10214—3—3
Sąd pokoju w Kowlu",https://polona.pl/preview/45e2db92-77f3-45a7-87a1-39ea29b71268
45e2db92-77f3-45a7-87a1-39ea29b71268,"Obwieszczenia Publiczne : dodatek do Dziennika Urzędowego Ministerstwa Sprawiedliwości.   R.10, № 34 (28 kwietnia 1926)",1926-04-28,21,"którego Jefimowi Wesiołowskiemu przyznane zostało prawo własno
ści do działki ziemi (placu), położonej w Kowlu w Łucku obwieszcza o odnotowaniu w dn. 16 kwietnia 1926 r., tytułu wy
konawczego sędziego pokoju w Kowlu",https://polona.pl/preview/45e2db92-77f3-45a7-87a1-39ea29b71268
4f129786-8004-4821-857f-fb20f63d377c,"Obwieszczenia Publiczne : dodatek do Dziennika Urzędowego Ministerstwa Sprawiedliwości.   R.10, № 36 (5 maja 1926)",1926-05-05,63,"handlowego, Działu B, sądu okręgowego w Łucku, przy
firmie „Bank Ziemi Polskiej w Lublinie, oddział w Kowlu Prokurę za oddział w Kowlu udzielono Aleksandrowi Woźniakowi.
1841

Do rejestru handlowego, Działu A,",https://polona.pl/preview/4f129786-8004-4821-857f-fb20f63d377c
4f129786-8004-4821-857f-fb20f63d377c,"Obwieszczenia Publiczne : dodatek do Dziennika Urzędowego Ministerstwa Sprawiedliwości.   R.10, № 36 (5 maja 1926)",1926-05-05,44,"Radjona IJljanickiego, przez
niego sporządzony d. 2 kwietnia 1922 r., przed notarjuszem Horodeckim
w Kowlu",https://polona.pl/preview/4f129786-8004-4821-857f-fb20f63d377c
23ddba8c-3ca9-43c6-9776-65dc79628dd7,"Obwieszczenia Publiczne : dodatek do Dziennika Urzędowego Ministerstwa Sprawiedliwości.   R.10, № 39 (15 maja 1926)",1926-05-15,1,"ciągu 6 miesięcy, od dnia wydrukowania niniej
szego, zameldowali prawa swoje do pozostałego po nim w Kowlu niniejszego obwieszczenia zameldowali
swoje prawa do pozostałego po niej mienia. 4961

Sąd pokoju w Kowlu",https://polona.pl/preview/23ddba8c-3ca9-43c6-9776-65dc79628dd7
950e66e0-7c1f-4624-9319-69929b31595f,"Obwieszczenia Publiczne : dodatek do Dziennika Urzędowego Ministerstwa Sprawiedliwości.   R.10, № 41 (22 maja 1926)",1926-05-22,26,"okręgowego
w Łucku obwieszcza o odnotowaniu w d. 14 maja 1926 r., tytułu wykonaw'
czego sądu pokoju w Kowlu",https://polona.pl/preview/950e66e0-7c1f-4624-9319-69929b31595f
04dd600e-a29f-4dd7-bb01-033a28d6674e,"Obwieszczenia Publiczne : dodatek do Dziennika Urzędowego Ministerstwa Sprawiedliwości.   R.10, № 47 A (12 czerwca 1926)",1926-06-12,15,"Bronisław Brandel, zam. w Kowlu, przy ul. Sienkiewicza 14.
2782.",https://polona.pl/preview/04dd600e-a29f-4dd7-bb01-033a28d6674e
a43c1384-8179-44aa-820c-19f4d606cfcf,"Obwieszczenia Publiczne : dodatek do Dziennika Urzędowego Ministerstwa Sprawiedliwości.   R.10, № 48 A (16 czerwca 1926)",1926-06-16,4,"„Chaja-Rywka Atłas"" — handel obuwiem — w Kowlu, ul.
Warszawska 201 (Łucka 18), Wałśc. Chaja-Rywka Atłas, zam. w Kowlu
Przy ul. Strażackiej 6.
2791.",https://polona.pl/preview/a43c1384-8179-44aa-820c-19f4d606cfcf
a43c1384-8179-44aa-820c-19f4d606cfcf,"Obwieszczenia Publiczne : dodatek do Dziennika Urzędowego Ministerstwa Sprawiedliwości.   R.10, № 48 A (16 czerwca 1926)",1926-06-16,28,"odpowiedzialnością została zawarta na mocy
aktów, zeznanych przed Adolfem Korodeckim, notarjuszem w Kowlu",https://polona.pl/preview/a43c1384-8179-44aa-820c-19f4d606cfcf
d93faa6c-de78-4f24-b4e6-08056502aa93,"Obwieszczenia Publiczne : dodatek do Dziennika Urzędowego Ministerstwa Sprawiedliwości.   R.10, № 49 (19 czerwca 1926)",1926-06-19,7,"nia niniejszego obwieszczenia, zgłosili swoje prawa do pozostałego po nim
spadku. 6428:

Sąd pokoju w Kowlu",https://polona.pl/preview/d93faa6c-de78-4f24-b4e6-08056502aa93
d93faa6c-de78-4f24-b4e6-08056502aa93,"Obwieszczenia Publiczne : dodatek do Dziennika Urzędowego Ministerstwa Sprawiedliwości.   R.10, № 49 (19 czerwca 1926)",1926-06-19,27,"Benedykta w Kowlu, nieruchomości, przestrzeni
1540 sąż. kw., położonej w Kowlu przy ul.",https://polona.pl/preview/d93faa6c-de78-4f24-b4e6-08056502aa93
44b7f6bb-4218-4793-afa2-2651955c1586,"Obwieszczenia Publiczne : dodatek do Dziennika Urzędowego Ministerstwa Sprawiedliwości.   R.10, № 52 (30 czerwca 1926)",1926-06-30,1,"Sąd pokoju w Kowlu, na mocy art. 1401 U. P. C. i 1239 (T. X cz. 1
Zb. Pr.",https://polona.pl/preview/44b7f6bb-4218-4793-afa2-2651955c1586
0c1a9556-be93-4567-b7f6-93ebab1cdb15,"Obwieszczenia Publiczne : dodatek do Dziennika Urzędowego Ministerstwa Sprawiedliwości.   R.10, № 56 (14 lipca 1926)",1926-07-14,0,"nałożenie zastrzeżenia na nieruchomy majątek Konstan
tego Czeczela, syna Wiktora, znajdujący się w Kowlu",https://polona.pl/preview/0c1a9556-be93-4567-b7f6-93ebab1cdb15
3963174a-effe-4399-b6d6-9f9779769a8d,"Obwieszczenia Publiczne : dodatek do Dziennika Urzędowego Ministerstwa Sprawiedliwości.   R.10, № 58 (21 lipca 1926)",1926-07-21,25,"Wspólnikami są: Abram-
Szulim Wolman i Szmul Wolman, zamieszkali: pierwszy w Kowlu, przy ul. 23 stycznia 1926 r. pod Nr. 2721 wciągnięto następującą firmę:
„Bracia Wolman, Fabryka Garbarska w Kowlu Przedmiotem przed
siębiorstwa jest eksploatacja garbarni w Kowlu, przy ul. Monopolowej
Nr. 71.",https://polona.pl/preview/3963174a-effe-4399-b6d6-9f9779769a8d
84ebbfd0-b5ce-4c67-9869-f2ec28840e7d,"Obwieszczenia Publiczne : dodatek do Dziennika Urzędowego Ministerstwa Sprawiedliwości.   R.10, № 59 (24 lipca 1926)",1926-07-24,15,"Benedykta w Kowlu;
7) Nieruchomość w m. Kowlu, przy ul.",https://polona.pl/preview/84ebbfd0-b5ce-4c67-9869-f2ec28840e7d
8bbf7c23-ed81-446d-88a3-dc73e8b2de88,"Obwieszczenia Publiczne : dodatek do Dziennika Urzędowego Ministerstwa Sprawiedliwości.   R.10, № 60 (28 lipca 1926)",1926-07-28,3,"BŁTs y łt po iego śmierci ' znaiduii « ^
Sąd pokoj'u w Kowlu, na zasadzie art. 1408 U.",https://polona.pl/preview/8bbf7c23-ed81-446d-88a3-dc73e8b2de88
8bbf7c23-ed81-446d-88a3-dc73e8b2de88,"Obwieszczenia Publiczne : dodatek do Dziennika Urzędowego Ministerstwa Sprawiedliwości.   R.10, № 60 (28 lipca 1926)",1926-07-28,30,"Szija-Eszel Fridlender,
zam. w Kowlu, przy ul. Mickiewicza 9.
2818. „Szaja Bursztejn“ — piwiarnia w Kowlu, przy ul. Warszaw
skiej 73. Istnieje od 1924 r. Właśc. Chana Elfant, zam. w Kowlu, przy
ul. Handlowej 45/47.
2814. „Chana Elfant“ — handel spożywczy w Kowlu, przy ul. Han
dlowej 20. Istnieje od lat 30-tu. Właśc. „Geszel Fridlender“ — skład apteczny w Kowlu, przy uli
cy Warszawskiej 14. Istnieje od 1924 r.",https://polona.pl/preview/8bbf7c23-ed81-446d-88a3-dc73e8b2de88
8bbf7c23-ed81-446d-88a3-dc73e8b2de88,"Obwieszczenia Publiczne : dodatek do Dziennika Urzędowego Ministerstwa Sprawiedliwości.   R.10, № 60 (28 lipca 1926)",1926-07-28,28,"„Gabe Boruch 11 — handel drobną galanterją w Kowlu, przy
m. Kolejowej 65. Istnieje od 1912 r. „Chawa Aszkienazi 11 — sprzedaż materjałów piśmiennych
w Kowlu, przy ul. „Ajzyk Dołgopoluk 11 — handel spożywczy i drobna galan-
terja w Kowlu, przy ul. Sienkiewicza 41.",https://polona.pl/preview/8bbf7c23-ed81-446d-88a3-dc73e8b2de88
8bbf7c23-ed81-446d-88a3-dc73e8b2de88,"Obwieszczenia Publiczne : dodatek do Dziennika Urzędowego Ministerstwa Sprawiedliwości.   R.10, № 60 (28 lipca 1926)",1926-07-28,29,"„Aron Bezzubow"" — handel naczyń w Kowlu, przy ul. War
szawskiej 157. Istnieje od 1925 r. Właśc. „Srul-Mojsze Bass“ — księgarnia w Kowlu, przy ul. War
szawskiej 168. Istnieje od lat 40-tu. Właśc. „Icko Błumenfeld"" — sprzedaż marek i weksli w Kowlu, Ko
lejowa 1. Istnieje od 1 stycznia 1922 r. Icek Blumenfeld, zam.
w Kowlu, przy ul. Królowej Bony 8.
d. 19 kwietnia 1926 r.
2811. „Baszejwa Ejnach“ — sprzedaż towarów bławatnych i ma
nufaktury ludowej w Kowlu, przy ul.",https://polona.pl/preview/8bbf7c23-ed81-446d-88a3-dc73e8b2de88
06bc08db-f841-4734-afac-8042a9a6a79b,"Obwieszczenia Publiczne : dodatek do Dziennika Urzędowego Ministerstwa Sprawiedliwości.   R.10, № 67 (21 sierpnia 1926)",1926-08-21,20,"Wdziękońskim w Kowlu,
za rep. Nr. 3877. (Nr. Z. 345/25)- 8708

Na zasadzie art. 1066 18 (t. X cz.",https://polona.pl/preview/06bc08db-f841-4734-afac-8042a9a6a79b
55884068-2d15-40e6-94fb-3f882b2cd06c,"Obwieszczenia Publiczne : dodatek do Dziennika Urzędowego Ministerstwa Sprawiedliwości.   R.10, № 70 (1 września 1926)",1926-09-01,1,"Z. 70/26. 6734—3—2
Sąd pokoju w Kowlu, na mocy art. 1401 U. P. C. i 1239 (T. X cz. I
Zb. Pr.",https://polona.pl/preview/55884068-2d15-40e6-94fb-3f882b2cd06c
55884068-2d15-40e6-94fb-3f882b2cd06c,"Obwieszczenia Publiczne : dodatek do Dziennika Urzędowego Ministerstwa Sprawiedliwości.   R.10, № 70 (1 września 1926)",1926-09-01,23,"zwinięciu od
działu kowelskiego 1 , firma „Polski Bank Handlowy, Towarzystwo Akcyjne
Poznań, oddział w Kowlu",https://polona.pl/preview/55884068-2d15-40e6-94fb-3f882b2cd06c
9593a4a7-f0b3-4461-af69-10d68c5be3e1,"Obwieszczenia Publiczne : dodatek do Dziennika Urzędowego Ministerstwa Sprawiedliwości.   R.10, № 71 (4 września 1926)",1926-09-04,17,"sprze
daży, mocą którego Uszer Sojfer sprzedał Berkowi Micmacherowi, synowi
Lej zora, zamieszkałemu w Kowlu Szkolnej 14, działkę własnej zie
mi sadybnej, o przestrzeni ogólnej 90 arsz. kw., położoną w Kowlu, przy",https://polona.pl/preview/9593a4a7-f0b3-4461-af69-10d68c5be3e1
8b2a82e5-472d-4fd1-ad91-fdbe3b38e8fe,"Obwieszczenia Publiczne : dodatek do Dziennika Urzędowego Ministerstwa Sprawiedliwości.   R.10, № 71 A (4 września 1926)",1926-09-04,5,"„Josif Erlichgereeht"" — handel spożywczy i sprzedaż drob
nej galanterji w Kowlu, przy ul.",https://polona.pl/preview/8b2a82e5-472d-4fd1-ad91-fdbe3b38e8fe
8b2a82e5-472d-4fd1-ad91-fdbe3b38e8fe,"Obwieszczenia Publiczne : dodatek do Dziennika Urzędowego Ministerstwa Sprawiedliwości.   R.10, № 71 A (4 września 1926)",1926-09-04,20,"„Szmul Byk"" — handel spożywczy w Kowlu, przy ul. Ko
lejowej 46. Istnieje od 1923 r. Właśc. „Maradla Fridman"" — handel galanterją w Kowlu, przy
ul. Kolejowej 86. Istnieje od 1917 r. Właśc.",https://polona.pl/preview/8b2a82e5-472d-4fd1-ad91-fdbe3b38e8fe
8b2a82e5-472d-4fd1-ad91-fdbe3b38e8fe,"Obwieszczenia Publiczne : dodatek do Dziennika Urzędowego Ministerstwa Sprawiedliwości.   R.10, № 71 A (4 września 1926)",1926-09-04,4,"„Zelman Osiuk"" — handel detaliczny napojami alkoholowe
mi w naczyniach zamkniętych w Kowlu, przy ul.",https://polona.pl/preview/8b2a82e5-472d-4fd1-ad91-fdbe3b38e8fe
8b2a82e5-472d-4fd1-ad91-fdbe3b38e8fe,"Obwieszczenia Publiczne : dodatek do Dziennika Urzędowego Ministerstwa Sprawiedliwości.   R.10, № 71 A (4 września 1926)",1926-09-04,19,"„Szmul Erlich"" — handel obuwiem i galanterją w Kowlu,
przy ul. Warszawskiej 67. Istnieje od 1924 r.",https://polona.pl/preview/8b2a82e5-472d-4fd1-ad91-fdbe3b38e8fe
8b2a82e5-472d-4fd1-ad91-fdbe3b38e8fe,"Obwieszczenia Publiczne : dodatek do Dziennika Urzędowego Ministerstwa Sprawiedliwości.   R.10, № 71 A (4 września 1926)",1926-09-04,11,"Nr. 85:
„Stała Komunikacja Samochodowa Kowel - Ratno, spółka z ogra
niczoną odpowiedzialnością 4 ' w Kowlu",https://polona.pl/preview/8b2a82e5-472d-4fd1-ad91-fdbe3b38e8fe
159db538-0108-433d-885f-b5c3f456b75d,"Obwieszczenia Publiczne : dodatek do Dziennika Urzędowego Ministerstwa Sprawiedliwości.   R.10, № 72 (8 września 1926)",1926-09-08,30,"C., sąd pokoju w .Kowlu, obwieszcza,
że wyrokiem swoim z dn. 18 sierpnia 1925 r., zaocznie postanowił",https://polona.pl/preview/159db538-0108-433d-885f-b5c3f456b75d
4f82249b-142f-4713-9cd6-7765d7c36ea5,"Obwieszczenia Publiczne : dodatek do Dziennika Urzędowego Ministerstwa Sprawiedliwości.   R.10, № 74 A (15 września 1926)",1926-09-15,19,"właścicielki przedsiębiorstwa Chaji Rejder przed
siębiorstwem spadkowem zarządza Motel Rejder, zamieszkały w Kowlu Nr. 1339, przy firmie „Chaja Rejder"" w Kowlu
wciągnięto dodatkowy wpis Nr. 2 treści następującej:
Do",https://polona.pl/preview/4f82249b-142f-4713-9cd6-7765d7c36ea5
4f82249b-142f-4713-9cd6-7765d7c36ea5,"Obwieszczenia Publiczne : dodatek do Dziennika Urzędowego Ministerstwa Sprawiedliwości.   R.10, № 74 A (15 września 1926)",1926-09-15,18,"Blu
ma Berchman, zam. w Kowlu, przy ul. Włodzimierskiej 3.
2919. „Gitla Bojm"" — handel galanferją w Kowlu, przy ul. War
szawskiej 126. Istnieje od 1918 r. Właśc. „Leon Fuchs"" — biuro pisania podań, tłumaczeń i przepisy
wania na maszynie w Kowlu, przy ul. „Bluma Berchman"" — sprzedaż gotowych ubrań w Kowlu,
przy ul. Włodzimierskiej 2.",https://polona.pl/preview/4f82249b-142f-4713-9cd6-7765d7c36ea5
4f82249b-142f-4713-9cd6-7765d7c36ea5,"Obwieszczenia Publiczne : dodatek do Dziennika Urzędowego Ministerstwa Sprawiedliwości.   R.10, № 74 A (15 września 1926)",1926-09-15,1,"Sandelsztejn, spółka z odpowiedzialnością ogra
niczoną"" w Kowlu, wciągnięto, jako wykreślenie, wpis Nr",https://polona.pl/preview/4f82249b-142f-4713-9cd6-7765d7c36ea5
4f82249b-142f-4713-9cd6-7765d7c36ea5,"Obwieszczenia Publiczne : dodatek do Dziennika Urzędowego Ministerstwa Sprawiedliwości.   R.10, № 74 A (15 września 1926)",1926-09-15,2,"rozwiązania spółki i unieważnienia na mocy aktu zezna-
nego przed Hipolitem Żyznowskim, notarjuszem w Kowlu",https://polona.pl/preview/4f82249b-142f-4713-9cd6-7765d7c36ea5
97238bbf-075d-423d-bbfc-eecde777a4c9,"Obwieszczenia Publiczne : dodatek do Dziennika Urzędowego Ministerstwa Sprawiedliwości.   R.10, № 75 (18 września 1926)",1926-09-18,3,"6 miesięcy, od dma
niniejszego, zameldowali prawa swoje do majątku nieruchom g , p pcjj
zostałego w Kowlu Sad ookoiu w Kowlu, na zasadzie art. 1401 U. P. C. 1 1239 (T. Ros.), sąd
pokoju w Kowlu, wzywa sukcesorów Wasyla Bondaruka, zmarłego w [ 9 ->
a^eby w c ągu 6 miesięcy Ros-), sąd
pokoju w Kowlu, wzywa sukcesorów Pawła Martynowicza, zmar e & .",https://polona.pl/preview/97238bbf-075d-423d-bbfc-eecde777a4c9
9f973f19-fb8d-46a8-802c-760d7bd4a137,"Obwieszczenia Publiczne : dodatek do Dziennika Urzędowego Ministerstwa Sprawiedliwości.   R.10, № 76 A (22 września 1926)",1926-09-22,29,"„Pinchos Fitersojbel"", handel mięsem w Kowlu, przy ul. Ma
ciejowskiej 98. Istnieje od 1924 r.",https://polona.pl/preview/9f973f19-fb8d-46a8-802c-760d7bd4a137
ada9015f-195e-45b2-9c71-f97a918397fd,"Obwieszczenia Publiczne : dodatek do Dziennika Urzędowego Ministerstwa Sprawiedliwości.   R.10, № 76 (25 września 1926)",1926-09-25,2,"Z. 369. 9748

Sąd pokoju w Kowlu, na zasadzie art. 1401 U. P. C. i 1239 (T. X cz. I
Zb. Pr.",https://polona.pl/preview/ada9015f-195e-45b2-9c71-f97a918397fd
fd16e1be-5df0-4b5e-9c34-323923cbc0d5,"Obwieszczenia Publiczne : dodatek do Dziennika Urzędowego Ministerstwa Sprawiedliwości.   R.10, № 77 A (25 września 1926)",1926-09-25,40,"następującej:
Na skutek zawiadomienia wspólników, spółka „Szymon Goldberg
i Syn"", skład apteczny w Kowlu własność Izaaka Goldberga,
i prowadzić się będzie nadal pod firmą „Izaak Goldberg , skład apteczny
w Kowlu",https://polona.pl/preview/fd16e1be-5df0-4b5e-9c34-323923cbc0d5
fd16e1be-5df0-4b5e-9c34-323923cbc0d5,"Obwieszczenia Publiczne : dodatek do Dziennika Urzędowego Ministerstwa Sprawiedliwości.   R.10, № 77 A (25 września 1926)",1926-09-25,28,"Otwarto filje biura sprzedaży: w Kowlu,
Stanisławowie, Tarnopolu, Lwowie, Wilnie i Łucku.
XI 2262.",https://polona.pl/preview/fd16e1be-5df0-4b5e-9c34-323923cbc0d5
fd16e1be-5df0-4b5e-9c34-323923cbc0d5,"Obwieszczenia Publiczne : dodatek do Dziennika Urzędowego Ministerstwa Sprawiedliwości.   R.10, № 77 A (25 września 1926)",1926-09-25,24,"Moiszko Fryszberg, zam. tamże.
2 973- „Chaja Ajzenberg"" — bufet, handel spożywczy i mleczarnia
w Kowlu",https://polona.pl/preview/fd16e1be-5df0-4b5e-9c34-323923cbc0d5
fd16e1be-5df0-4b5e-9c34-323923cbc0d5,"Obwieszczenia Publiczne : dodatek do Dziennika Urzędowego Ministerstwa Sprawiedliwości.   R.10, № 77 A (25 września 1926)",1926-09-25,44,"„Rejzla Blumenkranc"", bufet i sprzedaż artykułów spożywczych
w Kowlu, przy ul. 3-go Maja 6. „Berko Atłas“, handel skórami i obuwiem w Kowlu, przy ul.
Warszawskiej 201. Właśc.",https://polona.pl/preview/fd16e1be-5df0-4b5e-9c34-323923cbc0d5
a9b7c3da-9e5f-4f57-b050-53715e353d51,"Obwieszczenia Publiczne : dodatek do Dziennika Urzędowego Ministerstwa Sprawiedliwości.   R.10, № 79 (2 października 1926)",1926-10-02,28,"„Abram Blumsztejn"", handel chłopskim obuwiem w Kowlu, przy
ul. Warszawskiej 199. Właśc. „Lejb Arkadier"", handel manufakturą w Kowlu, przy ul. War
szawskiej 116. Właśc. „Aron Choc"", drobny handel galanterją ii obuwiem dziecinnym
w Kowlu, przy ul. Warszawskiej 72.",https://polona.pl/preview/a9b7c3da-9e5f-4f57-b050-53715e353d51
31a3e2d2-5763-47d6-8d23-b5269a57a382,"Obwieszczenia Publiczne : dodatek do Dziennika Urzędowego Ministerstwa Sprawiedliwości.   R.10, № 79 A (2 października 1926)",1926-10-02,46,"Hersz Ginzberg, zam. tamże.
. yi7 2 ^ ^' »Marjam Epsztejn“, drobna sprzedaż galanterji w Kowlu, przy",https://polona.pl/preview/31a3e2d2-5763-47d6-8d23-b5269a57a382
31a3e2d2-5763-47d6-8d23-b5269a57a382,"Obwieszczenia Publiczne : dodatek do Dziennika Urzędowego Ministerstwa Sprawiedliwości.   R.10, № 79 A (2 października 1926)",1926-10-02,14,"Spółka firmowa zawarta
na mocy aktu, zeznanego przed Hipolitem Żyznowskim, not. w Kowlu w dn.
6 sierpnia .:
„Czesław Słomiński i Szloma Mandel, Kolektura Wołyń, spółka firmo
wa w Kowlu"".",https://polona.pl/preview/31a3e2d2-5763-47d6-8d23-b5269a57a382
be317ba7-b737-4f1e-9ab5-12983c0979be,"Obwieszczenia Publiczne : dodatek do Dziennika Urzędowego Ministerstwa Sprawiedliwości.   R.10, № 80 (6 października 1926)",1926-10-06,39,"„Szmul Charat“, handel spożywczy w Kowlu, przy ul. War
szawskiej Nr. 191.",https://polona.pl/preview/be317ba7-b737-4f1e-9ab5-12983c0979be
e190b623-59a5-4614-aa82-912e98e954ba,"Obwieszczenia Publiczne : dodatek do Dziennika Urzędowego Ministerstwa Sprawiedliwości.   R.10, № 80 A (6 października 1926)",1926-10-06,23,"Tyc, spółka fir
mowa"" w Kowlu, przy ul. Kościelnej 1. Wspólniczkami są: Marja Ejsmont i Lidja Tyc, za
mieszkałe w Kowlu, przy ul. Strażackiej.",https://polona.pl/preview/e190b623-59a5-4614-aa82-912e98e954ba
4b524371-fe17-485a-b613-46e08798d590,"Obwieszczenia Publiczne : dodatek do Dziennika Urzędowego Ministerstwa Sprawiedliwości.   R.10, № 81 (9 października 1926)",1926-10-09,30,"Spółka zawarta na czas nieokreślony, na mocy aktu, zeznanego
przed Hipolitem Żyznowskim, notarjuszem w Kowlu",https://polona.pl/preview/4b524371-fe17-485a-b613-46e08798d590
694c6a06-8e4f-4284-9098-3ef16e33a4f2,"Obwieszczenia Publiczne : dodatek do Dziennika Urzędowego Ministerstwa Sprawiedliwości.   R.10, № 82 (13 października 1926)",1926-10-13,69,"„Abram Merzyk"", handel manufakturą w Kowlu, przy ul. War
szawskiej 80. Istnieje od 1 lipca 1926 r.",https://polona.pl/preview/694c6a06-8e4f-4284-9098-3ef16e33a4f2
62ff52b4-5e19-4f25-85df-8f873d0d9485,"Obwieszczenia Publiczne : dodatek do Dziennika Urzędowego Ministerstwa Sprawiedliwości.   R.10, № 87 (30 października 1926)",1926-10-30,30,"sądu okręgowego
w Łucku, obwieszcza o odnotowaniu w dn. 16 października 1926 r. decyzji
sądu pokoju w Kowlu",https://polona.pl/preview/62ff52b4-5e19-4f25-85df-8f873d0d9485
c67e4a1f-4dc3-4060-be71-587285e5db36,"Obwieszczenia Publiczne : dodatek do Dziennika Urzędowego Ministerstwa Sprawiedliwości.   R.10, № 88 A (3 listopada 1926)",1926-11-03,13,"odpowiedzialnością zawarta
została na mocy aktów, zeznanych przed Hipolitem Żyznowskim, notarjuszem
w Kowlu",https://polona.pl/preview/c67e4a1f-4dc3-4060-be71-587285e5db36
c67e4a1f-4dc3-4060-be71-587285e5db36,"Obwieszczenia Publiczne : dodatek do Dziennika Urzędowego Ministerstwa Sprawiedliwości.   R.10, № 88 A (3 listopada 1926)",1926-11-03,11,"Łucku, w dn.
20 września 1926 r., pod Nr. 82, przy firmie „Bank Ziemi Polskiej w Lubli
nie, Oddział w Kowlu",https://polona.pl/preview/c67e4a1f-4dc3-4060-be71-587285e5db36
b2c0d5dd-31fa-4ada-8c76-b2cb54b85efe,"Obwieszczenia Publiczne : dodatek do Dziennika Urzędowego Ministerstwa Sprawiedliwości.   R.10, № 89 (6 listopada 1926)",1926-11-06,7,"Nr. 82/26 r. 11 5&7 3 11
Sąd pokoju w Kowlu, na zasadzie art. 1401 U. P. C. i 1239 (T. X.
cz. I.",https://polona.pl/preview/b2c0d5dd-31fa-4ada-8c76-b2cb54b85efe
76e881f7-3b57-407f-9b9b-ad1297c81e7a,"Obwieszczenia Publiczne : dodatek do Dziennika Urzędowego Ministerstwa Sprawiedliwości.   R.10,  № 90 (10 listopada 1926)",1926-11-10,4,"Sąd pokoju w Kowlu, na zasadzie art. 1401 U. P. C. i 1239 (T. X.
cz. I. Zb. Pr.",https://polona.pl/preview/76e881f7-3b57-407f-9b9b-ad1297c81e7a
01570f57-6020-4c64-8292-6695db338ac5,"Obwieszczenia Publiczne : dodatek do Dziennika Urzędowego Ministerstwa Sprawiedliwości.   R.10, № 91 (13 listopada 1926)",1926-11-13,39,"odpowiedzialnością zawarta została na mocy
aktu, zeznanego przed Hipolitem Żyznowskim, notarjuszem w Kowlu",https://polona.pl/preview/01570f57-6020-4c64-8292-6695db338ac5
20d64d20-d8e4-4d96-9fe3-fbd11c15c495,"Obwieszczenia Publiczne : dodatek do Dziennika Urzędowego Ministerstwa Sprawiedliwości.   R.10, № 91 A (13 listopada 1926)",1926-11-13,2,"Udzielono prokury Izraelowi Fajnsztejnowi, zam. w Kowlu, przy
ul. Łuckiej Nr. 42.
,. 3297.",https://polona.pl/preview/20d64d20-d8e4-4d96-9fe3-fbd11c15c495
20d64d20-d8e4-4d96-9fe3-fbd11c15c495,"Obwieszczenia Publiczne : dodatek do Dziennika Urzędowego Ministerstwa Sprawiedliwości.   R.10, № 91 A (13 listopada 1926)",1926-11-13,1,"tamże.
33 2 3- „Hinda Binder"", handel wyrobami tytoniowemi i spożywczemi
oraz sprzedaż galanterji w Kowlu",https://polona.pl/preview/20d64d20-d8e4-4d96-9fe3-fbd11c15c495
20d64d20-d8e4-4d96-9fe3-fbd11c15c495,"Obwieszczenia Publiczne : dodatek do Dziennika Urzędowego Ministerstwa Sprawiedliwości.   R.10, № 91 A (13 listopada 1926)",1926-11-13,3,"okręgowego w Łucku, w dn.
12 października 1926 r„ pod Nr. 2420 przy firmie „Pierwsza Spółka Młynar
ska w Kowlu",https://polona.pl/preview/20d64d20-d8e4-4d96-9fe3-fbd11c15c495
615e24ae-28e1-4838-9f9d-a8fc9f9142a8,"Obwieszczenia Publiczne : dodatek do Dziennika Urzędowego Ministerstwa Sprawiedliwości.   R.10, № 92 (17 listopada 1926)",1926-11-17,2,"niniejszego
obwieszczenia, zgłosili swoje prawa do pozostałego po nim majątku. 12012

Sąd pokoju w Kowlu",https://polona.pl/preview/615e24ae-28e1-4838-9f9d-a8fc9f9142a8
966d02cf-e8d2-454c-bfcd-03945f1fdda6,"Obwieszczenia Publiczne : dodatek do Dziennika Urzędowego Ministerstwa Sprawiedliwości.   R.10, № 92 A (17 listopada 1926)",1926-11-17,19,"Józef Dorosiewicz, zam. tamże.
3339- „Włodzimierz Baranowski"", sprzedaż wyrobów tytoniowych
w Kowlu, „Ajzyk Finkielsztejn"", handel spożywczy w Kowlu, przy ul.
Handlowej Nr. 17.",https://polona.pl/preview/966d02cf-e8d2-454c-bfcd-03945f1fdda6
6ceae765-3f6d-4e29-aace-627197b8055d,"Obwieszczenia Publiczne : dodatek do Dziennika Urzędowego Ministerstwa Sprawiedliwości.   R.10, № 94 (24 listopada 1926)",1926-11-24,28,"Wodopojnej.
3383- „Mejer Barg“, handel ludowem ubraniem w Kowlu, przy ul,
Kościelnej Nr. 1. „Motel Bober“, piwiarnia w Kowlu, przy ul. Kolejowej Nr. 2.
Istnieje od 1926 r. Wlaśc.",https://polona.pl/preview/6ceae765-3f6d-4e29-aace-627197b8055d
6ce195ca-46e5-40c8-8f16-d4fac699145c,"Obwieszczenia Publiczne : dodatek do Dziennika Urzędowego Ministerstwa Sprawiedliwości.   R.10, № 95 (27 listopada 1926)",1926-11-27,19,"Zjazdu Sędziów Pokoju
w Kowlu, z dn. 29 maja 1907 r., Nr. 900, w sumie 82 rb. 14 kop.",https://polona.pl/preview/6ce195ca-46e5-40c8-8f16-d4fac699145c
6ce195ca-46e5-40c8-8f16-d4fac699145c,"Obwieszczenia Publiczne : dodatek do Dziennika Urzędowego Ministerstwa Sprawiedliwości.   R.10, № 95 (27 listopada 1926)",1926-11-27,0,"I2 457

Sąd pokoju w Kowlu, na zasadzie art. 1401 U. P. C. i 1239 (T. X.
cz. I. 7.1). Pr.",https://polona.pl/preview/6ce195ca-46e5-40c8-8f16-d4fac699145c
d2d13466-afb4-4454-a5c8-94f97fea6482,"Obwieszczenia Publiczne : dodatek do Dziennika Urzędowego Ministerstwa Sprawiedliwości.   R.10,  № 96 A (1 grudnia 1926)",1926-12-01,1,"„Szpryncia Godomyczer"", sprzedaż manufaktury w Kowlu, przy
ul. Warszawskiej 154.",https://polona.pl/preview/d2d13466-afb4-4454-a5c8-94f97fea6482
d2d13466-afb4-4454-a5c8-94f97fea6482,"Obwieszczenia Publiczne : dodatek do Dziennika Urzędowego Ministerstwa Sprawiedliwości.   R.10,  № 96 A (1 grudnia 1926)",1926-12-01,0,"Genia Atłas, zam. w Kowlu, przy ul. Tuszow-
skiego 6.
3488. „Genia Atłas"", handel mięsem w Kowlu, przy ul. Kolejowej 29.
Istnieje od 1924 r. Właśc.",https://polona.pl/preview/d2d13466-afb4-4454-a5c8-94f97fea6482
5188a596-c98b-4c5c-b446-41d257dee03b,"Obwieszczenia Publiczne : dodatek do Dziennika Urzędowego Ministerstwa Sprawiedliwości.   R.10, № 96 (1 grudnia 1926)",1926-12-01,20,"1926 r., aktu sprzedaży
przez Elżbietę Skuderi — Bolesławowi Ostrowskiemu, synowi Antoniego,
zam. w Kowlu 28, działki ziemi bez zabu
dowań, przestrzeni 253,33 sąż. kw. z majątku nieruchomego, położonego
w Kowlu",https://polona.pl/preview/5188a596-c98b-4c5c-b446-41d257dee03b
5188a596-c98b-4c5c-b446-41d257dee03b,"Obwieszczenia Publiczne : dodatek do Dziennika Urzędowego Ministerstwa Sprawiedliwości.   R.10, № 96 (1 grudnia 1926)",1926-12-01,46,"Sąd pokoju w Kowlu, na zasadzie art. 150, 293—298 U. P.",https://polona.pl/preview/5188a596-c98b-4c5c-b446-41d257dee03b
b85d9db8-b17f-4eac-9820-855dd14649eb,"Obwieszczenia Publiczne : dodatek do Dziennika Urzędowego Ministerstwa Sprawiedliwości.   R.10, № 103 A (25 grudnia 1926)",1926-12-25,13,"Dla oddziału w Kowlu: Marja-
nowi Jastrzębskiemu, Janowi Matejfowi i Aleksandrowi Woźniakowi.",https://polona.pl/preview/b85d9db8-b17f-4eac-9820-855dd14649eb
3e4b218a-cd26-4d37-8fd6-cc767b32f3fc,"Obwieszczenia Publiczne : dodatek do Dziennika Urzędowego Ministerstwa Sprawiedliwości.   R.10, № 104 A (29 grudnia 1926)",1926-12-29,17,"Siedziba centrali w Paryżu, Filja Warszawskiego Biura sprze
daży biletów w Kowlu, Nowowiejska 2. Kierownikiem filji w Kowlu jest Sta
nisław Sokołowski.",https://polona.pl/preview/3e4b218a-cd26-4d37-8fd6-cc767b32f3fc
1537a3b1-0757-40dd-a991-8e3829d8a0a5,"Obwieszczenia Publiczne : dodatek do Dziennika Urzędowego Ministerstwa Sprawiedliwości.   R.11, № 2 (5 stycznia 1927)",1927-01-05,2,"C. i 1239 O-"" - ^' ^ > - Łr- Ros.), sąd pokoju
w Kowlu, wzywa sukcesorów Icka Bursztejna, zmarłego w",https://polona.pl/preview/1537a3b1-0757-40dd-a991-8e3829d8a0a5
8195f9d4-1cb1-4648-8445-571538b43b66,"Obwieszczenia Publiczne : dodatek do Dziennika Urzędowego Ministerstwa Sprawiedliwości.   R.11, № 3 (8 stycznia 1927)",1927-01-08,1,"Ostrzega się o skutkach zaoczności. 11566—-3—3
Na żądanie Fryderyka Szmolanda vel Schmołanda, zam. w Kowlu",https://polona.pl/preview/8195f9d4-1cb1-4648-8445-571538b43b66
b4d9601e-7741-4d58-bbeb-c2cae7d99d3a,"Obwieszczenia Publiczne : dodatek do Dziennika Urzędowego Ministerstwa Sprawiedliwości.   R.11, № 5 (15 stycznia 1927)",1927-01-15,2,"Ros.), sąd pokoju
w Kowlu wzywa sukcesorów Fałeka Erlicha, syna Mejera, zmarłego w 1905 r.,
ażeby w ciągu",https://polona.pl/preview/b4d9601e-7741-4d58-bbeb-c2cae7d99d3a
7fa1afdb-db61-4723-a8ec-b11d648937f7,"Obwieszczenia Publiczne : dodatek do Dziennika Urzędowego Ministerstwa Sprawiedliwości.   R.11, № 8 (26 stycznia 1927)",1927-01-26,62,"na mocy którego to aktu przeszła na
własność Piotra Bachowca, syna Maksyma, nieruchomość położona w Kowlu",https://polona.pl/preview/7fa1afdb-db61-4723-a8ec-b11d648937f7
effd2bc7-d80c-4e06-8a75-0432d26e75e3,"Obwieszczenia Publiczne : dodatek do Dziennika Urzędowego Ministerstwa Sprawiedliwości.   R.11, № 10 (2 lutego 1927)",1927-02-02,3,"dnia niniejszego obwieszczenia, zameldowali
swoje prawa do pozostałego po nim mienia. 1 1
Sąd pokoju w Kowlu",https://polona.pl/preview/effd2bc7-d80c-4e06-8a75-0432d26e75e3
50022ccf-ec2e-4e61-adc1-71913bd01fdb,"Obwieszczenia Publiczne : dodatek do Dziennika Urzędowego Ministerstwa Sprawiedliwości.   R.11, № 12 (9 lutego 1927)",1927-02-09,5,"Nr. 12

Sąd pokoju w Kowlu, na zasadzie art. 1401 U. P. C. 1 1239 (T X
cz. I Zb. Pr. dnia wydrukowania niniejszego,
zameldowali prawa swoje do pozostałego po niej majątku nieruchomego
w Kowlu Na żądanie Fryderyka Szmolanda vel Schmolanda, zam. w Kowlu przy
ul.",https://polona.pl/preview/50022ccf-ec2e-4e61-adc1-71913bd01fdb
49d3eb71-187b-4935-8102-b95983785938,"Obwieszczenia Publiczne : dodatek do Dziennika Urzędowego Ministerstwa Sprawiedliwości.   R.11, № 14 A (16 lutego 1927)",1927-02-16,9,"„Szaja Bieloraj"", sklep spożywczy, w Kowlu, przy ul. War
szawskiej 39. Właśc. „Geszel Ej czyś"", handel galanterją, w Kowlu, przy ul. War
szawskiej 134. Istnieje od 1920 r.",https://polona.pl/preview/49d3eb71-187b-4935-8102-b95983785938
87986978-31be-4ef0-b070-f0a66cdc1619,"Obwieszczenia Publiczne : dodatek do Dziennika Urzędowego Ministerstwa Sprawiedliwości.   R.11, № 16 (23 lutego 1927)",1927-02-23,6,"jego śmierci majątku, położonego we wsi
Worony, pow. lidzkim, gm. szczuczyńskiej. 1720S
Sąd pokoju w Kowlu",https://polona.pl/preview/87986978-31be-4ef0-b070-f0a66cdc1619
ef8edd26-2cf9-4bbf-9b74-02b8d874be4c,"Obwieszczenia Publiczne : dodatek do Dziennika Urzędowego Ministerstwa Sprawiedliwości.   R.11, № 16 A (23 lutego 1927)",1927-02-23,24,"Wspólnikami są:' Benedykt-
Adolf Wierzchowski i Jan-Kazimierz Naruszewicz, obaj zam. w Kowlu. Wierzchowski""
w Kowlu, przy ul. Warszawskiej 66.",https://polona.pl/preview/ef8edd26-2cf9-4bbf-9b74-02b8d874be4c
47cb6f23-dea1-4c86-9012-dc73470ff558,"Obwieszczenia Publiczne : dodatek do Dziennika Urzędowego Ministerstwa Sprawiedliwości.   R.11, № 17 (26 lutego 1927)",1927-02-26,7,"Sąd pokoju w Kowlu, na zasadzie art. 1401 U. P. C. i 1239 (T- X. cz. I.
Zb. Pr.",https://polona.pl/preview/47cb6f23-dea1-4c86-9012-dc73470ff558
e10d35ea-a330-48c8-ac50-605cdd1f2053,"Obwieszczenia Publiczne : dodatek do Dziennika Urzędowego Ministerstwa Sprawiedliwości.   R.11, № 26 A (30 marca 1927)",1927-03-30,31,"okręgowego w Łucku
wciągmęto w dniu 8 lutego 1927 r. pod Nr. 2420 przy firmie: „Pierwsza
Spółka Młynarska w Kowlu",https://polona.pl/preview/e10d35ea-a330-48c8-ac50-605cdd1f2053
c5d8dbc5-dab1-41be-925c-c0fe7731de1a,"Obwieszczenia Publiczne : dodatek do Dziennika Urzędowego Ministerstwa Sprawiedliwości.   R.11, № 29 A (9 kwietnia 1927)",1927-04-09,25,"Nowogrodzka 40,
Jankel Ewenczyk w Kowlu, ul. Budownicza 4, Josif Samet w Lubomlu!",https://polona.pl/preview/c5d8dbc5-dab1-41be-925c-c0fe7731de1a
8f46ea24-08a3-404b-9cdb-142013ead658,"Obwieszczenia Publiczne : dodatek do Dziennika Urzędowego Ministerstwa Sprawiedliwości.   R.11, № 30 (13 kwietnia 1927)",1927-04-13,61,"Obecnie firma brzmi „Pierwsza Spółka Młynarska
w Kowlu —- Icko Cukierman, Chaim-Dawid Cukierman, Abram-Nach",https://polona.pl/preview/8f46ea24-08a3-404b-9cdb-142013ead658
1e97d7ba-7ae8-4d30-9a58-34bd8d36b22a,"Obwieszczenia Publiczne : dodatek do Dziennika Urzędowego Ministerstwa Sprawiedliwości.   R.11, № 32 (20 kwietnia 1927)",1927-04-20,5,"Nr Z
147/27 r. 21074
Sąd pokoju w Kowlu, na zasadzie art. 1401 U. P. €., 1239 (T. X.
cz. I. Zb. Pr. zgłosili swe iprawa do pozostałe
go po Ijego śmierci spadku w powiecie brzeskim. 21073
Sąd pokoju w Kowlu",https://polona.pl/preview/1e97d7ba-7ae8-4d30-9a58-34bd8d36b22a
1e97d7ba-7ae8-4d30-9a58-34bd8d36b22a,"Obwieszczenia Publiczne : dodatek do Dziennika Urzędowego Ministerstwa Sprawiedliwości.   R.11, № 32 (20 kwietnia 1927)",1927-04-20,30,"wyroku są
du okręgowego w Łucku, zapadłego 8 września 1925 r., mocą kitórego
Abram Szenkier, zam. w Kowlu",https://polona.pl/preview/1e97d7ba-7ae8-4d30-9a58-34bd8d36b22a
6803d6a8-7b9e-4962-8598-2df094e9c72f,"Obwieszczenia Publiczne : dodatek do Dziennika Urzędowego Ministerstwa Sprawiedliwości.   R.11, № 32 A (20 kwietnia 1927)",1927-04-20,21,"„Klemens Ziembicki — Biuro przemysłowo-handlowe
w Kowlu“. Siedziba przedsiębiorstwa w Kowlu, przy ul. Targowej 39.",https://polona.pl/preview/6803d6a8-7b9e-4962-8598-2df094e9c72f
bc8eaed4-97e8-4f97-be33-b5cbf83abf4d,"Obwieszczenia Publiczne : dodatek do Dziennika Urzędowego Ministerstwa Sprawiedliwości.   R.11, № 34 (27 kwietnia 1927)",1927-04-27,13,"Nr. 34

wego „Samopomoc"" w Kowlu i Julji Babiczko, w dniu 8-go czerwca
1927 T. od godziny 10 zrana, odbędzie",https://polona.pl/preview/bc8eaed4-97e8-4f97-be33-b5cbf83abf4d
0a527ff4-fb8d-4f31-86e4-a0c6d6609282,"Obwieszczenia Publiczne : dodatek do Dziennika Urzędowego Ministerstwa Sprawiedliwości.   R.11, № 34 A (27 kwietnia 1927)",1927-04-27,11,"Mordko-
Mendel Sżlafsztejn, zam. w Kowlu, przy ul. Aleje Legjoinów 12.
2626.",https://polona.pl/preview/0a527ff4-fb8d-4f31-86e4-a0c6d6609282
a3baf107-055a-438c-b455-c91eb750c6c8,"Obwieszczenia Publiczne : dodatek do Dziennika Urzędowego Ministerstwa Sprawiedliwości.   R.11, № 35 A (30 kwietnia 1927)",1927-04-30,15,"Na mocy aktu, zeznanego przed zastępcą notarjusza Hipolita Ży
znowskiego w Kowlu, dn. 15 lutego 1927",https://polona.pl/preview/a3baf107-055a-438c-b455-c91eb750c6c8
3b9d9528-83eb-4012-8529-bfc2a6982d50,"Obwieszczenia Publiczne : dodatek do Dziennika Urzędowego Ministerstwa Sprawiedliwości.   R.11, № 36 (4 maja 1927)",1927-05-04,6,"Sąd pokoju w Kowlu, na zasadzie art. 1401 U. P. C. i 1239 (T. X
cz. I Zb. Pr. O. 92/27.
21670
Sąd pokoju w Kowlu, na zasadzie art. 1401 U. iP. C. i 1239 (T. X
cz. I Zb. Pr.",https://polona.pl/preview/3b9d9528-83eb-4012-8529-bfc2a6982d50
7ed29c75-f4a0-49e4-86d6-92c659915c0b,"Obwieszczenia Publiczne : dodatek do Dziennika Urzędowego Ministerstwa Sprawiedliwości.   R.11, № 40 (18 maja 1927)",1927-05-18,8,"T 7 k d D P °o 0,l \ W Kowlu - na zasadzie art. 1401 U. P.",https://polona.pl/preview/7ed29c75-f4a0-49e4-86d6-92c659915c0b
2b11c729-37c4-4032-aac3-a12ae9e23353,"Obwieszczenia Publiczne : dodatek do Dziennika Urzędowego Ministerstwa Sprawiedliwości.   R.11, № 41 A (21 maja 1927)",1927-05-21,22,"Karolowi Waligórskiemu udzielono pro
kury z prawem samodzielnego podpisywania za oddział w Kowlu.",https://polona.pl/preview/2b11c729-37c4-4032-aac3-a12ae9e23353
fdd5fce6-e31b-4c83-b9d5-de5533bfcd5d,"Obwieszczenia Publiczne : dodatek do Dziennika Urzędowego Ministerstwa Sprawiedliwości.   R.11, № 42 (25 maja 1927)",1927-05-25,40,"odnotowaniu w dn. 11 maja 1927 r. aktu nadania,
mocą którego Pawłowi, synowi Piotra, Somczyńskiemu, zam. w Kowlu",https://polona.pl/preview/fdd5fce6-e31b-4c83-b9d5-de5533bfcd5d
68269fab-f58d-435f-a8d4-c5c9b01a3b88,"Obwieszczenia Publiczne : dodatek do Dziennika Urzędowego Ministerstwa Sprawiedliwości.   R.11, № 43 A (28 maja 1927)",1927-05-28,6,"publiczne. 7
Karolowi Waligórskiemu udzielono prokury z prawem samodziel
nego podpisywania za oddział w Kowlu",https://polona.pl/preview/68269fab-f58d-435f-a8d4-c5c9b01a3b88
68269fab-f58d-435f-a8d4-c5c9b01a3b88,"Obwieszczenia Publiczne : dodatek do Dziennika Urzędowego Ministerstwa Sprawiedliwości.   R.11, № 43 A (28 maja 1927)",1927-05-28,5,"Towarzystwo Eksploatacji i Handlu Żelazem „Tehaz"", spółka
z ograniczoną odpowiedzialnością, Oddział w Kowlu",https://polona.pl/preview/68269fab-f58d-435f-a8d4-c5c9b01a3b88
27be09f4-bc76-47b8-84ba-7d3246b6d67a,"Obwieszczenia Publiczne : dodatek do Dziennika Urzędowego Ministerstwa Sprawiedliwości.   R.11, № 45 (4 czerwca 1927)",1927-06-04,1,"C. 1107/27). 23098
Sąd pokoju w Kowlu, na zasadzie art. 58’ i 309 1 U. P.",https://polona.pl/preview/27be09f4-bc76-47b8-84ba-7d3246b6d67a
27be09f4-bc76-47b8-84ba-7d3246b6d67a,"Obwieszczenia Publiczne : dodatek do Dziennika Urzędowego Ministerstwa Sprawiedliwości.   R.11, № 45 (4 czerwca 1927)",1927-06-04,0,"Lizy Zeger, Rejzy
ozulewicz będzie powzięta odpowiednia co do tych weksli decyzja.
23097

Sąd pokoju w Kowlu",https://polona.pl/preview/27be09f4-bc76-47b8-84ba-7d3246b6d67a
74339fe4-6d3c-4f66-9460-52166d6fd810,"Obwieszczenia Publiczne : dodatek do Dziennika Urzędowego Ministerstwa Sprawiedliwości.   R.11, № 46 (8 czerwca 1927)",1927-06-08,61,"„Dawid /.awodnik"" — handel manufakturą w Kowlu, przy
ul. Warszawskiej Nr. 66. Istnieje od 1927 r. Abram-Jankiel Lewi, zam. w Kowlu, przy
ul. Żydowskiej 6.
3920. „Pejsach Wajnsztejn"" — handel naczyniem kuchennem
w Kowlu, przy ul. Sienkiewicza 13. „Abram-Jankiel Lewi"" — handel spożywczy w Kowlu, przy
ul. Kolejowej 5. Właśc.",https://polona.pl/preview/74339fe4-6d3c-4f66-9460-52166d6fd810
74339fe4-6d3c-4f66-9460-52166d6fd810,"Obwieszczenia Publiczne : dodatek do Dziennika Urzędowego Ministerstwa Sprawiedliwości.   R.11, № 46 (8 czerwca 1927)",1927-06-08,60,"„Lejb Wołk — skup zboża w Kowlu, przy ul. Monopolowej
Nr. 75. Istnieje od 1927 r. N ""^lka Szojchet” — hotel w Kowlu, przy ul. Warszawskiej
r - 28. Istnieje od 1920 r. „Moj sze-Liber Langier” — skup zawodowy zboża w Kowlu,
Przy ul. 3-go Maja 7. „Icko Sziper” —- bufet i woda sodowa w Kowlu, przy ul.
Warszawskiej Nr. 42. Właśc.' „Hiel Lewertow"" — handel spożywczy w Kowlu, przy Ryn
ku Nr. 18. Istnieje od 1880 r.",https://polona.pl/preview/74339fe4-6d3c-4f66-9460-52166d6fd810
74339fe4-6d3c-4f66-9460-52166d6fd810,"Obwieszczenia Publiczne : dodatek do Dziennika Urzędowego Ministerstwa Sprawiedliwości.   R.11, № 46 (8 czerwca 1927)",1927-06-08,59,"„Fejga Tener"" — handel spożywczy i bufet w Kowlu, przy
ul. Kolejowej Nr. 46. Istnieje od 1927 r. „Abram Peregał"" — sprzedaż artykułów spożywczych i na
czynia w Kowlu, przy ul. Kolejowej 24.",https://polona.pl/preview/74339fe4-6d3c-4f66-9460-52166d6fd810
74339fe4-6d3c-4f66-9460-52166d6fd810,"Obwieszczenia Publiczne : dodatek do Dziennika Urzędowego Ministerstwa Sprawiedliwości.   R.11, № 46 (8 czerwca 1927)",1927-06-08,58,"„Chaim - Lejb Chryzman’ 1 — piwiarnia i jadłodajnia
w Kowlu, przy ul. Łuckiej 9. Właśc.",https://polona.pl/preview/74339fe4-6d3c-4f66-9460-52166d6fd810
e910b323-4a8a-4202-9061-8a232806d80d,"Obwieszczenia Publiczne : dodatek do Dziennika Urzędowego Ministerstwa Sprawiedliwości.   R.11, № 48 (15 czerwca 1927)",1927-06-15,40,"obwieszcza o odnotowaniu w dn. 3 czerwca 1927 r. tytułu wy
konawczego, wydanego przez sąd pokoju w Kowlu",https://polona.pl/preview/e910b323-4a8a-4202-9061-8a232806d80d
9d7b916a-2480-4647-896d-032c73ad6c9b,"Obwieszczenia Publiczne : dodatek do Dziennika Urzędowego Ministerstwa Sprawiedliwości.   R.11, № 53 (2 lipca 1927)",1927-07-02,36,"Nr. 53

Obwieszczenia publiczne.

37

wykonawczego sądu pokoju w Kowlu z dn. 10 grudnia 1926 r., Nr. Krymno, pow. kowełskiego, z dn. 5 grudnia
1926 r., Nr. 4, zatwierdzonej przez Komisarza Ziemskiego w Kowlu",https://polona.pl/preview/9d7b916a-2480-4647-896d-032c73ad6c9b
fcbae4bf-0dac-47f9-a4b3-5a11116a3116,"Obwieszczenia Publiczne : dodatek do Dziennika Urzędowego Ministerstwa Sprawiedliwości.   R.11, № 55 (9 lipca 1927)",1927-07-09,5,"Rynek. 2 _
Sąd pokoju w Kowlu, na zasadzie art. 1401 U. P. C. i 1239 ^
cz. I Zb. Pr.",https://polona.pl/preview/fcbae4bf-0dac-47f9-a4b3-5a11116a3116
82ec8fa7-066d-40f4-b883-f9199e27fd71,"Obwieszczenia Publiczne : dodatek do Dziennika Urzędowego Ministerstwa Sprawiedliwości.   R.11, № 55 A (9 lipca 1927)",1927-07-09,15,"Wiktor)
Lewczuk, zam. w Kowlu. ,
3949. Rozalja Miller, zam. tamże.
3947 „Gitla Rer“ — kawiarnia w Kowlu, przy ul. „Mozes Gendler"" — handel manufakturą w Kowlu, P
ul. Warszawskiej 94. Właśc. „Dora Messer"" — handel materjałami piśmiennemi i W'
strybucja w Kowlu, przy ul. Srul
piwnikier, zam. w Kowlu, przy ul. Tuszowskiego Nr. 7.
3953.",https://polona.pl/preview/82ec8fa7-066d-40f4-b883-f9199e27fd71
82ec8fa7-066d-40f4-b883-f9199e27fd71,"Obwieszczenia Publiczne : dodatek do Dziennika Urzędowego Ministerstwa Sprawiedliwości.   R.11, № 55 A (9 lipca 1927)",1927-07-09,13,"„Abram Wołk"" — handel drzewem budowlanym w Kowlu,
przy ul. Kościusżki 10. Istnieje od 1899 r. Spółka firmowa zawarta została na mocy aktu zeznanego primd
Hipolitem Żyznowskim, notarjuszem w Kowlu Właśc, Abram Wołk, zam-
tamże.
3925. ,,E1 - Motel Z i skis"" — handel galanterją w Kowlu, przy ul.",https://polona.pl/preview/82ec8fa7-066d-40f4-b883-f9199e27fd71
82ec8fa7-066d-40f4-b883-f9199e27fd71,"Obwieszczenia Publiczne : dodatek do Dziennika Urzędowego Ministerstwa Sprawiedliwości.   R.11, № 55 A (9 lipca 1927)",1927-07-09,16,"Joanna Bielińska, zam. tamże.
3960 Szloma Mejnechdrun"" — handel spożywczy mleczarnia
i bufet w Kowlu, Szloma
^ 6 ^ 11 °396Ł Un ,',Cipa Lichtszajn"" — kawiarnia w Kowlu, przy ul. Kole
jowej 3. „Masza Sziper"" — kawiarnia w Kowlu, przy ul. Warszaw
skiej 42. Istnieje od 1920 r.
Właśc. . _}J _—
1958 Ester - Chaja Bernsztejn"" — drobny handel spożywczy
w Kowlu, przy ul. Krótkiej 10.",https://polona.pl/preview/82ec8fa7-066d-40f4-b883-f9199e27fd71
82ec8fa7-066d-40f4-b883-f9199e27fd71,"Obwieszczenia Publiczne : dodatek do Dziennika Urzędowego Ministerstwa Sprawiedliwości.   R.11, № 55 A (9 lipca 1927)",1927-07-09,30,"„Ruchla Rojzen“ — handel artykułami spożywczemi, owoca
mi 1 ' r Vbą i włoszczyzną w Kowlu, przy ul. „Awrum Sztern“ — handel skórami i przyborami szewskie
mu w Kowlu, przy ul. Warszawskiej 97. „Inda-Ruchla Tojbicz“ — piwiarnia w Kowlu, przy ul. Brzes
kiej 39. „Leon Werba“ — biuro próśb w Kowlu, przy ul. Łuckiej 22.
Istnieje od 1923 r. „Rejzla Chiżyk“ -— handel spożywczy w Kowlu przy ul Ko-
e jowej 87. Istnieje od 1927 r.",https://polona.pl/preview/82ec8fa7-066d-40f4-b883-f9199e27fd71
82ec8fa7-066d-40f4-b883-f9199e27fd71,"Obwieszczenia Publiczne : dodatek do Dziennika Urzędowego Ministerstwa Sprawiedliwości.   R.11, № 55 A (9 lipca 1927)",1927-07-09,29,"„Chaim Waksman"" — handel żelazem w Kowlu, przy 11
Warszawskiej 157. Istnieje od 1923 r. „Icko Rojtenlberg — handel żelazem w Kowlu, przy ul. War-
szawskiej 215. „Srul Ejnoch 11 — sprzedaż cukru w Kowlu, przy ul. War*
szawskiej 154. Istnieje od 1926 r.",https://polona.pl/preview/82ec8fa7-066d-40f4-b883-f9199e27fd71
82ec8fa7-066d-40f4-b883-f9199e27fd71,"Obwieszczenia Publiczne : dodatek do Dziennika Urzędowego Ministerstwa Sprawiedliwości.   R.11, № 55 A (9 lipca 1927)",1927-07-09,14,"Aleksander Zbiniowski, zam. w Kowlu, przy ul. Warszaw-
s kiej Nr. 29.
3937. Istnieją; firma w Kowlu 5 od 1922 r. Odział we Włodzimierzu od 1926 r.
Właśc. „Jankiel-Szmul Kasztan' — drobny handel spożywczy
galanteryjny w Kowlu, przy ul. „Perec Cygielman"" — jubiler i zegarmistrz w Kowlu, przy
ul. Warszawskiej Nr. 18. „Aleksander Zbiniowski""—sklep galanteryjny w Kowlu,
P f zy ul.",https://polona.pl/preview/82ec8fa7-066d-40f4-b883-f9199e27fd71
30c89786-2b3c-4397-9ed3-f516f7d39166,"Obwieszczenia Publiczne : dodatek do Dziennika Urzędowego Ministerstwa Sprawiedliwości.   R.11, № 56 (13 lipca 1927)",1927-07-13,11,"niniej
szego obwieszczenia, zameldowali swoje prawa do pozostałego po niej
jnienia. 2445 ■

Sąd pokoju w Kowlu",https://polona.pl/preview/30c89786-2b3c-4397-9ed3-f516f7d39166
a3b7b4ca-5501-44d5-a706-79c0c7a41ebf,"Obwieszczenia Publiczne : dodatek do Dziennika Urzędowego Ministerstwa Sprawiedliwości.   R.11, № 57 (16 lipca 1927)",1927-07-16,58,". 14 czerwca 1927 r. pod Nr. 94 przy firmie ,,Bank Handlowy w War-
Zawie, Spółka Akcyjna, Oddział w Kowlu wciągnięto, jako zmianę
Pis Nr. 2 treści następującej:
Do rubr. 6.
, Udzielono łącznej prokury za Oddział w Kowlu 59

Spółka firmowa zawarta została na mocy aktu, zeznanego przed
■^dolfem Horodeckim, notarjuszem w Kowlu",https://polona.pl/preview/a3b7b4ca-5501-44d5-a706-79c0c7a41ebf
af2540fa-47e6-4106-843c-5845fb156eb6,"Obwieszczenia Publiczne : dodatek do Dziennika Urzędowego Ministerstwa Sprawiedliwości.   R.11, № 57 A (16 lipca 1927)",1927-07-16,11,"„Icek-Aron Cukierman"" — skup zawodowy produktów rol
nych w Kowlu, przy ul. Sobornej 7. „Bluma Rojt"" — sklep spożywczy w Kowlu, przy ul. Brze
skiej 18. Istnieje od 1923 r. Właśc. Franciszek Spyra, zam-
w Kowlu, przy ul. Tuszowskiego 6.
dn. 10 czerwca 1927 ,r.
4000. Jankiel Rubinsztejn, zam. tamże.
3997, ^ „Hersz Pugacz"" — handel obuwiem w Kowlu, przy ul. „Henia Wołk"" — skup zboża w Kowlu, przy ul. Kościusz
ki 10. Istnieje od 1921 r. Właśc.",https://polona.pl/preview/af2540fa-47e6-4106-843c-5845fb156eb6
af2540fa-47e6-4106-843c-5845fb156eb6,"Obwieszczenia Publiczne : dodatek do Dziennika Urzędowego Ministerstwa Sprawiedliwości.   R.11, № 57 A (16 lipca 1927)",1927-07-16,12,"„Nuta Lerer“ — biuro pisania próśb i podań oraz przepisy-
iq® n,a na maszynie w Kowlu, iprzy ul. „Elio Kapszuk“ — skup skór surowych w Kowlu, przy ul.
^ecznej 23. Właśc. „Fejga Gopen” —handel towarami mieszanemi w Kowlu,
f rz Y ul. Rynek 16.",https://polona.pl/preview/af2540fa-47e6-4106-843c-5845fb156eb6
befd7fd2-8e8a-4a88-a3db-bd2da0c46440,"Obwieszczenia Publiczne : dodatek do Dziennika Urzędowego Ministerstwa Sprawiedliwości.   R.11, № 59 (23 lipca 1927)",1927-07-23,9,".)w Kowlu wzywa sukcesorów do majątku położonego w Ko
wlu, a pozostałego po zmarłym d. 16",https://polona.pl/preview/befd7fd2-8e8a-4a88-a3db-bd2da0c46440
57b1fac7-e073-4879-9f4f-dc6bafac1a53,"Obwieszczenia Publiczne : dodatek do Dziennika Urzędowego Ministerstwa Sprawiedliwości.   R.11,  № 63 (6 sierpnia 1927)",1927-08-06,38,"Zabłocie, pow. kowel-
skiego z dn. 7 października 1926 r. zatwierdzonej przez komisarza ziem
skiego w Kowlu",https://polona.pl/preview/57b1fac7-e073-4879-9f4f-dc6bafac1a53
ff4ca8b4-2aea-478e-a1d2-8fb06eba62d8,"Obwieszczenia Publiczne : dodatek do Dziennika Urzędowego Ministerstwa Sprawiedliwości.   R.11, № 63 A (6 sierpnia 1927)",1927-08-06,23,"wciągnięto ogłoszenie treści
następującej:
^w ram 'Gerszel Rojtenberg i Mejer^Chaim Piterman w Kowlu . • 14 “P 03 1927 r - P rzy Frmie „Awram-Gerszel Rojtenberg i Mejer-
Łhaim Piterman w Kowlu pod Nr. 4054",https://polona.pl/preview/ff4ca8b4-2aea-478e-a1d2-8fb06eba62d8
9254feef-bbf2-4877-bd98-45d9a073a602,"Obwieszczenia Publiczne : dodatek do Dziennika Urzędowego Ministerstwa Sprawiedliwości.   R.11, № 67 (20 sierpnia 1927)",1927-08-20,30,"„Icko-Wigdor Lew“ — drobna sprzedaż galanterji w Kowlu,
przy ul. Warszawskiej Nr. 72. Właśc. Helena Machnik, zam. w Kowlu, przy ul. Ponia
towskiego Nr. 20.
4020. „Sura-Tema Szerbojm“ — herbaciarnia w Kowlu, przy ul.
Brzeskiej 1. Istnieje od 1925 r. Właśc. „Aron Kaufman“ — handel galanterją w Kowlu, przy ul. Właśc, Jankiel Ewenczyk,
zam. w Kowlu, przy ul. Budowniczej Nr. 4.
4012.",https://polona.pl/preview/9254feef-bbf2-4877-bd98-45d9a073a602
9254feef-bbf2-4877-bd98-45d9a073a602,"Obwieszczenia Publiczne : dodatek do Dziennika Urzędowego Ministerstwa Sprawiedliwości.   R.11, № 67 (20 sierpnia 1927)",1927-08-20,31,"Lifsza Rajz, zam, tamże.
4024. ,,Nechemja Bar"" — handel manufakturą ludową w Kowlu,
przy ul. „Bencion Jeruchimowicz"" — drobny handel galanterją
w Kowlu, przy ul. Warszawskiej Nr. 45. „Nysel Kierżner"" — handel spożywczy w Kowlu, przy ul.
w Kowlu, przy ul. Rynkowej 22. Właśc. „Chaja-Ruchla Łangier"" — handel farbami i tapetami
w Kowlu, przy ul. Warszawskiej Nr. 11. „Gitla Stróż"" — drobny handel spożywczy i galanterji
w Kowlu, przy ul. Rynkowej 22. Właśc.",https://polona.pl/preview/9254feef-bbf2-4877-bd98-45d9a073a602
887211d5-4f91-4f63-9bbb-09c4eba06aa5,"Obwieszczenia Publiczne : dodatek do Dziennika Urzędowego Ministerstwa Sprawiedliwości.   R.11, № 68 (24 sierpnia 1927)",1927-08-24,52,"„Zelman Szenkier"" — handel manufakturą i galanterją
w Kowlu, przy ul. Warszawskiej Nr. 10. Właśc. Wajner Zelman,
zam. w Kowlu, przy ul. Srul Faji, zam. tamże.
4046., „Etla Singał"" — bufet i drobny handel spożywczy w Kowlu,
przy ul. „Wajner Zelman"" — sprzedaż rzeczy używanych w Kowlu,
przy ul. Handlowej Nr. 50. Zelman Szenkier, zam.
w Kowlu, przy ul.",https://polona.pl/preview/887211d5-4f91-4f63-9bbb-09c4eba06aa5
887211d5-4f91-4f63-9bbb-09c4eba06aa5,"Obwieszczenia Publiczne : dodatek do Dziennika Urzędowego Ministerstwa Sprawiedliwości.   R.11, № 68 (24 sierpnia 1927)",1927-08-24,51,"„Jakób - Icchok Gro'jser"" — handel spożywczo-kolonjalny
W Kowlu, przy ul. Krótkiej Nr. 4-a. Menachem-Ł u
na Feldman, zam. w Kowlu, przy ul. Mieszczańskiej Nr. 23. ,
4041. „Szpryńcia Marszałkowicz"" — handel spożywczy w Kowlu,
przy ul. Rynek Nr. 3. Istnieje od 1927 r. „Mordko-Kielman Fryszberg"" — handel manufakturą lu
dową w Kowlu, przy ul. Łuckiej 51. „Ester Bakun"" — sprzedaż farb i przyborów farbiars i
w Kowlu, przy ul. Warszawskiej Nr. 205.",https://polona.pl/preview/887211d5-4f91-4f63-9bbb-09c4eba06aa5
c3c8e371-23eb-4059-b1b7-2e695a5dfb9d,"Obwieszczenia Publiczne : dodatek do Dziennika Urzędowego Ministerstwa Sprawiedliwości.   R.11, № 70 (31 sierpnia 1927)",1927-08-31,47,"Siemiradzkiego,
w Gdańsku: prokurenta Wacława Petrykowskiego, w Kaliszu: Kazi
mierza Borszewskiego, w Kowlu Udzielono łącznej prokury za oddziały: w Kaliszu, Eugenjuszowi Ci-
checkiemu, w Kowlu Stefanowi Furmankiewiczowi",https://polona.pl/preview/c3c8e371-23eb-4059-b1b7-2e695a5dfb9d
c3c8e371-23eb-4059-b1b7-2e695a5dfb9d,"Obwieszczenia Publiczne : dodatek do Dziennika Urzędowego Ministerstwa Sprawiedliwości.   R.11, № 70 (31 sierpnia 1927)",1927-08-31,28,"w Łucku, obwieszcza o odnotowaniu w dn. 16 sierpnia 1927 r., tytułu wy
konawczego sędziego pokoju w Kowlu",https://polona.pl/preview/c3c8e371-23eb-4059-b1b7-2e695a5dfb9d
5fa2d47c-62f7-482b-ae80-dc8dba79d21c,"Obwieszczenia Publiczne : dodatek do Dziennika Urzędowego Ministerstwa Sprawiedliwości.   R.11, № 72 (7 września 1927)",1927-09-07,9,"przypadającej mu jako niepodjętej renty inwalidzkiej za miesiąc marzec
1 926 J- 26508
Sąd pokoju w Kowlu",https://polona.pl/preview/5fa2d47c-62f7-482b-ae80-dc8dba79d21c
b00778b0-5856-48f6-b300-2717ac83a349,"Obwieszczenia Publiczne : dodatek do Dziennika Urzędowego Ministerstwa Sprawiedliwości.   R.11, № 74 (14 września 1927)",1927-09-14,36,"sierpnia 1927 roku przy firmie „Czesław Słomiński i Szloma
Mandel, — Kolektura Wołyń, — spółka firmowa w Kowlu",https://polona.pl/preview/b00778b0-5856-48f6-b300-2717ac83a349
0b299701-6fd7-4b7c-96be-8595db837648,"Obwieszczenia Publiczne : dodatek do Dziennika Urzędowego Ministerstwa Sprawiedliwości.   R.11, № 75 (17 września 1927)",1927-09-17,35,"Nowy - Dwor,
pow. kowelskiego, przez niego sporządzony przed notar,
kim w dn. 27 września 1926 r. w Kowlu",https://polona.pl/preview/0b299701-6fd7-4b7c-96be-8595db837648
0b299701-6fd7-4b7c-96be-8595db837648,"Obwieszczenia Publiczne : dodatek do Dziennika Urzędowego Ministerstwa Sprawiedliwości.   R.11, № 75 (17 września 1927)",1927-09-17,8,"wydrukowania niniejszego, zgłosili swe
prawa do spadku pozostałego po tymże zmarłym. 26832
Sąd pokoju w Kowlu",https://polona.pl/preview/0b299701-6fd7-4b7c-96be-8595db837648
4ba766d3-26dd-408b-ae9f-3ca86a4b1404,"Obwieszczenia Publiczne : dodatek do Dziennika Urzędowego Ministerstwa Sprawiedliwości.   R.11, № 76 A (21 września 1927)",1927-09-21,12,"o spół
dzielniach, w dn. 1 lipca 1927 r. pod Nr. 2420/3790 przy firmie „Pierwsza
Spółka Młynarska w Kowlu",https://polona.pl/preview/4ba766d3-26dd-408b-ae9f-3ca86a4b1404
9d726fd3-25d6-41f8-a19d-b686295221d7,"Obwieszczenia Publiczne : dodatek do Dziennika Urzędowego Ministerstwa Sprawiedliwości.   R.11, № 79 (1 października 1927)",1927-10-01,7,"niniejszego obwieszczenia,
zameldowali swoje prawa do pozostałego po nim mienia. 27515
Sąd pokoju w Kowlu",https://polona.pl/preview/9d726fd3-25d6-41f8-a19d-b686295221d7
25349422-96e2-4544-9967-a177f4bf0626,"Obwieszczenia Publiczne : dodatek do Dziennika Urzędowego Ministerstwa Sprawiedliwości.   R.11, № 79 A (1 października 1927)",1927-10-01,29,"W Kwh - »«* “ l Kolc i»'""=i »
fEowh "" ^
K ° Wk PI2y War -
mięsa w Kowlu, przy ul.",https://polona.pl/preview/25349422-96e2-4544-9967-a177f4bf0626
25349422-96e2-4544-9967-a177f4bf0626,"Obwieszczenia Publiczne : dodatek do Dziennika Urzędowego Ministerstwa Sprawiedliwości.   R.11, № 79 A (1 października 1927)",1927-10-01,28,"„Mojżesz Cymerman"" — drobna sprzedaż materjałów i przy-
borów dentystycznych w Kowlu, przy ul. 3-go Maja „Lejb Bass"" — pośrednik handlowy w Kowlu, przy ul. Łuc
kiej 23. Właśc. Lejb Bass, zam. tamże.
4101. „Bronisława Myszkowska"" — sprzedaż napojów wyskoko
wych w Kowlu przy ul. Krótkiej 18.",https://polona.pl/preview/25349422-96e2-4544-9967-a177f4bf0626
5e5820c4-5a31-45e6-8d51-dcc8ccf5e8cf,"Obwieszczenia Publiczne : dodatek do Dziennika Urzędowego Ministerstwa Sprawiedliwości.   R.11, № 81 (8 października 1927)",1927-10-08,46,"Mali Lewin, przez nią sporządzony w dniu
20 czerwca 1914 r. w Kowlu. 27822
Na zasadzie art. 1066 1 -",https://polona.pl/preview/5e5820c4-5a31-45e6-8d51-dcc8ccf5e8cf
627b0107-658d-49c3-9436-9198b89ecfdc,"Obwieszczenia Publiczne : dodatek do Dziennika Urzędowego Ministerstwa Sprawiedliwości.   R.11, № 82 (12 października 1927)",1927-10-12,5,"C. 1857/ 1927 r. 27649—3—3

Sąd pokoju w Kowlu, na zasadzie art. 1401 U. P. C,, i 1239 (T. X
cz.",https://polona.pl/preview/627b0107-658d-49c3-9436-9198b89ecfdc
9badfca3-bb59-443b-bc4b-02b7eacf4e09,"Obwieszczenia Publiczne : dodatek do Dziennika Urzędowego Ministerstwa Sprawiedliwości.   R.11, № 83 A (15 października 1927)",1927-10-15,20,"Oddziale w Katowicach — prokurenta Alfonsa Hanaszyń-
skiego i Telesfora Lewińskiego; w Agenturze w Kowlu",https://polona.pl/preview/9badfca3-bb59-443b-bc4b-02b7eacf4e09
9badfca3-bb59-443b-bc4b-02b7eacf4e09,"Obwieszczenia Publiczne : dodatek do Dziennika Urzędowego Ministerstwa Sprawiedliwości.   R.11, № 83 A (15 października 1927)",1927-10-15,21,"Proku
rentem Agentury w Kowlu jest Dobrzyński Grzegorz.",https://polona.pl/preview/9badfca3-bb59-443b-bc4b-02b7eacf4e09
eb96a504-a63f-4f81-ae64-e84ad8f67054,"Obwieszczenia Publiczne : dodatek do Dziennika Urzędowego Ministerstwa Sprawiedliwości.   R.11, № 84 (19 października 1927)",1927-10-19,13,"Bursztejn, żąda:
1) z mocy aktu zastawu sporządzonego w d. 13 maja 1914 r. przed
notarjuszem Prożygą w Kowlu",https://polona.pl/preview/eb96a504-a63f-4f81-ae64-e84ad8f67054
7a08080d-8af5-480b-bab6-e8d8543fb4fa,"Obwieszczenia Publiczne : dodatek do Dziennika Urzędowego Ministerstwa Sprawiedliwości.   R.11, № 86 (26 października 1927)",1927-10-26,4,"C., przez na-
ożenie aresztu na ruchomości znajdujące się u pozwanego w mieszka
niu w Kowlu, przy ul,",https://polona.pl/preview/7a08080d-8af5-480b-bab6-e8d8543fb4fa
7a08080d-8af5-480b-bab6-e8d8543fb4fa,"Obwieszczenia Publiczne : dodatek do Dziennika Urzędowego Ministerstwa Sprawiedliwości.   R.11, № 86 (26 października 1927)",1927-10-26,5,".; 2) dwa pokwitowania Kasy Sikarb.
w Kowlu na 2499 mkp.; 3) tłómaczenie pow. umowy; 4) zaświadczenie",https://polona.pl/preview/7a08080d-8af5-480b-bab6-e8d8543fb4fa
4db2d43c-1c19-4fa4-af75-f254b6c46fb8,"Obwieszczenia Publiczne : dodatek do Dziennika Urzędowego Ministerstwa Sprawiedliwości.   R.11, № 87 A (29 października 1927)",1927-10-29,6,".: Zygmunt Branecki, zam. w Kowlu przv
ul. Fokisal 13.
d. 2 sierpnia 1927 r.
3635.",https://polona.pl/preview/4db2d43c-1c19-4fa4-af75-f254b6c46fb8
ee654a78-2a65-45b3-8a8c-ddbf1f7cbc20,"Obwieszczenia Publiczne : dodatek do Dziennika Urzędowego Ministerstwa Sprawiedliwości.   R.11, № 88 (2 listopada 1927)",1927-11-02,29,"okręgowego
w Łucku, obwieszcza o odnotowaniu z dnia 15 października 1927 r., de
cyzji sądu pokoju w Kowlu",https://polona.pl/preview/ee654a78-2a65-45b3-8a8c-ddbf1f7cbc20
edcffed9-ab77-4272-a6cc-ac9b6e368847,"Obwieszczenia Publiczne : dodatek do Dziennika Urzędowego Ministerstwa Sprawiedliwości.   R.11, № 89 (5 listopada 1927)",1927-11-05,4,"ni
niejszego obwieszczenia, zgłosili swoje prawa do pozostałego po nim
spadku. 29048
' Sąd pokoju w Kowlu",https://polona.pl/preview/edcffed9-ab77-4272-a6cc-ac9b6e368847
772eedc8-5b08-4f24-9bac-b1b037f9426a,"Obwieszczenia Publiczne : dodatek do Dziennika Urzędowego Ministerstwa Sprawiedliwości.   R.11, № 90 (9 listopada 1927)",1927-11-09,63,"„Szmul Awrum Guperfajn"" — olejarnia w Kowlu, przy ul.
Łuckiej 79. Właśc. „Arja Landa"" — ekspedytor w Kowlu. Właśc. Arja Landa,
zam. w Kowlu, przy ul. Magistrackiej 7,
4176. „Abram Zysikind"" — pośrednik handlowy w Kowlu, przy
ul. Strzeleckiej 3. Istnieje od 1927 r. Właśc. „Bynem Szpak"" — ekspedytor w Kowlu, przy ul. Cyrko
wej 13. Właśc. Bynem Szpak, zam. tamże,
4177. „Dawid Glik"" — sprzedaż obuwia i galanterji w Kowlu,
przy ul. Warszawskiej 33. Właśc.",https://polona.pl/preview/772eedc8-5b08-4f24-9bac-b1b037f9426a
43a144d7-71ca-40bc-ab00-4202730a78ea,"Obwieszczenia Publiczne : dodatek do Dziennika Urzędowego Ministerstwa Sprawiedliwości.   R.11, № 91 (12 listopada 1927)",1927-11-12,44,"Jankiel - Lejb Fajn,
zam. w Kowlu przy ul. Żydowskiej 11,
4148. „Piotr Kamiński"" —- detaliczny handel trunkami w naczy
niach zamkniętych w Kowlu, przy ul. „Małka Kagan"" — handel spożywczy w Kowlu, przy ul.
Pomnikowej 78. Właśc. Stanisław Pawlicha, zam.
w Kowlu, przy ul. „Bolesław Kłossowski"" — detaliczna sprzedaż wyrobów ty
toniowych w Kowlu, przy ul. Łuckiej 21.",https://polona.pl/preview/43a144d7-71ca-40bc-ab00-4202730a78ea
43a144d7-71ca-40bc-ab00-4202730a78ea,"Obwieszczenia Publiczne : dodatek do Dziennika Urzędowego Ministerstwa Sprawiedliwości.   R.11, № 91 (12 listopada 1927)",1927-11-12,46,"„Józef Szwarcblat"" — handel manufakturą ludową i goto-
wemi ubraniami w Kowlu, przy ul.",https://polona.pl/preview/43a144d7-71ca-40bc-ab00-4202730a78ea
43a144d7-71ca-40bc-ab00-4202730a78ea,"Obwieszczenia Publiczne : dodatek do Dziennika Urzędowego Ministerstwa Sprawiedliwości.   R.11, № 91 (12 listopada 1927)",1927-11-12,43,"Armarnik i S-ka w Kowlu“. Spółka fir
mowa, Siedziba S-ki m. Kowel, przy ul. Łuckiej 49.",https://polona.pl/preview/43a144d7-71ca-40bc-ab00-4202730a78ea
95cc169c-e7e3-4147-8d27-54723c7e88c2,"Obwieszczenia Publiczne : dodatek do Dziennika Urzędowego Ministerstwa Sprawiedliwości.   R.11, № 92 (16 listopada 1927)",1927-11-16,5,"Z, 483/27.
29456
Sąd pokoju w Kowlu, na zasadzie art. 1401 U. P. C. i 1239 (T. X
cz. I Zb. Pr. wydrukowania niniejszego, zgłosili swe prawa do
spadku pozostałego po tymże zmarłym. 29455
Sąd pokoju w Kowlu Z. 483/27. _/ 29457
Sąd pokoju w Kowlu, na zasadzie art. 1401 U, P. C. i 1239 (T. X
cz. I Zb. Pr.",https://polona.pl/preview/95cc169c-e7e3-4147-8d27-54723c7e88c2
9c2f082c-d7fd-448f-9e07-3eb4fa3f378c,"Obwieszczenia Publiczne : dodatek do Dziennika Urzędowego Ministerstwa Sprawiedliwości.   R.11, № 93 A (19 listopada 1927)",1927-11-19,23,"„Josif Ziskis"" — handel towarami łokciowemi w Kowlu,
przy ul. „Lejzor Indech"" — handel manufakturą w Kowlu, przy
ul. Warszawskiej 152. Właśc, Lejzor Indech, zam, w Kowlu, przy
ul. Królowej Bony 3.
4216.",https://polona.pl/preview/9c2f082c-d7fd-448f-9e07-3eb4fa3f378c
9c2f082c-d7fd-448f-9e07-3eb4fa3f378c,"Obwieszczenia Publiczne : dodatek do Dziennika Urzędowego Ministerstwa Sprawiedliwości.   R.11, № 93 A (19 listopada 1927)",1927-11-19,24,"„Aleksander Łysakowski' 1 —sklep spożywczy i piwiarnia
w Kowlu przy ul. Monopolowej 86.",https://polona.pl/preview/9c2f082c-d7fd-448f-9e07-3eb4fa3f378c
d8197b21-3661-4201-875d-5999c7b5377a,"Obwieszczenia Publiczne : dodatek do Dziennika Urzędowego Ministerstwa Sprawiedliwości.   R.11, № 95 A (26 listopada 1927)",1927-11-26,31,"spółki uzupełniony został przez sporządzenie dodatkowego
aktu przed Hipolitem Żyznowskim, ootarjuszem w Kowlu",https://polona.pl/preview/d8197b21-3661-4201-875d-5999c7b5377a
d8197b21-3661-4201-875d-5999c7b5377a,"Obwieszczenia Publiczne : dodatek do Dziennika Urzędowego Ministerstwa Sprawiedliwości.   R.11, № 95 A (26 listopada 1927)",1927-11-26,30,"przy firmie „Stała Komuni
kacja samo chodowa Kowel - Ratno, spółka z ograniczoną odpowie
dzialnością w Kowlu",https://polona.pl/preview/d8197b21-3661-4201-875d-5999c7b5377a
521703b1-a3bc-4d41-b0a3-4c0f6c034b6b,"Obwieszczenia Publiczne : dodatek do Dziennika Urzędowego Ministerstwa Sprawiedliwości.   R.11, № 96 (30 listopada 1927)",1927-11-30,38,"Zb. 192,27 r. 30091
Sąd pokoju w Kowlu, na zasadzie art. 1460 40 U. P.",https://polona.pl/preview/521703b1-a3bc-4d41-b0a3-4c0f6c034b6b
521703b1-a3bc-4d41-b0a3-4c0f6c034b6b,"Obwieszczenia Publiczne : dodatek do Dziennika Urzędowego Ministerstwa Sprawiedliwości.   R.11, № 96 (30 listopada 1927)",1927-11-30,10,"7 w Kowlu, składającego się z murowanego sklepu. Nr. Z. 119 27.
30018
7 pokoju w Kowlu, na zasadzie art. 1401 U. P. C. i 1239 (T. Z. ol3;27 . 30019
Sąd pokoju w Kowlu, na zasadzie art, 1401 U, P. C, i 1239 (T. X.
cz. I.",https://polona.pl/preview/521703b1-a3bc-4d41-b0a3-4c0f6c034b6b
0b4b2f84-f408-44b3-a65d-a8fb2b2b5cf7,"Obwieszczenia Publiczne : dodatek do Dziennika Urzędowego Ministerstwa Sprawiedliwości.   R.11, № 101 A (17 grudnia 1927)",1927-12-17,7,"Wspólnikami są: Sura Gli
kes i Towja Lerner, zam. w Kowlu, przy ul. Brzeskiej 1. Ester Kiemper,
zam, tamże.
4273, „Sura Glikes i Towja Lerner* — spółka firmowa w Kowlu,
przy ul.",https://polona.pl/preview/0b4b2f84-f408-44b3-a65d-a8fb2b2b5cf7
0b4b2f84-f408-44b3-a65d-a8fb2b2b5cf7,"Obwieszczenia Publiczne : dodatek do Dziennika Urzędowego Ministerstwa Sprawiedliwości.   R.11, № 101 A (17 grudnia 1927)",1927-12-17,6,"„Siła Bachowiec"" — handel mięsem i wyrobami masarskie
mu w Kowlu, przy ul. Sienkiewicza 25. „Lejizor Helpern"" — ekspedytor w Kowlu. Właśc. Lejzor
Helpern, zamieszkały w Kowlu, przy ul. przez każdego ze
wspólników osobno.
4279, „Sze.jwa Goldsztejn"" — handel farbami, tapetami i mydłem
w Kowlu",https://polona.pl/preview/0b4b2f84-f408-44b3-a65d-a8fb2b2b5cf7
0b4b2f84-f408-44b3-a65d-a8fb2b2b5cf7,"Obwieszczenia Publiczne : dodatek do Dziennika Urzędowego Ministerstwa Sprawiedliwości.   R.11, № 101 A (17 grudnia 1927)",1927-12-17,4,"„Spirydon Noskow” — handel win i wódek w Kowlu, przy
ul. Warszawskiej 29. Właśc.",https://polona.pl/preview/0b4b2f84-f408-44b3-a65d-a8fb2b2b5cf7
0b4b2f84-f408-44b3-a65d-a8fb2b2b5cf7,"Obwieszczenia Publiczne : dodatek do Dziennika Urzędowego Ministerstwa Sprawiedliwości.   R.11, № 101 A (17 grudnia 1927)",1927-12-17,3,"„Jankiel Bachowczyk"" — handel spożywezo-koloniainy
w Kowlu, przy ul. Warszawskiej 100.",https://polona.pl/preview/0b4b2f84-f408-44b3-a65d-a8fb2b2b5cf7
0b4b2f84-f408-44b3-a65d-a8fb2b2b5cf7,"Obwieszczenia Publiczne : dodatek do Dziennika Urzędowego Ministerstwa Sprawiedliwości.   R.11, № 101 A (17 grudnia 1927)",1927-12-17,5,"„Kamila Mianowska"" — hurtownia tytoniowa 1 w Kowlu,
przy ul. Warszawskiej 67. Istnieje od 1924 r. „Szulim Perelmuter, Aron Franc i Zyś Cbajes — spółka fir
mowa w Kowlu . Siedziba spółki m. Wspólnikami są: Mordko vel Motel Langer i Jankiel
Langer, obaj zamieszkali w Kowlu, przy ul. „Mordko Langer i Syn w Kowlu"", spółka firmowa w Kowlu,
przy ul. Warszawskiej 18.",https://polona.pl/preview/0b4b2f84-f408-44b3-a65d-a8fb2b2b5cf7
a59e556a-472c-4ab8-abcf-b28c8be91f85,"Obwieszczenia Publiczne : dodatek do Dziennika Urzędowego Ministerstwa Sprawiedliwości.   R.11, № 105 (31 grudnia 1927)",1927-12-31,44,"Nr. 700, przed notarjuszem Democzani
w Kowlu. (Nr.",https://polona.pl/preview/a59e556a-472c-4ab8-abcf-b28c8be91f85
3eb98810-a903-4559-849f-03721e93186c,"Obwieszczenia Publiczne : dodatek do Dziennika Urzędowego Ministerstwa Sprawiedliwości  R.12, № 1 (4 stycznia 1928)",1928-01-04,4,"Szkolnej 8. 31552
Sąd pokoju w Kowlu, na zasadzie art. 1401 U. P. C. i 1239 (T. X
cz. I Zb. Pr.",https://polona.pl/preview/3eb98810-a903-4559-849f-03721e93186c
8ac5bc8b-e7fa-4c81-a14e-62c7f79b74dc,"Obwieszczenia Publiczne : dodatek do Dziennika Urzędowego Ministerstwa Sprawiedliwości  R.12, № 2 (7 stycznia 1928)",1928-01-07,8,"obwieszczenia, zameldowali prawa swoje do pozostałego
po nim majątku w powiecie słonimskim. 31778
Sąd poikoju w Kowlu O. 239/27. 31779
Sąd pokoju w Kowlu, na zasadzie art. 1401 U. P. C. i 1239 (T. X
cz. I Zb. Pr.",https://polona.pl/preview/8ac5bc8b-e7fa-4c81-a14e-62c7f79b74dc
aea208de-0e75-46e5-9fe5-09bc8bb5cb76,"Obwieszczenia Publiczne : dodatek do Dziennika Urzędowego Ministerstwa Sprawiedliwości  R.12, № 4 (14 stycznia 1928)",1928-01-14,0,"C. 3495 27. 114
Sąd pokoju w Kowlu, na zasadzie art. 58 i 309 U. P. Z. 30/27,
214

Sąd pokoju w Kowlu, na zasadzie art. 58 1 a 309 1 U. P.",https://polona.pl/preview/aea208de-0e75-46e5-9fe5-09bc8bb5cb76
94ad9b36-986a-4307-b602-b62492e0b9b4,"Obwieszczenia Publiczne : dodatek do Dziennika Urzędowego Ministerstwa Sprawiedliwości.   R.12, № 10 A (4 lutego 1928)",1928-02-04,10,"Siedziba spółki w Kowlu
przy ulicy Łuckiej Nr. 8. Oddział tej spółki w Maciejowie, pow. Wspólnicy Karol Olszowiec i Józef Knopmacher zamieszkują:
Olszowiec w Kowlu, a Knopmacher w m.",https://polona.pl/preview/94ad9b36-986a-4307-b602-b62492e0b9b4
35478c95-bf4b-43d8-9e1f-4398f67c2f03,"Obwieszczenia Publiczne : dodatek do Dziennika Urzędowego Ministerstwa Sprawiedliwości.   R.12, № 12 (11 lutego 1928)",1928-02-11,2,". tytułem kaucji dla przedsiębior
stwa handlowego pod nazwą „Kooperatywa Chełmszczyzny i Podlasia
w Kowlu",https://polona.pl/preview/35478c95-bf4b-43d8-9e1f-4398f67c2f03
685df5bb-a477-48f4-8880-495663221b4a,"Obwieszczenia Publiczne : dodatek do Dziennika Urzędowego Ministerstwa Sprawiedliwości.   R.12, № 12 A (11 lutego 1928)",1928-02-11,6,"„Jankiel Szwarc"", handel spożywczy w Kowlu, przy ul. Ry
nek Nr. 15. Istnieje od 1926 r. Właśc.",https://polona.pl/preview/685df5bb-a477-48f4-8880-495663221b4a
685df5bb-a477-48f4-8880-495663221b4a,"Obwieszczenia Publiczne : dodatek do Dziennika Urzędowego Ministerstwa Sprawiedliwości.   R.12, № 12 A (11 lutego 1928)",1928-02-11,5,"artykułami spo-
żywczemi i kolonjalnemi w Kowlu przy ul. Lejb Fisz, zam. w Kowlu przy ul. Kościuszki Nr. 7. „Lejb Fisz"", handel kolonjalno - spożywczy w Kowlu przy
ul Kolejowej Nr. 2 oraz handel detaliczny i komisowy",https://polona.pl/preview/685df5bb-a477-48f4-8880-495663221b4a
4a71a8ba-d043-4ae7-bf7c-c0d8f7a93929,"Obwieszczenia Publiczne : dodatek do Dziennika Urzędowego Ministerstwa Sprawiedliwości.   R.12,  № 13 (15 lutego 1928)",1928-02-15,4,"wydrukowania niniejszego, zgłosili swe pra-
wa do majątku, pozostałego po tymże zmarłym. • 1607
Sąd pokoju w Kowlu Sąd pokoju w Kowlu, na zasadzie art. 1401 U, P.",https://polona.pl/preview/4a71a8ba-d043-4ae7-bf7c-c0d8f7a93929
863775c8-7136-4538-97d6-ae9b4c1c95f1,"Obwieszczenia Publiczne : dodatek do Dziennika Urzędowego Ministerstwa Sprawiedliwości.   R.12, № 14 (18 lutego 1928)",1928-02-18,34,"okręgowego
w Łucku obwieszcza, o odnotowaniu w dn. 3 lutego 1928 r. tytułu wy
konawczego sądu pokoju w Kowlu",https://polona.pl/preview/863775c8-7136-4538-97d6-ae9b4c1c95f1
114b2d73-0020-48f8-b73c-7cc8394d2e31,"Obwieszczenia Publiczne : dodatek do Dziennika Urzędowego Ministerstwa Sprawiedliwości.   R.12, № 15 A (22 lutego 1928)",1928-02-22,5,"Armarnik i S-ka w Kowlu"" wciągnięto wpis Nr. 2 treści następujące]:
Do rubr. 6.",https://polona.pl/preview/114b2d73-0020-48f8-b73c-7cc8394d2e31
eb3b6f05-1bbe-42cf-8a43-914a783a46b3,"Obwieszczenia Publiczne : dodatek do Dziennika Urzędowego Ministerstwa Sprawiedliwości.   R.12, № 18 A (3 marca 1928)",1928-03-03,29,"następującej pod Nr. 4454:
,,Nuta i Szloma Tullerowie” w Kowtlu, dzierżawcy elektrowni
miejskiej w Kowlu Przedmiotem przedsiębiorstwa
jest dzierżawa i eksploatacja elektrowni miejskiej w Kowlu. Wspólnikami są: Nu
ta i Szloma Tullerowie zamieszkali w Kowlu, przy ul. Łuckiej 24.",https://polona.pl/preview/eb3b6f05-1bbe-42cf-8a43-914a783a46b3
78d02f03-9041-4246-bf2e-062a1dba7c29,"Obwieszczenia Publiczne : dodatek do Dziennika Urzędowego Ministerstwa Sprawiedliwości.   R.12, № 19 (7 marca 1928)",1928-03-07,7,"Nr. 19

Sąd pokoju w Kowlu, na zasadzie art. 1401 U. P. C. i 1239 (T. X.
cz. I. Zb. Pr. druku niniejsze
go ogłoszenia, zgłosili prawa swoje do majątku nieruchomego, pozosta-
łego^po niej w Kowlu",https://polona.pl/preview/78d02f03-9041-4246-bf2e-062a1dba7c29
43780098-fe21-43dc-9e74-d787a9aebd5b,"Obwieszczenia Publiczne : dodatek do Dziennika Urzędowego Ministerstwa Sprawiedliwości.   R.12, № 20 (10 marca 1928)",1928-03-10,35,"lutego 1928 r. aktu
kupna - sprzedaży, mocą którego Moszek Szwarc sprzedał Wolfowi
Szkolnikowi, zam. w Kowlu Lublinieckiej Nr. 10, działkę
gruntu przestrzeni 27 sąż. kw,, w Kowlu, przy ul.",https://polona.pl/preview/43780098-fe21-43dc-9e74-d787a9aebd5b
43780098-fe21-43dc-9e74-d787a9aebd5b,"Obwieszczenia Publiczne : dodatek do Dziennika Urzędowego Ministerstwa Sprawiedliwości.   R.12, № 20 (10 marca 1928)",1928-03-10,42,"1928 r. aktu
nadania z dnia 5 listopada 1927 r. za Nr. 3279, mocą którego Moszkowi
Szwarcowi, zam. w Kowlu",https://polona.pl/preview/43780098-fe21-43dc-9e74-d787a9aebd5b
eec928c0-fc12-4bce-a4b8-9cece2bd8d2f,"Obwieszczenia Publiczne : dodatek do Dziennika Urzędowego Ministerstwa Sprawiedliwości.   R.12, № 22 (17 marca 1928)",1928-03-17,48,"okręgowego
w Łucku obwieszcza o odnotowaniu w dniu 25 lutego 1928 r. tytułu
wykonawczego sądu pokoju w Kowlu",https://polona.pl/preview/eec928c0-fc12-4bce-a4b8-9cece2bd8d2f
258b11ce-5316-44f9-b4ec-4067420d7c15,"Obwieszczenia Publiczne : dodatek do Dziennika Urzędowego Ministerstwa Sprawiedliwości.   R.12, № 24 (24 marca 1928)",1928-03-24,6,"ukazania się niniejszego w druku zgłosili prawa swoje do majątku
nieruchomego, pozostałego po nim w Kowlu Sąd pokoju w Kowlu, na zasadzie art. 1401 U. P. C. i 1239 (T.
X cz. I Zb. Pr. miesięcy od
dnia ukazania się niniejszego w druku, zgłosili prawa swoje do mienia,
pozostałego po nim w Kowlu Z. 109/28. 3514
Sąd pokoju w Kowlu, na zasadzie art. 1401 U. P. €. i 1239 (T. X
cz. I Zb. Pr. Z. 104/28. 3471
Sąd pokoju w Kowlu, na zasadzie art. 1401 U. P. C. i 1239 (T. X
cz. I. Zb. Pr.",https://polona.pl/preview/258b11ce-5316-44f9-b4ec-4067420d7c15
1a7ccc9e-7554-4762-8119-418453ff21fe,"Obwieszczenia Publiczne : dodatek do Dziennika Urzędowego Ministerstwa Sprawiedliwości.   R.12, № 24 A (24 marca 1928)",1928-03-24,28,"Za agenturę w Kowlu: Józefa Maksymowicza. Z łącz
nej liczby dwóch podpisów za agenturę w Kowlu niezbędny jest pod
pis Otto Tomaszewskiego, który Dla agentury w Kowlu: Otto Tomaszewskiemu.",https://polona.pl/preview/1a7ccc9e-7554-4762-8119-418453ff21fe
a286b996-1303-41fe-b2c8-c4f0f5d26b49,"Obwieszczenia Publiczne : dodatek do Dziennika Urzędowego Ministerstwa Sprawiedliwości.   R.12, № 26 (31 marca 1928)",1928-03-31,4,"Zb. 308/27 r. 3837
Sąd pokoju w Kowlu, na zasadzie art. 1401 U. P. C. i 1239 T. X
cz. I Zb. Pr. Zb. 170 28. 3909
Sąd pokoju w Kowlu, na zasadzie art. 1401 U. P. C. i 1239 (T. X
cz. I Zb.",https://polona.pl/preview/a286b996-1303-41fe-b2c8-c4f0f5d26b49
a286b996-1303-41fe-b2c8-c4f0f5d26b49,"Obwieszczenia Publiczne : dodatek do Dziennika Urzędowego Ministerstwa Sprawiedliwości.   R.12, № 26 (31 marca 1928)",1928-03-31,44,"Gąsiorowskiej na prawo zarządzania i sprzedaży majątku Zaczernecze,
zaświadczone przez no tar jus za w Kowlu",https://polona.pl/preview/a286b996-1303-41fe-b2c8-c4f0f5d26b49
036189b2-afe6-4d40-9706-027bbb4e7732,"Obwieszczenia Publiczne : dodatek do Dziennika Urzędowego Ministerstwa Sprawiedliwości.   R.13, № 28 (6 kwietnia 1929)",1928-04-06,7,"V; Nr. 28

Sąd grodzki w Kowlu, na mocy art. 1401 i 1402 U. P. miesięcznym, od dnia ukazania się niniejszego
w druku, zgłosili prawa swoje do majątku zmarłej, położonego w Kowlu",https://polona.pl/preview/036189b2-afe6-4d40-9706-027bbb4e7732
036189b2-afe6-4d40-9706-027bbb4e7732,"Obwieszczenia Publiczne : dodatek do Dziennika Urzędowego Ministerstwa Sprawiedliwości.   R.13, № 28 (6 kwietnia 1929)",1928-04-06,57,"„Lejbisz Test"" — drobny handel spożywczy w Kowlu przy
ul. Listopadowej Nr. 72.",https://polona.pl/preview/036189b2-afe6-4d40-9706-027bbb4e7732
036189b2-afe6-4d40-9706-027bbb4e7732,"Obwieszczenia Publiczne : dodatek do Dziennika Urzędowego Ministerstwa Sprawiedliwości.   R.13, № 28 (6 kwietnia 1929)",1928-04-06,58,"„Icek Gonik"" - skup produktów żywnościowych do 100.000
złotych w Kowlu przy ul. Ks. Gedal Swiniuch, zam. tamże.
5043 Chajka Papę"" — handel żelazem w Kowlu przy ul. „Gedal Swiniuch"" — sprzedaż naczyń i szkła w Kowlu przy
ul Warszawskiej. Właśc.",https://polona.pl/preview/036189b2-afe6-4d40-9706-027bbb4e7732
2c031e3c-1fdc-46ff-96e6-6d7a259cf22c,"Obwieszczenia Publiczne : dodatek do Dziennika Urzędowego Ministerstwa Sprawiedliwości.   R.12, № 28 (7 kwietnia 1928)",1928-04-07,14,"gmach
sądu okręgowego, pokój Nr. 22, obwieszcza, że na żądanie Stowarzysze
nia Kredytowego „Samopomoc w Kowlu",https://polona.pl/preview/2c031e3c-1fdc-46ff-96e6-6d7a259cf22c
9de82507-f115-4302-b9bd-01578e0f5a4a,"Obwieszczenia Publiczne : dodatek do Dziennika Urzędowego Ministerstwa Sprawiedliwości.   R.12,  № 29 (11 kwietnia 1928)",1928-04-11,6,"piśmiennego wyjaśnienia, sprawa niniej
sza będzie rozpoznana w jego nieobecności. 4308
Sąd pokoju w Kowlu",https://polona.pl/preview/9de82507-f115-4302-b9bd-01578e0f5a4a
8754f40c-7a54-4e9e-8c03-678de596ef30,"Obwieszczenia Publiczne : dodatek do Dziennika Urzędowego Ministerstwa Sprawiedliwości.   R.12, № 30 (14 kwietnia 1928)",1928-04-14,52,"wszystkie osoby, mające zgłosić jakiekolwiek poszukiwania,
ulegające zaspokojeniu z kaucji b. notarjusza w Kowlu",https://polona.pl/preview/8754f40c-7a54-4e9e-8c03-678de596ef30
f5424181-02dc-432c-89e8-f178d2efe3dc,"Obwieszczenia Publiczne : dodatek do Dziennika Urzędowego Ministerstwa Sprawiedliwości.   R.12, № 32 (21 kwietnia 1928)",1928-04-21,45,"„Frejda Geller — drobny handel spożywczy i wody sodo
wej w Kowlu, przy ul. Warszawskiej Nr. 137. „Motel Klejner 11 — bufet ze sprzedażą słodyczy w Kowlu,
przy ul. Warszawskiej Nr. 19. „Szmarja Klepacz — handel wyrobami tytoniowemi i bu
fet w Kowlu, przy ul. Kolejowej Nr. 87. Właśc.",https://polona.pl/preview/f5424181-02dc-432c-89e8-f178d2efe3dc
0a056d90-78a9-43ae-a3a4-edc44a901f66,"Obwieszczenia Publiczne : dodatek do Dziennika Urzędowego Ministerstwa Sprawiedliwości.   R.12, № 32 A (21 kwietnia 1928)",1928-04-21,5,"Działu A, sądu okręgowego w Łucku,
w dniu 25 lutego 1928 roku pod Nr. 1398 przy firmie „Dawid Mycznik""
w Kowlu",https://polona.pl/preview/0a056d90-78a9-43ae-a3a4-edc44a901f66
0a056d90-78a9-43ae-a3a4-edc44a901f66,"Obwieszczenia Publiczne : dodatek do Dziennika Urzędowego Ministerstwa Sprawiedliwości.   R.12, № 32 A (21 kwietnia 1928)",1928-04-21,9,"postawiona została w stan likwidacji na mocy aktu zeznanego
przed Hipolitem Żyznowskim, notarjuszem w Kowlu wspólnikami aktu wy
znaczeni zostali wspólnicy Mendel Fefer, Mozes Kropiwnikier i Szaja
Cyn, zamieszkali w Kowlu",https://polona.pl/preview/0a056d90-78a9-43ae-a3a4-edc44a901f66
480b9ebf-4e11-4051-a631-12fbd1581000,"Obwieszczenia Publiczne : dodatek do Dziennika Urzędowego Ministerstwa Sprawiedliwości.   R.12, № 35 (2 maja 1928)",1928-05-02,7,"wzywanego w określonym czasie,
dział spadku dokonany zostanie w jego nieobecności. 5090

Sąd pokoju w Kowlu Z. 166/28. 5102
Sąd pokoju w Kowlu, na zasadzie art. 1239, T. X. cz. I. Zb. Pr.
i art. 1401 U. P.",https://polona.pl/preview/480b9ebf-4e11-4051-a631-12fbd1581000
480b9ebf-4e11-4051-a631-12fbd1581000,"Obwieszczenia Publiczne : dodatek do Dziennika Urzędowego Ministerstwa Sprawiedliwości.   R.12, № 35 (2 maja 1928)",1928-05-02,57,"sądu okręgowego
w Łucku obwieszcza o odnotowaniu w dniu 17 kwietnia 1928 roku
decyzji sądu pokoju w Kowlu",https://polona.pl/preview/480b9ebf-4e11-4051-a631-12fbd1581000
6300b507-152a-4656-bc64-34a0f274fe54,"Obwieszczenia Publiczne : dodatek do Dziennika Urzędowego Ministerstwa Sprawiedliwości.   R.12, № 36 (5 maja 1928)",1928-05-05,45,"marca 1928 r. wciągnięto wpis treści następującej pod
Nr. 4554:
, Gliniecki i S-ka, magazyn broni w Kowlu",https://polona.pl/preview/6300b507-152a-4656-bc64-34a0f274fe54
eb5b2e0e-0396-4f3d-ada7-445635a147f3,"Obwieszczenia Publiczne : dodatek do Dziennika Urzędowego Ministerstwa Sprawiedliwości.   R.12, № 37 (9 maja 1928)",1928-05-09,5,"Sąd pokoju w Kowlu na Wołyniu, na zasadzie art. 1401 U. P. C-
1 1239 (T X. cz. I. Zb. Pr. obwieszczenia, zgłosili swoje prawa do
majątku, składającego się z sadybnej ziemi i domu, znajdującego się
w Kowlu",https://polona.pl/preview/eb5b2e0e-0396-4f3d-ada7-445635a147f3
75f5b39e-d7f3-495b-a444-d1e8635da9fd,"Obwieszczenia Publiczne : dodatek do Dziennika Urzędowego Ministerstwa Sprawiedliwości.   R.12, № 38 (12 maja 1928)",1928-05-12,28,"obwieszcza o odnotowaniu w dniu 26 kwietnia 1928 r. aktu
nadania, mocą którego Ruchli Dajcz, zam, w Kowlu",https://polona.pl/preview/75f5b39e-d7f3-495b-a444-d1e8635da9fd
75f5b39e-d7f3-495b-a444-d1e8635da9fd,"Obwieszczenia Publiczne : dodatek do Dziennika Urzędowego Ministerstwa Sprawiedliwości.   R.12, № 38 (12 maja 1928)",1928-05-12,1,"Bńhdanowski, prosi:
1) o wydanie wyroku, mocą którego z aktu zastawu, zeznanegn
przed notarjuszem Democzani w Kowlu",https://polona.pl/preview/75f5b39e-d7f3-495b-a444-d1e8635da9fd
f48423b6-db55-4faf-90fa-9cdd9dad6e73,"Obwieszczenia Publiczne : dodatek do Dziennika Urzędowego Ministerstwa Sprawiedliwości.   R.12, № 40 A (19 maja 1928)",1928-05-19,31,"„Doba Mycznik 11 — księgarnia ze sprzedażą materjałów piś
miennych w Kowlu, przy ul. Udzielono prokury Abramo-
wi-Mordkowi Inglbergowi, zam. w Kowlu, przy ul. „Udla Sztern,, — handel naczyniami i szkłem w Kowlu, przy
ul. Warszawskiej Nr. 176.",https://polona.pl/preview/f48423b6-db55-4faf-90fa-9cdd9dad6e73
f48423b6-db55-4faf-90fa-9cdd9dad6e73,"Obwieszczenia Publiczne : dodatek do Dziennika Urzędowego Ministerstwa Sprawiedliwości.   R.12, № 40 A (19 maja 1928)",1928-05-19,20,"\vj
4515 „Ester - Brandla Rojzen — bufet w Kowlu, przy ul U ar-
szawskiej 112.",https://polona.pl/preview/f48423b6-db55-4faf-90fa-9cdd9dad6e73
8099b738-530c-4b46-831f-5030e72e605e,"Obwieszczenia Publiczne : dodatek do Dziennika Urzędowego Ministerstwa Sprawiedliwości.   R.12, № 41 (23 maja 1928)",1928-05-23,8,"ni
niejszego obwieszczenia, zameldowali swoje prawa do pozostałego po
nim majątku. 6134
Sąd pokoju w Kowlu Nr. 217 28. 6135
Sąd pokoju w Kowlu, okręgu sądowego łuckiego, na zasadzie
art. 1401 i 1402 U. P.",https://polona.pl/preview/8099b738-530c-4b46-831f-5030e72e605e
d771d85b-643c-485f-ac89-23cda1e7cc1e,"Obwieszczenia Publiczne : dodatek do Dziennika Urzędowego Ministerstwa Sprawiedliwości.   R.12, № 41 A (23 maja 1928)",1928-05-23,18,"Zommer i S-ka, spółka z ogra
niczoną odpowiedzialnością"" w Kowlu wciągnięto wpis Nr. 2 treści na
stępującej -1927 r. do 20 marca 1929 roku na mocy aktu, zeznane-
tfo przed Hipolitem Żyznowskim, notarjuszem w Kowlu",https://polona.pl/preview/d771d85b-643c-485f-ac89-23cda1e7cc1e
5176078d-ff9b-466d-a4de-d919ade6699b,"Obwieszczenia Publiczne : dodatek do Dziennika Urzędowego Ministerstwa Sprawiedliwości.   R.12, № 42 A (26 maja 1928)",1928-05-26,20,"Działu A, sądu okręgowego w Łucku,
w dniu 22 marca 1928 roku, pod Nr. 1056, przy firmie „Rejder Cynia""
w Kowlu",https://polona.pl/preview/5176078d-ff9b-466d-a4de-d919ade6699b
47f86eea-4981-4e14-acd2-c4d3f9b2598e,"Obwieszczenia Publiczne : dodatek do Dziennika Urzędowego Ministerstwa Sprawiedliwości.   R.12, № 43 (30 maja 1928)",1928-05-30,6,"niniejszego obwie
szczenia, zameldowali swoje prawa do pozostał ego po nim mienia. 6423
Sąd pokoju w Kowlu",https://polona.pl/preview/47f86eea-4981-4e14-acd2-c4d3f9b2598e
3c032dba-5e4a-40f9-aec7-ebadcf2dd659,"Obwieszczenia Publiczne : dodatek do Dziennika Urzędowego Ministerstwa Sprawiedliwości.   R.12, № 43 A (30 maja 1928)",1928-05-30,3,"Kropiwnikier i S-ka"" w Kowlu, wciągnięto, jako
wykreślenie wpis Nr. 2 treści następującej:
Do rubr. 5",https://polona.pl/preview/3c032dba-5e4a-40f9-aec7-ebadcf2dd659
8fa9c25f-5307-414d-b284-0663b0aa25ef,"Obwieszczenia Publiczne : dodatek do Dziennika Urzędowego Ministerstwa Sprawiedliwości.   R.12, № 45 (6 czerwca 1928)",1928-06-06,6,"Sąd pokoju w Kowlu, okręgu sądowego łuckiego, na zasadzie art.
1401 i 1402 U. P.",https://polona.pl/preview/8fa9c25f-5307-414d-b284-0663b0aa25ef
22f90ec5-aeff-49fc-a742-c707496f133a,"Obwieszczenia Publiczne : dodatek do Dziennika Urzędowego Ministerstwa Sprawiedliwości.   R.12, № 47 A (13 czerwca 1928)",1928-06-13,5,"Kazimierska"" — detaliczna sprzedaż win, wódek
i likierów w naczyniach zamkniętych do domów oraz restauracja
w Kowlu",https://polona.pl/preview/22f90ec5-aeff-49fc-a742-c707496f133a
22f90ec5-aeff-49fc-a742-c707496f133a,"Obwieszczenia Publiczne : dodatek do Dziennika Urzędowego Ministerstwa Sprawiedliwości.   R.12, № 47 A (13 czerwca 1928)",1928-06-13,18,"„Rywka Kandelszajn“ — handel spożywczy i słodyczami
w Kowlu, przy ul. Poniatowskiego 13. Właśc. Właśc, Jan-Ignacy-Edward Berezow
ski, zam. w Kowlu, przy ul. Fabrycznej 4.",https://polona.pl/preview/22f90ec5-aeff-49fc-a742-c707496f133a
22f90ec5-aeff-49fc-a742-c707496f133a,"Obwieszczenia Publiczne : dodatek do Dziennika Urzędowego Ministerstwa Sprawiedliwości.   R.12, № 47 A (13 czerwca 1928)",1928-06-13,17,"„Zelman Goldsztejn 11 — sprzedaż gotowych ubrań i ka
peluszy w Kowlu, przy ul. Warszawskiej 126. Właśc,
Alfons Jasieński, zam. w Kowlu, przy ul. Listopadowej.
dnia 24 marca 1928 r.
4556. „Alfons Jasieński"" — bufet kolejowy i sprzedaż wyrobów
tytoniowych w Kowlu, przy stacji kolejowej.",https://polona.pl/preview/22f90ec5-aeff-49fc-a742-c707496f133a
df226055-441d-461a-b236-e2c7fe148f4e,"Obwieszczenia Publiczne : dodatek do Dziennika Urzędowego Ministerstwa Sprawiedliwości.   R.12, № 50 A (23 czerwca 1928)",1928-06-23,5,"„Tojba Langier (Łangier)“, handel spożywczy w Kowlu, przy
ul. „Bencio Szendel"", zawddowy skup (zboża w Kowlu, przy ul.
Monopolowej ‘Nr. 64.",https://polona.pl/preview/df226055-441d-461a-b236-e2c7fe148f4e
df226055-441d-461a-b236-e2c7fe148f4e,"Obwieszczenia Publiczne : dodatek do Dziennika Urzędowego Ministerstwa Sprawiedliwości.   R.12, № 50 A (23 czerwca 1928)",1928-06-23,6,"M inrf 2 w/i’ Ll ' PJ T W °tw ’ sku|p zfcoźa w Kowlu, przy ułicy Monopolowej
Nr. 109. Własc. „Chaja Szapiro"", handel towarami łokciowemi ludowemi
w Kowlu, przy ulicy Warszawskiej Nr. 154. 2 ; V a J a Szenkier"", drobny handel spożywczy w> Kowlu, przy
ulicy Krótkie, Nr. 17. Właśc. „Jankiel - Duwid Bebczuk"", handel spożywczy i kolonjalny
w Kowlu, przy ul. Warszawskiej Nr. 62. „Frejda Gorin (Goren)‘ , handel mięsem w Kowlu, przy ulicy
Pomnikowej 35. Własc.",https://polona.pl/preview/df226055-441d-461a-b236-e2c7fe148f4e
1a0a455f-9818-4fa2-abb6-47821aa50f48,"Obwieszczenia Publiczne : dodatek do Dziennika Urzędowego Ministerstwa Sprawiedliwości.   R.12, № 52 (30 czerwca 1928)",1928-06-30,7,"Sąd Pokoju w Kowlu, okręgu sądu okręgowego w Łucku, na zasa
dzie art. 1401 i 1402 U. P.",https://polona.pl/preview/1a0a455f-9818-4fa2-abb6-47821aa50f48
1a0a455f-9818-4fa2-abb6-47821aa50f48,"Obwieszczenia Publiczne : dodatek do Dziennika Urzędowego Ministerstwa Sprawiedliwości.   R.12, № 52 (30 czerwca 1928)",1928-06-30,6,"Sąd pokoju w Kowlu, okręgu sądowego łuckiego, na zasadzie art.
94 rozporządzenia Prezydenta Rzeczypospolitej",https://polona.pl/preview/1a0a455f-9818-4fa2-abb6-47821aa50f48
58cabd71-ce31-4e39-a4b4-7f37d86c2e0d,"Obwieszczenia Publiczne : dodatek do Dziennika Urzędowego Ministerstwa Sprawiedliwości.   R.12, № 55 (11 lipca 1928)",1928-07-11,4,"niestawiennictwa wzywanej w oznaczonym terminie.
spra wa osądzona będzie w jej nieobecności. 8350
Sąd pokoju w Kowlu",https://polona.pl/preview/58cabd71-ce31-4e39-a4b4-7f37d86c2e0d
3e305215-a84c-4a3e-80c7-ef6446cb689d,"Obwieszczenia Publiczne : dodatek do Dziennika Urzędowego Ministerstwa Sprawiedliwości.   R.12, № 56 (14 lipca 1928)",1928-07-14,58,"obwieszcza o odnotowaniu w dniu 27 czerwca 1928 r. tytu
łu wykonawczego wydanego przez sąd pokoju w Kowlu",https://polona.pl/preview/3e305215-a84c-4a3e-80c7-ef6446cb689d
63526a57-f02b-4d5c-b874-798db36ddae8,"Obwieszczenia Publiczne : dodatek do Dziennika Urzędowego Ministerstwa Sprawiedliwości.   R.12, № 56 A (14 lipca 1928)",1928-07-14,29,"„Mojsze Tejtelbaum (Tejtelbojm)"" — handel spożywczy
i galanterją w Kowlu, przy ul. „Icko-Towja lPtakowski“ — sprzedaż materjałów budowla
nych w Kowlu, przy ul. Mickiewicza 7. Właśc.",https://polona.pl/preview/63526a57-f02b-4d5c-b874-798db36ddae8
63526a57-f02b-4d5c-b874-798db36ddae8,"Obwieszczenia Publiczne : dodatek do Dziennika Urzędowego Ministerstwa Sprawiedliwości.   R.12, № 56 A (14 lipca 1928)",1928-07-14,26,"zam. tamże.
4708. , f Cywja Kucyn"" — Bazar Warszawski, sprzedaż galanterji
i zabawek dziecinnych w Kowlu „Chaskiel Pomeranc"" — sprzedaż wyłącznie w naczyniach
zamkniętych hurtowo piwa w Kowlu, przy ul. „Matylda Stefani"" — handel wyrobami wędliniarskiemi
i mięsem w Kowlu, przy rogu ulic Warszawskiej i Kościelnej Matylda Stefani, zam. w Kowlu, przy zauł. Kolejowym Nr. 3.
4703. „Kajetan Wojtkowski"" — skup i odprzedaż mięsa, wędlin
i nabiału w Kowlu, przy ul.",https://polona.pl/preview/63526a57-f02b-4d5c-b874-798db36ddae8
63526a57-f02b-4d5c-b874-798db36ddae8,"Obwieszczenia Publiczne : dodatek do Dziennika Urzędowego Ministerstwa Sprawiedliwości.   R.12, № 56 A (14 lipca 1928)",1928-07-14,27,"Chaim - Lejzor Kac, zam. tamie Ź
i T ■ f --dojne Bater — handel spożywczy i mięsem w Kowlu, przy
ttnże",https://polona.pl/preview/63526a57-f02b-4d5c-b874-798db36ddae8
63526a57-f02b-4d5c-b874-798db36ddae8,"Obwieszczenia Publiczne : dodatek do Dziennika Urzędowego Ministerstwa Sprawiedliwości.   R.12, № 56 A (14 lipca 1928)",1928-07-14,28,"Brucha Wajner, zam.
tamże.
4646. ,,Samson - Mojsze Kastelański"" — handel manufakturą
w Kowlu, przy ul",https://polona.pl/preview/63526a57-f02b-4d5c-b874-798db36ddae8
d3b25a8f-4a49-4a90-b27f-a295f5b435ba,"Obwieszczenia Publiczne : dodatek do Dziennika Urzędowego Ministerstwa Sprawiedliwości.   R.12, № 58 (21 lipca 1928)",1928-07-21,4,"Z r atrZenia J Wyr ° kU ryg ° rem natychmiastowej wykonalności,
w Kowlu S T* Nr W 71 d °!",https://polona.pl/preview/d3b25a8f-4a49-4a90-b27f-a295f5b435ba
d3b25a8f-4a49-4a90-b27f-a295f5b435ba,"Obwieszczenia Publiczne : dodatek do Dziennika Urzędowego Ministerstwa Sprawiedliwości.   R.12, № 58 (21 lipca 1928)",1928-07-21,62,".: Mania Kagan, zam. tamże.
i ,”^ kawa Holcer"" — drobny handel bielizną i konfekcją dam
ską w Kowlu,",https://polona.pl/preview/d3b25a8f-4a49-4a90-b27f-a295f5b435ba
4294ef3b-6657-4c14-8e7e-d998c88145ab,"Obwieszczenia Publiczne : dodatek do Dziennika Urzędowego Ministerstwa Sprawiedliwości.   R.12, № 59 (25 lipca 1928)",1928-07-25,5,"C. 266/28. 8950
Sąd pokoju w (Kowlu, okręgu sądu okręgowego w Łucku, na mo
cy art. 1682 U. P.",https://polona.pl/preview/4294ef3b-6657-4c14-8e7e-d998c88145ab
dc755bf3-cdd2-4343-b6d2-b0b503878c40,"Obwieszczenia Publiczne : dodatek do Dziennika Urzędowego Ministerstwa Sprawiedliwości.   R.12, № 69 A (29 sierpnia 1928)",1928-08-29,30,"„Aron Ptakowski"", handel żelazem i węglem w Kowlu,
przy ul, Mickiewicza Nr. 7.",https://polona.pl/preview/dc755bf3-cdd2-4343-b6d2-b0b503878c40
dc755bf3-cdd2-4343-b6d2-b0b503878c40,"Obwieszczenia Publiczne : dodatek do Dziennika Urzędowego Ministerstwa Sprawiedliwości.   R.12, № 69 A (29 sierpnia 1928)",1928-08-29,29,",,’^ ntonina Trzcińska"", hurtowy skład soli i drobna sprze
daż artykułów spożywczych w Kowlu, przy ul „August Postolko"", hurtowa sprzedaż soli w Kowlu, przy
ul. Rynek. Właśc.",https://polona.pl/preview/dc755bf3-cdd2-4343-b6d2-b0b503878c40
54fdc265-1f38-4a8e-818e-cf3680c634e5,"Obwieszczenia Publiczne : dodatek do Dziennika Urzędowego Ministerstwa Sprawiedliwości.   R.12, № 71 (5 września 1928)",1928-09-05,33,"Gródek, pow. kowelskiego, Maksyma
Knysza, do depozytu sądu okręgowego w Łucku, w Kasie Skarbowej
w Kowlu (Z. w Kowlu L. ,93/25 roku. mieszkańca wsi Jeziorno, gminy Gródek, pow. kowelskiego, Marcina
Ryba do depozytu sądu w kasie skarbowej w Kowlu",https://polona.pl/preview/54fdc265-1f38-4a8e-818e-cf3680c634e5
0751350f-0035-49c3-8c9a-3e4ee66455f7,"Obwieszczenia Publiczne : dodatek do Dziennika Urzędowego Ministerstwa Sprawiedliwości.   R.12, № 73 (12 września 1928)",1928-09-12,33,"gminy Gródek, po w. kowelskiego, Mikołaja Roma
niuka do depozytu sądu okręgowego w kasie' skarbowej w Kowlu Jeziorno, gminy Gródek, pow. kowelskiego, Akima Knysza,
do depozytu sądu okręgowego w kasie skarbowej w Kowlu gminy Gródek, pow, kowelskiego, Dymitrego Ro
maniuka do depozytu sądu okręgowego w kasie skarbowej w Kowlu",https://polona.pl/preview/0751350f-0035-49c3-8c9a-3e4ee66455f7
0751350f-0035-49c3-8c9a-3e4ee66455f7,"Obwieszczenia Publiczne : dodatek do Dziennika Urzędowego Ministerstwa Sprawiedliwości.   R.12, № 73 (12 września 1928)",1928-09-12,34,"gminy Gródek, pow. kowelskiego, Sergeja Roma
niuka do depozytu sądu okręgowego w kasie skarbowej w Kowlu Gródek, pow. kowelskiego, Andrzeja Romaniu
ka, do depozytu sądu okręgowego w kasie skarbowej w Kowlu",https://polona.pl/preview/0751350f-0035-49c3-8c9a-3e4ee66455f7
5fe3f4b0-8dd4-4970-bc13-fa8e09ecf256,"Obwieszczenia Publiczne : dodatek do Dziennika Urzędowego Ministerstwa Sprawiedliwości.   R.12, № 75 (19 września 1928)",1928-09-19,27,"okręgowego
w Łucku obwieszcza o odnotowaniu w dniu 4 września 1928 r. tytułu wy
konawczego sądu pokoju w Kowlu",https://polona.pl/preview/5fe3f4b0-8dd4-4970-bc13-fa8e09ecf256
efeaf1f8-5147-4ae5-b8a9-764cef15af78,"Obwieszczenia Publiczne : dodatek do Dziennika Urzędowego Ministerstwa Sprawiedliwości.   R.12, № 79 (3 października 1928)",1928-10-03,41,"gminy Gródek, pow. kowelskiego, Michała Bondar-
czuka do depozytu sądu okręgowego w kasie skarbowej w Kowlu Nr. 79
okręgowego w Łucku w kasie skarbowej w Kowlu w dniu 30 lipca 1928
roku, pod poz. kasy 12276—13 , gminy Gródek, pow. kowelskiego, Samuela
Domeniuka do depozytu sądu okręgowego w kasie skarbowej w Kowlu Jeziorno, gminy Gródek, pow. kowelskiego, Marka Ro
maniuka do depozytu sądu okręgowego w kasie skarbowej w Kowlu gminy Gródek, powiatu kowelskiego Mikołaja Pra-
duna do depozytu sądu okręgowego w kasie skarbowej w Kowlu",https://polona.pl/preview/efeaf1f8-5147-4ae5-b8a9-764cef15af78
508cecf0-8354-4e87-9ad0-a92c1024ad74,"Obwieszczenia Publiczne : dodatek do Dziennika Urzędowego Ministerstwa Sprawiedliwości.   R.12, № 81 (10 października 1928)",1928-10-10,54,"C., sąd pokoju w 'Kowlu,
okręgu sądu okręgowego łuckiego, obwieszcza, iż decyzją sądu z dnia'
14 września dniu 18 lipca 1921 r,
przez Zdzisławę - Wandę Jaroczewską przed notarjuszem Francisz
kiem Skorupskim w Kowlu",https://polona.pl/preview/508cecf0-8354-4e87-9ad0-a92c1024ad74
38415a99-8597-43d5-ba61-f3f53c1550e5,"Obwieszczenia Publiczne : dodatek do Dziennika Urzędowego Ministerstwa Sprawiedliwości.   R.12, № 82 A (13 października 1928)",1928-10-13,18,"Udzielo
no łącznej prokury: dla Oddziału w Kowlu: Franciszkowi Majewskiemu
jako dyrektorowi tegoż oddziału Ustały prokury za Oddziały: w Kowlu Marjana Ja
strzębskiego.",https://polona.pl/preview/38415a99-8597-43d5-ba61-f3f53c1550e5
38415a99-8597-43d5-ba61-f3f53c1550e5,"Obwieszczenia Publiczne : dodatek do Dziennika Urzędowego Ministerstwa Sprawiedliwości.   R.12, № 82 A (13 października 1928)",1928-10-13,19,"„Szmul Bregman”, handel szkłem w Kowlu, przy ul Brzeskiej
Nr. 9. Istnieje od 1926 r. Właścic. „Chasia Ingberg"", handel spożywczy, wyrobów tytoniowych
i galanterji w Kowlu, przy ul.",https://polona.pl/preview/38415a99-8597-43d5-ba61-f3f53c1550e5
1ef615a2-b4b3-43d0-827d-81d2d050b175,"Obwieszczenia Publiczne : dodatek do Dziennika Urzędowego Ministerstwa Sprawiedliwości.   R.12, № 83 (17 października 1928)",1928-10-17,78,"„Szloma Fajntich"", handel spożywczy i bufet w Kowlu, przy
ul. Maciejowskiej 11. „Pinchos Chasis"", handel spożywczy w Kowlu, przy ulicy
Warszawskiej Nr. 187. Właśc. „Motia Fajuler"", herbaciarnia i słodycze w Kowlu, przy ulicy
■■■-zawskiej Nr. 182. Właśc. „Ita (Itka) Werbla"", handel manufakturą i szkłem w Kowlu,
przy ul. Warszawskiej 33. Właśc. „Mojisże Szowb"", handel spożywczy i żelazem w Kowlu, przy
ul. Warszawskiej Nr. 184. Właśc.",https://polona.pl/preview/1ef615a2-b4b3-43d0-827d-81d2d050b175
1ef615a2-b4b3-43d0-827d-81d2d050b175,"Obwieszczenia Publiczne : dodatek do Dziennika Urzędowego Ministerstwa Sprawiedliwości.   R.12, № 83 (17 października 1928)",1928-10-17,4,"Z. 714/28 r.). "" 12621
Sąd ipokoju w Kowlu, okręgu sądu okręgowego w Łucku, na zasadzie
art. 1401, 1402",https://polona.pl/preview/1ef615a2-b4b3-43d0-827d-81d2d050b175
1ef615a2-b4b3-43d0-827d-81d2d050b175,"Obwieszczenia Publiczne : dodatek do Dziennika Urzędowego Ministerstwa Sprawiedliwości.   R.12, № 83 (17 października 1928)",1928-10-17,6,"N. 76/28 r. 12630
Sąd pokoju w Kowlu, okręgu sądu okręgowego w Łucku, na zasa
dzie art. 1401, 1402 U.",https://polona.pl/preview/1ef615a2-b4b3-43d0-827d-81d2d050b175
2a529a83-1f6a-4e4b-bcfd-9de9574094dc,"Obwieszczenia Publiczne : dodatek do Dziennika Urzędowego Ministerstwa Sprawiedliwości.   R.12, № 83 A (17 października 1928)",1928-10-17,29,"Berezowski - Żeleźniak, Władysław Ciechanowicz - Lewkowicz,
Mendel Brandes, Abram Szenker, wszyscy zam, w Kowlu",https://polona.pl/preview/2a529a83-1f6a-4e4b-bcfd-9de9574094dc
d8234fd1-a3cc-4f56-857b-b69d717dc03e,"Obwieszczenia Publiczne : dodatek do Dziennika Urzędowego Ministerstwa Sprawiedliwości.   R.12, № 84 (20 października 1928)",1928-10-20,4,"niniejszego obwieszczenia, zameldowali stroje prawa
-do pozosta łego po nim mienia. 12830
Sąd pokoju w Kowlu",https://polona.pl/preview/d8234fd1-a3cc-4f56-857b-b69d717dc03e
157114e8-0f1b-435b-a414-35fda6db95be,"Obwieszczenia Publiczne : dodatek do Dziennika Urzędowego Ministerstwa Sprawiedliwości.   R.12, № 85 (24 października 1928)",1928-10-24,40,"października 1928 roku
aktu adjukacyjnego sporządzonego w kancelarji Hipolita Żyznowskiego,
notarjusza w Kowlu",https://polona.pl/preview/157114e8-0f1b-435b-a414-35fda6db95be
ff8c97fd-a6d3-4ed0-b961-b46461e6f7ec,"Obwieszczenia Publiczne : dodatek do Dziennika Urzędowego Ministerstwa Sprawiedliwości.   R.12, № 86 (27 pażdziernika 1928)",1928-10-27,63,", sądu okręgowego w Łucku w d.
6 października 1928 roku pod Nr. 3956 przy firmie „Icchok Bokser ‘
w Kowlu",https://polona.pl/preview/ff8c97fd-a6d3-4ed0-b961-b46461e6f7ec
beb71029-7c9e-4452-9fad-08dfcf0e6ad4,"Obwieszczenia Publiczne : dodatek do Dziennika Urzędowego Ministerstwa Sprawiedliwości.   R.12, № 88 (3 listopada 1928)",1928-11-03,7,"Spr., zgłosili swoje prawa do majątku
pozostałego po jego śmierci. 13686
Sąd pokoju w Kowlu, okręgu sądowego",https://polona.pl/preview/beb71029-7c9e-4452-9fad-08dfcf0e6ad4
beb71029-7c9e-4452-9fad-08dfcf0e6ad4,"Obwieszczenia Publiczne : dodatek do Dziennika Urzędowego Ministerstwa Sprawiedliwości.   R.12, № 88 (3 listopada 1928)",1928-11-03,16,"Kró
lowej Jadwigi Nr. 2lb, obwieszcza, że na żądanie Stowarzyszenia Kredy
towego „Samopomoc"" w Kowlu,",https://polona.pl/preview/beb71029-7c9e-4452-9fad-08dfcf0e6ad4
ad914588-14ed-415f-b6d0-4522be46ed09,"Obwieszczenia Publiczne : dodatek do Dziennika Urzędowego Ministerstwa Sprawiedliwości.   R.12, № 89 (7 listopada 1928)",1928-11-07,6,"remont, podatki, aseku
rację, uporządkowanie gospodarki i t, p., jako kuratora nad majątkiem
położonym w Kowlu",https://polona.pl/preview/ad914588-14ed-415f-b6d0-4522be46ed09
cf721c17-3368-4388-bf6c-77f17d405311,"Obwieszczenia Publiczne : dodatek do Dziennika Urzędowego Ministerstwa Sprawiedliwości.   R.12, № 91 (14 listopada 1928)",1928-11-14,23,"Warszawskiej i Królowej Bony, powierzchni 567,40 mtr. kw., czyli
124 sąż. kw., nabyta przez, Bank Ludowy w Kowlu",https://polona.pl/preview/cf721c17-3368-4388-bf6c-77f17d405311
19b3272a-ae64-41bb-8267-b6c29d8b7054,"Obwieszczenia Publiczne : dodatek do Dziennika Urzędowego Ministerstwa Sprawiedliwości.   R.12, № 92 (17 listopada 1928)",1928-11-17,32,"31 października 1928 ir, ty
tułu wykonawczego z dnia 1-8 marca 1924 r., wydanego przez sąd pokoju
w Kowlu",https://polona.pl/preview/19b3272a-ae64-41bb-8267-b6c29d8b7054
cd9223f9-ea99-429b-b62b-6714984be656,"Obwieszczenia Publiczne : dodatek do Dziennika Urzędowego Ministerstwa Sprawiedliwości.   R.12, № 95 A (28 listopada 1928)",1928-11-28,1,"„Dina Perwin"", handel spożywczy w Kowlu, przy ul. Han
dlowej Nr. 22. Istnieje od 1926 roku. Właśc.",https://polona.pl/preview/cd9223f9-ea99-429b-b62b-6714984be656
cd9223f9-ea99-429b-b62b-6714984be656,"Obwieszczenia Publiczne : dodatek do Dziennika Urzędowego Ministerstwa Sprawiedliwości.   R.12, № 95 A (28 listopada 1928)",1928-11-28,28,"„Ajzyk Zafran , drobny handel spożywczy w Kowlu, przy
ul. Handlowej 36. Istnieje od 1927 r. Właśc.",https://polona.pl/preview/cd9223f9-ea99-429b-b62b-6714984be656
cd9223f9-ea99-429b-b62b-6714984be656,"Obwieszczenia Publiczne : dodatek do Dziennika Urzędowego Ministerstwa Sprawiedliwości.   R.12, № 95 A (28 listopada 1928)",1928-11-28,27,"„Małka Szejnblum"", hendel żelazem i uprzężą w Kowlu,
przy ul. Warszawskiej Nr. 229. „Lejzor Rubinsztejn"", bufet, słodycze i detaliczna sprzedaż
wyrobów tytoniowych w Kowlu, przy ul. „Chaja Niemirowska"", handel manufakturą w Kowlu, przy
ul. Warszawskiej Nr. 88. Chaja .Niemirow
ska zam. tamże.
4838. ,/Icko Flasztac"", handel spożywczy w Kowlu, przy ulicy Han
dlowej",https://polona.pl/preview/cd9223f9-ea99-429b-b62b-6714984be656
cd9223f9-ea99-429b-b62b-6714984be656,"Obwieszczenia Publiczne : dodatek do Dziennika Urzędowego Ministerstwa Sprawiedliwości.   R.12, № 95 A (28 listopada 1928)",1928-11-28,26,"Szaja Gonik, zamieszkały w Kowlu, przy ul.",https://polona.pl/preview/cd9223f9-ea99-429b-b62b-6714984be656
ad0b72cf-18d8-4286-a331-af8c456feae1,"Obwieszczenia Publiczne : dodatek do Dziennika Urzędowego Ministerstwa Sprawiedliwości.   R.12, № 96 (1 grudnia 1928)",1928-12-01,67,"przy Małych Hołobach, powiatu kamień - koszyrskiego, zeznane przed
Adolfem Horodeckim, notarjuszem w Kowlu Sąd pokoju w Kowlu, w dniu i5 czerwca 1928 roku, po rozpatrze
niu podania Pelagji iBerskiej o unieważnienie > gminy Grudek, pow kowelskiego, Józefa Romaniuka
do depozytu sądu okręgowego, w kasie skarbowej w Kowlu",https://polona.pl/preview/ad0b72cf-18d8-4286-a331-af8c456feae1
ad0b72cf-18d8-4286-a331-af8c456feae1,"Obwieszczenia Publiczne : dodatek do Dziennika Urzędowego Ministerstwa Sprawiedliwości.   R.12, № 96 (1 grudnia 1928)",1928-12-01,68,"Z. w Kowlu z dnia 28 marca 1927
roku, na rzecz wspomnianych właścicieli.",https://polona.pl/preview/ad0b72cf-18d8-4286-a331-af8c456feae1
3cca42be-754b-4888-bd36-86d4fbefc2a9,"Obwieszczenia Publiczne : dodatek do Dziennika Urzędowego Ministerstwa Sprawiedliwości.   R.12, № 97 (5 grudnia 1928)",1928-12-05,66,"Z. w Kowlu za rep. Nr. 93 25. Wielick, powiatu kowalskiego, do depozytu są-
u z dnia 1 października 1928 roku w kasie skarbowej w Kowlu",https://polona.pl/preview/3cca42be-754b-4888-bd36-86d4fbefc2a9
3cca42be-754b-4888-bd36-86d4fbefc2a9,"Obwieszczenia Publiczne : dodatek do Dziennika Urzędowego Ministerstwa Sprawiedliwości.   R.12, № 97 (5 grudnia 1928)",1928-12-05,67,"Teodora Romaniuka w dn. 26 marca
i 1 października 1928 roku pod poz. 32029 i 17182 w kasie skarbowej
w Kowlu Z. w Kowlu za rep. Nr. 24425. mieszkańca wsi Jezior
no, gminy Wielick, w dniu 1 października 1928 roku, pod poz. 17183
w kasie skarbowej w Kowlu",https://polona.pl/preview/3cca42be-754b-4888-bd36-86d4fbefc2a9
95a0cc26-9a84-496b-bd7f-497e02839163,"Obwieszczenia Publiczne : dodatek do Dziennika Urzędowego Ministerstwa Sprawiedliwości.   R.12, № 103 (27 grudnia 1928)",1928-12-27,62,"Chil Sznajder, zam. tamże.
4904. ,,Abram Nejman"" — handel spożywczy w Kowlu, przy ulicy
Włodzimierskiej Etla Bren, zam. tamże. .
4906. ,,Jakób Grinblat"" — drobny handel galanterją w Kowlu, przy
lał. „Chuma Szenkier"" — drobny handel spożywczy w Kowlu,
przy ul Handlowej Nr. 48. Właśc. „Etla Bren“ — drobny skup zboża w Kowlu, przy ul. Monopo
lowej Nr. 84. Właśc. „Chil Sznajder"" — handel naczyniami kuchennemi w Kowlu,
przy ul. Warszawskiej Nr. 241. Właśc.",https://polona.pl/preview/95a0cc26-9a84-496b-bd7f-497e02839163
95a0cc26-9a84-496b-bd7f-497e02839163,"Obwieszczenia Publiczne : dodatek do Dziennika Urzędowego Ministerstwa Sprawiedliwości.   R.12, № 103 (27 grudnia 1928)",1928-12-27,61,"„Riwa Glejzer — sprzedaż wyrobów żelaznych i naczyń ku
chennych w Kowlu, przy ul.",https://polona.pl/preview/95a0cc26-9a84-496b-bd7f-497e02839163
86d79c3b-bc62-426c-a334-d353da8a95ca,"Obwieszczenia Publiczne : dodatek do Dziennika Urzędowego Ministerstwa Sprawiedliwości.   R.12, № 104 (29 grudnia 1928)",1928-12-29,5,"(Nr. 547,28.).
. _ _ _ 16522
Sąd pokoju w Kowlu, okręgu sądowego łuckiego, na mocy art. 1682
U. P. Sąd pokoju w Kowlu, okręgu sądowego łuckiego, na mocy art. 1401
i 140i2 U. P. C... i art. 12139 (T. dnia wydrukowania niniejszego wezwania,
ogłosili swoje prawa do majątku nieruchomego, położonego w Kowlu",https://polona.pl/preview/86d79c3b-bc62-426c-a334-d353da8a95ca
86d79c3b-bc62-426c-a334-d353da8a95ca,"Obwieszczenia Publiczne : dodatek do Dziennika Urzędowego Ministerstwa Sprawiedliwości.   R.12, № 104 (29 grudnia 1928)",1928-12-29,30,".^47,28. 16623
Unieważnienie pełnomocnictwa.
r
Sąd pokoju w Kowlu, po rozpoznaniu podania Nikonora Szewc",https://polona.pl/preview/86d79c3b-bc62-426c-a334-d353da8a95ca
040af7ff-9271-4e1b-91a1-05127c991e0c,"Obwieszczenia Publiczne : dodatek do Dziennika Urzędowego Ministerstwa Sprawiedliwości.   R.13, № 1 (2 stycznia 1929)",1929-01-02,6,"Zb. 34;28 r. 16312—3—2
Sąd pokoju w Kowlu, okręgu sądowego łuckiego, na mocy art.
1401 i 1402 U. P. składają
cego się z majątku ziemskiego „iPaprotna"", położonego w powiecie ko
br yńskim. 167 ™
Sąd pokoju w Kowlu druku, zgłosili swoje prawa do majątku, pozostałego po zmarłym
wyżej Stofenbergu znajdującego się w Kowlu",https://polona.pl/preview/040af7ff-9271-4e1b-91a1-05127c991e0c
e0194cdf-2b9b-4220-ba25-6dcfa7304ea2,"Obwieszczenia Publiczne : dodatek do Dziennika Urzędowego Ministerstwa Sprawiedliwości.   R.13, № 1 A (2 stycznia 1929)",1929-01-02,22,"„Dawid Perełmuter"" — skup zawodowy zboża w Kowlu, przy
ul. Łuckiej Nr. 54. Istnieje od 1928 roku. „Jankiel Blit"" — bufet i słodycze w Kowlu, przy ul. War
szawskiej 149. Istnieje od 1923 roku. „Dawid Brat"" — zawodowy skup różnych surowców i grzylbów
w Kowlu, przy ul. Brzeskiej Nr. 38.",https://polona.pl/preview/e0194cdf-2b9b-4220-ba25-6dcfa7304ea2
e0194cdf-2b9b-4220-ba25-6dcfa7304ea2,"Obwieszczenia Publiczne : dodatek do Dziennika Urzędowego Ministerstwa Sprawiedliwości.   R.13, № 1 A (2 stycznia 1929)",1929-01-02,24,". ^5

c

sa: zamieszkali w Kowlu Jankiel - Boruch Cyn przy ulicy Łuckiej Nr. 65
i Wolf Chinenzon, przy",https://polona.pl/preview/e0194cdf-2b9b-4220-ba25-6dcfa7304ea2
e0194cdf-2b9b-4220-ba25-6dcfa7304ea2,"Obwieszczenia Publiczne : dodatek do Dziennika Urzędowego Ministerstwa Sprawiedliwości.   R.13, № 1 A (2 stycznia 1929)",1929-01-02,23,"„Dawid Notkowski"" — bufet i drobna sprzedaż galanterji
w Kowlu, przy ul. Sienkiewicza Nr. 1. „Stefania Sawicka"" — kawiarnia z wyszynkiem piwa i sprze
daż papierosów w Kowlu, przy ul. Steifainja Sawicka, zam. tamże.
4861. ,Fejga Lubart"" — handel spożywczy w Kowlu, przy ul. „Basia Chanis” — handel spożywczy w Kowlu, przy ul. Kole
jowej Nr. 36. Właśc. „Chaja-Sura Rojzen” — drobny handel spożywczy w Kowlu,
przy ul. Rynek 25. Istnieje od 1927 r.",https://polona.pl/preview/e0194cdf-2b9b-4220-ba25-6dcfa7304ea2
3f29df2c-c93f-429f-9987-c7cf6e8482a0,"Obwieszczenia Publiczne : dodatek do Dziennika Urzędowego Ministerstwa Sprawiedliwości.   R.13, № 3 (9 stycznia 1929)",1929-01-09,31,"1928 roku, pod Nr. 98, przy firmie „Syndykat Ko-
welski, spółka z ograniczoną odpowiedzialnością"" w Kowlu Na mocy aktów, sporządzonych przed Hipolitem Żyz
nowskim, notarjuszem w Kowlu 29 października 1927 roku Marcin Harlen, Jan Szynkoruk i Marjan Knopmacher,
zamieszkali i prawne miejsce zamieszkania obierający w Kowlu",https://polona.pl/preview/3f29df2c-c93f-429f-9987-c7cf6e8482a0
c15f41dc-7195-4586-b5ca-27c8be8bcb85,"Obwieszczenia Publiczne : dodatek do Dziennika Urzędowego Ministerstwa Sprawiedliwości.   R.13, № 4 (12 stycznia 1929)",1929-01-12,45,"sądu okręgowego
w Łucku obwieszcza o odnotowaniu w dniu 29 grudnia 1928 roku decyzji
sądu pokoju w Kowlu",https://polona.pl/preview/c15f41dc-7195-4586-b5ca-27c8be8bcb85
c15f41dc-7195-4586-b5ca-27c8be8bcb85,"Obwieszczenia Publiczne : dodatek do Dziennika Urzędowego Ministerstwa Sprawiedliwości.   R.13, № 4 (12 stycznia 1929)",1929-01-12,44,"notarjusz sądu okręgowego
w Łucku obwieszcza o odnotowaniu w dniu 28 grudnia 1928 r. decyzji są
du pokoju w Kowlu",https://polona.pl/preview/c15f41dc-7195-4586-b5ca-27c8be8bcb85
c15f41dc-7195-4586-b5ca-27c8be8bcb85,"Obwieszczenia Publiczne : dodatek do Dziennika Urzędowego Ministerstwa Sprawiedliwości.   R.13, № 4 (12 stycznia 1929)",1929-01-12,48,"^ r ‘ ^ Obwieszczenia publiczne.

49

wykonawczego, wydanego przez sąd pokoju w Kowlu 19 listopada 1928",https://polona.pl/preview/c15f41dc-7195-4586-b5ca-27c8be8bcb85
c15f41dc-7195-4586-b5ca-27c8be8bcb85,"Obwieszczenia Publiczne : dodatek do Dziennika Urzędowego Ministerstwa Sprawiedliwości.   R.13, № 4 (12 stycznia 1929)",1929-01-12,63,"w Łucku,
w emu 14 listopada 1928 r., pod iNr. 1338, przy firmie „Krauze Tauba"".
handel galanterją w Kowlu",https://polona.pl/preview/c15f41dc-7195-4586-b5ca-27c8be8bcb85
63ef7f58-3841-490c-a153-59d8d0de31de,"Obwieszczenia Publiczne : dodatek do Dziennika Urzędowego Ministerstwa Sprawiedliwości.   R.13, № 5 (16 stycznia 1929)",1929-01-16,10,"Sąd grodzki w Kowlu, okręgu sądowego łuckiego, na zasadzie ajt...
1401 U. P.",https://polona.pl/preview/63ef7f58-3841-490c-a153-59d8d0de31de
cc2200d4-0e16-44de-852c-3b9675f4c217,"Obwieszczenia Publiczne : dodatek do Dziennika Urzędowego Ministerstwa Sprawiedliwości.   R.13, № 6 (19 stycznia 1929)",1929-01-19,47,"Witold Grzymała - Siemianowski"" — detaliczny handel na
pojami alkoholoweml w naczyniach zamkniętych w Kowlu",https://polona.pl/preview/cc2200d4-0e16-44de-852c-3b9675f4c217
cc2200d4-0e16-44de-852c-3b9675f4c217,"Obwieszczenia Publiczne : dodatek do Dziennika Urzędowego Ministerstwa Sprawiedliwości.   R.13, № 6 (19 stycznia 1929)",1929-01-19,46,"„Chaija Rubin"" — drobny handel skór ii towarów mieszanych
w Kowlu, przy ul. Mieszczańskiej Nr. 26. .
dn. 27 października 1928 r.
4921 „Zygmunt Sawicki"" — sprzedaż artykułów spożywczych
i piwiarnia w Kowlu",https://polona.pl/preview/cc2200d4-0e16-44de-852c-3b9675f4c217
e28e9793-18d8-4478-aade-4e060d413e87,"Obwieszczenia Publiczne : dodatek do Dziennika Urzędowego Ministerstwa Sprawiedliwości.   R.13, № 7 (23 stycznia 1929)",1929-01-23,35,"Gródek, powiatu kowelskiego, Tarasa Praduma, do depozytu sądu
okręgowego w Łucku w Kasie Skarbowej w Kowlu U, Z. w Kowlu. Z. w Kowlu. Gródek, powiatu kowelslkiego, Romana Tkaczuka, do depozytu
sądu okręgowego w Łucku w Kasie Skarbowej w Kowlu",https://polona.pl/preview/e28e9793-18d8-4478-aade-4e060d413e87
e28e9793-18d8-4478-aade-4e060d413e87,"Obwieszczenia Publiczne : dodatek do Dziennika Urzędowego Ministerstwa Sprawiedliwości.   R.13, № 7 (23 stycznia 1929)",1929-01-23,36,Z. w Kowlu. Z. w KoWlu.,https://polona.pl/preview/e28e9793-18d8-4478-aade-4e060d413e87
7d47e5f2-72e2-4a67-a529-814d34c3d0d3,"Obwieszczenia Publiczne : dodatek do Dziennika Urzędowego Ministerstwa Sprawiedliwości.   R.13, № 7 A (23 stycznia 1929)",1929-01-23,0,"„Sara Wół"" — piwiarnia ze sprzedażą zakąsek oraz domowa
sprzedaż papierosów w Kowlu, przy ulicy Sienkiewicza „Mordko - Mendel Gorin"" — handel mięsem w Kowlu, przy
ul. Mickiewicza 19. Właśc. „Szoweł - Aron Mandelbojm"" — piwiarnia, handel spożywczy
i detaliczny wyrobami tytoniowemi w Kowlu, przy „Dawid Mejler“ — handel skórami w Kowlu, przy ul. War
szawskiej. Istnieje od 1920 roku. Właśc.",https://polona.pl/preview/7d47e5f2-72e2-4a67-a529-814d34c3d0d3
7d47e5f2-72e2-4a67-a529-814d34c3d0d3,"Obwieszczenia Publiczne : dodatek do Dziennika Urzędowego Ministerstwa Sprawiedliwości.   R.13, № 7 A (23 stycznia 1929)",1929-01-23,1,"„Nyson Kopyt"" — drobny handel artykułami kolonjalnemi
i galllanierją w Kowlu, iprzy ul. „Menia Zylberberg"" — drobny handel spożywczy w Kowlu,
przy ul. Łuckiej 87. Właśc. „Pola (Perlą) Giwant” — handel spożywczy w Kowlu, przy
ul. Warszawskiej 80. Właśc. „Dawid Rubinsztejn” — handel żelazem w Kowlu, przy ulicy
Warszawskiej 173. Istnieje od 1924 roku. „Hersz Śztejnberg” — handel towarami łokciowemi w Kowlu,
przy ul. Warszawskiej Nr. 179.",https://polona.pl/preview/7d47e5f2-72e2-4a67-a529-814d34c3d0d3
7d47e5f2-72e2-4a67-a529-814d34c3d0d3,"Obwieszczenia Publiczne : dodatek do Dziennika Urzędowego Ministerstwa Sprawiedliwości.   R.13, № 7 A (23 stycznia 1929)",1929-01-23,2,"„Paja Linzen"" — piwiarnia i domowa sprzedaż papierosów
w Kowlu, przy ul. W łodzi m ierskie j Nr. 6. „Antonina Bernat - Bernacka"" — kawiarnia w Kowlu, przy
ul. Warszawskiej Nr. 103. „Sura - Leja Mełamed"" — sprzedaż artykułów spożywczych
i smarów w (Kowlu przy ul, ’Siennej! !Nr. 4.",https://polona.pl/preview/7d47e5f2-72e2-4a67-a529-814d34c3d0d3
0f72ed02-f545-4353-9e2a-47376fb04148,"Obwieszczenia Publiczne : dodatek do Dziennika Urzędowego Ministerstwa Sprawiedliwości.   R.13, № 8 (26 stycznia 1929)",1929-01-26,5,"daty ukazania się niniejszego
w druku, zgłosili prawa swoje do majątku nieruchomego, pozostałego
w Kowlu Nr. 8/29 r.
636
Sąd grodzki w Kowlu, okręgu sądowego łuckiego, na mocy art.
1401 i 1402 U. P.",https://polona.pl/preview/0f72ed02-f545-4353-9e2a-47376fb04148
5a0ccdec-999d-4a2e-8f68-30e0ab6ce4f1,"Obwieszczenia Publiczne : dodatek do Dziennika Urzędowego Ministerstwa Sprawiedliwości.   R.13, № 10 (2 lutego 1929)",1929-02-02,47,"Ziem. w Kowlu. (kowelskiego, Stefana Krysaka, do depozytu sądu okrę
gowego w Łucku w Kasie Skarbowej w Kowlu, w dniu Gródek, powiatu kowelskiego, Aworka Krysaka, do depozytu sądu
okręgowego w Łucku w Kasie Skarbowej w Kowlu Ziem w Kowlu.",https://polona.pl/preview/5a0ccdec-999d-4a2e-8f68-30e0ab6ce4f1
5a0ccdec-999d-4a2e-8f68-30e0ab6ce4f1,"Obwieszczenia Publiczne : dodatek do Dziennika Urzędowego Ministerstwa Sprawiedliwości.   R.13, № 10 (2 lutego 1929)",1929-02-02,48,"Ziem. w Kowlu. Gródek, powiatu koweiskiego, Antoniego Romaniuka, do depozytu
sądu okr w Łucku w Kasie Skarbowej w Kowlu -
«y Gródek, pow. koweiskiego, Konstantego Bulika, do depozytu sądu
kr. w Łucku w Kasie Skarbowej w Kowlu",https://polona.pl/preview/5a0ccdec-999d-4a2e-8f68-30e0ab6ce4f1
5a0ccdec-999d-4a2e-8f68-30e0ab6ce4f1,"Obwieszczenia Publiczne : dodatek do Dziennika Urzędowego Ministerstwa Sprawiedliwości.   R.13, № 10 (2 lutego 1929)",1929-02-02,46,"Ziem. w Kowlu. Gródek, pow. koweiskiego, Teodora Mańczuka, do depozytu sądu
okręgowego w Łucku w Kasie Skarbowej w Kowlu",https://polona.pl/preview/5a0ccdec-999d-4a2e-8f68-30e0ab6ce4f1
4c37c7cd-e096-4696-a5e0-52e568b29ab8,"Obwieszczenia Publiczne : dodatek do Dziennika Urzędowego Ministerstwa Sprawiedliwości.   R.13, № 13 A (13 lutego 1929)",1929-02-13,14,"„Berczyk Gorin“, handel mięsem w Kowlu, przy ul. Miesz
czańskiej Nr. 8. Istnieje od 1920 roku. „Henia Kołatacz 11 , drobny handel spożywczy w Kowlu, przy
ul. Fabrycznej 5. Istnieje od 1927 roku.",https://polona.pl/preview/4c37c7cd-e096-4696-a5e0-52e568b29ab8
4c37c7cd-e096-4696-a5e0-52e568b29ab8,"Obwieszczenia Publiczne : dodatek do Dziennika Urzędowego Ministerstwa Sprawiedliwości.   R.13, № 13 A (13 lutego 1929)",1929-02-13,13,"„Sima Rubinsztejn"", handel gotowemi ubraniami w Kowlu,
przy ul. Warszawskiej Nr. 182. „Brucha Segal"", drobny handel spożywczy w Kowlu, przy
ul. Brzeskiej 3. Właśc. „Gołek Szpiegelman"", drobny handel spożywczy w Kowlu 1 ,
przy ul. Rynek Nr. 7.",https://polona.pl/preview/4c37c7cd-e096-4696-a5e0-52e568b29ab8
61b69beb-642b-4e17-a01c-4f5f98b70017,"Obwieszczenia Publiczne : dodatek do Dziennika Urzędowego Ministerstwa Sprawiedliwości.   R.13, № 14 (16 lutego 1929)",1929-02-16,1,"spadkobiercy w oznaczonym
terminie, sprawa rozpoznana będzie w jego nieobecności. 1644
Sąd grodzki w Kowlu",https://polona.pl/preview/61b69beb-642b-4e17-a01c-4f5f98b70017
4e4c3ef0-b911-4749-bbf6-b8108e6fbe81,"Obwieszczenia Publiczne : dodatek do Dziennika Urzędowego Ministerstwa Sprawiedliwości.    R.13, № 17 A (27 lutego 1929)",1929-02-27,23,"Miączyn, pow. hrubieszowskiego.
4993, „Benjamm-Jakób Kagan"", handel galanterją w Kowlu, przy
ul, Warszawskiej „Pinchas Wajsiberg"", handel żelazem w Kowlu, przy ul. War
szawskiej Nr. 255. Istnieje od 1919 roku. „Brucha Drukier"", sprzedaż ubrań chłopskich w Kowlu, przy
ul. Warszawskiej Nr. 142. „Chaja Gibel"", kawiarnia w Kowlu, przy ul. Kolejowej Nr. 3.
Właśc. „Moszek iNagórnv“, bufet ze sprzedażą słodyczy i artyku
łów spożywczych w Kowlu, przy u.1, Sienkiewicza",https://polona.pl/preview/4e4c3ef0-b911-4749-bbf6-b8108e6fbe81
4e4c3ef0-b911-4749-bbf6-b8108e6fbe81,"Obwieszczenia Publiczne : dodatek do Dziennika Urzędowego Ministerstwa Sprawiedliwości.    R.13, № 17 A (27 lutego 1929)",1929-02-27,24,"„Rywka Zafran , handel galanterią w Kowlu, przy ul. War
szawskiej INr. 100. Właśc. „Berko Zafran“, drobny handel .spożywczy w Kowlu, przy ul
Rynek Nr. 36. Istnieje od 1927 roku. Srul Werlba, zam, tamże.
5006. ..Ruchla Elman"", handel ubraniami ludowemi i kożuchami
w Kowlu, przy ul „Małka Kac , handel galanterją i dziecinnem obuwiem
w Kowlu, przy ul. Warszawskiej Nr. 58, Właśc.",https://polona.pl/preview/4e4c3ef0-b911-4749-bbf6-b8108e6fbe81
68ead3b3-192d-4989-8a65-204e3d0bcf14,"Obwieszczenia Publiczne : dodatek do Dziennika Urzędowego Ministerstwa Sprawiedliwości.   R.13, № 20 A (9 marca 1929)",1929-03-09,16,"„Szymon Kawerberg"" — piwiarnia i sprzedaż domowa papie
rosów w Kowlu, przy ul.",https://polona.pl/preview/68ead3b3-192d-4989-8a65-204e3d0bcf14
68ead3b3-192d-4989-8a65-204e3d0bcf14,"Obwieszczenia Publiczne : dodatek do Dziennika Urzędowego Ministerstwa Sprawiedliwości.   R.13, № 20 A (9 marca 1929)",1929-03-09,15,"„Bluma Finkielsztejn"" — handel spożywczy w Kowlu, przy
ul. Rynek Nr. 9. Właśc. „Bruchla Linder"" — handel resztkami manufaktury w Kowlu,
przy ul. Warszawskiej Nr. 177. Właśc.",https://polona.pl/preview/68ead3b3-192d-4989-8a65-204e3d0bcf14
68ead3b3-192d-4989-8a65-204e3d0bcf14,"Obwieszczenia Publiczne : dodatek do Dziennika Urzędowego Ministerstwa Sprawiedliwości.   R.13, № 20 A (9 marca 1929)",1929-03-09,14,"publiczne.

15

5015, „Mordko vel Motel Ber Awerbuch” — handel manufakturą
i gotowemi ubraniami w (Kowlu Dawid Pińczuk, korzystający z prawa azylu w granicach Rzeczy
pospolitej Polskiej, zam. w Kowlu. „Rykla Liberman"" — drobny handel spożywczy w Kowlu,
przy ul. Kościelnej Nr. 1. Właśc. „Dawid Pińczuk"" — sprzedaż towarów łokciowych i galan-
terji w Kowlu, przy ul.",https://polona.pl/preview/68ead3b3-192d-4989-8a65-204e3d0bcf14
68ead3b3-192d-4989-8a65-204e3d0bcf14,"Obwieszczenia Publiczne : dodatek do Dziennika Urzędowego Ministerstwa Sprawiedliwości.   R.13, № 20 A (9 marca 1929)",1929-03-09,17,"Etel Kapelusznik, Frejda Ka
pelusznik, Gołda Kapelusznik i Szyja Kapelusznik, wszyscy zamieszkali
w Kowlu 31 grudnia 1928 roku pod Nr. 5109 wciągnięto wpis treści nastę
pującej :
„Hersz Kapelusznik i S-ka w Kowlu Spółka firmowa w Kowlu,
przy ul. Warszawskiej Nr. 96.",https://polona.pl/preview/68ead3b3-192d-4989-8a65-204e3d0bcf14
c43c3356-2282-46a9-bdae-e71157632bdd,"Obwieszczenia Publiczne : dodatek do Dziennika Urzędowego Ministerstwa Sprawiedliwości.   R.13, № 22 A (16 marca 1929)",1929-03-16,27,"„Gołda Bałber (Bałbir), drobny handel spożywczy i galan-
terją w Kowlu, przy ul. Sienkiewicza 43. „Fejga Erlich"", piwiarnia i domowa sprzedaż papierosów
w Kowlu, przy ul. Handlowej Nr. 1. „Szaja Wajsberg"", sprzedaż zegarków i zakład zegarmi
strzowski w Kowlu przy ul. „Sura Marder"", handel spożywczy w Kowlu, przy ul. Ry
nek Nr. 11. „Doba Bar"", handel spożywczy w Kowlu, przy ul. Warszaw
skiej 141. Istnieje od 1924 roku.",https://polona.pl/preview/c43c3356-2282-46a9-bdae-e71157632bdd
c43c3356-2282-46a9-bdae-e71157632bdd,"Obwieszczenia Publiczne : dodatek do Dziennika Urzędowego Ministerstwa Sprawiedliwości.   R.13, № 22 A (16 marca 1929)",1929-03-16,31,"Właścicielka: Sura Szyk, zamieszka
ła tamże.
5092. ,,Sura Szechter"", handel spożywczy i naczyniami w Kowlu „Józef-Dawid Perelmuter"", drobny handel ubraniami ludo-
wemi w Kowlu, przy ul. „Lejzor Swiniuch"", handel manufakturą, starem żelazem,
pakułami, szmatami i kośćmi w Kowlu, przy ul. nie
pełnoletni, działa ma mocy zezwolenia kuratora, ojjca swego, Eli Furszte-
lera, zamieszkałego w Kowlu „Chasia Zelcer"", handel ubraniami ludowemi i galanterją
w Kowlu, przy ul. Rynek 32.",https://polona.pl/preview/c43c3356-2282-46a9-bdae-e71157632bdd
c43c3356-2282-46a9-bdae-e71157632bdd,"Obwieszczenia Publiczne : dodatek do Dziennika Urzędowego Ministerstwa Sprawiedliwości.   R.13, № 22 A (16 marca 1929)",1929-03-16,28,"„Dwojra-Ita Piterman"", drobny handel spożywczy w Kowlu,
przy ul. Listopadowej Nr. 36. „Abram Mełamed"", handel naftą, smarami, solą i artyku
łami spożywczemi w Kowlu, przy ul. „Chaja-Ita Pendzik"", handel spożywczy w Kowlu, przy ul.
Monopolowej (6ll. Istnieje od 1918 roku. „Józef Horbaty (Herbaty)' 1 , handel manufakturą w Kowlu,
przy ul. Warszawskiej Nr. 80. Spółka Akcyjna Wschodnio-Azjatycka Kompanja w Ko
penhadze Bałtycko-Amerykańska Linja Oddział (biuro) w Kowlu",https://polona.pl/preview/c43c3356-2282-46a9-bdae-e71157632bdd
c43c3356-2282-46a9-bdae-e71157632bdd,"Obwieszczenia Publiczne : dodatek do Dziennika Urzędowego Ministerstwa Sprawiedliwości.   R.13, № 22 A (16 marca 1929)",1929-03-16,30,"„Leja Tojbicz"", handel spożywczy w Kowlu, przy ul. Han
dlowej Nr. 20.",https://polona.pl/preview/c43c3356-2282-46a9-bdae-e71157632bdd
c43c3356-2282-46a9-bdae-e71157632bdd,"Obwieszczenia Publiczne : dodatek do Dziennika Urzędowego Ministerstwa Sprawiedliwości.   R.13, № 22 A (16 marca 1929)",1929-03-16,29,"Kierownikiem Oddziału (biura) w Kowlu jest Henryk Finkelsztejn, zam.
w Kowlu, przy ul.",https://polona.pl/preview/c43c3356-2282-46a9-bdae-e71157632bdd
0e0d5375-de52-4f62-9b7e-0c62303b1779,"Obwieszczenia Publiczne : dodatek do Dziennika Urzędowego Ministerstwa Sprawiedliwości.   R.13, № 23 (20 marca 1929)",1929-03-20,9,"od dnia wydrukowania niniejszego zgłosili swoje
prawa do spadku po tymże Buselu. 3466
Sąd grodzki w Kowlu",https://polona.pl/preview/0e0d5375-de52-4f62-9b7e-0c62303b1779
0e0d5375-de52-4f62-9b7e-0c62303b1779,"Obwieszczenia Publiczne : dodatek do Dziennika Urzędowego Ministerstwa Sprawiedliwości.   R.13, № 23 (20 marca 1929)",1929-03-20,31,"Okońsk, gminy Gródek,
pow. koWelskiego, Józefę Zerygiewicz przed notarjuszem Franciszkiem
Skorupskim w Kowlu Nr. 23 oraz pełno
mocnictwa wydane przez niego innym -osobm z mocy -substytucji. 3570
Sąd grodzki w Kowlu",https://polona.pl/preview/0e0d5375-de52-4f62-9b7e-0c62303b1779
93be8018-b4f5-4fd3-b908-581cdb599163,"Obwieszczenia Publiczne : dodatek do Dziennika Urzędowego Ministerstwa Sprawiedliwości.   R.13, № 28 A (6 kwietnia 1929)",1929-04-06,29,"Właściciel Awrum Wolf Rodman, zamieszk. w Kowlu, przy ul.
Kolejowej Nr. 59.
6217.",https://polona.pl/preview/93be8018-b4f5-4fd3-b908-581cdb599163
93be8018-b4f5-4fd3-b908-581cdb599163,"Obwieszczenia Publiczne : dodatek do Dziennika Urzędowego Ministerstwa Sprawiedliwości.   R.13, № 28 A (6 kwietnia 1929)",1929-04-06,26,"„Pinkus Sojfer"" — herbaciarnia w Kowlu przy ul. Brzeskiej
Nr. 5. Wlaśc. „Leja Alter"" — bufet ze sprzedażą piwa przy kmie „Nowo
ści"" w Kowlu przy ul. Łuckiej Nr. 7. „Berko Udler"" — handel spożywczy w Kowlu przy ul. Sien
kiewicza 21. Wlaśc. „Chana’ Sztokamer"" — handel spożywczy w Kowlu przy ul.
Mickiewicza Nr. 19. Istnieje od 1926 roku. „Mmdla Lewenberg"" — handel galanterją w Kowlu przy ul.
Warszawskiej 146. Istnieje od 1924 roku.",https://polona.pl/preview/93be8018-b4f5-4fd3-b908-581cdb599163
93be8018-b4f5-4fd3-b908-581cdb599163,"Obwieszczenia Publiczne : dodatek do Dziennika Urzędowego Ministerstwa Sprawiedliwości.   R.13, № 28 A (6 kwietnia 1929)",1929-04-06,9,"Właściciel: Juda Fryt, zamieszkały w Kowlu, przy ul. Cyrkowej Nr. 5.
6473.",https://polona.pl/preview/93be8018-b4f5-4fd3-b908-581cdb599163
93be8018-b4f5-4fd3-b908-581cdb599163,"Obwieszczenia Publiczne : dodatek do Dziennika Urzędowego Ministerstwa Sprawiedliwości.   R.13, № 28 A (6 kwietnia 1929)",1929-04-06,25,"„Sura Zafran"" — handel żelazem w Kowlu przy ul. War
szawskiej Nr. 223. Istnieje od 1926 r. Właśc. 23 - v ;’ Moisze , Jałowi9ZCZ€r “ — handel spożywczy w Kowlu przy
rogu ulic Warszawskiej i Włodzimierskiej „Józefa Mazurkiewicz"" — restauracja i domowa sprzedaż wy
robów tytoniowych w Kowlu przy ul. „Finkiel Szapiro"" — handel manufakturą ludową w Kowlu
przy ul. Warszawskiej Nr. 186.",https://polona.pl/preview/93be8018-b4f5-4fd3-b908-581cdb599163
4bc291b1-8fc0-4870-a69f-151b46fd8599,"Obwieszczenia Publiczne : dodatek do Dziennika Urzędowego Ministerstwa Sprawiedliwości.   R.13, № 32 (20 kwietnia 1929)",1929-04-20,46,"„Jankiel Rej del"" — handel spożywczy w Kowlu, przy ul. Łuc
kiej Nr 37 Istnieje od 1928 roku.",https://polona.pl/preview/4bc291b1-8fc0-4870-a69f-151b46fd8599
4bc291b1-8fc0-4870-a69f-151b46fd8599,"Obwieszczenia Publiczne : dodatek do Dziennika Urzędowego Ministerstwa Sprawiedliwości.   R.13, № 32 (20 kwietnia 1929)",1929-04-20,47,".: Dawid P etruszka, zam.
tamże.
5170. ,,Aron-Lejzor Wkiograd"" — piwiarnia i sprzedaż papierosów
w Kowlu Elsztejn, zam. tamże.
5174. ,,Hersz-Lejb Pluss"" -— handel wyrobami tyteniowemi i arty
kułami spożywczemi w Kowlu „E’o Inlgber"" — bufet w Kowlu, przy ul. Warszawskiej Nr. 46.",https://polona.pl/preview/4bc291b1-8fc0-4870-a69f-151b46fd8599
87e3357a-932c-4c33-b682-d8f7c3271c10,"Obwieszczenia Publiczne : dodatek do Dziennika Urzędowego Ministerstwa Sprawiedliwości.   R.13, № 32 A (20 kwietnia 1929)",1929-04-20,1,"„Hersz-Lejb Melnicer” — handel mięsem w Kowlu, przy ul.
Brzeskiej 22. „Ronfa Kantor” — drobny handel spożywczy w Kowlu, przy
ul. Brzeskiej 87. Istnieje od 1928 roku.",https://polona.pl/preview/87e3357a-932c-4c33-b682-d8f7c3271c10
87e3357a-932c-4c33-b682-d8f7c3271c10,"Obwieszczenia Publiczne : dodatek do Dziennika Urzędowego Ministerstwa Sprawiedliwości.   R.13, № 32 A (20 kwietnia 1929)",1929-04-20,30,"II: Obecnie firma ma siedzibę w Kowlu, przy ulicy War
szawskiej Nr. 203. 2255

Do rejestru handlowego",https://polona.pl/preview/87e3357a-932c-4c33-b682-d8f7c3271c10
87e3357a-932c-4c33-b682-d8f7c3271c10,"Obwieszczenia Publiczne : dodatek do Dziennika Urzędowego Ministerstwa Sprawiedliwości.   R.13, № 32 A (20 kwietnia 1929)",1929-04-20,31,"'uatorów powołano Marjana Knopmachera, Bazylego Po
dolskiego i Józefa Knopmachera, zamieszkałych w Kowlu .:
Dnia 29 stycznia 1929 roku:
3197. ,,Abram Tojbicz — hurtownia piwa w Kowlu, przy ul. Łucku
w dniu 4 lutego 1929 r. pod Nr. 98/3 przy firmie: „Syndykat Kowelski"",
spotka z ogran. odpow. w Kowlu",https://polona.pl/preview/87e3357a-932c-4c33-b682-d8f7c3271c10
1a5d623a-d60b-432a-909f-a029e59e2b4d,"Obwieszczenia Publiczne : dodatek do Dziennika Urzędowego Ministerstwa Sprawiedliwości.   R.13, № 34 A (27 kwietnia 1929)",1929-04-27,31,"Działu A, sądu okręgowego w Łucku w dniu
12 lutego 1929 roku pod Nr. 1014 2 przy firmie „Icek Bauch“ w Kowlu II: Przedmiotem 'przedsiębiorstwa jest obecnie — cukier
nia z prawem sprzedaży papierosów w Kowlu, przy",https://polona.pl/preview/1a5d623a-d60b-432a-909f-a029e59e2b4d
97d42883-05d6-4fea-b69a-28dce2538172,"Obwieszczenia Publiczne : dodatek do Dziennika Urzędowego Ministerstwa Sprawiedliwości.   R.13, № 35 (1 maja 1929)",1929-05-01,62,"Wspólnikami są: Tewel Amdurski i Jakób Szpilberg, zamieszkali
w Kowlu, przy ulicy Warszawskiej Nr. 126 Szpilberg‘', S-ka firmowa, eksploatacja tartaku pa
rowego, dzierżawionego od sukcesorów Icka Efrusa w Kowlu",https://polona.pl/preview/97d42883-05d6-4fea-b69a-28dce2538172
97d42883-05d6-4fea-b69a-28dce2538172,"Obwieszczenia Publiczne : dodatek do Dziennika Urzędowego Ministerstwa Sprawiedliwości.   R.13, № 35 (1 maja 1929)",1929-05-01,63,"kwietnia tegoż roku, zawartej
z poświadczeniem podpisów w tymże dniu przez motarjusza Horodec-
kiego w Kowlu",https://polona.pl/preview/97d42883-05d6-4fea-b69a-28dce2538172
234488c4-9726-4eaf-ae81-c01bda84fc6c,"Obwieszczenia Publiczne : dodatek do Dziennika Urzędowego Ministerstwa Sprawiedliwości.   R.13, № 35 A (1 maja 1929)",1929-05-01,29,"„Anna Antoniak"", drobny handel spożywczy i sprzedaż wy
robów tytoniowych w Kowlu, przy ul.",https://polona.pl/preview/234488c4-9726-4eaf-ae81-c01bda84fc6c
234488c4-9726-4eaf-ae81-c01bda84fc6c,"Obwieszczenia Publiczne : dodatek do Dziennika Urzędowego Ministerstwa Sprawiedliwości.   R.13, № 35 A (1 maja 1929)",1929-05-01,27,"„Etia Auchman"", piwiarnia, kawiarnia i domowa sprzedaż
papierosów w Kowlu, przy ul. „Dawid Wajnsztejn"", handel towarami łokciowemi w Kowlu,
przy ul. Warszawskiej Nr. 219. Właścicielka: Ełka Hopen, zamieszkała tamże.
5238. ,, Włodzimierz Gło us.zek“ (Hłotosaek), •cukiernia w Kowlu (Hłouszek), za
mieszkały tamże.
5239. ,,Perlą Zafran“, handel galanterją i resztkami manufaktury
w Kowlu „Szabsio Goldsztejn"",. detaliczny skład mater.jałów aptecz
nych w Kowlu, przy ul.",https://polona.pl/preview/234488c4-9726-4eaf-ae81-c01bda84fc6c
234488c4-9726-4eaf-ae81-c01bda84fc6c,"Obwieszczenia Publiczne : dodatek do Dziennika Urzędowego Ministerstwa Sprawiedliwości.   R.13, № 35 A (1 maja 1929)",1929-05-01,30,"„Henia Zailchendler"", handel skórami i obuwiem w Kowlu,
przy ul. Kolejowej Nr. 14.",https://polona.pl/preview/234488c4-9726-4eaf-ae81-c01bda84fc6c
234488c4-9726-4eaf-ae81-c01bda84fc6c,"Obwieszczenia Publiczne : dodatek do Dziennika Urzędowego Ministerstwa Sprawiedliwości.   R.13, № 35 A (1 maja 1929)",1929-05-01,28,"„Hersz-Wolf Goildbarg"", sklep spożywczy w Kowlu, przy ul.
Sienkiewicza iNr. 38. Istnieje od 1921 r. „Menachem iRajciszer"", handel żelazem i artykułami spożyw-
czemi w Kowlu, przy ul.",https://polona.pl/preview/234488c4-9726-4eaf-ae81-c01bda84fc6c
c8e14c65-cbdd-4cdc-85a4-e51c1dcd8455,"Obwieszczenia Publiczne : dodatek do Dziennika Urzędowego Ministerstwa Sprawiedliwości.   R.13, № 36 (4 maja 1929)",1929-05-04,2,"Z. 184/29.
5847

Sąd grodzki w Kowlu, na zasadzie art. 1401 i 1402 U. P. ukazania się niniejszego w dru
ku, zgłosili prawa swoje do majątku, pozostałego po zmarłym, położo
nego w Kowlu Z. 239/29 r. 5848
Sąd grodzki w Kowlu, na zasadzie art. 1401 i 1402 U. P.",https://polona.pl/preview/c8e14c65-cbdd-4cdc-85a4-e51c1dcd8455
e3eba03c-162c-44be-9a62-89eecd564741,"Obwieszczenia Publiczne : dodatek do Dziennika Urzędowego Ministerstwa Sprawiedliwości.   R.13, № 37 (8 maja 1929)",1929-05-08,37,"gminy Gródek, paw kowedskiega, Pawła Krysaka, do depozytu sądu
okręgowego w Łucku w Kasie Skarbowej w Kowlu",https://polona.pl/preview/e3eba03c-162c-44be-9a62-89eecd564741
3b8d8750-a4fb-471b-97c2-514c740faaf3,"Obwieszczenia Publiczne : dodatek do Dziennika Urzędowego Ministerstwa Sprawiedliwości.   R.13, № 39 A (15 maja 1929)",1929-05-15,30,"Wspólnikami są: Abram Twerski, zamieszkały w Kowlu, przy ul. treści następującej:
„Abram Twerski i Józef Wendeł, S-ka firmowa pod nazwą Towa
rzystwo Handlowe Kresy w Kowlu",https://polona.pl/preview/3b8d8750-a4fb-471b-97c2-514c740faaf3
61be2c8c-1cd9-4ecd-a9e2-5881a60b61d2,"Obwieszczenia Publiczne : dodatek do Dziennika Urzędowego Ministerstwa Sprawiedliwości.   R.13, № 41 A (22 maja 1929)",1929-05-22,26,"„Bogdan Wroński"" — piwiarnia i jadłodajnia w Kowlu, przy
ul. Łuckiej Nr. 123. Istnieje od 1928 r. „Wolf Lewin"" — handel galanterją w Kowlu, przy ul. War
szawskiej Nr. 181. Istnieje od 1926 r. „Mikołaj Fijałkowski"" — sprzedaż wędlin i mięsa w Kowlu,
przy ul. Sienkiewicza 19.",https://polona.pl/preview/61be2c8c-1cd9-4ecd-a9e2-5881a60b61d2
61be2c8c-1cd9-4ecd-a9e2-5881a60b61d2,"Obwieszczenia Publiczne : dodatek do Dziennika Urzędowego Ministerstwa Sprawiedliwości.   R.13, № 41 A (22 maja 1929)",1929-05-22,5,"Nr. 67/2 przy firmie „Towarzystwo Przemy* o-
wo-Leśne“ Turja, spółka z ogran. odpowiedzialnością w Kowlu Uszera Szwarca i Judę Frita, obecnych właścicieli spółki, za-
mieszkałych^w Kowlu^^ aktu, zeznanego przed Hipolitem Żyznow
skim. notanjuszem w Kowlu, dnia 11 kwietnia 1927 roku pod Nr repertor
ium 1801, spółka",https://polona.pl/preview/61be2c8c-1cd9-4ecd-a9e2-5881a60b61d2
5a7e3b1c-fb5c-4c1f-bd2b-33905372a93d,"Obwieszczenia Publiczne : dodatek do Dziennika Urzędowego Ministerstwa Sprawiedliwości.   R.13, № 43 (29 maja 1929)",1929-05-29,5,"C, Zb. 53/29 r. 6781
Sąd grodzki w Kowlu, na mocy art. 1401 i 1402 U. P. C., wzywa
spadkobierców zmarłego w Kowlu, w 1924 roku Bencjona Lernera, aby
w terminie 6-miesięcznym niniejszego wezwania
w druku zgłosili prawą swoje do majątku pozostałego po zmarłym, poło
żonego w Kowlu",https://polona.pl/preview/5a7e3b1c-fb5c-4c1f-bd2b-33905372a93d
a3b50cc0-d116-4914-9281-b17fb7d32b06,"Obwieszczenia Publiczne : dodatek do Dziennika Urzędowego Ministerstwa Sprawiedliwości.   R.13, № 43 A (29 maja 1929)",1929-05-29,27,"Wspólnikami są: Ruwin-Łejb Grzebmacher i Chaim Duwid Cukier
man, zamiesźk. w Kowlu. Cukierman, spółka firmowa w Kowlu.",https://polona.pl/preview/a3b50cc0-d116-4914-9281-b17fb7d32b06
8103f305-7623-4dfe-aed5-b70b11d3566f,"Obwieszczenia Publiczne : dodatek do Dziennika Urzędowego Ministerstwa Sprawiedliwości.   R.13, № 46 A (8 czerwca 1929)",1929-06-08,13,"Wspólnikami są: Lejbisz Płot i Mojsze - Aron Szwarcblat za
mieszkali w Kowlu przy ulicy Aleje Legjonów listopada 1928 roku pod
pisy na której zostały poświadczone przez Franciszka Skorupskiego,
notarjusza w Kowlu",https://polona.pl/preview/8103f305-7623-4dfe-aed5-b70b11d3566f
0d039e95-54c1-44e3-9504-fcd66be6940b,"Obwieszczenia Publiczne : dodatek do Dziennika Urzędowego Ministerstwa Sprawiedliwości.   R.13, № 48 A (15 czerwca 1929)",1929-06-15,31,"dniu 20 marca 1929 r. pod Nr. 94/3 przy firmie Bank Handlowy w War
szawie, Spółka Akcyjna, Oddział w Kowlu Ustała -prokura Marjana Jastrzębskiego za oddział
w Kowlu, natomiast udzielono łącznej prokury Franciszkowi",https://polona.pl/preview/0d039e95-54c1-44e3-9504-fcd66be6940b
e4dbeaa9-e603-4104-9d96-882d0f6466c8,"Obwieszczenia Publiczne : dodatek do Dziennika Urzędowego Ministerstwa Sprawiedliwości  R.13, № 49 (19 czerwca 1929)",1929-06-19,4,"Do skargi powodowej dołączono: odpis zawiadomienia sądu po
koju w Kowlu, .akt zastawu z przekładem na",https://polona.pl/preview/e4dbeaa9-e603-4104-9d96-882d0f6466c8
888bd5f8-e44e-405f-8dba-754738c488ce,"Obwieszczenia Publiczne : dodatek do Dziennika Urzędowego Ministerstwa Sprawiedliwości.   R.13, № 49 A (19 czerwca 1929)",1929-06-19,21,"Abram
Marder, zam. w Kowlu, przy ul. Warszawskiej Nr. 149 Detaliczna sprzedaż spożywcom
wódek i wyrobów tytoniowych w Kowlu przy ulicy Warszawskiej Nr.
32. „Resursa Obywatelska"", restauracja w Kowlu, przy ulicy
Łuckiej Nr. 179. Właśc.",https://polona.pl/preview/888bd5f8-e44e-405f-8dba-754738c488ce
888bd5f8-e44e-405f-8dba-754738c488ce,"Obwieszczenia Publiczne : dodatek do Dziennika Urzędowego Ministerstwa Sprawiedliwości.   R.13, № 49 A (19 czerwca 1929)",1929-06-19,11,"„Ajizyk Zask"", handel spożywczy w Kowlu, ul. Włodzimier
ska 44. Istnieje od 19217 r. Właśc. „Rywka ,Zylberberg"", handel 1 spożywczy w Kowlu, ul. Kole
jowa 47. Istnieje od 19:27 r, Właśc. Rywka Zylberberg, zam. tamże.
63113, „Lejba Sizargiel"", handel spożywczy w Kowlu przy ul.",https://polona.pl/preview/888bd5f8-e44e-405f-8dba-754738c488ce
8e08d8b1-d9a5-48f4-8a47-5e6c7a6da612,"Obwieszczenia Publiczne : dodatek do Dziennika Urzędowego Ministerstwa Sprawiedliwości.   R.13, № 51 A (26 czerwca 1929)",1929-06-26,1,"A, sądu okręgowego w Łucku,
w dniu 2/1 marca 1929 roku pod Nr. 5016 przy firmie „Sosia Frydman’ 1
w Kowlu",https://polona.pl/preview/8e08d8b1-d9a5-48f4-8a47-5e6c7a6da612
eb676eca-85b5-4197-87ae-e1c3ede430d0,"Obwieszczenia Publiczne : dodatek do Dziennika Urzędowego Ministerstwa Sprawiedliwości.   R.13, № 53 (3 lipca 1929)",1929-07-03,11,"postaci ruchomości, (znajdujących się w Kielcach
przy ulicy 'Hipotecznej 'Nr. 30. 8388
Sąd grodzki w Kowlu",https://polona.pl/preview/eb676eca-85b5-4197-87ae-e1c3ede430d0
eb676eca-85b5-4197-87ae-e1c3ede430d0,"Obwieszczenia Publiczne : dodatek do Dziennika Urzędowego Ministerstwa Sprawiedliwości.   R.13, № 53 (3 lipca 1929)",1929-07-03,78,"Wspólnikami są wę
gierscy podani Jmre Kabos i Eugenjusz Herskovits, czasowo zamieszkali
w Kowlu przy",https://polona.pl/preview/eb676eca-85b5-4197-87ae-e1c3ede430d0
a950b4c3-b954-4383-b523-a159c39acf58,"Obwieszczenia Publiczne : dodatek do Dziennika Urzędowego Ministerstwa Sprawiedliwości.   R.13, № 54 (6 lipca 1929)",1929-07-06,46,"odwołał
i unieważnił z dniem tym pełnomocnictwo, zeznane w ikancełanjS ntotar-
jusza Skorupskiego w Kowlu . _ 8640
Sąd grodizki w Kowlu, zgodnie z art. 1464 46 U. P.",https://polona.pl/preview/a950b4c3-b954-4383-b523-a159c39acf58
a950b4c3-b954-4383-b523-a159c39acf58,"Obwieszczenia Publiczne : dodatek do Dziennika Urzędowego Ministerstwa Sprawiedliwości.   R.13, № 54 (6 lipca 1929)",1929-07-06,7,"niniejszego obwieszczenia
zameldowali,swoje prawa' do pozostałego po niej mienia. 8704

Sąd grodzki w Kowlu",https://polona.pl/preview/a950b4c3-b954-4383-b523-a159c39acf58
a950b4c3-b954-4383-b523-a159c39acf58,"Obwieszczenia Publiczne : dodatek do Dziennika Urzędowego Ministerstwa Sprawiedliwości.   R.13, № 54 (6 lipca 1929)",1929-07-06,63,"Żyznowskim, notarjuszem
w Kowlu, z dnia 13 lutego 1929 r. za Nr. 1026, firma „Terpentyniarme
Poleskie",https://polona.pl/preview/a950b4c3-b954-4383-b523-a159c39acf58
a950b4c3-b954-4383-b523-a159c39acf58,"Obwieszczenia Publiczne : dodatek do Dziennika Urzędowego Ministerstwa Sprawiedliwości.   R.13, № 54 (6 lipca 1929)",1929-07-06,8,"Banku Kredytów Wzajemnych. 8708
Sąd grodzki w Kowlu, na mocy art. 1,239 (T. X. c/z. I. Zb. Pr. Krótkiej,
dawnie j Mało-Włodzimierskiej’ w Kowlu. Spr. iNr. 344/29 . 8710

Licytacje.",https://polona.pl/preview/a950b4c3-b954-4383-b523-a159c39acf58
7c6a65b8-017f-4c05-b0fd-1e1d0298652e,"Obwieszczenia Publiczne : dodatek do Dziennika Urzędowego Ministerstwa Sprawiedliwości.   R.13, № 54 A (6 lipca 1929)",1929-07-06,4,Żyznowskiego w Kowlu za Nr.,https://polona.pl/preview/7c6a65b8-017f-4c05-b0fd-1e1d0298652e
46db2297-e7d7-4059-8dc3-e67bc01c90f3,"Obwieszczenia Publiczne : dodatek do Dziennika Urzędowego Ministerstwa Sprawiedliwości.   R.13, № 55 (10 lipca 1929)",1929-07-10,55,"„Mozes - Ber Kagan"", restauracja pod nazwą „Bar Amery
kański"" w Kowlu przy ul. Warszawskiej Nr. 2.",https://polona.pl/preview/46db2297-e7d7-4059-8dc3-e67bc01c90f3
46db2297-e7d7-4059-8dc3-e67bc01c90f3,"Obwieszczenia Publiczne : dodatek do Dziennika Urzędowego Ministerstwa Sprawiedliwości.   R.13, № 55 (10 lipca 1929)",1929-07-10,52,"Gitelis“, sprzedaż manufaktury i gotowych ubrań ludo
wych w Kowlu, prizy ulicy Warszawskiej Nr. 130.",https://polona.pl/preview/46db2297-e7d7-4059-8dc3-e67bc01c90f3
331b9064-f54a-4674-bced-d2351bf0d3f3,"Obwieszczenia Publiczne : dodatek do Dziennika Urzędowego Ministerstwa Sprawiedliwości.   R.13, № 56 (13 lipca 1929)",1929-07-13,27,"przy ulicy Królowej Jadwigi Nr. 2llib, obwieszcza,
że na żądanie Ukraińskiego Kooperatywnego Banku w Kowlu",https://polona.pl/preview/331b9064-f54a-4674-bced-d2351bf0d3f3
65e1a2e2-c0db-4229-9ba7-63d9e7e89f19,"Obwieszczenia Publiczne : dodatek do Dziennika Urzędowego Ministerstwa Sprawiedliwości.   R.13, № 56 A (13 lipca 1929)",1929-07-13,31,"Kresówka 11 z wyszyn
kiem i detaliczną sprzedażą trunków, oraz domową sprzedażą papiero
sów i cygar w Kowlu",https://polona.pl/preview/65e1a2e2-c0db-4229-9ba7-63d9e7e89f19
b221e637-f0e8-42d2-b774-30639137c5df,"Obwieszczenia Publiczne : dodatek do Dziennika Urzędowego Ministerstwa Sprawiedliwości.   R.13, № 58 (20 lipca 1929)",1929-07-20,46,"Przedmiotem przedsiębiorstwa jest prowadzenie restauracji z wyszyn
kiem napojów wyskokowych w Kowlu przy",https://polona.pl/preview/b221e637-f0e8-42d2-b774-30639137c5df
b221e637-f0e8-42d2-b774-30639137c5df,"Obwieszczenia Publiczne : dodatek do Dziennika Urzędowego Ministerstwa Sprawiedliwości.   R.13, № 58 (20 lipca 1929)",1929-07-20,47,"swoim Froimie Erlichu, jak to się uwidocz
nia ze złożonych do sprawy dokumentów i podań, zamieszkali w Kowlu",https://polona.pl/preview/b221e637-f0e8-42d2-b774-30639137c5df
411c23df-655e-4343-8553-4fd22fc06074,"Obwieszczenia Publiczne : dodatek do Dziennika Urzędowego Ministerstwa Sprawiedliwości.   R.13, № 65 A (14 sierpnia 1929)",1929-08-14,31,"„Sura Gorin' — handel mięsem w Kowlu, przy ul- Krótkiej
Nr. 16. Właśc. „Rus Kiełman — handel wyrób, tytoń, i bufet w Kowlu ul.
Warszawska Nr. 104- Właśc.",https://polona.pl/preview/411c23df-655e-4343-8553-4fd22fc06074
2edbadc7-383a-4a41-8db5-3dd9cfe73a67,"Obwieszczenia Publiczne : dodatek do Dziennika Urzędowego Ministerstwa Sprawiedliwości.   R.13, № 66 (17 sierpnia 1929)",1929-08-17,5,"2) metrykę śmierci Jojdla Melcera, 3) metrykę urodzenia Sury
Awruch, 4) odpis decyzji sądu pokoju w Kowlu",https://polona.pl/preview/2edbadc7-383a-4a41-8db5-3dd9cfe73a67
751f86c5-c0b2-43b1-ad69-98d0f0c5d895,"Obwieszczenia Publiczne : dodatek do Dziennika Urzędowego Ministerstwa Sprawiedliwości.   R.13, № 67 A (21 sierpnia 1929)",1929-08-21,27,"Dla
oddziału w Kowlu: Włodzimierzowi Turewiczowi.",https://polona.pl/preview/751f86c5-c0b2-43b1-ad69-98d0f0c5d895
751f86c5-c0b2-43b1-ad69-98d0f0c5d895,"Obwieszczenia Publiczne : dodatek do Dziennika Urzędowego Ministerstwa Sprawiedliwości.   R.13, № 67 A (21 sierpnia 1929)",1929-08-21,26,"Za oddział w Kowlu: Stefana Furmankiewicza.
/.a oddział w Będzinie: Jana Milewicza ii Stefana Zdzitowieckiego",https://polona.pl/preview/751f86c5-c0b2-43b1-ad69-98d0f0c5d895
751f86c5-c0b2-43b1-ad69-98d0f0c5d895,"Obwieszczenia Publiczne : dodatek do Dziennika Urzędowego Ministerstwa Sprawiedliwości.   R.13, № 67 A (21 sierpnia 1929)",1929-08-21,1,"Spółka zawarta na mocy aktu zeznanego przed Hipolitem
Żyznowskim, notarjuszem w Kowlu, w dniu 14 marca i jej majątkiem należy do obu wspólni
ków: Tejwela Fryszberga i Gitli Furszteller, zamieszkałych w Kowlu",https://polona.pl/preview/751f86c5-c0b2-43b1-ad69-98d0f0c5d895
650da4c9-1554-458c-acf0-bcbf1bde32dd,"Obwieszczenia Publiczne : dodatek do Dziennika Urzędowego Ministerstwa Sprawiedliwości.   R.13, № 68 (24 sierpnia 1929)",1929-08-24,39,"My ślinie, gminy Nie-
suchoiże, przez niego sporządzony przed notarjuszem Franciszkiem Sko
rupskim w Kowlu",https://polona.pl/preview/650da4c9-1554-458c-acf0-bcbf1bde32dd
19a7310b-e8bd-46a3-b353-a06b47ab4aeb,"Obwieszczenia Publiczne : dodatek do Dziennika Urzędowego Ministerstwa Sprawiedliwości.   R.13, № 69 (28 sierpnia 1929)",1929-08-28,7,"C., sąd 1 grodzki w Kowlu wzywa
sukcesorów zmarłego w dniu 30 września 1928 r.",https://polona.pl/preview/19a7310b-e8bd-46a3-b353-a06b47ab4aeb
19a7310b-e8bd-46a3-b353-a06b47ab4aeb,"Obwieszczenia Publiczne : dodatek do Dziennika Urzędowego Ministerstwa Sprawiedliwości.   R.13, № 69 (28 sierpnia 1929)",1929-08-28,39,"Prokura udzielona została Lej-bowi Bebczukowi,
zam, w Kowlu.
5546. „Chil Waks-zol 11 , handel smarami, węgłem, naftą i spożywczy
w Kowlu, przy ulicy Krótkiej Nr. 13.",https://polona.pl/preview/19a7310b-e8bd-46a3-b353-a06b47ab4aeb
3a6de223-4875-4e02-9944-cd9203d712e2,"Obwieszczenia Publiczne : dodatek do Dziennika Urzędowego Ministerstwa Sprawiedliwości.   R.13, № 70 (31 sierpnia 1929)",1929-08-31,5,"Pesi Bere-
zińskiej. 11029
Sąd grodzki w Kowlu, na mocy art. 1238 (T. X. Zb. Pr. P, C., wzywa spadkobierców zmarłego w Kowlu dnia 30
grudnia 1925 .roku Awruma-Szlomy Prużańskiego, aby ukazania się niniejszego wezwania zgłosili prawa swoje
do majątku, pozostałego po zmarłym, położonego w Kowlu",https://polona.pl/preview/3a6de223-4875-4e02-9944-cd9203d712e2
53a66b82-a601-412b-9803-9674eb49d1e3,"Obwieszczenia Publiczne : dodatek do Dziennika Urzędowego Ministerstwa Sprawiedliwości.   R.13, № 72 (7 września 1929)",1929-09-07,5,"Sąd grodzki w Kowlu, na mocy art. 1401 i 1402 U. P. C. i art.
1239 (T. X. Zb. Pr. RosJ, wzywa spadkobierców zmarłego w Kowlu dn.
10 listopada 1928 roku Jana Waśkowsikiego, aby w terminie",https://polona.pl/preview/53a66b82-a601-412b-9803-9674eb49d1e3
edc3bfbc-7976-4288-9107-64d6d78da941,"Obwieszczenia Publiczne : dodatek do Dziennika Urzędowego Ministerstwa Sprawiedliwości.   R.13, № 72 A (7 września 1929)",1929-09-07,31,"Nr. 72a

i Szloma Man dcl — kolektura Wołyń' 1 w Kowlu, wciągnięto, jako zmianę
Nr. 2, wpis treści następującej",https://polona.pl/preview/edc3bfbc-7976-4288-9107-64d6d78da941
edc3bfbc-7976-4288-9107-64d6d78da941,"Obwieszczenia Publiczne : dodatek do Dziennika Urzędowego Ministerstwa Sprawiedliwości.   R.13, № 72 A (7 września 1929)",1929-09-07,26,"Nojech Cuperfajn i Aron Cuperfajn,
zam. w Kowlu. S-ka firmowa, eksploatacja
olejarni motorowej w Kowlu. Siedzibą m.",https://polona.pl/preview/edc3bfbc-7976-4288-9107-64d6d78da941
edc3bfbc-7976-4288-9107-64d6d78da941,"Obwieszczenia Publiczne : dodatek do Dziennika Urzędowego Ministerstwa Sprawiedliwości.   R.13, № 72 A (7 września 1929)",1929-09-07,8,"^2a Obwieszcz enia publiczne.

5463. ..Cipa Jucht , drobny handel spożywczy w Kowlu, przy u!l.",https://polona.pl/preview/edc3bfbc-7976-4288-9107-64d6d78da941
949e7e20-3222-4d0e-bd83-3bcc24979742,"Obwieszczenia Publiczne : dodatek do Dziennika Urzędowego Ministerstwa Sprawiedliwości.   R.13, № 73 A (11 września 1929)",1929-09-11,30,"dniu 29 maja 1928 r. pod Nr. 100 wciągnięto wpis treści następującej:
„Wcl-Sól"" — wolny skład soli w Kowlu",https://polona.pl/preview/949e7e20-3222-4d0e-bd83-3bcc24979742
949e7e20-3222-4d0e-bd83-3bcc24979742,"Obwieszczenia Publiczne : dodatek do Dziennika Urzędowego Ministerstwa Sprawiedliwości.   R.13, № 73 A (11 września 1929)",1929-09-11,31,"ogran. odpow., zawarta została na mocy aktu, zezmane-
go przed Hipolitem Żyznowskim, notarjuszem w Kowlu",https://polona.pl/preview/949e7e20-3222-4d0e-bd83-3bcc24979742
38b70545-2c45-46ad-ab63-df2c5ab214d2,"Obwieszczenia Publiczne : dodatek do Dziennika Urzędowego Ministerstwa Sprawiedliwości.   R.13, №  74 A (14 września 1929)",1929-09-14,20,"„Borudh Flasztac”, handel spożywczy w Kowlu, przy ul. War
szawskiej Nr. 147. Istnieje od 1927 roku.",https://polona.pl/preview/38b70545-2c45-46ad-ab63-df2c5ab214d2
38b70545-2c45-46ad-ab63-df2c5ab214d2,"Obwieszczenia Publiczne : dodatek do Dziennika Urzędowego Ministerstwa Sprawiedliwości.   R.13, №  74 A (14 września 1929)",1929-09-14,24,"dokonane zostały na mocy aktu zeznanego
przez wspólników przed Hipolitem Żyznowskim, notarjuszem w Kowlu",https://polona.pl/preview/38b70545-2c45-46ad-ab63-df2c5ab214d2
38b70545-2c45-46ad-ab63-df2c5ab214d2,"Obwieszczenia Publiczne : dodatek do Dziennika Urzędowego Ministerstwa Sprawiedliwości.   R.13, №  74 A (14 września 1929)",1929-09-14,23,"okręgowego w Łucku, w dniu
29 maja 1928 roku, pod Nr. 100 przy firmie „Wol-Sól"" — Wolny Skład
Soli w Kowlu Firma otrzymała brzmienie następujące: „Dawid Gąsko—
Wolny Skład Soli w Kowlu, spółka z ograniczoną odpowiedzialnością",https://polona.pl/preview/38b70545-2c45-46ad-ab63-df2c5ab214d2
a23106ab-aa8d-4a6f-884f-0ac92bd479f9,"Obwieszczenia Publiczne : dodatek do Dziennika Urzędowego Ministerstwa Sprawiedliwości.   R.13, № 83 (16 października 1929)",1929-10-16,8,"Op. 37/29 r.). 12324
Sąd grodzki w Kowlu, na mocy art. 1401 i 1402 U. P.",https://polona.pl/preview/a23106ab-aa8d-4a6f-884f-0ac92bd479f9
9adee8f9-3f71-4568-8a33-d50036ae5152,"Obwieszczenia Publiczne : dodatek do Dziennika Urzędowego Ministerstwa Sprawiedliwości.   R.13, № 86 (26 października 1929)",1929-10-26,4,"miesięcz-
w Tadzie tr J L a v a S : ę W d ^ ku , ninie i sze S° wezwania, stawił %
sądzie rcdzkim w Kowlu Sąd grodzki w Kowlu, na zasadzie art. 309’ U.P.C., wzywa Radio-
nvm a nd eC d T eW 1 lf' dom ? C. 294/29 r. 13577
■ i S 4 d grodzki w Kowlu wzywa, na zasadzie art. 309 1 U-. terminie
miesięcznym od daty ukazania się w druku niniejszego wezwania sta-
Wll się w sądzie grodzkim w Kowlu",https://polona.pl/preview/9adee8f9-3f71-4568-8a33-d50036ae5152
9adee8f9-3f71-4568-8a33-d50036ae5152,"Obwieszczenia Publiczne : dodatek do Dziennika Urzędowego Ministerstwa Sprawiedliwości.   R.13, № 86 (26 października 1929)",1929-10-26,6,"Nr. 520/29 r. 13424
Sąd grodzki w Kowlu, na mocy art. 1401 i 1402 U P C wzywa
spadko-bier-cow zmarłej",https://polona.pl/preview/9adee8f9-3f71-4568-8a33-d50036ae5152
ef874927-de03-4367-a2a0-6481a80024cb,"Obwieszczenia Publiczne : dodatek do Dziennika Urzędowego Ministerstwa Sprawiedliwości.   R.13, № 86 A (26 października 1929)",1929-10-26,27,"w Łucku
w dniu 26 września 1929 reku pod iNr. 5409 przy firmie Herskovits i Kabos,
spółka firmowa w Kowlu",https://polona.pl/preview/ef874927-de03-4367-a2a0-6481a80024cb
ef874927-de03-4367-a2a0-6481a80024cb,"Obwieszczenia Publiczne : dodatek do Dziennika Urzędowego Ministerstwa Sprawiedliwości.   R.13, № 86 A (26 października 1929)",1929-10-26,6,"„Bereł Rojt , handel manufakturą w Kowlu, przy ul. War
szawskiej Nr. 64. Istnieje od 1922 r. . ^ „Liba Pape , handel żelazem w Kowlu, ul. Warszawska
Nr. 31. Istnieje od 1926 roku. „Josif Rowner"", sprzedaż mięsa i wędlin w Kowlu, Wierz
bowa Nr. 3. „Rajzla Wajner"", handel spożywczy w Kowlu, Warszaw
ska Nr. 3.",https://polona.pl/preview/ef874927-de03-4367-a2a0-6481a80024cb
ef874927-de03-4367-a2a0-6481a80024cb,"Obwieszczenia Publiczne : dodatek do Dziennika Urzędowego Ministerstwa Sprawiedliwości.   R.13, № 86 A (26 października 1929)",1929-10-26,4,"Właściciel Jankiel Eweńczyk, zam.
w Kowlu, przy ulicy Foksal Nr. 8.
5663.",https://polona.pl/preview/ef874927-de03-4367-a2a0-6481a80024cb
ef874927-de03-4367-a2a0-6481a80024cb,"Obwieszczenia Publiczne : dodatek do Dziennika Urzędowego Ministerstwa Sprawiedliwości.   R.13, № 86 A (26 października 1929)",1929-10-26,5,"„Fejga Byk“, drobna sprzedaż skór i przyborów szewckich
w Kowlu, przy ulicy Kolejowej 7.",https://polona.pl/preview/ef874927-de03-4367-a2a0-6481a80024cb
ef874927-de03-4367-a2a0-6481a80024cb,"Obwieszczenia Publiczne : dodatek do Dziennika Urzędowego Ministerstwa Sprawiedliwości.   R.13, № 86 A (26 października 1929)",1929-10-26,28,"„Mordko Gudys ', drobny handel spożywczy i zboża w Kowlu
przy ul. Handlowej Nr. 14.",https://polona.pl/preview/ef874927-de03-4367-a2a0-6481a80024cb
6b46cb9d-d4f7-4b70-befc-2f49fc138f7a,"Obwieszczenia Publiczne : dodatek do Dziennika Urzędowego Ministerstwa Sprawiedliwości.   R.13, № 87 (30 października 1929)",1929-10-30,47,Z. w Kowlu z dnia 25 stycznia 1927 roku.,https://polona.pl/preview/6b46cb9d-d4f7-4b70-befc-2f49fc138f7a
6b46cb9d-d4f7-4b70-befc-2f49fc138f7a,"Obwieszczenia Publiczne : dodatek do Dziennika Urzędowego Ministerstwa Sprawiedliwości.   R.13, № 87 (30 października 1929)",1929-10-30,46,"Maksyma Knysza, do de
pozytu sądu okręgowego w Łucku w Kasie Skarbowej w Kowlu w dniu",https://polona.pl/preview/6b46cb9d-d4f7-4b70-befc-2f49fc138f7a
7bb862d7-3a89-463e-9477-4d716a8de8b1,"Obwieszczenia Publiczne : dodatek do Dziennika Urzędowego Ministerstwa Sprawiedliwości.   R.13, № 88 (2 listopada 1929)",1929-11-02,12,"nieruchomego, położonego we wsi Koniuchy, gminy podoroskiej, po
wiatu wołkowyskiego. 13786 3 1

Sąd grodzki w Kowlu",https://polona.pl/preview/7bb862d7-3a89-463e-9477-4d716a8de8b1
ed3ff6c8-3a3f-4495-a2e7-400b59fade6f,"Obwieszczenia Publiczne : dodatek do Dziennika Urzędowego Ministerstwa Sprawiedliwości.   R.13, № 89 (6 listopada 1929)",1929-11-06,1,"prawo własności do 2 pdr podwójnych walców, pod
Nr Nr 70189 i 70188, znajdujących się w młynie ich w Kowlu , zajętyci
przez komornika 1-go rewiru sądu grodzkiego w Kowlu w dniu 8 lipca
1929 roku, na podstawie",https://polona.pl/preview/ed3ff6c8-3a3f-4495-a2e7-400b59fade6f
4427917b-0deb-4f94-8b91-0c258b67d684,"Obwieszczenia Publiczne : dodatek do Dziennika Urzędowego Ministerstwa Sprawiedliwości.   R.13, № 91 (13 listopada 1929)",1929-11-13,60,"sądu okręgowego w Łucku,
w dniu 30 września 1929 roku, pod Nr. 5090, przy firmie Lejzor Świniuch
w Kowlu",https://polona.pl/preview/4427917b-0deb-4f94-8b91-0c258b67d684
acc22afb-d399-4143-8ea0-3ea2bb113444,"Obwieszczenia Publiczne : dodatek do Dziennika Urzędowego Ministerstwa Sprawiedliwości.   R.13, № 93 (20 listopada 1929)",1929-11-20,1,"ciągu 4-miesięcy, od daty
ukazania się niniejszego wezwania w druku, stawił się w sądzie grodzkim
w Kowlu Sąd grodzki w Kowlu, na mocy art. 58', 301 i 309 U. P. C., wzywa b.
mieszkańca miasta Kowla, ul.",https://polona.pl/preview/acc22afb-d399-4143-8ea0-3ea2bb113444
acc22afb-d399-4143-8ea0-3ea2bb113444,"Obwieszczenia Publiczne : dodatek do Dziennika Urzędowego Ministerstwa Sprawiedliwości.   R.13, № 93 (20 listopada 1929)",1929-11-20,5,"Ros.), wzywa spadkobierców zmarłego w Kowlu, dnia
11 sierpnia 1929 roku, Hersza Werby, aby w ciągu 6 Nr. 129/29 . 14569
Sąd grodzki w Kowlu, na mocy art. 1401, 1402 U. P. C. i art. 1239
(T. X. cz. I. niniejszego wezwania w druku, zgłosili prawa swoje do majątku
pozostałego po zmarłym, położonego w Kowlu",https://polona.pl/preview/acc22afb-d399-4143-8ea0-3ea2bb113444
fe5f833a-2767-4690-8c48-f012e85acb86,"Obwieszczenia Publiczne : dodatek do Dziennika Urzędowego Ministerstwa Sprawiedliwości.   R.13, № 94 A (23 listopada 1929)",1929-11-23,18,"„Józef Chojnowski"", „Pomoc"" Dom Rolniczo - Handlowy
w Kowlu, przy ul. Łuckiej Nr. 8. Prokury udzielono Karolowi Olszowe owi, zam. w Kowlu przy uli
cy Mickiewicza Nr. 4.
5828. Właści
ciel: Józef Chojnowski, zam. w Kowlu przy ul. Młynarskiej Nr. 19.",https://polona.pl/preview/fe5f833a-2767-4690-8c48-f012e85acb86
fe5f833a-2767-4690-8c48-f012e85acb86,"Obwieszczenia Publiczne : dodatek do Dziennika Urzędowego Ministerstwa Sprawiedliwości.   R.13, № 94 A (23 listopada 1929)",1929-11-23,16,"„Mindla Mlurik"", handel spożywczy i bufet w Kowlu, ul.
Monopolowa Nr. 49. Właśc.",https://polona.pl/preview/fe5f833a-2767-4690-8c48-f012e85acb86
ac14a15a-d6db-498c-8adc-b5e99297f8de,"Obwieszczenia Publiczne : dodatek do Dziennika Urzędowego Ministerstwa Sprawiedliwości.   R.13, № 97 (4 grudnia 1929)",1929-12-04,9,"Z. 87/29 r. 151bl
Sąd grodzki w Kowlu, na mocy art. 1401 i 1402 U. P. C., wzywa
spadkobierców zmarłego w Kowlu w dniu 26 lipca 1928 roku ec e.a
Ejdelsztejna, aby w ciągu 6 mniejszego
wezwania w druku, zgłosili prawa swoje do majątku ruchomego i nieru
chomego, pozostałego w Kowlu",https://polona.pl/preview/ac14a15a-d6db-498c-8adc-b5e99297f8de
922c1f7a-8a94-49a7-af49-ce81f98d871e,"Obwieszczenia Publiczne : dodatek do Dziennika Urzędowego Ministerstwa Sprawiedliwości.   R.13, № 103 A (24 grudnia 1929)",1929-12-24,19,"Szczęsnym Poniatowskim w Sarnach
w dniu 23 stycznia 1923 roku za rep. iNr. 352, Hipolitem Żyznowskim
w Kowlu",https://polona.pl/preview/922c1f7a-8a94-49a7-af49-ce81f98d871e
922c1f7a-8a94-49a7-af49-ce81f98d871e,"Obwieszczenia Publiczne : dodatek do Dziennika Urzędowego Ministerstwa Sprawiedliwości.   R.13, № 103 A (24 grudnia 1929)",1929-12-24,29,"Proku
ra udzielona została Lejbowi Bebczukowi, zam. w Kowlu.
5546. „Chil Wakszol"", handel smarami, węglem, naftą i spożyw
czy w 'Kowlu przy ul. Krótkiej Nr, 13.",https://polona.pl/preview/922c1f7a-8a94-49a7-af49-ce81f98d871e
4e272cbc-facf-46f0-b6d2-5d557cecf698,"Obwieszczenia Publiczne : dodatek do Dziennika Urzędowego Ministerstwa Sprawiedliwości  R.14, № 1 (2 stycznia 1930)",1930-01-02,5,"pozostałego ,po tymże zmarłym Nie-
c^poruku składającego się z działki około 1 dzies, ziemi położone,
w Kowlu",https://polona.pl/preview/4e272cbc-facf-46f0-b6d2-5d557cecf698
bd659201-2158-44bf-ac92-647f7dcdd2f7,"Obwieszczenia Publiczne : dodatek do Dziennika Urzędowego Ministerstwa Sprawiedliwości  R.14, № 2 (4 stycznia 1930)",1930-01-04,3,"zapłaty należności
1.000 rubli iz aktu zastawu, zeznanego przed Janem Bagojawleriskini, no
tariuszem w Kowlu",https://polona.pl/preview/bd659201-2158-44bf-ac92-647f7dcdd2f7
bd659201-2158-44bf-ac92-647f7dcdd2f7,"Obwieszczenia Publiczne : dodatek do Dziennika Urzędowego Ministerstwa Sprawiedliwości  R.14, № 2 (4 stycznia 1930)",1930-01-04,7,", nabytej przez niego na mocy umowy przyrzeczema-sprzedazy,
poświadczonej u no'tarjusza Democzani w Kowlu",https://polona.pl/preview/bd659201-2158-44bf-ac92-647f7dcdd2f7
65e88c68-ff20-46a9-82db-2f32b6f2d90f,"Obwieszczenia Publiczne : dodatek do Dziennika Urzędowego Ministerstwa Sprawiedliwości  R.14, № 3 (8 stycznia 1930)",1930-01-08,3,"Sąd grodzki w Kowlu, na mocy art. 1401 ii 1402 U. P. C wzywa
spadkobierców zmarłej, w m.",https://polona.pl/preview/65e88c68-ff20-46a9-82db-2f32b6f2d90f
65e88c68-ff20-46a9-82db-2f32b6f2d90f,"Obwieszczenia Publiczne : dodatek do Dziennika Urzędowego Ministerstwa Sprawiedliwości  R.14, № 3 (8 stycznia 1930)",1930-01-08,39,"„Rachmil Frydman 1 "", drobna sprzedaż kapeluszy, płaszczów
i futer w Kowlu przy ulicy Warszawskiej Nr Chaim Ma-
ranc, zam. tamże.
dnia 29 października 1929 r.
5847. ,,Aron Erlich“, drobny handel żelazem, w Kowlu",https://polona.pl/preview/65e88c68-ff20-46a9-82db-2f32b6f2d90f
65e88c68-ff20-46a9-82db-2f32b6f2d90f,"Obwieszczenia Publiczne : dodatek do Dziennika Urzędowego Ministerstwa Sprawiedliwości  R.14, № 3 (8 stycznia 1930)",1930-01-08,42,"„Icek Flonenbaum"". drobny handel żelazem w Kowlu, przy
ulicy Warszawskiej Nr. 130. Właśc.",https://polona.pl/preview/65e88c68-ff20-46a9-82db-2f32b6f2d90f
443a683f-e6a9-4f73-b837-762643b71fbb,"Obwieszczenia Publiczne : dodatek do Dziennika Urzędowego Ministerstwa Sprawiedliwości.   R.14, № 11 (5 lutego 1930)",1930-02-05,51,"C., sąd grodzki w Kowlu zawiadamia, że
decyzją swą z d. 17 stycznia 1930 r.. odwcłał i unieważnił z dniem przez pełno
mocnika Katarzyny Kcmarow, Jana Geinera w kancelarji notarjusza Hi
polita Żyznowskiego w Kowlu",https://polona.pl/preview/443a683f-e6a9-4f73-b837-762643b71fbb
f2ef06f8-4191-4727-83eb-62b57fa44b0f,"Obwieszczenia Publiczne : dodatek do Dziennika Urzędowego Ministerstwa Sprawiedliwości.   R.14, № 13 (12 lutego 1930)",1930-02-12,11,"Z. 672/29). 11899—3—3
Sąd grodzki w Kowlu, na mocy art. 1401 i 1402 U. P.",https://polona.pl/preview/f2ef06f8-4191-4727-83eb-62b57fa44b0f
f44b04f9-6689-45d7-a4cd-198db1c43e53,"Obwieszczenia Publiczne : dodatek do Dziennika Urzędowego Ministerstwa Sprawiedliwości.   R.14, № 16 (22 lutego 1930)",1930-02-22,8,"Kos.), sąd grodzki w Kowlu wzywa spadkobierców zmarłej w Kowlu dn.
3 hpca 1929 roku Szejndli Perelmuter",https://polona.pl/preview/f44b04f9-6689-45d7-a4cd-198db1c43e53
35a66ae9-06d5-4f66-a73b-d7a08efbe509,"Obwieszczenia Publiczne : dodatek do Dziennika Urzędowego Ministerstwa Sprawiedliwości.   R.14, № 19 (5 marca 1930)",1930-03-05,9,"C. 30/30 r. 2590
Sąd grodzki w Kowlu, na mocy art. 1401 i 1402 U. P. C. i art. 1239
(T. X. cz. I.",https://polona.pl/preview/35a66ae9-06d5-4f66-a73b-d7a08efbe509
5811d4d7-0f8f-42c1-961f-76ddd30ee23d,"Obwieszczenia Publiczne : dodatek do Dziennika Urzędowego Ministerstwa Sprawiedliwości.   R.14, № 25 (26 marca 1930)",1930-03-26,11,"C. 226 /29) . 3538
Sąd powiatowy w Kowlu, na mocy art. 1401 i 1402 U. P. C. i art.
1239 (T. X., cz.",https://polona.pl/preview/5811d4d7-0f8f-42c1-961f-76ddd30ee23d
c0c38e2a-2f78-4b3d-96ed-f7996e391831,"Obwieszczenia Publiczne : dodatek do Dziennika Urzędowego Ministerstwa Sprawiedliwości.   R.14, № 32 (19 kwietnia 1930)",1930-04-19,53,"niewiadomego z miejsca pobytu Jerzego Hulewicza, oficera armji ro
syjskiej, który stale zamieszkiwał w Kowlu",https://polona.pl/preview/c0c38e2a-2f78-4b3d-96ed-f7996e391831
bc540f18-dac1-46c4-a19c-c276fbbf8f29,"Obwieszczenia Publiczne : dodatek do Dziennika Urzędowego Ministerstwa Sprawiedliwości.   R.14, № 32 A (19 kwietnia 1930)",1930-04-19,31,"Chałubińskiego^ 1 >
obaj zam. w Warszawie, kierownikiem zaś oddziału w Kowlu Wi‘kt°
Korycki, zam. w temże",https://polona.pl/preview/bc540f18-dac1-46c4-a19c-c276fbbf8f29
bc540f18-dac1-46c4-a19c-c276fbbf8f29,"Obwieszczenia Publiczne : dodatek do Dziennika Urzędowego Ministerstwa Sprawiedliwości.   R.14, № 32 A (19 kwietnia 1930)",1930-04-19,13,"Hojchberg.
zam. tamże.
dnia 31 grudnia 1929 roku
5983. ..Gurwic Izaak“, handel obuwiem i konfekcją w Kowlu Duwid Sząpiro, zam. tamże.
5981. ,,Chawa Broder*', piwiarnia i wyroby tytoniowe w Kowlu, ul
Kolejowa",https://polona.pl/preview/bc540f18-dac1-46c4-a19c-c276fbbf8f29
d57a7b65-5102-4e84-9265-d1754c18822c,"Obwieszczenia Publiczne : dodatek do Dziennika Urzędowego Ministerstwa Sprawiedliwości.   R.14, № 34 (26 kwietnia 1930)",1930-04-26,21,"Nr. 34

niewiadomego z miejsca pobytu Teodora Kiryłowicza, który stale z a ^
mieszki wał w Kowlu, skąd",https://polona.pl/preview/d57a7b65-5102-4e84-9265-d1754c18822c
e35323fb-3f30-4134-b178-c54f4fd8e4bc,"Obwieszczenia Publiczne : dodatek do Dziennika Urzędowego Ministerstwa Sprawiedliwości.   R.14, № 37 (7 maja 1930)",1930-05-07,8,"własność Pawła Paciuka;

291 ■ ' Powierzchni 1 i dz., wiasnosc rawfa raciuKa;
, s Qtye' nieruc homość w Kowlu",https://polona.pl/preview/e35323fb-3f30-4134-b178-c54f4fd8e4bc
e35323fb-3f30-4134-b178-c54f4fd8e4bc,"Obwieszczenia Publiczne : dodatek do Dziennika Urzędowego Ministerstwa Sprawiedliwości.   R.14, № 37 (7 maja 1930)",1930-05-07,27,"ograniczoną odpowiedzialnością, zawarta na mocy aw Kowlu",https://polona.pl/preview/e35323fb-3f30-4134-b178-c54f4fd8e4bc
46a956ae-65b3-4a12-a31f-e15dd1a39958,"Obwieszczenia Publiczne : dodatek do Dziennika Urzędowego Ministerstwa Sprawiedliwości.   R.14, № 38 (10 maja 1930)",1930-05-10,27,"1930 roku,^ wzywa
niewiadomego z miejsca pobytu Polikarpa Somczyńskiego, który stale
zamieszkiwał w Kowlu",https://polona.pl/preview/46a956ae-65b3-4a12-a31f-e15dd1a39958
93a9fbe1-04af-486f-8d45-9d32878bfd2b,"Obwieszczenia Publiczne : dodatek do Dziennika Urzędowego Ministerstwa Sprawiedliwości.   R.14, № 40 (17 maja 1930)",1930-05-17,12,"żąda:
1) uznać akt przyrzeczenia sprzedaży z dnia 24 lipca 1928 roku,,
oporządzony przed notarjuszem w Kowlu",https://polona.pl/preview/93a9fbe1-04af-486f-8d45-9d32878bfd2b
93a9fbe1-04af-486f-8d45-9d32878bfd2b,"Obwieszczenia Publiczne : dodatek do Dziennika Urzędowego Ministerstwa Sprawiedliwości.   R.14, № 40 (17 maja 1930)",1930-05-17,14,". ^ _
1) uznać akt przyrzeczenia sprzedaży, zeznany przed noarju-
S2 em w Kowlu. F.",https://polona.pl/preview/93a9fbe1-04af-486f-8d45-9d32878bfd2b
93a9fbe1-04af-486f-8d45-9d32878bfd2b,"Obwieszczenia Publiczne : dodatek do Dziennika Urzędowego Ministerstwa Sprawiedliwości.   R.14, № 40 (17 maja 1930)",1930-05-17,16,".
^ 5932

& Padk^k^ P° w iatowy w Kowlu, na mocy art, 1401 i 1402; U. P.",https://polona.pl/preview/93a9fbe1-04af-486f-8d45-9d32878bfd2b
5dc1c406-882d-4673-ab5e-93792c9a9b83,"Obwieszczenia Publiczne : dodatek do Dziennika Urzędowego Ministerstwa Sprawiedliwości.   R.14, № 42 (24 maja 1930)",1930-05-24,42,"rzecz Szymona
■Jewtuszko w dniu 23 czerwca 1925 roku w kancelarji notarjusza Hipolita
Żyznowskiego w Kowlu",https://polona.pl/preview/5dc1c406-882d-4673-ab5e-93792c9a9b83
2df8d007-eeb1-43fe-ba09-aa34501c949d,"Obwieszczenia Publiczne : dodatek do Dziennika Urzędowego Ministerstwa Sprawiedliwości.   R.14, № 43 (28 maja 1930)",1930-05-28,5,"miesięcy od dnia niniejszego o wi
szczenią, zameldowali swoje prawa do pozostałego po nim
Sąd grodzki w Kowlu",https://polona.pl/preview/2df8d007-eeb1-43fe-ba09-aa34501c949d
7ec9d2c0-2bfd-4267-9f84-444889825903,"Obwieszczenia Publiczne : dodatek do Dziennika Urzędowego Ministerstwa Sprawiedliwości.   R.14, № 44 (31 maja 1930)",1930-05-31,6,"Z. 5O ( 30. 6&01—3—1
Sąd grodzki w Kowlu, na mocy art. 1401 i 1402 U. P.",https://polona.pl/preview/7ec9d2c0-2bfd-4267-9f84-444889825903
7ec9d2c0-2bfd-4267-9f84-444889825903,"Obwieszczenia Publiczne : dodatek do Dziennika Urzędowego Ministerstwa Sprawiedliwości.   R.14, № 44 (31 maja 1930)",1930-05-31,49,"Banku Kupieckiego Spółdzielczego w Kowlu, przy ulicy War
szawskiej Nr. 62, odbędzie się walne zebranie Sąd grodzki w Kowlu, na skutek prośby zarządu i rady nadzorczej
nowelskiego towarzystwa wzajemnego kredytu w Kowlu, podaje niniej-
szemi do wiadomości, że dnia 31 czerwca 1930 roku. o godzinie 7 wiecz.,
w lokalu podziałów funduszy masy upadłości.
6712

Zawiadomienie o walnem zebraniu
Towarzystwa Wzajemnego Kredytu w Kowlu",https://polona.pl/preview/7ec9d2c0-2bfd-4267-9f84-444889825903
b11d1b9f-191d-4a3b-badc-1dc932e7c724,"Obwieszczenia Publiczne : dodatek do Dziennika Urzędowego Ministerstwa Sprawiedliwości.   R.14, № 45 (4 czerwca 1930)",1930-06-04,6,". w Ko wlu, ulica Warszawska, zdyskontowanych w W spół
dzielczym Banku Kredytowym Drobnych Kupców w Kowlu",https://polona.pl/preview/b11d1b9f-191d-4a3b-badc-1dc932e7c724
bc4ec5b1-4be9-4c05-aa93-7ebb4f82b80e,"Obwieszczenia Publiczne : dodatek do Dziennika Urzędowego Ministerstwa Sprawiedliwości.   R.14, № 45 A (4 czerwca 1930)",1930-06-04,24,"„Jemekim-Szmaja Wołach"", skład apteczny w Kowlu, ill..
Warszawska Nr. 30.",https://polona.pl/preview/bc4ec5b1-4be9-4c05-aa93-7ebb4f82b80e
42ca2999-c5a2-41f7-88ee-ac45cc0b2d3c,"Obwieszczenia Publiczne : dodatek do Dziennika Urzędowego Ministerstwa Sprawiedliwości.   R.14, № 46 (7 czerwca 1930)",1930-06-07,53,"1930 roku. wzy
wa niewiadomego z miejsca pobytu Eugenjusza Kiczanowskiego, który
stale zamieszkiwał w Kowlu",https://polona.pl/preview/42ca2999-c5a2-41f7-88ee-ac45cc0b2d3c
d03bf3d2-04c2-4037-9979-b3f19060ecc9,"Obwieszczenia Publiczne : dodatek do Dziennika Urzędowego Ministerstwa Sprawiedliwości.   R.14, № 50 (21 czerwca 1930)",1930-06-21,46,"wzywa niewiadomą z miejsca pobytu Gołdę Landa, zamężną Chochłow-
krną, która s ale zamieszkiwała w Kowlu",https://polona.pl/preview/d03bf3d2-04c2-4037-9979-b3f19060ecc9
ce5619a3-7534-4d6e-9b88-462c83083738,"Obwieszczenia Publiczne : dodatek do Dziennika Urzędowego Ministerstwa Sprawiedliwości.   R.14, № 52 A (28 czerwca 1930)",1930-06-28,19,"„Jankiel (Jakób) - Uszer Pietruszka"" — handel mięsem
w Kowlu, przy ul. Sienkiewicza Nr. 28. „Mojsze Gurwic"" — sprzedaż manufaktury i ubrań goto
wych w Kowlu, przy ul. Warszawskiej Nr. 116.",https://polona.pl/preview/ce5619a3-7534-4d6e-9b88-462c83083738
ce5619a3-7534-4d6e-9b88-462c83083738,"Obwieszczenia Publiczne : dodatek do Dziennika Urzędowego Ministerstwa Sprawiedliwości.   R.14, № 52 A (28 czerwca 1930)",1930-06-28,18,"„Jankiel (Jakób) Bursztejn"" — drobny handel towarami lu-
dowemi łokciowemi w Kowlu, przy ul. „Ruchla Rabiner"" — drobna sprzedaż galanterji i konfekcji
w Kowlu, ul. Warszawska Nr. 100. „Stanisław Buszko"" — piwiarnia i sprzedaż wyrobów tyto
niowych w Kowlu, przy ul. Kolejowej Nr. 75.",https://polona.pl/preview/ce5619a3-7534-4d6e-9b88-462c83083738
00fd4cd9-072b-4dea-bb74-e6bd850264de,"Obwieszczenia Publiczne : dodatek do Dziennika Urzędowego Ministerstwa Sprawiedliwości.   R.14, № 53 (2 lipca 1930)",1930-07-02,5,"Sąd grodzki w Kowlu, <na mocy art. 1401 i 1402 U. P.",https://polona.pl/preview/00fd4cd9-072b-4dea-bb74-e6bd850264de
00fd4cd9-072b-4dea-bb74-e6bd850264de,"Obwieszczenia Publiczne : dodatek do Dziennika Urzędowego Ministerstwa Sprawiedliwości.   R.14, № 53 (2 lipca 1930)",1930-07-02,6,"publiczne.

7

po wymienianym zmarłym Pryzancie. składającego się z domów przv
ulicy Warszawskiej w Kowlu",https://polona.pl/preview/00fd4cd9-072b-4dea-bb74-e6bd850264de
e966f42d-c4d6-4815-b10e-eb743f689a66,"Obwieszczenia Publiczne : dodatek do Dziennika Urzędowego Ministerstwa Sprawiedliwości.   R.14, № 54 A (5 lipca 1930)",1930-07-05,24,"dzierżawnej, podpisy na której zostały poświadczone
W tymże dniu u Hipolita Żyznowskiego, notarjusza w Kowlu",https://polona.pl/preview/e966f42d-c4d6-4815-b10e-eb743f689a66
e966f42d-c4d6-4815-b10e-eb743f689a66,"Obwieszczenia Publiczne : dodatek do Dziennika Urzędowego Ministerstwa Sprawiedliwości.   R.14, № 54 A (5 lipca 1930)",1930-07-05,1,"grudnia 1929 roku, podpisy na której poświadczone zo
stały przez Hipolita Żyznowskiego, notarjusza w Kowlu treści następującej:
B-cia Tuller i spółka, spółka firmowa, koncesjonowany zakład elek
trotechniczny w Kowlu",https://polona.pl/preview/e966f42d-c4d6-4815-b10e-eb743f689a66
14486907-369e-451c-ba25-37ad734623e1,"Obwieszczenia Publiczne : dodatek do Dziennika Urzędowego Ministerstwa Sprawiedliwości.   R.14, № 55 A (9 lipca 1930)",1930-07-09,17,"„Perlą Rabiner , drobny handel spożywczy w Kowlu. Rynek
Nr. 38.",https://polona.pl/preview/14486907-369e-451c-ba25-37ad734623e1
14486907-369e-451c-ba25-37ad734623e1,"Obwieszczenia Publiczne : dodatek do Dziennika Urzędowego Ministerstwa Sprawiedliwości.   R.14, № 55 A (9 lipca 1930)",1930-07-09,15,"„Baba Bronzaft , drobny handel skór i przyborów szewskich
w Kowlu przy ulicy Warszawskiej Nr. 162.",https://polona.pl/preview/14486907-369e-451c-ba25-37ad734623e1
14486907-369e-451c-ba25-37ad734623e1,"Obwieszczenia Publiczne : dodatek do Dziennika Urzędowego Ministerstwa Sprawiedliwości.   R.14, № 55 A (9 lipca 1930)",1930-07-09,16,"Właściciel: Zel-
n Zairan, zamieszkały tamże.
u]’ w Kowlu",https://polona.pl/preview/14486907-369e-451c-ba25-37ad734623e1
1bf66a7e-268e-4758-a82f-cbf7b7580f13,"Obwieszczenia Publiczne : dodatek do Dziennika Urzędowego Ministerstwa Sprawiedliwości.   R.14, № 56 (12 lipca 1930)",1930-07-12,4,k °hiercńl daki w Kowlu na mocy art. 1401 i 1402 U. P.,https://polona.pl/preview/1bf66a7e-268e-4758-a82f-cbf7b7580f13
1bf66a7e-268e-4758-a82f-cbf7b7580f13,"Obwieszczenia Publiczne : dodatek do Dziennika Urzędowego Ministerstwa Sprawiedliwości.   R.14, № 56 (12 lipca 1930)",1930-07-12,5,"Nr. 646 30 r. 8970

Sąd grodzki w Kowlu, na mocy art. 1401 i 1402 U. P. wezwania w druku, zgłosili prawa swoje do majątku P° zCr
stałego po zmarłym w postaci sadyby położonej w Kowlu",https://polona.pl/preview/1bf66a7e-268e-4758-a82f-cbf7b7580f13
d5e619ca-8bba-472a-a0cd-53e18740b717,"Obwieszczenia Publiczne : dodatek do Dziennika Urzędowego Ministerstwa Sprawiedliwości.   R.14, № 56 A (12 lipca 1930)",1930-07-12,8,"Wspólnikami są: Jankiel Erlich, Abram Kac i Chaja-Leja Erlich,
Mieszkali w Kowlu oraz Lejba Tchor w kol równych częściach.
ri ota. r ; ^ka zawarta na mocy ak'u zeznanego u Hioolita Żyznowskiego,
Pa C2a Usza w Kowlu na której poświad-
^ z °ne w dniu 9’ października tegoż roku u Franciszka Skorupskiego,
r^rjusza w Kowlu",https://polona.pl/preview/d5e619ca-8bba-472a-a0cd-53e18740b717
64564f62-1cf7-458c-997a-21bfa643e474,"Obwieszczenia Publiczne : dodatek do Dziennika Urzędowego Ministerstwa Sprawiedliwości.   R.14, № 58 (19 lipca 1930)",1930-07-19,1,". —— ^ s$f
Sąd grodzki w Kowlu, na mocy art. 58 1 i 309' U.",https://polona.pl/preview/64564f62-1cf7-458c-997a-21bfa643e474
c1f06dfe-1fb9-4e0d-8ed3-cd595d439a2b,"Obwieszczenia Publiczne : dodatek do Dziennika Urzędowego Ministerstwa Sprawiedliwości.   R.14, № 60 A (26 lipca 1930)",1930-07-26,30,"wcią
tlasi tępują C ą firmę pod Nr. 6305 w dniu 28 maja 1930 roku:
>>B-eia 2Vieł ame d, S-ka firmowa w Kowlu przy deklaracji wspólników,

tta której uwierzytelnione zostały przez Franciszka Skorupskiego,
as za w Kowlu nikami są: Aron i Szmul Melamed, zam. w Kowlu przy ulicy
Za ^tiej Nr. 110.

*dn
Pod,.",https://polona.pl/preview/c1f06dfe-1fb9-4e0d-8ed3-cd595d439a2b
a1ebc0d4-a7a7-4524-9672-a3d02168a7fd,"Obwieszczenia Publiczne : dodatek do Dziennika Urzędowego Ministerstwa Sprawiedliwości.   R.14, № 62 (2 sierpnia 1930)",1930-08-02,60,"Jeziorna,
N'- okf r °dek, pow. kowelskiego, Teodora Romaniuka do depozytu są-
Łucku w kasie skarbowej w Kowlu Z. w Kowlu
pd Ul*27 r. spr.",https://polona.pl/preview/a1ebc0d4-a7a7-4524-9672-a3d02168a7fd
e4dea1c0-82be-4b62-a9ec-16a3ce9d72a8,"Obwieszczenia Publiczne : dodatek do Dziennika Urzędowego Ministerstwa Sprawiedliwości.   R.14, № 63 (6 sierpnia 1930)",1930-08-06,44,"Kowlu, przy ulicy Poprzecznej, powierzchni
ni a . mtr - kw., własność gminy miejskiej w Kowlu z mocy",https://polona.pl/preview/e4dea1c0-82be-4b62-a9ec-16a3ce9d72a8
c0c6c606-1c5f-410f-86b5-43067794caf4,"Obwieszczenia Publiczne : dodatek do Dziennika Urzędowego Ministerstwa Sprawiedliwości.   R.14, № 63 A (6 sierpnia 1930)",1930-08-06,17,"gier 11 „ob
rządzenia aktu spółki, na mocy aktu. zeznanego przed F fanC ' fifi-
rupskim, notarjuszem w Kowlu Prużański,
żański i Hersz Prużański, spółka firmowa pod nazwą Budszko > ^
biorstwo budowlano - drogowe w Kowlu",https://polona.pl/preview/c0c6c606-1c5f-410f-86b5-43067794caf4
f9c2040f-06f2-4290-96e5-b6904f9f7d92,"Obwieszczenia Publiczne : dodatek do Dziennika Urzędowego Ministerstwa Sprawiedliwości.   R.14, № 64 (9 sierpnia 1930)",1930-08-09,58,".
^ W ar ""Szloma Łangier"", drobna sprzedaż farb i tapet w Kowlu,
S2a wska Nr. 62.",https://polona.pl/preview/f9c2040f-06f2-4290-96e5-b6904f9f7d92
a137d76f-1a6f-412b-94e0-ccde32939f51,"Obwieszczenia Publiczne : dodatek do Dziennika Urzędowego Ministerstwa Sprawiedliwości.   R.14, № 64 A (9 sierpnia 1930)",1930-08-09,22,"Mejer - Ber Kacewman,
w 62 so* y tamże ’
ar *Za i ""^ ai i am Gwircman"", bufet i różne słodycze w Kowlu Cz Vch i -'.Uszer Szwarc"", detaliczna sprzedaż artykułów spożyw-
SC> 11 w Kowlu, Plac Targowy.",https://polona.pl/preview/a137d76f-1a6f-412b-94e0-ccde32939f51
a137d76f-1a6f-412b-94e0-ccde32939f51,"Obwieszczenia Publiczne : dodatek do Dziennika Urzędowego Ministerstwa Sprawiedliwości.   R.14, № 64 A (9 sierpnia 1930)",1930-08-09,18,"Cz a i j r ‘ Ustała prokura dla oddziału w Kowlu Stefana Furman-
’ -*' a łą \yn na hlatejfa, natomiast SC| Hasl -' °dpow. w Kowlu, wyciągnięto, iako zmianę, wpis Nr. 4,
to^r u « ą - i:
l\[ r Po\vo} myśl uchwały z dnia 9 czerwca 1929 roku na likwida-
■ ano Leona Werbę, zamieszkałego w Kowlu przy ul. ^P^łka akcyjna, oddział w Kowlu, wciągnięto, jako zmianę
ki e - d ° rub^f 1 nast 9P u )4 ce j:
0(jj !",https://polona.pl/preview/a137d76f-1a6f-412b-94e0-ccde32939f51
1e328631-521b-4338-99d5-eddc9b46652e,"Obwieszczenia Publiczne : dodatek do Dziennika Urzędowego Ministerstwa Sprawiedliwości.   R.14, № 67 (20 sierpnia 1930)",1930-08-20,5,"C. i
Wezwania spadkobierców. vv -z^
Sąd grodzki w Kowlu, na mocy art. 1401 i ^9? }9l 2
spadkobierców zmarłej w Kowlu dnia 27 październ ^ daU 0 s ł Aj'
nisławy Popławskiej, aby w terminie składającego nę i oc [oW a0 ę
skiej na prawie dziedziczno czynszowem wraz z za j
kowej, położonej w Kowlu",https://polona.pl/preview/1e328631-521b-4338-99d5-eddc9b46652e
73ff7d8c-84dd-460a-86ea-7c48d493b95c,"Obwieszczenia Publiczne : dodatek do Dziennika Urzędowego Ministerstwa Sprawiedliwości.   R.14, № 74 (13 września 1930)",1930-09-13,4,"weksli do sądu
n,c z głosi, weksle te uznane zostaną przez sąd za umorzone. 12118
^Zy ^^d powiatowy w Kowlu",https://polona.pl/preview/73ff7d8c-84dd-460a-86ea-7c48d493b95c
73ff7d8c-84dd-460a-86ea-7c48d493b95c,"Obwieszczenia Publiczne : dodatek do Dziennika Urzędowego Ministerstwa Sprawiedliwości.   R.14, № 74 (13 września 1930)",1930-09-13,0,"Sąd powiatowy w Kowlu, na mocy art. 58 1 i 309 1 U. P. R. 4835/R./30. 11968
Sąd powiatowy w Kowlu, na mocy art. 58 1 i 309 1 U. P.",https://polona.pl/preview/73ff7d8c-84dd-460a-86ea-7c48d493b95c
5fb03555-b6b4-4ce7-bc91-d39a10462644,"Obwieszczenia Publiczne : dodatek do Dziennika Urzędowego Ministerstwa Sprawiedliwości.   R.14, № 75 (17 września 1930)",1930-09-17,61,"„Nojach Wejger"", drobny handel galanterją w Kowlu, gj
Kolejowa Nr. 11. Właśc.",https://polona.pl/preview/5fb03555-b6b4-4ce7-bc91-d39a10462644
5fb03555-b6b4-4ce7-bc91-d39a10462644,"Obwieszczenia Publiczne : dodatek do Dziennika Urzędowego Ministerstwa Sprawiedliwości.   R.14, № 75 (17 września 1930)",1930-09-17,59,"„Nadzieja Djanowska"", handel galanteryjny w Kowlu przy
ul. Warszawskiej Nr. 60. Właśc.",https://polona.pl/preview/5fb03555-b6b4-4ce7-bc91-d39a10462644
5fb03555-b6b4-4ce7-bc91-d39a10462644,"Obwieszczenia Publiczne : dodatek do Dziennika Urzędowego Ministerstwa Sprawiedliwości.   R.14, № 75 (17 września 1930)",1930-09-17,62,"apńly^y w Kowlu, ul. Kolejowa 74.
a śc.",https://polona.pl/preview/5fb03555-b6b4-4ce7-bc91-d39a10462644
a8d92285-f7d6-4492-a1a4-78c674a240d4,"Obwieszczenia Publiczne : dodatek do Dziennika Urzędowego Ministerstwa Sprawiedliwości.   R.14, № 76 (20 września 1930)",1930-09-20,7,"niniejszego ogłoszenia za'
meldowali swoje pra wa do pozostałego po niej mienia 12312
Sąd grodzki w Kowlu zmarłe, w Kowlu przy ul. Krótkiej Nr. 12^ składającego si/ z Tziałki
Nr ?",https://polona.pl/preview/a8d92285-f7d6-4492-a1a4-78c674a240d4
323688bf-d214-4d26-b664-42ca36acd627,"Obwieszczenia Publiczne : dodatek do Dziennika Urzędowego Ministerstwa Sprawiedliwości.   R.14, № 76 A (20 września 1930)",1930-09-20,28,"Ogiński S-ka firmowa w Kowlu"" — przedsiębior
co budowlane. Siedziba spółki — m. Kowel przy ul. Pólnikami są inżynier Jan Radwan i Bolesław Ogiński zamieszkali
Prawne miejsce zamieszkania obierający w Kowlu zawarta na
^ 2a s nieograniczony, na mocy aktu, zeznanego przed Franciszkiem Sko
mpskim, notarjuszem w Kowlu",https://polona.pl/preview/323688bf-d214-4d26-b664-42ca36acd627
fc2b51cf-0d76-45e4-9717-6fe2b755f4a6,"Obwieszczenia Publiczne : dodatek do Dziennika Urzędowego Ministerstwa Sprawiedliwości.   R.14, № 81 A (8 października 1930)",1930-10-08,9,"„A"", sądu okręgowego w Łucku
w dniu 30 sierpnia 1930 roku pod Nr. 4552 przy firmie Jasiński Alfo.
w Kowlu",https://polona.pl/preview/fc2b51cf-0d76-45e4-9717-6fe2b755f4a6
fcf7e650-d4a6-4d01-85fa-8798fd17b80e,"Obwieszczenia Publiczne : dodatek do Dziennika Urzędowego Ministerstwa Sprawiedliwości.   R.14, № 83 (15 października 1930)",1930-10-15,71,"Gródek, powiatu kowelskiego, Maksyma Knysza, do depozytu
sądu okręgowego w Łucku w Kasie Skarbowej w Kowlu Z. w Kowlu z dnia 25 stycznia 1927 roku,
Nr. spr. rep. 93/25.",https://polona.pl/preview/fcf7e650-d4a6-4d01-85fa-8798fd17b80e
fcf7e650-d4a6-4d01-85fa-8798fd17b80e,"Obwieszczenia Publiczne : dodatek do Dziennika Urzędowego Ministerstwa Sprawiedliwości.   R.14, № 83 (15 października 1930)",1930-10-15,6,"niniejszego obwieszczenia,
— Wa h swoje prawa do pozostałego po nim mienia. 13739
Spa 4kok^ P° w i a towy w Kowlu",https://polona.pl/preview/fcf7e650-d4a6-4d01-85fa-8798fd17b80e
fcf7e650-d4a6-4d01-85fa-8798fd17b80e,"Obwieszczenia Publiczne : dodatek do Dziennika Urzędowego Ministerstwa Sprawiedliwości.   R.14, № 83 (15 października 1930)",1930-10-15,1,"-^
Sąd powiatowy w Kowlu, na mocy art. 58 i 309 1 U. P.",https://polona.pl/preview/fcf7e650-d4a6-4d01-85fa-8798fd17b80e
e5a53a3d-6b26-40f2-aba7-16a501de1670,"Obwieszczenia Publiczne : dodatek do Dziennika Urzędowego Ministerstwa Sprawiedliwości.   R.14, № 84 (18 października 1930)",1930-10-18,3,"C. 391/30 r. 1391
Sąd grodzki w Kowlu, na mocy art. 1401 U. P. daty uka
zania się w druku niniejszego wezwiania, zgłosili prawa swoje do W 3 '
jątku, pozostałego w Kowlu",https://polona.pl/preview/e5a53a3d-6b26-40f2-aba7-16a501de1670
ec2017b4-852e-4bad-a85e-8a197dc0fd89,"Obwieszczenia Publiczne : dodatek do Dziennika Urzędowego Ministerstwa Sprawiedliwości.   R.14, № 86 (25 października 1930)",1930-10-25,6,"niniejszego obwieszczenia za-
- //Wali swoje prawa do pozostałego po niej mienia. 14237
bi er grodzki w Kowlu",https://polona.pl/preview/ec2017b4-852e-4bad-a85e-8a197dc0fd89
fcb21eee-2daf-4ae0-8256-dcb4d712aefe,"Obwieszczenia Publiczne : dodatek do Dziennika Urzędowego Ministerstwa Sprawiedliwości.   R.14, № 87 A (29 października 1930)",1930-10-29,18,"Na mocy aktów, sporządzonych przez wspólników
Przed Franciszkiem Skorupskim, notarjuszem w Kowlu i Bronisławem",https://polona.pl/preview/fcb21eee-2daf-4ae0-8256-dcb4d712aefe
7e0edb2f-39f3-4e0a-834a-a3ec0bf3b38c,"Obwieszczenia Publiczne : dodatek do Dziennika Urzędowego Ministerstwa Sprawiedliwości.   R.14, № 94 (22 listopada 1930)",1930-11-22,47,"jej trwania, na mocy aktu.
zeznanego przez wspólników przed Hipolitem Żyznowskim, notar jusz 2n l
w Kowlu",https://polona.pl/preview/7e0edb2f-39f3-4e0a-834a-a3ec0bf3b38c
29a6d519-1e1c-440f-b7fa-f2e373bfb8f7,"Obwieszczenia Publiczne : dodatek do Dziennika Urzędowego Ministerstwa Sprawiedliwości.   R.14, № 94 A (22 listopada 1930)",1930-11-22,17,"Spółka zawarta na czas nieogranłcznńy na mocy aktu, zeznaneg®
przed Adolfem Horodeckim, notarjuszem w Kowlu",https://polona.pl/preview/29a6d519-1e1c-440f-b7fa-f2e373bfb8f7
29a6d519-1e1c-440f-b7fa-f2e373bfb8f7,"Obwieszczenia Publiczne : dodatek do Dziennika Urzędowego Ministerstwa Sprawiedliwości.   R.14, № 94 A (22 listopada 1930)",1930-11-22,26,".: 1 w Kowlu i 2 w Gro
dnie, przy ul. Dominikańskiej 19.",https://polona.pl/preview/29a6d519-1e1c-440f-b7fa-f2e373bfb8f7
9c2a7a6e-4448-4427-a35f-b7176257ff40,"Obwieszczenia Publiczne : dodatek do Dziennika Urzędowego Ministerstwa Sprawiedliwości.   R.14, № 99 (10 grudnia 1930)",1930-12-10,44,"12 dizies. 1402 sąż. kw., własność Stefana {Stępa-
naj Androsiuka vel Martyniuka;
4) nieruchomość w Kowlu",https://polona.pl/preview/9c2a7a6e-4448-4427-a35f-b7176257ff40
590d35cd-1b89-4d3c-a69e-214bc388e5d3,"Obwieszczenia Publiczne : dodatek do Dziennika Urzędowego Ministerstwa Sprawiedliwości.   R.14, № 100 (13 grudnia 1930)",1930-12-13,1,"się wezwanego w oznaczonym terminie, spra
wa będzie osądzona w jego nieobecności. 16566
Sąd grodzki w Kowlu",https://polona.pl/preview/590d35cd-1b89-4d3c-a69e-214bc388e5d3
4d3fff98-b35e-4244-9e59-a85978ce8ce7,"Obwieszczenia Publiczne : dodatek do Dziennika Urzędowego Ministerstwa Sprawiedliwości.   R.14, № 102 (20 grudnia 1930)",1930-12-20,6,"Sąd grodzki w Kowlu, ma mocy ant. 1401 U. P. ukazania się w druku niniejsze
go wezwania, zgłosił swoje prawa do majątku nieruchomego, pozosta
łego w Kowlu",https://polona.pl/preview/4d3fff98-b35e-4244-9e59-a85978ce8ce7
0061e829-51c0-49ce-bc82-f949d7a8a929,"Obwieszczenia Publiczne : dodatek do Dziennika Urzędowego Ministerstwa Sprawiedliwości.   R.15, № 3 (10 stycznia 1931)",1931-01-10,3,"stawie przedawnienia: , ,
2) rozwiązania przez sąd ostrzeżenia, ciążącego na nieruchomości
powoda w Kowlu",https://polona.pl/preview/0061e829-51c0-49ce-bc82-f949d7a8a929
ae82d98f-ffcd-4803-9935-301a07cde0cd,"Obwieszczenia Publiczne : dodatek do Dziennika Urzędowego Ministerstwa Sprawiedliwości.   R.15, № 8 (28 stycznia 1931)",1931-01-28,55,"„Stanisław Młodzikowski"", sprzedaż piwa i wyrobów tyto
niowych w Kowlu - Dworzec. Właśc.",https://polona.pl/preview/ae82d98f-ffcd-4803-9935-301a07cde0cd
0b571a68-fa26-4d89-9cc7-61d627d12af1,"Obwieszczenia Publiczne : dodatek do Dziennika Urzędowego Ministerstwa Sprawiedliwości.   R.15, № 8 A (28 stycznia 1931)",1931-01-28,20,"Izaak Wołoch, zam. w Kowlu, przy ulicy Łuckiej 25a.",https://polona.pl/preview/0b571a68-fa26-4d89-9cc7-61d627d12af1
0b571a68-fa26-4d89-9cc7-61d627d12af1,"Obwieszczenia Publiczne : dodatek do Dziennika Urzędowego Ministerstwa Sprawiedliwości.   R.15, № 8 A (28 stycznia 1931)",1931-01-28,21,"„Rojzen Lejbisz"", handel futer, gotowych ubrań i kapeluszy
pod firmą „Futro"" w Kowlu, ulica Warszawska „Idlel Alpe-rin"", sklep szkła i naczyń w Kowlu, ulica War
szawska 45.""Właśc.",https://polona.pl/preview/0b571a68-fa26-4d89-9cc7-61d627d12af1
a0e1548e-0d14-4560-b033-2a83122387b6,"Obwieszczenia Publiczne : dodatek do Dziennika Urzędowego Ministerstwa Sprawiedliwości.   R.15, № 10 (4 lutego 1931)",1931-02-04,3,"wekslowego, wzywa
posiadacza zaginionego wekslu na sumę 158 zł., wystawionego dnia 18
września 1929 ,r. w Kowlu Po upływie zakreślonego terminu, wyżej opisane weksle uznane
zostaną za umorzone. 1130
Sąd grodzki w Kowlu",https://polona.pl/preview/a0e1548e-0d14-4560-b033-2a83122387b6
8edebf7a-89bd-4d06-bdcf-07fdb87115bd,"Obwieszczenia Publiczne : dodatek do Dziennika Urzędowego Ministerstwa Sprawiedliwości.   R.15, № 11 (7 lutego 1931)",1931-02-07,52,"Z. w Kowlu w dniu
25 stycznia 1927 roku. Nr. Do podania dołączono: pokwitowanie kasy skarbowej w Kowlu z dn,
15 września 1930 roku. Ser ja I. F. Z. w Kowlu w dniu 24 lutego 1930 roku, spra
wa Nr. 364. Nr. Z. w Kowlu w dniu 24 lutego 1930 r.,
sprawa Nr. 368. Nr. Z. 1808 30. _^ 44 Z. kwoty 94 zł. 16 gr., wpła-
oonej do depozytu sądu okręgowego w Łucku za pokwitowaniem kasy
skarbowej w Kowlu",https://polona.pl/preview/8edebf7a-89bd-4d06-bdcf-07fdb87115bd
174e62ad-0201-44a3-b5a3-7c1a8bf5d225,"Obwieszczenia Publiczne : dodatek do Dziennika Urzędowego Ministerstwa Sprawiedliwości.   R.15, № 13 (14 lutego 1931)",1931-02-14,10,"sprzedaz
z licytacji publicznej majątku nieruchomego, należącego do Altera bu-
chera, położonego w Kowlu",https://polona.pl/preview/174e62ad-0201-44a3-b5a3-7c1a8bf5d225
faf0d5a4-85d2-4cf6-b3c3-5164b77517cf,"Obwieszczenia Publiczne : dodatek do Dziennika Urzędowego Ministerstwa Sprawiedliwości.   R.15, № 15 (21 lutego 1931)",1931-02-21,4,"Nr. 38/31). 2097
Sąd grodzki w Kowlu, na mocy art. 1401 U. P. Z. 81/31 r. 2098
Sąd grodzki w Kowlu, na mocy art. 1401 U. P. C., wzywa spadko
bierców zmarłego w Kowlu dnia 26 lutego 1923 roiku Adolfa Soleckiego,
aby w terminie niniejszego wezwania, zgłosili prawa swoje do majątku pozostałego po
wymienionej zmarłej, położonego w Kowlu C., wzywa spadko
bierców zmarłej w Kowlu dnia 26 grudnia 1930 roku Drejzli vel Rejzli
Kerżner, aby w",https://polona.pl/preview/faf0d5a4-85d2-4cf6-b3c3-5164b77517cf
9ecbeed5-f8d7-4993-b78e-01255ae846cf,"Obwieszczenia Publiczne Starostwa i Wydziału Powiatowego Lubawskiego  R. 2, nr 9 (28 lutego 1931)",1931-02-28,1,"VII. 956
oznajmiam^ że Ministerstwo Spraw Wewnętrznych
zezwoliło Komitetowi Budowy Pomnika Kościoła
w Kowlu Poz. 68.
‘ Kwesta na rzecz budowy kościoła
w Kowlu.",https://polona.pl/preview/9ecbeed5-f8d7-4993-b78e-01255ae846cf
9ecbeed5-f8d7-4993-b78e-01255ae846cf,"Obwieszczenia Publiczne Starostwa i Wydziału Powiatowego Lubawskiego  R. 2, nr 9 (28 lutego 1931)",1931-02-28,0,"Kwesta na rzecz budowy kościoła w Kowlu.
Kwesta na rzecz budowy kościoła w Powursku-

Poz,
Poz.",https://polona.pl/preview/9ecbeed5-f8d7-4993-b78e-01255ae846cf
15868e58-04fe-44ef-851e-d32fad2e0b36,"Obwieszczenia Publiczne : dodatek do Dziennika Urzędowego Ministerstwa Sprawiedliwości.   R.15, № 22 (18 marca 1931)",1931-03-18,79,"A, sądu okręgowego w Łucku,
w dniu 18 lutego 1931 roku pod Nr. 3296 przy firmie Michał Fajnsztejn
w Kowlu",https://polona.pl/preview/15868e58-04fe-44ef-851e-d32fad2e0b36
9a65428e-f79e-4f35-bece-bab6150494f1,"Obwieszczenia Publiczne : dodatek do Dziennika Urzędowego Ministerstwa Sprawiedliwości.   R.15, № 29 (11 kwietnia 1931)",1931-04-11,3,"Do skargi powodowej dołączono: 1) wypis aktu notarjalnego ze-
znanego przed notarjuszem w Kowlu w dniu",https://polona.pl/preview/9a65428e-f79e-4f35-bece-bab6150494f1
9a65428e-f79e-4f35-bece-bab6150494f1,"Obwieszczenia Publiczne : dodatek do Dziennika Urzędowego Ministerstwa Sprawiedliwości.   R.15, № 29 (11 kwietnia 1931)",1931-04-11,38,"kasy spółki: 1) przez Szlomę-
Hersza Aszkinuza w wartości towarów znajdujących się w jego sklepie
w Kowlu Aszkinuza i 8-ki
z ograniczoną odpowiedzialnością w Kowlu .
Siedziba spółki m. Kowel przy ul. Mojsze-Ja-
kóba Aszkinuza również we własnych towarach i inwentarzu, znajdują
cych się w jego sklepie w Kowlu",https://polona.pl/preview/9a65428e-f79e-4f35-bece-bab6150494f1
9a65428e-f79e-4f35-bece-bab6150494f1,"Obwieszczenia Publiczne : dodatek do Dziennika Urzędowego Ministerstwa Sprawiedliwości.   R.15, № 29 (11 kwietnia 1931)",1931-04-11,39,"zawarta na czas nieograniczony na mocy aktów, sporządzo
nych przed Adolfem Horodeckim, notarjuszem w Kowlu",https://polona.pl/preview/9a65428e-f79e-4f35-bece-bab6150494f1
7fe3e3a6-afa3-4fae-ae40-0b08e2271105,"Obwieszczenia Publiczne : dodatek do Dziennika Urzędowego Ministerstwa Sprawiedliwości.   R.15, № 30 (15 kwietnia 1931)",1931-04-15,50,"powiatu włodzimierskie
go, powierzchni 56,5 ha, należący do Skarbu Państwa Polskiego;
4) nieruchomość w Kowlu",https://polona.pl/preview/7fe3e3a6-afa3-4fae-ae40-0b08e2271105
7fe3e3a6-afa3-4fae-ae40-0b08e2271105,"Obwieszczenia Publiczne : dodatek do Dziennika Urzędowego Ministerstwa Sprawiedliwości.   R.15, № 30 (15 kwietnia 1931)",1931-04-15,10,"Sąd grodzki w Kowlu, na mocy art. 1401 U. P.",https://polona.pl/preview/7fe3e3a6-afa3-4fae-ae40-0b08e2271105
888d89b6-c662-4767-a42d-8a8b57ca6733,"Obwieszczenia Publiczne : dodatek do Dziennika Urzędowego Ministerstwa Sprawiedliwości.   R.15, № 30 A (15 kwietnia 1931)",1931-04-15,29,"Litwak Szprincia, zamieś,
kala 6644 6 „Leja Grynberg"" „Nowość"", handel drobny obuwia i konfek
cji w Kowlu",https://polona.pl/preview/888d89b6-c662-4767-a42d-8a8b57ca6733
888d89b6-c662-4767-a42d-8a8b57ca6733,"Obwieszczenia Publiczne : dodatek do Dziennika Urzędowego Ministerstwa Sprawiedliwości.   R.15, № 30 A (15 kwietnia 1931)",1931-04-15,30,"„Debora Baskin“, skład apteczny w Kowlu, ul. Warszawska
Nr. 132.",https://polona.pl/preview/888d89b6-c662-4767-a42d-8a8b57ca6733
888d89b6-c662-4767-a42d-8a8b57ca6733,"Obwieszczenia Publiczne : dodatek do Dziennika Urzędowego Ministerstwa Sprawiedliwości.   R.15, № 30 A (15 kwietnia 1931)",1931-04-15,28,"„Gerszon Kuperman"", drobny handel galanterji w Kowlu,
ul. Warszawska Nr. 35. Właśc. „Józef Maliński"", eksploatacja browaru pod nazwą „Zdrój""
w Kowlu przy ul.",https://polona.pl/preview/888d89b6-c662-4767-a42d-8a8b57ca6733
888d89b6-c662-4767-a42d-8a8b57ca6733,"Obwieszczenia Publiczne : dodatek do Dziennika Urzędowego Ministerstwa Sprawiedliwości.   R.15, № 30 A (15 kwietnia 1931)",1931-04-15,26,"„Guz Chaja"", drobny handel obuwiem w Kowlu, ulica War
szawska 134. Wlaśc.",https://polona.pl/preview/888d89b6-c662-4767-a42d-8a8b57ca6733
ac8fca80-18d5-4735-891e-12ca8f5a37db,"Obwieszczenia Publiczne : dodatek do Dziennika Urzędowego Ministerstwa Sprawiedliwości.   R.15, № 31 (18 kwietnia 1931)",1931-04-18,63,"Nr. 31

Spółka ma siedzibę w Kowlu przy ulicy Włodzimierskiej Nr. 103. Wspólnikami są: Hilary Jurczenkowicz i Michał Griniuk, zamie
szkali w Kowlu. grudnia 1930 roku, podpisy na której uwierzytelnione zostały
przez Hipolita Żyznowskiego, notarjusza w Kowlu",https://polona.pl/preview/ac8fca80-18d5-4735-891e-12ca8f5a37db
ac8fca80-18d5-4735-891e-12ca8f5a37db,"Obwieszczenia Publiczne : dodatek do Dziennika Urzędowego Ministerstwa Sprawiedliwości.   R.15, № 31 (18 kwietnia 1931)",1931-04-18,62,"Griniuk, skład narzędzi i maszyn rolni
czych, spółka firmowa w Kowlu"". roku,
podpisy na której uwierzytelnione zostały w tymże dniu przez Adolfa
Horodeckiego, notarjusza w Kowlu przedsiębiorstwa jest eksploatacja młyna gazowo-pa-
rowego, znajdującego się przy ulicy Włodzimierskiej Nr. 149 w Kowlu następującej:
Teodora Zwolańska, Salomeja Naumczyk, Moszko Epelbaum i Men
del Szmukler, spółka firmowa, młyn w Kowlu Wspólnikami są: Teodora Zwolańska, Salomeja Naumczyk, Moszko
Epelbaum i Mendel Szmukler, zam. w Kowlu",https://polona.pl/preview/ac8fca80-18d5-4735-891e-12ca8f5a37db
530dffdd-9562-463f-b89a-42a1eafc2365,"Obwieszczenia Publiczne : dodatek do Dziennika Urzędowego Ministerstwa Sprawiedliwości.   R.15, № 36 (6 maja 1931)",1931-05-06,28,"Maniewicze, powiatu kowelskiego, Pawła Krysaka do depozytu
sądu okręgowego w Łucku w kasie skarbowej w Kowlu Z. w Kowlu z dnia 22 marca 1927 roku
Nr. 245. Nr. Z. 933/30. 5753
0 zaginionych.",https://polona.pl/preview/530dffdd-9562-463f-b89a-42a1eafc2365
09477b79-6447-4a96-a349-b3b45741052d,"Obwieszczenia Publiczne : dodatek do Dziennika Urzędowego Ministerstwa Sprawiedliwości.   R.15, № 37 (9 maja 1931)",1931-05-09,10,"Nr. 149/31 r. 5899
Sąd grodzki w Kowlu, na mocy art. 1401 U. P.",https://polona.pl/preview/09477b79-6447-4a96-a349-b3b45741052d
4dcfcdc1-e11b-4d26-9cf5-409fd643de71,"Obwieszczenia Publiczne : dodatek do Dziennika Urzędowego Ministerstwa Sprawiedliwości.   R.15, № 40 (20 maja 1931)",1931-05-20,45,"obwieszcza, że na skutek podania z dnia
4 kwietnia 1931 roku, wniesionego przez Ignacego Saruna, mieszk.
w Kowlu",https://polona.pl/preview/4dcfcdc1-e11b-4d26-9cf5-409fd643de71
8ce69f39-8728-432f-9438-3d38fffa2a82,"Obwieszczenia Publiczne : dodatek do Dziennika Urzędowego Ministerstwa Sprawiedliwości.   R.15, № 42 (27 maja 1931)",1931-05-27,45,"Kierownikiem oddziału w Kowlu jest Edmund Januszkowski,
uprawniony do zastępowania emigrantów przy wyrabianiu",https://polona.pl/preview/8ce69f39-8728-432f-9438-3d38fffa2a82
8ce69f39-8728-432f-9438-3d38fffa2a82,"Obwieszczenia Publiczne : dodatek do Dziennika Urzędowego Ministerstwa Sprawiedliwości.   R.15, № 42 (27 maja 1931)",1931-05-27,44,"Marszałkowskiej Nr. 124,
oddział w Kowlu, przy ul. Kolejowej Nr 88.",https://polona.pl/preview/8ce69f39-8728-432f-9438-3d38fffa2a82
8ce69f39-8728-432f-9438-3d38fffa2a82,"Obwieszczenia Publiczne : dodatek do Dziennika Urzędowego Ministerstwa Sprawiedliwości.   R.15, № 42 (27 maja 1931)",1931-05-27,41,"Przedmiotem przedsiębiorstwa jest eksploatacja młyna motorowego
w Kowlu przy ulicy Łuckiej Nr. 20. Wspólnikami są: Motel Stolar i Szymon Mielni
cer, zam. w Kowlu. na której poświad
czone zostały w dniu 9 marca tego roku przez Hipolita Żyznowskiego,
notarjusza w Kowlu Mielnicer w Kowlu, spółka firmowa, młyn motorowy.",https://polona.pl/preview/8ce69f39-8728-432f-9438-3d38fffa2a82
4feec3cd-1d46-4367-9487-c35b66676274,"Obwieszczenia Publiczne : dodatek do Dziennika Urzędowego Ministerstwa Sprawiedliwości.   R.15, № 46 (10 czerwca 1931)",1931-06-10,59,"„Lipniki"", powierzchni
105 ha 6142 mtr. kw., własność gminy miejskiej w Kowlu, z mocy prze
dawnienia.",https://polona.pl/preview/4feec3cd-1d46-4367-9487-c35b66676274
a2ebdad0-4d8e-4479-be29-3bb389330f49,"Obwieszczenia Publiczne : dodatek do Dziennika Urzędowego Ministerstwa Sprawiedliwości.   R.15, № 47 (13 czerwca 1931)",1931-06-13,57,"Gródek, pow. kowelskiego, Józefa Romaniuka, do depozytu sądu
okresowego w Łucku w kasie skarbowej w Kowlu Z. w Kowlu z dnia 28 marca 1927 roku za Nr. 242 .",https://polona.pl/preview/a2ebdad0-4d8e-4479-be29-3bb389330f49
cf457298-6fe8-45af-8ad1-333b790c22b9,"Obwieszczenia Publiczne : dodatek do Dziennika Urzędowego Ministerstwa Sprawiedliwości.   R.15, № 49 A (20 czerwca 1931)",1931-06-20,31,"okręgowego w Łucku,
wciągnięto w dniu 14 kwietnia 1931 roku pod Nr. 1386, przy firmie Je-
rzy Djanowski w Kowlu",https://polona.pl/preview/cf457298-6fe8-45af-8ad1-333b790c22b9
cf457298-6fe8-45af-8ad1-333b790c22b9,"Obwieszczenia Publiczne : dodatek do Dziennika Urzędowego Ministerstwa Sprawiedliwości.   R.15, № 49 A (20 czerwca 1931)",1931-06-20,17,"Otwarto oddziały w Kowlu i Klesowie: Udzielono pro
kury dla centrali: Nochumowi Joffe. Wpis powyższy, w dniu 21 listopada 1930 r., uzupełniony został dopeł
nieniem: Oddziały w Kowlu i Klesowie Dla oddziału w Kowlu Jojne Pe-
relmuterowi i dla oddziału w Klesowie Józefowi Margulisowi z prawem
podpisywania",https://polona.pl/preview/cf457298-6fe8-45af-8ad1-333b790c22b9
a2131ac6-82c6-45f9-92b0-d87b42dee9a2,"Obwieszczenia Publiczne : dodatek do Dziennika Urzędowego Ministerstwa Sprawiedliwości.   R.15, № 50 (24 czerwca 1931)",1931-06-24,18,"Hersza Karpela męża i oj
ca wierzycieli z mocy aktu zastawu, sporządzonego przez notarjusza
Democzani w Kowlu",https://polona.pl/preview/a2131ac6-82c6-45f9-92b0-d87b42dee9a2
ee7cae3c-89b1-4495-a835-17e5a6dc4b46,"Obwieszczenia Publiczne : dodatek do Dziennika Urzędowego Ministerstwa Sprawiedliwości.   R.15, № 53 A (4 lipca 1931)",1931-07-04,31,"pierw
szym akcie), podpisy, na której uwierzytelnione zostały przez Hipolita
Żyznowskiego, notarjusza w Kowlu okręgowego w Łucku, Działu A,
w dniu 14 kwietnia 1931 roku pod Nr. 4136, przy firmie Armarnik B.
i S-ka w Kowlu",https://polona.pl/preview/ee7cae3c-89b1-4495-a835-17e5a6dc4b46
9ccdbefd-12f2-4a91-ba2e-abb07376ad67,"Obwieszczenia Publiczne Starostwa i Wydziału Powiatowego Lubawskiego  R. 2, nr 30 (6 lipca 1931)",1931-07-06,3,"956
oznajmiam, źe Ministerstwo Spraw Wewnętrznych
przedłużyło Komitetowi Budowy Pomnika Koś
cioła w Kowlu",https://polona.pl/preview/9ccdbefd-12f2-4a91-ba2e-abb07376ad67
652d0bcd-4ff9-4be3-9a91-134d5b451b6b,"Obwieszczenia Publiczne : dodatek do Dziennika Urzędowego Ministerstwa Sprawiedliwości.   R.15, № 55 A (11 lipca 1931)",1931-07-11,11,"Dla oddziału w Kowlu: Ottonowi
Korwin-Tomaszewskiemu. Dla oddziału w Brześciu: Teodorowi Sa-
wośko. Prokura Jana Matejfa za oddział
w Kowlu ustała.",https://polona.pl/preview/652d0bcd-4ff9-4be3-9a91-134d5b451b6b
652d0bcd-4ff9-4be3-9a91-134d5b451b6b,"Obwieszczenia Publiczne : dodatek do Dziennika Urzędowego Ministerstwa Sprawiedliwości.   R.15, № 55 A (11 lipca 1931)",1931-07-11,31,"okręgowego w Łucku, Działu ,,A“,
w dniu 4 maja 1931 roku pod Nr. 4454 przy firmie „Tuller Nuta i Szlo-
ma w Kowlu",https://polona.pl/preview/652d0bcd-4ff9-4be3-9a91-134d5b451b6b
66a914b6-f21e-46c4-a105-3338955c4fc1,"Obwieszczenia Publiczne : dodatek do Dziennika Urzędowego Ministerstwa Sprawiedliwości.   R.15, nr 58 (22 lipca 1931)",1931-07-22,4,"Sąd grodzki w Kowlu, na mocy art. 1401 U. P.",https://polona.pl/preview/66a914b6-f21e-46c4-a105-3338955c4fc1
89963d9e-80e6-4a66-89bd-7fecc14c0c6c,"Obwieszczenia Publiczne : dodatek do Dziennika Urzędowego Ministerstwa Sprawiedliwości.   R.15, № 58 A (22 lipca 1931)",1931-07-22,31,"1931 roku pod Nr. 85 przy firmie „Stała
komunikacja samochodowa Kowel — Ratno, spółka z ogr. odpow.
w Kowlu",https://polona.pl/preview/89963d9e-80e6-4a66-89bd-7fecc14c0c6c
e14a4e34-a013-4140-9797-a905bc92dfe4,"Obwieszczenia Publiczne : dodatek do Dziennika Urzędowego Ministerstwa Sprawiedliwości.   R.15, № 59 (25 lipca 1931)",1931-07-25,62,"Spółka zawarta na czas nieograniczony na mocy
aktu zeznanego przed Hipolitem Żyznowskim notarjuszem w Kowlu uprawnieni są trzej wspólnicy Lejb Armarnik, Duwid
Perelmuter i Szaja-Idel Kac, wszyscy zamieszkali w Kowlu",https://polona.pl/preview/e14a4e34-a013-4140-9797-a905bc92dfe4
e14a4e34-a013-4140-9797-a905bc92dfe4,"Obwieszczenia Publiczne : dodatek do Dziennika Urzędowego Ministerstwa Sprawiedliwości.   R.15, № 59 (25 lipca 1931)",1931-07-25,3,"O. 38 31. 9962
Sąd grodzki w Kowlu, na mocy art. 1401 U. P. w Kowlu przy ul.",https://polona.pl/preview/e14a4e34-a013-4140-9797-a905bc92dfe4
60c3264b-2ada-46dd-8106-36d415f56cd4,"Obwieszczenia Publiczne : dodatek do Dziennika Urzędowego Ministerstwa Sprawiedliwości.   R.15, № 60 (29 lipca 1931)",1931-07-29,65,"Ro
mana i Ireny, który stale zamieszkiwał w Kowlu, skąd w roku ewa
kuacji wyjechał z rodziną do Rosji",https://polona.pl/preview/60c3264b-2ada-46dd-8106-36d415f56cd4
60c3264b-2ada-46dd-8106-36d415f56cd4,"Obwieszczenia Publiczne : dodatek do Dziennika Urzędowego Ministerstwa Sprawiedliwości.   R.15, № 60 (29 lipca 1931)",1931-07-29,48,"Landów, do podjęcia
zdeponowanej kwoty na rzecz ich przez Szejdę Goldsztejn, zamieszkałą
w Kowlu, ul Zb.Pr.Ros.), i art. 1460 s - U.P.C., wzywa właśc. domu w Kowlu
niewiadome z miejsca pobytu Chanę i Gołdę Warszawska 2, do depozytu sądu okręgowego w Łucku
w kasie Skarbowej w Kowlu 20 grudnia 1930 r pod poz",https://polona.pl/preview/60c3264b-2ada-46dd-8106-36d415f56cd4
60c3264b-2ada-46dd-8106-36d415f56cd4,"Obwieszczenia Publiczne : dodatek do Dziennika Urzędowego Ministerstwa Sprawiedliwości.   R.15, № 60 (29 lipca 1931)",1931-07-29,68,"roku Porfirego Dubińca, przez niego sporządzony
w dniu 6 maja 1930 roku przed notarjuszem Żyznowskim w Kowlu",https://polona.pl/preview/60c3264b-2ada-46dd-8106-36d415f56cd4
60c3264b-2ada-46dd-8106-36d415f56cd4,"Obwieszczenia Publiczne : dodatek do Dziennika Urzędowego Ministerstwa Sprawiedliwości.   R.15, № 60 (29 lipca 1931)",1931-07-29,71,"okręgowego w Warsza
wie, w dniu 10 marca 1926 r., wciągnięto za Nr. 4308:
„Bufet kolejowy I i II klasy w Kowlu Celem
spółki jest eksploatacja bufetu kolejowego 1 i 2 klasy w Kowlu.",https://polona.pl/preview/60c3264b-2ada-46dd-8106-36d415f56cd4
1a2609c7-fd80-4343-88d5-43a4ff7b7708,"Obwieszczenia Publiczne : dodatek do Dziennika Urzędowego Ministerstwa Sprawiedliwości.   R.15, № 63 (8 sierpnia 1931)",1931-08-08,26,"iewskiej z mocy aktu adjudykacyjnego zeznanego dn. 1 lipca 1888 r. przed
notarjuszem Tietierinym w Kowlu",https://polona.pl/preview/1a2609c7-fd80-4343-88d5-43a4ff7b7708
e04c42cb-18c3-425c-b8be-6fe7a3dbebe3,"Obwieszczenia Publiczne : dodatek do Dziennika Urzędowego Ministerstwa Sprawiedliwości.   R.15, № 67 A (22 sierpnia 1931)",1931-08-22,15,"zawartą została na mo
cy aktu zeznanego przez spólników przed Hipolitem Żyznowskim, nota-
rjuszem w Kowlu",https://polona.pl/preview/e04c42cb-18c3-425c-b8be-6fe7a3dbebe3
f1238231-4793-489f-97df-04998562fd15,"Obwieszczenia Publiczne : dodatek do Dziennika Urzędowego Ministerstwa Sprawiedliwości.   R.15, № 68 (26 sierpnia 1931)",1931-08-26,38,"„Chrystyna Micielska”, drobna sprzedaż artykułów spożyw
czych i wędliny w Kowlu, ul. „Małka Mełamed"", drobny handel spożywczy w Kowlu, ul.
Legjonowa Nr. 30. „Jankiel-Ber Jajner"", drobny handel spożywczy i kożuchów
w Kowlu, ul. Rynek Nr. 7.",https://polona.pl/preview/f1238231-4793-489f-97df-04998562fd15
f1238231-4793-489f-97df-04998562fd15,"Obwieszczenia Publiczne : dodatek do Dziennika Urzędowego Ministerstwa Sprawiedliwości.   R.15, № 68 (26 sierpnia 1931)",1931-08-26,37,"„Awrum-Chuna Zafran , drobny handel spożywczy i sieczki
w Kowlu, przy ul. Handlowej Nr. 37. „Antonina Kościńska , drobna sprzedaż wędliny i mięsa oraz
towarów spożywczych w Kowlu, przy ul.",https://polona.pl/preview/f1238231-4793-489f-97df-04998562fd15
cf270b2e-d5a6-4648-9a2e-3c578ba30edd,"Obwieszczenia Publiczne : dodatek do Dziennika Urzędowego Ministerstwa Sprawiedliwości.   R.15, № 69 (29 sierpnia 1931)",1931-08-29,18,"m-ku Lubomłu, powierzchni około 24 sąż. kw.,
własność Jankiela Felera vel Fellera;
2) nieruchomość w Kowlu",https://polona.pl/preview/cf270b2e-d5a6-4648-9a2e-3c578ba30edd
34ae5ec8-f489-4db8-88e5-81ecf147bb7d,"Obwieszczenia Publiczne : dodatek do Dziennika Urzędowego Ministerstwa Sprawiedliwości.   R.15, № 71 (5 września 1931)",1931-09-05,26,"został powołany do wojska polskiego, gdzie służył w kompanji
telegraficznej naczelnego dowództwa w Kowlu",https://polona.pl/preview/34ae5ec8-f489-4db8-88e5-81ecf147bb7d
06102d6b-064c-4739-aeb3-6b57b1d31c4b,"Obwieszczenia Publiczne : dodatek do Dziennika Urzędowego Ministerstwa Sprawiedliwości.   R.15, № 76 (23 września 1931)",1931-09-23,4,"śmierci, położonego we wsi Trościani-
ca, gminy ratajczyckiej, powiatu brzeskiego. 12206
Sąd grodzki w Kowlu",https://polona.pl/preview/06102d6b-064c-4739-aeb3-6b57b1d31c4b
06102d6b-064c-4739-aeb3-6b57b1d31c4b,"Obwieszczenia Publiczne : dodatek do Dziennika Urzędowego Ministerstwa Sprawiedliwości.   R.15, № 76 (23 września 1931)",1931-09-23,0,"urzędu gminy Juchnowiec Nr. 3240 i pismo Państwowego Banku Rol
nego Nr. 29571. 12196 '
Sąd grodzki w Kowlu",https://polona.pl/preview/06102d6b-064c-4739-aeb3-6b57b1d31c4b
45f5d58e-92d7-44e0-86e1-27f18713d58f,"Obwieszczenia Publiczne : dodatek do Dziennika Urzędowego Ministerstwa Sprawiedliwości.   R.15, № 77 (26 września 1931)",1931-09-26,63,"Oddział w Kowlu przy ul.
Brzeskiej Nr. 153, skład produktów naftowych. Właśc.",https://polona.pl/preview/45f5d58e-92d7-44e0-86e1-27f18713d58f
47951137-62a7-41e2-9b8c-9f4fe794881b,"Obwieszczenia Publiczne : dodatek do Dziennika Urzędowego Ministerstwa Sprawiedliwości.   R.15, № 80 (7 października 1931)",1931-10-07,101,"Nr. 80

nieruchomości w Kowlu przy ul. Warszawskiej Nr. 2, niewiadomych
z miejsca pobytu.",https://polona.pl/preview/47951137-62a7-41e2-9b8c-9f4fe794881b
47951137-62a7-41e2-9b8c-9f4fe794881b,"Obwieszczenia Publiczne : dodatek do Dziennika Urzędowego Ministerstwa Sprawiedliwości.   R.15, № 80 (7 października 1931)",1931-10-07,100,"Cyw., wzywa prawnych
właścicieli niewiadomych z miejsca pobytu zamieszkałych dawnie,
w Kowlu przy ul. Warszawskiej Nr. 2 do podjęcia depozytu złożonego
sądowi okr. w Łucku w Kasie Skarbowej w Kowlu tytułem",https://polona.pl/preview/47951137-62a7-41e2-9b8c-9f4fe794881b
40da971c-61d5-45d6-9928-e3a863ef84c2,"Obwieszczenia Publiczne : dodatek do Dziennika Urzędowego Ministerstwa Sprawiedliwości.   R.15, № 82 (14 października 1931)",1931-10-14,125,"„Lcia Marder"", droby handel waty w Kowlu, ul. Handlowa
Nr. 13. Właśc,. „Sura Kagan"", drobny handel spożywczy w Kowlu, ul. Han
dlowa Nr. 46. Właśc. „Ita Lewin"", drobny handel żelazem i gailanterją w Kowlu,
ul. Sienkiewicza Nr. 35. Właśc. „Jan Styczyński"", drobny handel spożywczy w Kowlu, ul.
Sienkiewicza Nr. 39. Właśc. Leja Marder, zam. w Kowlu, ul. Krótka 47.
6770.",https://polona.pl/preview/40da971c-61d5-45d6-9928-e3a863ef84c2
40da971c-61d5-45d6-9928-e3a863ef84c2,"Obwieszczenia Publiczne : dodatek do Dziennika Urzędowego Ministerstwa Sprawiedliwości.   R.15, № 82 (14 października 1931)",1931-10-14,7,"C. 87/31. 13311
Sąd grodzki w Kowlu, na mocy art. 1401 U. P. wezwania w dru
ku, zgłosili prawa swoje do majątku nieruchomego, pozostałego po wy
mienionym zmarłym w Kowlu",https://polona.pl/preview/40da971c-61d5-45d6-9928-e3a863ef84c2
fdfa8dcc-7183-44e2-96e9-94ae4670fd0a,"Obwieszczenia Publiczne : dodatek do Dziennika Urzędowego Ministerstwa Sprawiedliwości.   R.15, № 83 A (17 października 1931)",1931-10-17,29,"treści następującej pod
Nr. 6858:
„Cuperfajn, Sygał, Tejtelbaum i S-ka, dom handlowo - przemysło
wy w Kowlu",https://polona.pl/preview/fdfa8dcc-7183-44e2-96e9-94ae4670fd0a
fdfa8dcc-7183-44e2-96e9-94ae4670fd0a,"Obwieszczenia Publiczne : dodatek do Dziennika Urzędowego Ministerstwa Sprawiedliwości.   R.15, № 83 A (17 października 1931)",1931-10-17,30,"uwierzytelnione zostały przez Antoniego
Sierakiewicza, zastępcę Tadeusza Limanowskiego p. o. notarjusza
w Kowlu Cuperfajn, Nojach Cuperfajn,
Aron Cuperfajn, Szaja Tejtelbaum, Abram Tejtelbojm, Berko Sztejnberg,
zam. w Kowlu",https://polona.pl/preview/fdfa8dcc-7183-44e2-96e9-94ae4670fd0a
950b11c5-f06c-4b50-83d2-a725c68af89b,"Obwieszczenia Publiczne : dodatek do Dziennika Urzędowego Ministerstwa Sprawiedliwości.   R.15, № 85 (24 października 1931)",1931-10-24,59,"„Grzegorz Mochniuk"", drobny handel m ; ęsem w Kowlu,
ul. Miła (dawniej Jaworowa Nr. 29). Właśc.",https://polona.pl/preview/950b11c5-f06c-4b50-83d2-a725c68af89b
950b11c5-f06c-4b50-83d2-a725c68af89b,"Obwieszczenia Publiczne : dodatek do Dziennika Urzędowego Ministerstwa Sprawiedliwości.   R.15, № 85 (24 października 1931)",1931-10-24,56,"„Etla Curif'\ drobny handel spożywczy w Kowlu, ul. Pom
nikowa Nr. 33. Właśc.",https://polona.pl/preview/950b11c5-f06c-4b50-83d2-a725c68af89b
950b11c5-f06c-4b50-83d2-a725c68af89b,"Obwieszczenia Publiczne : dodatek do Dziennika Urzędowego Ministerstwa Sprawiedliwości.   R.15, № 85 (24 października 1931)",1931-10-24,58,"„Abram - Jakób Zylbemnan"", drobny handel spożywczy
w Kowlu, ul. Pomnikowa Nr. 78. Właśc. „Baszewa Giber"", drobny handel spożywczy w Kowlu, ul.
Handlowa Nr. 22. Właśc. „Arkadjer Ruchla"", drobny handel manufaktury w Kowlu,
ul. Warszawska Nr. 116. Właśc.",https://polona.pl/preview/950b11c5-f06c-4b50-83d2-a725c68af89b
950b11c5-f06c-4b50-83d2-a725c68af89b,"Obwieszczenia Publiczne : dodatek do Dziennika Urzędowego Ministerstwa Sprawiedliwości.   R.15, № 85 (24 października 1931)",1931-10-24,57,"„Marja Houżwic vel Hurwic"", drobny handel wyrobów tyto
niowych i artykułów spożywczych w Kowlu, ul. Lejba Karsz, zamieszkały w Kowlu, ul. Komarow-
ska Nr. 8.
6832. „Mo;sze Wajncwajg , drobny handel mięsem w Kowlu, ul.
Kolejowa Nr. 2. Właśc. „Szejndla Sztejnberg"", drobny handel spożywczy, wody so
dowej i słodyczy w Kowlu, ul. 3 Maja Nr. 2. „Lejba Karsz , drobny handel mięsem w Kowlu, ul. Mickie
wicza Nr. 10. Właśc.",https://polona.pl/preview/950b11c5-f06c-4b50-83d2-a725c68af89b
65b3ed8e-fd14-41ca-85e2-804a620a4d0b,"Obwieszczenia Publiczne : dodatek do Dziennika Urzędowego Ministerstwa Sprawiedliwości.   R.15, № 86 (28 października 1931)",1931-10-28,91,"Z. w Kowlu z dnia 25/1 1927 roku za
Nr. 93 25. N'. 86

depozytu sądu okręgowego w Łucku w Kasie Skarbowej w Kowlu
w dn. 1 października 1931 roku pod",https://polona.pl/preview/65b3ed8e-fd14-41ca-85e2-804a620a4d0b
c247ce90-6aa2-46b3-b7cb-f497c3f2d167,"Obwieszczenia Publiczne : dodatek do Dziennika Urzędowego Ministerstwa Sprawiedliwości.   R.15, № 87 A (31 października 1931)",1931-10-31,5,"Lejzor Cyn, zam.
tamże.
6795. ,,Chaja Margulis"", handel manufakturą ludową w Kowlu, ul. „Chaja Erłach"", drobny handel obuwia i galanterji w Kowlu,
przy ulicy Warszawskiej Nr. 16. Właśc. „Ruwin - Ber Oks"", drobna sprzedaż mięsa w Kowlu, ulica
Mieszczańska Nr. 8. Właśc. „Małka Zylber"", drobny handel spożywczy w Kowlu, ulica
Brzeska Nr. 1. „Oks Ghana - Sura"", drobna sprzedaż mięsa w Kowlu, ulica
Sienkiewicza Nr. 6. Właśc.",https://polona.pl/preview/c247ce90-6aa2-46b3-b7cb-f497c3f2d167
c247ce90-6aa2-46b3-b7cb-f497c3f2d167,"Obwieszczenia Publiczne : dodatek do Dziennika Urzędowego Ministerstwa Sprawiedliwości.   R.15, № 87 A (31 października 1931)",1931-10-31,4,"„Fro m Mełamed"", drobna sprzedaż resztek manufaktury
ludowej w Kowlu, ulica Warszawska 154. Właśc. „Prejss Estera"", drobna sprzedaż koszyków i powrozów
w Kowlu, ulica Warszawska Nr. 129. Właśc.",https://polona.pl/preview/c247ce90-6aa2-46b3-b7cb-f497c3f2d167
b30cc58d-b893-4794-b0d7-9452009c3da0,"Obwieszczenia Publiczne : dodatek do Dziennika Urzędowego Ministerstwa Sprawiedliwości.   R.15, № 89 A (7 listopada 1931)",1931-11-07,1,"1931 roku pod Nr. 709 wciągnięto wp:s
treści następującej:
Kowelskie Towarzystwo Wzajemnego Kredytu w Kowlu Midhała Fajnsztejna, Berka
Armarnika, Włodzimierza Gorlałowa, Izraela Libermana i Jakoba
Efrusa, zam. w Kowlu",https://polona.pl/preview/b30cc58d-b893-4794-b0d7-9452009c3da0
2a3c9ad2-6289-47aa-9ea8-65d9c0e444d2,"Obwieszczenia Publiczne : dodatek do Dziennika Urzędowego Ministerstwa Sprawiedliwości.   R.15, № 94 (25 listopada 1931)",1931-11-25,69,"Blech-
man Lejzor, zam. tamże.
6885. ,,Szymon Rojzen"", drobny handel spożywczy w Kowlu, Ko-
łodnicka „Jankiel Gelbord"", drobna sprzedaż naczyń drewnianych
w Kowlu, ulica Handlowa Nr. 37. Właśc. „Cyrla Łorber , drobny handel spożywczy w Kowlu, ulica
Pomnikowa Nr. 80. Właśc.",https://polona.pl/preview/2a3c9ad2-6289-47aa-9ea8-65d9c0e444d2
2a3c9ad2-6289-47aa-9ea8-65d9c0e444d2,"Obwieszczenia Publiczne : dodatek do Dziennika Urzędowego Ministerstwa Sprawiedliwości.   R.15, № 94 (25 listopada 1931)",1931-11-25,71,"„Masza vel Myszka Szwarcblat"", drobny handel spożywczy
i słodyczy w Kowlu, ulica Sienkiewicza Nr. 2. „Eugenjusz Łaczkiewicz , drobna sprzedaż wędlin i mięsa
w Kowlu, ulica Warszawska Nr. 188. Właśc.",https://polona.pl/preview/2a3c9ad2-6289-47aa-9ea8-65d9c0e444d2
2a3c9ad2-6289-47aa-9ea8-65d9c0e444d2,"Obwieszczenia Publiczne : dodatek do Dziennika Urzędowego Ministerstwa Sprawiedliwości.   R.15, № 94 (25 listopada 1931)",1931-11-25,70,"„Nesia Fiszman"", drobny handel spożywczy w Kowlu, ulica
Brzeska Nr. 22. Właśc. „Czyżyk Chaim - Wolf"", drobny handel mięsem w Kowlu,
ulica Łucka Nr. 39. Właśc. „Brucha Frankfowicz"", piw arnia w Kowlu, ulica Warszaw
ska Nr. 4. Właśc. „Dyncia Finkielsztejn"", drobny handel spożywczy w Kowlu,
ulica Handlowa Nr. 12. Właśc.",https://polona.pl/preview/2a3c9ad2-6289-47aa-9ea8-65d9c0e444d2
3684b780-bf22-47ea-b29e-745508ce7596,"Obwieszczenia Publiczne : dodatek do Dziennika Urzędowego Ministerstwa Sprawiedliwości.   R.15, № 94 A (25 listopada 1931)",1931-11-25,24,"„Dwojra Brykman“ — drobny handel galanterji w Kowlu,
ul. Warszawska 146.",https://polona.pl/preview/3684b780-bf22-47ea-b29e-745508ce7596
8c0cd9ef-9d61-487e-a055-384703b3f0e7,"Obwieszczenia Publiczne : dodatek do Dziennika Urzędowego Ministerstwa Sprawiedliwości.   R.15, № 95 A (28 listopada 1931)",1931-11-28,11,"Wpisano na
mocy aktu, zaznanego przed notarjuszem Tadeuszem Limanowskim,
w Kowlu dnia 27 czerwca 1931",https://polona.pl/preview/8c0cd9ef-9d61-487e-a055-384703b3f0e7
8c0cd9ef-9d61-487e-a055-384703b3f0e7,"Obwieszczenia Publiczne : dodatek do Dziennika Urzędowego Ministerstwa Sprawiedliwości.   R.15, № 95 A (28 listopada 1931)",1931-11-28,15,"Hersz Bokser, zam. w Kowlu, przy ul.
J.",https://polona.pl/preview/8c0cd9ef-9d61-487e-a055-384703b3f0e7
7f3507fa-412f-4ff1-9c14-3d85ef3226cd,"Obwieszczenia Publiczne : dodatek do Dziennika Urzędowego Ministerstwa Sprawiedliwości.   R.15, № 98 A (9 grudnia 1931)",1931-12-09,17,"„Marcin Herlen“ — autobus kursujący Kowel — Mielnica
Właściciel: Marcin Herlen, zamieszkały w Kowlu, Wła
ścicielka: Helena Machniakowa, zamieszkała w Kowlu, ul. Ks. „Łukasz Trusiuk"" — skład apteczny w Kowlu, ul. Brze
ska Nr. 1.",https://polona.pl/preview/7f3507fa-412f-4ff1-9c14-3d85ef3226cd
27af7d17-4159-4e2a-853c-4387283616b4,"Obwieszczenia Publiczne : dodatek do Dziennika Urzędowego Ministerstwa Sprawiedliwości.   R.15, № 99 A (12 grudnia 1931)",1931-12-12,20,"„Zemel Szmul"", drobny handel spożywczy w Kowlu, ul. Wło
dzimierska Nr. 2. Właśc. Marja Stasiak, zam. w Kowlu, ul. Mało-Gon-
czarna 23.
6942. „Pejsach Zelcer"", drobny handel żelaza w Kowlu, ul. War
szawska Nr. 18. Właśc.",https://polona.pl/preview/27af7d17-4159-4e2a-853c-4387283616b4
27af7d17-4159-4e2a-853c-4387283616b4,"Obwieszczenia Publiczne : dodatek do Dziennika Urzędowego Ministerstwa Sprawiedliwości.   R.15, № 99 A (12 grudnia 1931)",1931-12-12,19,"„Etla Golender"", drobny handel spożywczy w Kowlu, ul.
Szeroka Nr. 10. Właśc.",https://polona.pl/preview/27af7d17-4159-4e2a-853c-4387283616b4
27af7d17-4159-4e2a-853c-4387283616b4,"Obwieszczenia Publiczne : dodatek do Dziennika Urzędowego Ministerstwa Sprawiedliwości.   R.15, № 99 A (12 grudnia 1931)",1931-12-12,21,"„Bluma Gori-n"", drobny handel mięsem w Kowlu, ul. Mie
szczańska 8. Właśc.",https://polona.pl/preview/27af7d17-4159-4e2a-853c-4387283616b4
fa4a8a12-cd64-43bd-af17-ec775b8ad0a2,"Obwieszczenia Publiczne : dodatek do Dziennika Urzędowego Ministerstwa Sprawiedliwości.   R.15, № 101 (19 grudnia 1931)",1931-12-19,19,"skarbowej w Kowlu na depozyt sądu w Łucku. Łandę nie
wiadomą z miejsca pobytu do podjęcia zdeponowanej kwoty przez Gold-
sztejna Baszejwę, zam. w Kowlu Chanę Łandę, nie
wiadomą z miejsca pobytu do podjęcia zdeponowanej kwoty przez Szlo-
mę Fiszera, zam. w Kowlu Warszawskiej 2
za czas: od 21 marca 1931 r. do 21 września 1931 r. w Kowlu, pieniądze
złożone do kasy okręgowego w Łucku na rzecz Chany Landy i Mojsze Goldszmidta 200 zł.
70 gr. tytułem komornego za lokal w Kowlu",https://polona.pl/preview/fa4a8a12-cd64-43bd-af17-ec775b8ad0a2
ad7d3e1b-d05d-49b4-83a4-8bd9a5954709,"Obwieszczenia Publiczne : dodatek do Dziennika Urzędowego Ministerstwa Sprawiedliwości.   R.15, № 102 (23 grudnia 1931)",1931-12-23,68,"okręgowego w Łucku
w dniu 6 listopada 1931 roku pod Nr. 4136 przy firmie „Młyn walcowy
Armamik B. i S-ka w Kowlu akcie), podpisy na której uwierzytelnione zo
stały przez Tadeusza Limanowskiego p. o. noatrjusza w Kowlu",https://polona.pl/preview/ad7d3e1b-d05d-49b4-83a4-8bd9a5954709
91b1cd99-cccd-4cf5-922d-ec3abb13dccd,"Obwieszczenia Publiczne : dodatek do Dziennika Urzędowego Ministerstwa Sprawiedliwości.   R.15, № 103 (26 grudnia 1931)",1931-12-26,37,"Z. w Kowlu z dnia 28 marca 1927 roku. Nr. 242/25. Nr. Z. 1706/31.
16964

0 wakującym spadku. przez mieszkańca miasta Kowla,
Szlomę Fiszera, do depozytu sądu okręgowego w Łucku w Kasie Skar
bowej w Kowlu Z. w Kowlu z dnia 28 marca 1927 roku, spr. Nr. 245.
Nr. Z. w Kowlu z dnia 28 marca
1927 roku. Nr. 244/25. Nr. cze, powiatu kowelskiego, Józefa Romoniuka do depozytu -sądu okrę
gowego w Łucku w kasie skarbowej w Kowlu",https://polona.pl/preview/91b1cd99-cccd-4cf5-922d-ec3abb13dccd
b5d67043-2e05-447d-8d5e-a4bdff839137,"Obwieszczenia Publiczne : dodatek do Dziennika Urzędowego Ministerstwa Sprawiedliwości.   R.16, № 1 (2 stycznia 1932)",1932-01-02,3,"prawa
wekslowego, obwieszcza, że zostało wniesione do sądu podanie przez
Nuchema Kuczyńskiego, zam. w Kowlu",https://polona.pl/preview/b5d67043-2e05-447d-8d5e-a4bdff839137
f60a4934-903d-448c-bb10-748617d61979,"Obwieszczenia Publiczne : dodatek do Dziennika Urzędowego Ministerstwa Sprawiedliwości.   R.16, № 2 A (6 stycznia 1932)",1932-01-06,11,"ograniczo
ną odpowiedzialnością zawarta na mocy aktu zeznanego przed Hipoli
tem Żyznowskim, notarjuszem w Kowlu",https://polona.pl/preview/f60a4934-903d-448c-bb10-748617d61979
f60a4934-903d-448c-bb10-748617d61979,"Obwieszczenia Publiczne : dodatek do Dziennika Urzędowego Ministerstwa Sprawiedliwości.   R.16, № 2 A (6 stycznia 1932)",1932-01-06,9,"„Berko Fajer i Szloma Blumsztejn w Kowlu"" — handel
obuwiem chłopskiem i kosami z ruchomego pomieszczenia",https://polona.pl/preview/f60a4934-903d-448c-bb10-748617d61979
f60a4934-903d-448c-bb10-748617d61979,"Obwieszczenia Publiczne : dodatek do Dziennika Urzędowego Ministerstwa Sprawiedliwości.   R.16, № 2 A (6 stycznia 1932)",1932-01-06,10,"Spólnikami są Berko Fajer i Szloma Blumsztejn,
zam. w Kowlu.",https://polona.pl/preview/f60a4934-903d-448c-bb10-748617d61979
47dda29d-3da2-41ee-bdf5-bb2c424181e3,"Obwieszczenia Publiczne : dodatek do Dziennika Urzędowego Ministerstwa Sprawiedliwości.   R.16, № 3 (9 stycznia 1932)",1932-01-09,0,"oso
biście lub przez pełnomocnika, sprawa rozpoznana będzie w jej nie
obecności. 252

Sąd grodzki w Kowlu",https://polona.pl/preview/47dda29d-3da2-41ee-bdf5-bb2c424181e3
63c0c4d9-08b1-4b82-920b-ed4658d47f41,"Obwieszczenia Publiczne : dodatek do Dziennika Urzędowego Ministerstwa Sprawiedliwości.   R.16, № 4 A (13 stycznia 1932)",1932-01-13,19,"„Bakun Cila , drobny handel galanterji w Kowlu, ul. Ry
nek 3. Wlaśc.",https://polona.pl/preview/63c0c4d9-08b1-4b82-920b-ed4658d47f41
63c0c4d9-08b1-4b82-920b-ed4658d47f41,"Obwieszczenia Publiczne : dodatek do Dziennika Urzędowego Ministerstwa Sprawiedliwości.   R.16, № 4 A (13 stycznia 1932)",1932-01-13,18,"„Liba Pendzik"", drobny handel spożywczy w Kowlu, ul.
Monopolowa Nr. 61. Właśc.",https://polona.pl/preview/63c0c4d9-08b1-4b82-920b-ed4658d47f41
a8cda5ad-03a6-4bf1-a97b-d8978162ef2b,"Obwieszczenia Publiczne : dodatek do Dziennika Urzędowego Ministerstwa Sprawiedliwości.   R.16, № 6 (20 stycznia 1932)",1932-01-20,30,"Kowla, ustanowiona została
opieka na mocy decyzji sądu grodzkiego w Kowlu z dnia 25 listopada
1931 roku Sąd grodzki w Kowlu, zgodn e z art. 374' (T. X, Zb. Pr. O. 181/31. 724
Sąd grodzki w Kowlu, zgodnie z art. 374 1 (T. X, Zb. Pr. wsi Wolan-
szczyzna, pow. kowelskiego, ustanowiona została opieka na mocy decy
zji sądu grodzkiego w Kowlu i opiekunką wymienionego chorego wyznaczona została matka
jego Sura - Rywka Rak, zamieszkała w Kowlu",https://polona.pl/preview/a8cda5ad-03a6-4bf1-a97b-d8978162ef2b
d07e4b6b-68b4-4ec0-b0af-01f5a6a49557,"Obwieszczenia Publiczne : dodatek do Dziennika Urzędowego Ministerstwa Sprawiedliwości.   R.16, № 8 (27 stycznia 1932)",1932-01-27,6,"sprzedaż z licytacji publicznej majątku
nieruchomego, należącego do Estery - Gołdy Panturin, położonego w
Kowlu",https://polona.pl/preview/d07e4b6b-68b4-4ec0-b0af-01f5a6a49557
d07e4b6b-68b4-4ec0-b0af-01f5a6a49557,"Obwieszczenia Publiczne : dodatek do Dziennika Urzędowego Ministerstwa Sprawiedliwości.   R.16, № 8 (27 stycznia 1932)",1932-01-27,4,"zgłosili w tymże sądzie grodzkim prawa dc
pozostałego po zmarłej majątku ruchomego. 933
Sąd grodzki w Kowlu",https://polona.pl/preview/d07e4b6b-68b4-4ec0-b0af-01f5a6a49557
b306d62b-e29d-4023-901c-bf91c0e6ca5c,"Obwieszczenia Publiczne : dodatek do Dziennika Urzędowego Ministerstwa Sprawiedliwości.   R.16, № 13 (13 lutego 1932)",1932-02-13,1,"C. 2225/31 r.). 1823
Sąd grodzki w Kowlu, na mocy art. 58 i 58 1 U. P.",https://polona.pl/preview/b306d62b-e29d-4023-901c-bf91c0e6ca5c
da27b6b1-b4fc-42fe-9c2a-0d820a24f1db,"Obwieszczenia Publiczne : dodatek do Dziennika Urzędowego Ministerstwa Sprawiedliwości.   R.16, № 14 (17 lutego 1932)",1932-02-17,7,"Z. 230/31). 2042
Sąd grodzki w Kowlu, na mocy art. 1401 U. P.",https://polona.pl/preview/da27b6b1-b4fc-42fe-9c2a-0d820a24f1db
831f4ade-6cdf-4647-989a-4c9761c1af64,"Obwieszczenia Publiczne : dodatek do Dziennika Urzędowego Ministerstwa Sprawiedliwości.   R.16, № 14 A (17 lutego 1932)",1932-02-17,14,"„Roza Epsztejn po mężu Kardasz"", drobny handel galan-
terji, ubrań ludowych i obuwia w Kowlu, ul. „Ruchla Pal"", drobny handel spożywczy, wody sodowej
i owoców w Kowlu, ul. Rynek Nr, 19. Właśc.",https://polona.pl/preview/831f4ade-6cdf-4647-989a-4c9761c1af64
30174428-9969-4d9a-a6b1-279408970abc,"Obwieszczenia Publiczne : dodatek do Dziennika Urzędowego Ministerstwa Sprawiedliwości.   R.16, № 16 (24 lutego 1932)",1932-02-24,77,"Wspólnikami są Szloma Biber i Idei Zalchendler, zam. w Kowlu,
ul. Kolejowa Nr. 23. której podpisy wspólników zostały poświadczone przez
Jerzego - Heronima Grabowskiego, notarjusza w Kowlu",https://polona.pl/preview/30174428-9969-4d9a-a6b1-279408970abc
30174428-9969-4d9a-a6b1-279408970abc,"Obwieszczenia Publiczne : dodatek do Dziennika Urzędowego Ministerstwa Sprawiedliwości.   R.16, № 16 (24 lutego 1932)",1932-02-24,73,"roku, Marji Datczuk, przez nią sporządzony w dniu
23 maja 1929 roku przed notarjuszem Horodeckim w Kowlu",https://polona.pl/preview/30174428-9969-4d9a-a6b1-279408970abc
53d9c3f9-6920-4125-818d-30829aa2095a,"Obwieszczenia Publiczne : dodatek do Dziennika Urzędowego Ministerstwa Sprawiedliwości.   R.16, № 19 (5 marca 1932)",1932-03-05,8,"Łuczajskiej Nr. 22. 2912
Sąd grodzki w Kowlu, na mocy art. 1401 U. P.",https://polona.pl/preview/53d9c3f9-6920-4125-818d-30829aa2095a
8ae835e5-592c-4e4b-8b09-46ecb59d07d3,"Obwieszczenia Publiczne : dodatek do Dziennika Urzędowego Ministerstwa Sprawiedliwości.   R.16, № 26 A (30 marca 1932)",1932-03-30,3,"Monopolowej Nr. 4.3, zamieszkali w Kowlu, którzy
łącznie mają prawo odbierać wszelkie należności na rzecz",https://polona.pl/preview/8ae835e5-592c-4e4b-8b09-46ecb59d07d3
8ae835e5-592c-4e4b-8b09-46ecb59d07d3,"Obwieszczenia Publiczne : dodatek do Dziennika Urzędowego Ministerstwa Sprawiedliwości.   R.16, № 26 A (30 marca 1932)",1932-03-30,11,"„Tyla Worcel"", drobny handel żelaza w Kowlu, ul. War
szawska 154. Właśc.",https://polona.pl/preview/8ae835e5-592c-4e4b-8b09-46ecb59d07d3
8ae835e5-592c-4e4b-8b09-46ecb59d07d3,"Obwieszczenia Publiczne : dodatek do Dziennika Urzędowego Ministerstwa Sprawiedliwości.   R.16, № 26 A (30 marca 1932)",1932-03-30,13,"Nr. 26a

7037. ,,Moszko-Aron Winder"", handel spożywczy, woda sodo
wa i wyroby tytoniowe w Kowlu, ul. „Grzyb Zofja"", piwiarnia i domowa sprzedaż papierosów
w Kowlu, ul. Kolejowa Nr. 83. Właśc. „Rejza Cytryn"", handel spożywczy i wata w Kowlu, ul.
Handlowa 33. Właśc. „Pesia Wajner"", drobny handel obuwia w Kowlu, ul. War
szawska 132. Właśc. piwiarnia i domowa sprzedaż papie-,
rosów i cygar oraz drobny handel spożywczy, słodyczy i wody sodo
wej w Kowlu",https://polona.pl/preview/8ae835e5-592c-4e4b-8b09-46ecb59d07d3
39545308-f505-4da4-9908-e37df6ed4931,"Obwieszczenia Publiczne : dodatek do Dziennika Urzędowego Ministerstwa Sprawiedliwości.   R.16, № 27 (2 kwietnia 1932)",1932-04-02,3,"majątku nieruchomego, składającego się z domu
drewnianego, mieszkalnego oraz placu pod tym domem w Kowlu Nr. 150/32 r. 4226
iSąd grodzki w Kowlu, na mocy art. 1239 (T. X, cz. I Zb. Pr.",https://polona.pl/preview/39545308-f505-4da4-9908-e37df6ed4931
3fc3df2a-c81b-4583-bd1d-3205e4c30edc,"Obwieszczenia Publiczne : dodatek do Dziennika Urzędowego Ministerstwa Sprawiedliwości.   R.16, № 28 (6 kwietnia 1932)",1932-04-06,78,".: ’
w dniu 5 marca 1932 roku
ulica KSl dr ° bny handel spożywczy w Kowlu,
ulicy Mieszczańskiej Nr 70",https://polona.pl/preview/3fc3df2a-c81b-4583-bd1d-3205e4c30edc
c0d1771e-4597-4457-ac2d-e56f89d50806,"Obwieszczenia Publiczne : dodatek do Dziennika Urzędowego Ministerstwa Sprawiedliwości.   R.16, № 29 (9 kwietnia 1932)",1932-04-09,47,"Skorupskieg
w Kowlu.
Tłoczono z polecenia Ministra Sprawiedliwości.",https://polona.pl/preview/c0d1771e-4597-4457-ac2d-e56f89d50806
6dba6469-de37-484b-a393-a85d7159fdc3,"Obwieszczenia Publiczne : dodatek do Dziennika Urzędowego Ministerstwa Sprawiedliwości.   R.16, № 31 (16 kwietnia 1932)",1932-04-16,85,"C. 113/32. 4789
Sąd grodzki w Kowlu, na mocy art. 1460 46 U. P. prawo za
rządzania majątkiem pozostałym w Kowlu po zmarłej Juljanji Kozłow
skiej. odwołał z dniem tym
pełnomocnictwo, udzielone w roku 1928 przed notarjuszem Francisz
kiem Skorupskim w Kowlu Kowla, przez Fieodosję, Borysa i Wasyla Tretja-
ków i Stepanidę Romaszczuk, zamieszkałych w Kowlu, na",https://polona.pl/preview/6dba6469-de37-484b-a393-a85d7159fdc3
941b0bfd-9acb-4f9a-83ee-dcfaa59d0cb3,"Obwieszczenia Publiczne : dodatek do Dziennika Urzędowego Ministerstwa Sprawiedliwości.   R.16, № 32 (20 kwietnia 1932)",1932-04-20,6,"niniejszego obwie
szczenia zameldowali swoje prawa do pozostałego po nim mienia. 4883
Sąd grodzki w Kowlu",https://polona.pl/preview/941b0bfd-9acb-4f9a-83ee-dcfaa59d0cb3
941b0bfd-9acb-4f9a-83ee-dcfaa59d0cb3,"Obwieszczenia Publiczne : dodatek do Dziennika Urzędowego Ministerstwa Sprawiedliwości.   R.16, № 32 (20 kwietnia 1932)",1932-04-20,88,"Horodeckim
w Kowlu. Nr.",https://polona.pl/preview/941b0bfd-9acb-4f9a-83ee-dcfaa59d0cb3
05120253-9d6a-4e67-ab8b-9bebf6564b4e,"Obwieszczenia Publiczne : dodatek do Dziennika Urzędowego Ministerstwa Sprawiedliwości.   R.16, № 32 A (20 kwietnia 1932)",1932-04-20,12,"„Marja-Helena Czerwińska"", piwiarnia i domowa sprzedaz
papierosów w Kowlu, ul. 3-go Maja Nr. 4.",https://polona.pl/preview/05120253-9d6a-4e67-ab8b-9bebf6564b4e
cc5bb466-a17c-4dd7-8ae5-f6c5a3ea5e49,"Obwieszczenia Publiczne : dodatek do Dziennika Urzędowego Ministerstwa Sprawiedliwości.   R.16, № 33 (23 kwietnia 1932)",1932-04-23,91,"Wpisano na mocy aktu,
zeznanego przed Prusakiewiczem, notarjuszem w Kowlu w dniu 11 giu-
nia 1931 roku",https://polona.pl/preview/cc5bb466-a17c-4dd7-8ae5-f6c5a3ea5e49
cc5bb466-a17c-4dd7-8ae5-f6c5a3ea5e49,"Obwieszczenia Publiczne : dodatek do Dziennika Urzędowego Ministerstwa Sprawiedliwości.   R.16, № 33 (23 kwietnia 1932)",1932-04-23,87,"roku, Feodora Dziateła przez niego sporządzony w dniu
20 maja 1926 roku przed notarjuszem Skorupskim w Kowlu",https://polona.pl/preview/cc5bb466-a17c-4dd7-8ae5-f6c5a3ea5e49
2b01651d-9b4a-4d2b-974d-643f1969b258,"Obwieszczenia Publiczne : dodatek do Dziennika Urzędowego Ministerstwa Sprawiedliwości.   R.16, № 34 A (27 kwietnia 1932)",1932-04-27,11,"„Klejman Duwid“, drobny handel żelaza w Kowlu, ul. War
szawska 151. Istnieje od 1 listopada 1931 r.",https://polona.pl/preview/2b01651d-9b4a-4d2b-974d-643f1969b258
91345669-48ee-4db1-90c9-48090859540c,"Obwieszczenia Publiczne Starostwa i Wydziału Powiatowego Lubawskiego  R. 3, nr 23 (27 kwietnia 1932)",1932-04-27,3,"obwodach wójtostw mieszka względnie znany jest
Zacharjasz Szwarcblat który w latach 1927 i 28
prowadził w Kowlu",https://polona.pl/preview/91345669-48ee-4db1-90c9-48090859540c
aef3365a-d9f4-4e12-aa4f-230e4169fff7,"Obwieszczenia Publiczne : dodatek do Dziennika Urzędowego Ministerstwa Sprawiedliwości.   R.16, № 35 (30 kwietnia 1932)",1932-04-30,4,"C. 1721/31. 5349
Sąd grodzki w Kowlu, na mocy art. 1239 (T. X, cz. I, Zb. Pr. Ros.)
i art.' 1401 U.",https://polona.pl/preview/aef3365a-d9f4-4e12-aa4f-230e4169fff7
2f3347da-05e1-432d-98da-0c83cf1711b5,"Obwieszczenia Publiczne : dodatek do Dziennika Urzędowego Ministerstwa Sprawiedliwości.   R.16, № 37 (7 maja 1932)",1932-05-07,5,"Akta Z. 1027/32. 5598
Sąd grodzki w Kowlu, na mocy art. 1239 (T. X, cz. I Zb. Pr.",https://polona.pl/preview/2f3347da-05e1-432d-98da-0c83cf1711b5
2d0c5de7-2927-453e-939f-27edd3f30479,"Obwieszczenia Publiczne : dodatek do Dziennika Urzędowego Ministerstwa Sprawiedliwości.   R.16, № 39 (14 maja 1932)",1932-05-14,3,"Sąd grodzki w Kowlu, na mocy art. 1401 U. P. C. i art. 1239 (T. X,
cz, I, Zb. Pr. Ros.), wzywa spadkobierców zmarłego w Kowlu dnia 17
lutego 1931 roku Mikołaja Demidiuka, aby w terminie",https://polona.pl/preview/2d0c5de7-2927-453e-939f-27edd3f30479
346e64af-2ada-4a82-9ad1-173b24840f81,"Obwieszczenia Publiczne : dodatek do Dziennika Urzędowego Ministerstwa Sprawiedliwości.   R.16, № 41 (21 maja 1932)",1932-05-21,69,"władz okupacyjnych rosyjskich, wyjechał do
Rosji i w roku 1919 w czasie powrotnej podróży, zmarł w Kowlu",https://polona.pl/preview/346e64af-2ada-4a82-9ad1-173b24840f81
267a9e40-3596-44c0-a595-a8d9a881ce5b,"Obwieszczenia Publiczne : dodatek do Dziennika Urzędowego Ministerstwa Sprawiedliwości.   R.16, № 42 A (25 maja 1932)",1932-05-25,1,"„Geller Szloma"" — drobny handel manufaktury ludowej,
w Kowlu, ul. „Kłonicka Estera Bejła"" — księgarnia i drobna sprzedaż
materjałów piśmiennych w Kowlu, ul. „Lejzor Grinberg"" — drobny handel spożywczy, wędliny
i słoniny w Kowlu, ul. Szeroka 2.",https://polona.pl/preview/267a9e40-3596-44c0-a595-a8d9a881ce5b
267a9e40-3596-44c0-a595-a8d9a881ce5b,"Obwieszczenia Publiczne : dodatek do Dziennika Urzędowego Ministerstwa Sprawiedliwości.   R.16, № 42 A (25 maja 1932)",1932-05-25,5,"Otwarto Oddział detalicznej sprzedaży materjałów
budowlanych w Kowlu.",https://polona.pl/preview/267a9e40-3596-44c0-a595-a8d9a881ce5b
97b9f7dc-36d2-45cf-acc9-4694b014f588,"Obwieszczenia Publiczne : dodatek do Dziennika Urzędowego Ministerstwa Sprawiedliwości.   R.16, № 43 (28 maja 1932)",1932-05-28,63,"umowy
prywatnej, podpisy na której poświadczone zostały przez Ignacego Pru-
sakiewicza, notarjusza w Kowlu treści nastę
pującej :
„Mejer i Ester - Chana Pomeranc, Towarzystwo Przemysło wo-
Leśne ,,Sosnodąb“ w Kowlu Wspólnikami są Mejer i Ester - Ghana Pomeranc, zamieszkali
w Kowlu.",https://polona.pl/preview/97b9f7dc-36d2-45cf-acc9-4694b014f588
97b9f7dc-36d2-45cf-acc9-4694b014f588,"Obwieszczenia Publiczne : dodatek do Dziennika Urzędowego Ministerstwa Sprawiedliwości.   R.16, № 43 (28 maja 1932)",1932-05-28,4,"siecznym od daty ukazania się niniejszego wezwania w druku zgłosili
prawa swoje do- majątku pozostałego w Kowlu",https://polona.pl/preview/97b9f7dc-36d2-45cf-acc9-4694b014f588
97b9f7dc-36d2-45cf-acc9-4694b014f588,"Obwieszczenia Publiczne : dodatek do Dziennika Urzędowego Ministerstwa Sprawiedliwości.   R.16, № 43 (28 maja 1932)",1932-05-28,3,"Sąd grodzki w Kowlu, na mocy art. 1401 U. P. C. i art. 1239 (T. X,
cz. I, Zb. Pr.",https://polona.pl/preview/97b9f7dc-36d2-45cf-acc9-4694b014f588
1b3f0dec-5349-4b66-a4a4-88490ccb89ab,"Obwieszczenia Publiczne Starostwa i Wydziału Powiatowego Lubawskiego  R. 3, nr 35 (11 czerwca 1932)",1932-06-11,0,"Wymienieni jako inżynie
rowie prowadzili w r. 1924 w Kowlu roboty bu
dowlane oraz Jan Majewski b. zarządca",https://polona.pl/preview/1b3f0dec-5349-4b66-a4a4-88490ccb89ab
b88ba794-781a-47dc-b193-8797d6082c01,"Obwieszczenia Publiczne : dodatek do Dziennika Urzędowego Ministerstwa Sprawiedliwości.   R.16, № 49 (18 czerwca 1932)",1932-06-18,59,"„Szejndla Ajzen"", drobny handel spożywczy w Kowlu, ul
Królowej Bony Nr. 11. Właśc.",https://polona.pl/preview/b88ba794-781a-47dc-b193-8797d6082c01
b88ba794-781a-47dc-b193-8797d6082c01,"Obwieszczenia Publiczne : dodatek do Dziennika Urzędowego Ministerstwa Sprawiedliwości.   R.16, № 49 (18 czerwca 1932)",1932-06-18,60,"„Szifer Szejndla"", cukiernia w Kowlu, ul. Warszawska 42,
woj. wołyńskiego. Właśc. „Murik Lejbisz"", handel spożywczy w Kowlu, ul. Pomniko
wa 32. Właśc.",https://polona.pl/preview/b88ba794-781a-47dc-b193-8797d6082c01
5290476e-1f53-46ed-9464-3b2591b53dab,"Obwieszczenia Publiczne : dodatek do Dziennika Urzędowego Ministerstwa Sprawiedliwości.   R.16, № 50 (22 czerwca 1932)",1932-06-22,63,"10), wzywa wszystkie osoby, mające (jakiekolwiek pretensje
do kaucji b. komornika sądu grodzkiego w Kowlu",https://polona.pl/preview/5290476e-1f53-46ed-9464-3b2591b53dab
0eb96528-540c-46b0-a25d-7a131c98e419,"Obwieszczenia Publiczne : dodatek do Dziennika Urzędowego Ministerstwa Sprawiedliwości.   R.16, № 53 A (2 lipca 1932)",1932-07-02,25,"„Lejzor Grinberg"" - drobny handel spożywczy wędliny
i słoniny w Kowlu, ul. Szeroka 2.",https://polona.pl/preview/0eb96528-540c-46b0-a25d-7a131c98e419
0eb96528-540c-46b0-a25d-7a131c98e419,"Obwieszczenia Publiczne : dodatek do Dziennika Urzędowego Ministerstwa Sprawiedliwości.   R.16, № 53 A (2 lipca 1932)",1932-07-02,26,"„Geller Szloma"" — drobny handel manufaktury ludowej
w Kowlu, ul. „Kłonicka Estera Bejła"" — księgarnia i drobna sprzedaż
materjałów piśmiennych w Kowlu, ul.",https://polona.pl/preview/0eb96528-540c-46b0-a25d-7a131c98e419
a49fd66c-87b9-4bff-a51d-80972a715c09,"Obwieszczenia Publiczne : dodatek do Dziennika Urzędowego Ministerstwa Sprawiedliwości.   R.16, № 54 (6 lipca 1932)",1932-07-06,72,"pobytu Chanę Łandę do podjęcia zdeponowanych na rzecz jej przez
Baszejwę Goldsztejn, zamieszkałą w Kowlu Warszawskiej 2 do
depozytu sądu okręgowego, w kasie skarbowej w Kowlu 334 zł. 50 gr.
tytułem komornego",https://polona.pl/preview/a49fd66c-87b9-4bff-a51d-80972a715c09
a49fd66c-87b9-4bff-a51d-80972a715c09,"Obwieszczenia Publiczne : dodatek do Dziennika Urzędowego Ministerstwa Sprawiedliwości.   R.16, № 54 (6 lipca 1932)",1932-07-06,94,"Jemeljana Tarasiuka, przez niego sporządzony
w dniu 31 marca 1930 roku, przed notarjuszem Żyznowskim w Kowlu",https://polona.pl/preview/a49fd66c-87b9-4bff-a51d-80972a715c09
84326cd7-9b65-4ccc-87da-c710f109da0c,"Obwieszczenia Publiczne : dodatek do Dziennika Urzędowego Ministerstwa Sprawiedliwości.   R.16, № 54 A (6 lipca 1932)",1932-07-06,30,"treści następującej:
„Zjednoczone Hurtownie Piwa Centropiwo, spółka z ograniczoną
odpowiedzialnością w Kowlu są: Awrum (Abram) Icek Tojbicz, Rywka Kagan,
Chaskiel Pomeranc i Aron-Altbach vel Fischler, zam. w Kowlu Przedmiotem przedsiębiorstwa jest wspólne prowadzenie hurto
wego handlu piwem w Kowlu.",https://polona.pl/preview/84326cd7-9b65-4ccc-87da-c710f109da0c
84326cd7-9b65-4ccc-87da-c710f109da0c,"Obwieszczenia Publiczne : dodatek do Dziennika Urzędowego Ministerstwa Sprawiedliwości.   R.16, № 54 A (6 lipca 1932)",1932-07-06,31,"odpowiedzialnością w Zamościu, dnia 11 czerwca 1932
roku wpisano następujące zmiany: Otwarto Oddział w Kowlu ograniczoną odpowiedzialnością zawarta na mocy aiktu
zeznanego przed Franciszkiem Skorupskim, notarjuszem w Kowlu",https://polona.pl/preview/84326cd7-9b65-4ccc-87da-c710f109da0c
23856094-5f0f-4483-a16d-788e5eff47db,"Obwieszczenia Publiczne : dodatek do Dziennika Urzędowego Ministerstwa Sprawiedliwości.   R.16, № 72 A (7 września 1932)",1932-09-07,18,"„Ignacy Hendzel"" — przedsiębiorstwo budowlane w rejo
nie pow. kowelskiego i w Kowlu. Właściciel: Ignacy Hendzel, zamieszkały w Kowlu, przy ul.",https://polona.pl/preview/23856094-5f0f-4483-a16d-788e5eff47db
e6170f29-9eb2-400c-b8f1-93cd5013f244,"Obwieszczenia Publiczne : dodatek do Dziennika Urzędowego Ministerstwa Sprawiedliwości.   R.16, № 73 (10 września 1932)",1932-09-10,37,"horochowskiego, powierzchni 11 ha 1971 mtr. kw., własność Piotra
Garkuta;
4A8 2 - "" ieruch . omość . w Kowlu",https://polona.pl/preview/e6170f29-9eb2-400c-b8f1-93cd5013f244
c424cf33-0a21-422f-8bb9-4123af37a239,"Obwieszczenia Publiczne : dodatek do Dziennika Urzędowego Ministerstwa Sprawiedliwości.   R.16, № 75 (17 września 1932)",1932-09-17,18,"Skarbu Państwu, na sumę 31.500 zł. na rzecz Augustyna Malinowskie
go i na rzecz urzędu skarbowego w Kowlu",https://polona.pl/preview/c424cf33-0a21-422f-8bb9-4123af37a239
c424cf33-0a21-422f-8bb9-4123af37a239,"Obwieszczenia Publiczne : dodatek do Dziennika Urzędowego Ministerstwa Sprawiedliwości.   R.16, № 75 (17 września 1932)",1932-09-17,4,"niniejszego, zgłosili swe prawa do
spadku po tychże Hajdamowiczach w sprawie Z. 204/32 r. 11097
Sąd grodzki w Kowlu",https://polona.pl/preview/c424cf33-0a21-422f-8bb9-4123af37a239
9c0b5555-1237-45b4-98d3-3e6a44a072dd,"Obwieszczenia Publiczne : dodatek do Dziennika Urzędowego Ministerstwa Sprawiedliwości.   R.16, № 78 (28 września 1932)",1932-09-28,73,"Pawła Hoby w Kowlu, przez niego sporządzony
w dniu 1 czerwca 1929 r. (Sprawa Nr.",https://polona.pl/preview/9c0b5555-1237-45b4-98d3-3e6a44a072dd
38a53cdd-b49f-43a3-98d9-a23fdcbdffac,"Obwieszczenia Publiczne : dodatek do Dziennika Urzędowego Ministerstwa Sprawiedliwości.   R.16, № 86 (26 października 1932)",1932-10-26,41,"Kowlu, powierzchni 1 ha 8903,8 mtr. kw.,
własność Rzymsko-Katolickiego Kościoła Parafjalnego w Kowlu.",https://polona.pl/preview/38a53cdd-b49f-43a3-98d9-a23fdcbdffac
38a53cdd-b49f-43a3-98d9-a23fdcbdffac,"Obwieszczenia Publiczne : dodatek do Dziennika Urzędowego Ministerstwa Sprawiedliwości.   R.16, № 86 (26 października 1932)",1932-10-26,73,"C., sąd grodzki w Kowlu zawiadamia,
że mocą decyzji swej z dn. 8 października 1932 r. odwołał i unieważnił",https://polona.pl/preview/38a53cdd-b49f-43a3-98d9-a23fdcbdffac
e535e9e2-0984-4a5e-90a2-00e2d3cefbce,"Obwieszczenia Publiczne : dodatek do Dziennika Urzędowego Ministerstwa Sprawiedliwości.   R.16, № 86 A (26 października 1932)",1932-10-26,31,"Właściciel: Szloma Goutlojb, zamieszkały w Kowlu, ul,
Tuszowskiego 4.
dnia 28 czerwca 1932 r.
7188. „Basia Ejnoch"", detaliczny handel towarów spożywczych
w Kowlu, ul. Warszawska Nr. 42. Wacław Zeman, za
mieszkały w „Łucku. dfobna sprzedaż towarów rad j owych,
elektrycznych i galanterji w Kowlu",https://polona.pl/preview/e535e9e2-0984-4a5e-90a2-00e2d3cefbce
e535e9e2-0984-4a5e-90a2-00e2d3cefbce,"Obwieszczenia Publiczne : dodatek do Dziennika Urzędowego Ministerstwa Sprawiedliwości.   R.16, № 86 A (26 października 1932)",1932-10-26,29,"„Włodzimierz Ciechoński"", skup trzody chlewnej w Kowlu
i powiecie kowelskim.",https://polona.pl/preview/e535e9e2-0984-4a5e-90a2-00e2d3cefbce
e535e9e2-0984-4a5e-90a2-00e2d3cefbce,"Obwieszczenia Publiczne : dodatek do Dziennika Urzędowego Ministerstwa Sprawiedliwości.   R.16, № 86 A (26 października 1932)",1932-10-26,30,": Szmuł
Erlich, zamieszkały tamże. , , „ ,
7171. ,,Ruchla Goldberg"", drobny handel gotowych ubrań w Kowlu Właściciel: Noskowski Edward,
zamieszkały w Kowlu, ul. Piłsudskiego Nr. 4. „Moszko Dancigier"", detaliczna sprzedaż cukru w Kowlu,
ul. Warszawska Nr. 92.",https://polona.pl/preview/e535e9e2-0984-4a5e-90a2-00e2d3cefbce
4ad53025-efb8-4822-9948-09b4f2910797,"Obwieszczenia Publiczne : dodatek do Dziennika Urzędowego Ministerstwa Sprawiedliwości.   R.16, № 88 (2 listopada 1932)",1932-11-02,62,"Mejer
i Ester-Chana Pomeranc"", spółka firmowa pod nazwą „Towarzystwo
Przemysłowo-Leśne „Sosnadąb"" w Kowlu Armarnik i S-ka“ w Kowlu, wciągnięto, jako zmianę wpis Nr. 5.
treści następującej:
Do rubr. akcie), podpisy na której uwierzytelnione zostały przez Jerzego-Hero-
nima Grabowskiego, notarjusza w Kowlu Nr. 7162, przy firmie „Mejer i Ester-
Chana Pomeranc"", Towarzystwo Przemysłowo - Leśne „Sosnadąb""
w Kowlu",https://polona.pl/preview/4ad53025-efb8-4822-9948-09b4f2910797
76fa41b1-da18-4b87-97e4-0616f6d72c59,"Obwieszczenia Publiczne : dodatek do Dziennika Urzędowego Ministerstwa Sprawiedliwości.   R.16, № 91 (12 listopada 1932)",1932-11-12,59,"„Curi Necha"", sklep galanteryjny w Kowlu, ul. Rynek 17. „Ides Werba"", drobny handel manufaktury ludowej
w Kowlu, ul. Warszawska 132.",https://polona.pl/preview/76fa41b1-da18-4b87-97e4-0616f6d72c59
76fa41b1-da18-4b87-97e4-0616f6d72c59,"Obwieszczenia Publiczne : dodatek do Dziennika Urzędowego Ministerstwa Sprawiedliwości.   R.16, № 91 (12 listopada 1932)",1932-11-12,60,"„Paulina Zołotarowa"", drobny handel wyrobami tytomo-
wemi w Kowlu, ul. Warszawska 184. „Mordko Erlichgerecht"", dostawa artykułów spożywczych,
mięsa i paszy dla wojska w Kowlu, woj. wołyńskiego Właściciel: Eugenjusz Azbukin, zamieszkały w Kowlu, ul. Strażacka
Nr. 3. „Estera Pereł"", drobny handel spożywczy w Kowlu, ul. Sa
dowa 10. „Leja Grynberg"", drobna sprzedaż materjałów budowla
nych leśnych w Kowlu, ul. Królowej-Bony.",https://polona.pl/preview/76fa41b1-da18-4b87-97e4-0616f6d72c59
76fa41b1-da18-4b87-97e4-0616f6d72c59,"Obwieszczenia Publiczne : dodatek do Dziennika Urzędowego Ministerstwa Sprawiedliwości.   R.16, № 91 (12 listopada 1932)",1932-11-12,61,"„Chaja Wydra“, skup skór surowych w Kowlu, ul. Brze
ska 55b. „Tabach Sura“, drobny handel galanterji w Kowlu, ui.
Warszawska 119.",https://polona.pl/preview/76fa41b1-da18-4b87-97e4-0616f6d72c59
76fa41b1-da18-4b87-97e4-0616f6d72c59,"Obwieszczenia Publiczne : dodatek do Dziennika Urzędowego Ministerstwa Sprawiedliwości.   R.16, № 91 (12 listopada 1932)",1932-11-12,58,"Właściciel Icko Blusz-
tejn, zanueszkały^tar^czuk"", drobny handel spożywczy w Kowlu, ul. „Etla Aleksenberg"" — drobny handel spoz^czy w Kowlu,
ul 3 Maja 12. Właśc. „Mikado“ w Kowlu, ul. Żeromskiego 20. „Aleksander Bielaszewski"", drobna sprzedaż wyrobów ty
toniowych, znaczków stemplowych i weksli w Kowlu",https://polona.pl/preview/76fa41b1-da18-4b87-97e4-0616f6d72c59
567edeb6-b876-434a-a64f-47f9d0da784e,"Obwieszczenia Publiczne : dodatek do Dziennika Urzędowego Ministerstwa Sprawiedliwości.   R.16, № 92 A (16 listopada 1932)",1932-11-16,31,"„Mejkler Ćhaja-Dwojra"" — drobny handel spożywczy i
zboża w Kowlu, ulica Brzeska Nr. 26. „Izrael Zubkis"" — drobny handel naczyn i szkła w Kowlu,
ul Warszawska 161.",https://polona.pl/preview/567edeb6-b876-434a-a64f-47f9d0da784e
567edeb6-b876-434a-a64f-47f9d0da784e,"Obwieszczenia Publiczne : dodatek do Dziennika Urzędowego Ministerstwa Sprawiedliwości.   R.16, № 92 A (16 listopada 1932)",1932-11-16,30,"„Czarna Kojfman"" — drobny handel spożywczy w Kowlu,
*1, Krótka Nr. 22.",https://polona.pl/preview/567edeb6-b876-434a-a64f-47f9d0da784e
3a19645e-cf9c-4bdb-bd60-e788df72aa01,"Obwieszczenia Publiczne : dodatek do Dziennika Urzędowego Ministerstwa Sprawiedliwości.   R.16, № 93 (19 listopada 1932)",1932-11-19,57,"„Szulim Szapiro"" — drobny handel skór i przyborów sze
wskich w Kowlu, ul. Warszawska Nr. 211.",https://polona.pl/preview/3a19645e-cf9c-4bdb-bd60-e788df72aa01
3a19645e-cf9c-4bdb-bd60-e788df72aa01,"Obwieszczenia Publiczne : dodatek do Dziennika Urzędowego Ministerstwa Sprawiedliwości.   R.16, № 93 (19 listopada 1932)",1932-11-19,3,"Nr. 833/32 r. 14204
Sąd grodzki w Kowlu, na mocy art. 1401 U. P.",https://polona.pl/preview/3a19645e-cf9c-4bdb-bd60-e788df72aa01
3a19645e-cf9c-4bdb-bd60-e788df72aa01,"Obwieszczenia Publiczne : dodatek do Dziennika Urzędowego Ministerstwa Sprawiedliwości.   R.16, № 93 (19 listopada 1932)",1932-11-19,56,"„Dina Bronsztejn"" — piwiarnia, zakąski i domowa sprze
daż papierosów w Kowlu, ul. Krótka Nr. 6. „Tauba Taksa"" — drobna sprzedaż artykułów spożywczych
i zboża w Kowlu, ul. Handlowa Nr. 12. „Gudis Pinchas"" drobny handel spożywczy i zboża w
Kowlu, ul. Handlowa 24. „Raby Ruchla"" — piwiarnia w Kowlu, ul. Listopadowa 91.",https://polona.pl/preview/3a19645e-cf9c-4bdb-bd60-e788df72aa01
1afdedfb-8ae9-40ba-a96b-015087148f3d,"Obwieszczenia Publiczne : dodatek do Dziennika Urzędowego Ministerstwa Sprawiedliwości.   R.16, № 94 (23 listopada 1932)",1932-11-23,50,"1914-ym został powołany do wojska
rosyjskiego, a w r. 1915-ym rzekomo zmarł w 152 polowym szpitalu
w Kowlu",https://polona.pl/preview/1afdedfb-8ae9-40ba-a96b-015087148f3d
a3264f10-bbd6-46f1-bbfe-9ee63b2abf1d,"Obwieszczenia Publiczne : dodatek do Dziennika Urzędowego Ministerstwa Sprawiedliwości.   R.16, № 95 (26 listopada 1932)",1932-11-26,37,"miejsca pobytu Chanę Łande do podjęcia zdeponowanej sumy przez
Baszejwę Goldsztejn za lokal zajmowany w Kowlu Suma
cała wniesiona do sądu okręgowego w Łucku w kwocie 669 zł w kasie
skarbowej w Kowlu dla Mojsze Goldszmidta",https://polona.pl/preview/a3264f10-bbd6-46f1-bbfe-9ee63b2abf1d
d7e4fdfc-5ee8-4547-8eb0-8549a8968547,"Obwieszczenia Publiczne : dodatek do Dziennika Urzędowego Ministerstwa Sprawiedliwości.   R.16, № 96 (30 listopada 1932)",1932-11-30,2,"wzywanego w oznaczonym terminie,
sprawa rozpoznana zostanie w jego nieobecności. 14526

Sąd grodzki w Kowlu",https://polona.pl/preview/d7e4fdfc-5ee8-4547-8eb0-8549a8968547
4a3fbe7a-360e-46a8-816c-9d541d631def,"Obwieszczenia Publiczne : dodatek do Dziennika Urzędowego Ministerstwa Sprawiedliwości.   R.16, № 97 (3 grudnia 1932)",1932-12-03,11,"Sąd grodzki w Kowlu, na mocy art. 1401 U. P. C., wzywa spadko
bierców zmarłego w Niemczech w m.",https://polona.pl/preview/4a3fbe7a-360e-46a8-816c-9d541d631def
374fb06f-6a1d-4752-8d67-388ec9fe18a3,"Obwieszczenia Publiczne : dodatek do Dziennika Urzędowego Ministerstwa Sprawiedliwości.   R.16, № 98 (7 grudnia 1932)",1932-12-07,1,"Sąd grodzki w Kowlu, na mocy art. 58' i 309 1 U. P.",https://polona.pl/preview/374fb06f-6a1d-4752-8d67-388ec9fe18a3
374fb06f-6a1d-4752-8d67-388ec9fe18a3,"Obwieszczenia Publiczne : dodatek do Dziennika Urzędowego Ministerstwa Sprawiedliwości.   R.16, № 98 (7 grudnia 1932)",1932-12-07,4,"Z. 569/32. 14943
Sąd grodzki w Kowlu, na mocy art. 1401 U. P. Sprawa O. 159/32.
14944
Sąd grodzki w Kowlu, na mocy art. 1401 U. P. C., wzywa spadko
bierców zmarłego w Kowlu dnia 16 listopada 1931 roku Josifa-Lejba
Szarapankiera, aby ukazania się
niniejszego w druku, zgłosili prawa swoje do majątku pozostałego po
zmarłym, położonego w Kowlu",https://polona.pl/preview/374fb06f-6a1d-4752-8d67-388ec9fe18a3
e5fb2995-180b-4929-8fb6-389b1c9e9ab6,"Obwieszczenia Publiczne : dodatek do Dziennika Urzędowego Ministerstwa Sprawiedliwości.   R.16, № 101 (17 grudnia 1932)",1932-12-17,2,", na zabezpieczenie powództwa, wytoczonego
Przez oddział Rosyjskiego Handlowo-Przemysłowego Banku w Kowlu w sprawie z p-twa Adama Ledóchowskiego p-ko od
działowi Rosyjskiego Handlowo-Przemysłowego Banku w Kowlu C., wzywa oddział Rosyjskiego Handlowo-Przemy
słowego Banku w Kowlu, niewiadomy z miejsca pobytu, aby",https://polona.pl/preview/e5fb2995-180b-4929-8fb6-389b1c9e9ab6
e5fb2995-180b-4929-8fb6-389b1c9e9ab6,"Obwieszczenia Publiczne : dodatek do Dziennika Urzędowego Ministerstwa Sprawiedliwości.   R.16, № 101 (17 grudnia 1932)",1932-12-17,4,"S. 116 32).
1549*1
Sąd grodzki w Kowlu na mocy art. 1401 U. P.",https://polona.pl/preview/e5fb2995-180b-4929-8fb6-389b1c9e9ab6
6bb87b41-5de7-4404-bd0c-bcd773d5a388,"Obwieszczenia Publiczne : dodatek do Dziennika Urzędowego Ministerstwa Sprawiedliwości.   R.16, № 102 (21 grudnia 1932)",1932-12-21,51,"odwołał i unieważnił z dniem
tym pełnomocnictwo, zeznane w kancelarji notarjusza Hipolita Żyznow
skiego w Kowlu Sąd grodzki w Kowlu, na mocy art. 1460 46 U. P.",https://polona.pl/preview/6bb87b41-5de7-4404-bd0c-bcd773d5a388
6bb87b41-5de7-4404-bd0c-bcd773d5a388,"Obwieszczenia Publiczne : dodatek do Dziennika Urzędowego Ministerstwa Sprawiedliwości.   R.16, № 102 (21 grudnia 1932)",1932-12-21,5,"Sąd grodzki w Kowlu, na mocy art. 1401 U. P. skiej na prawie dziedziczno-czynszowem, domu mieszkalnego i zabu
dowań gospodarczych na tej ziemi w Kowlu",https://polona.pl/preview/6bb87b41-5de7-4404-bd0c-bcd773d5a388
6bb87b41-5de7-4404-bd0c-bcd773d5a388,"Obwieszczenia Publiczne : dodatek do Dziennika Urzędowego Ministerstwa Sprawiedliwości.   R.16, № 102 (21 grudnia 1932)",1932-12-21,1,", długości 12 mtr., szerokość*
7 mtr., wysokości 3 mtr., opisany przez komornika sądu grodzkieg 0
w Kowlu",https://polona.pl/preview/6bb87b41-5de7-4404-bd0c-bcd773d5a388
6bb87b41-5de7-4404-bd0c-bcd773d5a388,"Obwieszczenia Publiczne : dodatek do Dziennika Urzędowego Ministerstwa Sprawiedliwości.   R.16, № 102 (21 grudnia 1932)",1932-12-21,2,"zaświadczenie gminy Wielick,
2 dnia 25 czerwca 1932, L. 3074/32 i odpis protokułu komornika sądu
grodzkiego w Kowlu",https://polona.pl/preview/6bb87b41-5de7-4404-bd0c-bcd773d5a388
adf06418-25fc-4e60-9701-d98b23129660,"Obwieszczenia Publiczne : dodatek do Dziennika Urzędowego Ministerstwa Sprawiedliwości.   R.16, № 103 (24 grudnia 1932)",1932-12-24,7,"Sąd grodzki w Kowlu, na mocy art. 1401 U. P.",https://polona.pl/preview/adf06418-25fc-4e60-9701-d98b23129660
e55e677c-644b-430c-90d0-97c596c72add,"Obwieszczenia Publiczne : dodatek do Dziennika Urzędowego Ministerstwa Sprawiedliwości.   R.17, № 1 (4 stycznia 1933)",1933-01-04,2,"notarjalny testament zmarłego Anksentego Suprunowicza, ze-
znanego w kancelarji notariusza Żyznowskiego w Kowlu",https://polona.pl/preview/e55e677c-644b-430c-90d0-97c596c72add
09f29822-d737-4a2e-8dfc-4adb568d2b34,"Obwieszczenia Publiczne : dodatek do Dziennika Urzędowego Ministerstwa Sprawiedliwości.   R.17, № 4 (14 stycznia 1933)",1933-01-14,5,"Nr. 4
Sąd grodzki w Kowlu, na rnocy art. 1401 U. P.",https://polona.pl/preview/09f29822-d737-4a2e-8dfc-4adb568d2b34
c7f5a7b7-0b28-49e5-af96-012225e365d0,"Obwieszczenia Publiczne : dodatek do Dziennika Urzędowego Ministerstwa Sprawiedliwości.   R.17, № 6 A (21 stycznia 1933)",1933-01-21,29,"„Isumer Wajc"" — drobny handel spożywczy w Kowlu, ul.
Kolejowa, Nr. 34. „Szenkier Ruchla-Leja“ — drobna sprzedaż gotowych
ubrań ludowych w Kowlu, ul. Warszawska 134. „Cywja Fiszel"" — drobna sprzedaż naczyń drewnianych
w Kowlu, ul. Handlowa Nr. 31.",https://polona.pl/preview/c7f5a7b7-0b28-49e5-af96-012225e365d0
c7f5a7b7-0b28-49e5-af96-012225e365d0,"Obwieszczenia Publiczne : dodatek do Dziennika Urzędowego Ministerstwa Sprawiedliwości.   R.17, № 6 A (21 stycznia 1933)",1933-01-21,28,"„Pinchas Worcel — drobny handel żelaza w Kowlu, ul.
Warszawska Nr, 239.",https://polona.pl/preview/c7f5a7b7-0b28-49e5-af96-012225e365d0
c7f5a7b7-0b28-49e5-af96-012225e365d0,"Obwieszczenia Publiczne : dodatek do Dziennika Urzędowego Ministerstwa Sprawiedliwości.   R.17, № 6 A (21 stycznia 1933)",1933-01-21,26,"„Jenta Goldberg"", drobny handel manufaktury w Kowlu,
ul. „Rejzla Kirżner vel Litwaik"", handel żelazem pod firmą
„Żelazo-Okucie"" w Kowlu, ul.",https://polona.pl/preview/c7f5a7b7-0b28-49e5-af96-012225e365d0
c7f5a7b7-0b28-49e5-af96-012225e365d0,"Obwieszczenia Publiczne : dodatek do Dziennika Urzędowego Ministerstwa Sprawiedliwości.   R.17, № 6 A (21 stycznia 1933)",1933-01-21,25,"„Abram Zilbersztejn , drobny handel kapeluszy, płaszczów
i futer zwykłych pod nazwą Alaska w Kowlu, ul Oddział tirmy w Kowlu został zlikwidowany, wobec
czego wykreśla się z rejestru handlowego. Akc,, centrala w Amsterdamie, oddział w Kowlu,
wciągnięto, jako zmianę wpis Nr. 2 treści następującej",https://polona.pl/preview/c7f5a7b7-0b28-49e5-af96-012225e365d0
c7f5a7b7-0b28-49e5-af96-012225e365d0,"Obwieszczenia Publiczne : dodatek do Dziennika Urzędowego Ministerstwa Sprawiedliwości.   R.17, № 6 A (21 stycznia 1933)",1933-01-21,23,"okręgowego w Łucku, Działu „A"",
w dniu 30 listopada 1932 roku pod Nr. 4907 przy firmie ,,Balter Zelman
w Kowlu",https://polona.pl/preview/c7f5a7b7-0b28-49e5-af96-012225e365d0
c7f5a7b7-0b28-49e5-af96-012225e365d0,"Obwieszczenia Publiczne : dodatek do Dziennika Urzędowego Ministerstwa Sprawiedliwości.   R.17, № 6 A (21 stycznia 1933)",1933-01-21,27,"„Doba Ajzenberg drobny handel wapna, cementu, gip
su, węgla i kafli w Kowlu, ul. Mieszczańska Nr. 1.",https://polona.pl/preview/c7f5a7b7-0b28-49e5-af96-012225e365d0
fac201a9-1ee6-4a0b-a525-ed0f6b6f5b81,"Obwieszczenia Publiczne : dodatek do Dziennika Urzędowego Ministerstwa Sprawiedliwości.   R.17, № 8 (28 stycznia 1933)",1933-01-28,109,"Onisima Kunicy, przez niego sporządzony w dniu 19 paździer
nika 1921 r. przed Horodeckim notarjuszem w Kowlu",https://polona.pl/preview/fac201a9-1ee6-4a0b-a525-ed0f6b6f5b81
9ca3ec9e-4480-4e5e-bc41-e41b1ff23203,"Obwieszczenia Publiczne : dodatek do Dziennika Urzędowego Ministerstwa Sprawiedliwości.   R.17, № 15 (22 lutego 1933)",1933-02-22,4,"C. 435/32 r.). 1959
Sąd grodzki w Kowlu, na mocy art. 94 prawa wekslowego, wzywa
posiadaczy zaginionych",https://polona.pl/preview/9ca3ec9e-4480-4e5e-bc41-e41b1ff23203
61034d90-421c-4602-bdce-205065f154f8,"Obwieszczenia Publiczne : dodatek do Dziennika Urzędowego Ministerstwa Sprawiedliwości.   R.17, № 16 A (25 lutego 1933)",1933-02-25,1,"Łucka Nr. 23 i Asna Erlichgerecht, zam. w Kowlu, ul. 6199 przy^ firmie „B-cia fuller
i Spółka — spółka firmowa, Koncesjonowany Zakład Elektrotechnicz-
ny w Kowlu Wspólnikami są: Icchok vel Izaak (Izak) Bokser, zam. w Kowlu,
ul. poświadczone zostały w tymże dniu za Nr rep. 2917 przez Je-
rzego-Heronima Grabowskiego, notarjusza w Kowlu",https://polona.pl/preview/61034d90-421c-4602-bdce-205065f154f8
e4046bd2-a36d-412b-b27c-d0f28168e9ae,"Obwieszczenia Publiczne : dodatek do Dziennika Urzędowego Ministerstwa Sprawiedliwości.   R.17, № 18 (4 marca 1933)",1933-03-04,1,"umowy przyrzeczenia kupna-sprzedaży, z dnia
4 lipca 1925 roku, sporządzonej u notarjusza Horodeckiego w Kowlu",https://polona.pl/preview/e4046bd2-a36d-412b-b27c-d0f28168e9ae
d245ac1c-a12b-4980-b1f2-2a09980f9f39,"Obwieszczenia Publiczne : dodatek do Dziennika Urzędowego Ministerstwa Sprawiedliwości.   R.17, № 18 A (4 marca 1933)",1933-03-04,21,"Oddziały w Kowlu, teren kolejowy, w Równem i Wilnie.",https://polona.pl/preview/d245ac1c-a12b-4980-b1f2-2a09980f9f39
d245ac1c-a12b-4980-b1f2-2a09980f9f39,"Obwieszczenia Publiczne : dodatek do Dziennika Urzędowego Ministerstwa Sprawiedliwości.   R.17, № 18 A (4 marca 1933)",1933-03-04,31,"Budulec', spółka z ograniczoną odpowiedzialnością w Kowlu.",https://polona.pl/preview/d245ac1c-a12b-4980-b1f2-2a09980f9f39
d245ac1c-a12b-4980-b1f2-2a09980f9f39,"Obwieszczenia Publiczne : dodatek do Dziennika Urzędowego Ministerstwa Sprawiedliwości.   R.17, № 18 A (4 marca 1933)",1933-03-04,1,"„Marja Mianowska"", drobny handel artykułów tytonio
wych, wódek i artykułów spożywczych w Kowlu, ul. „Szyja-Chaim Tchor"", drobny^ handel drzewa opałowego
i budowlanego w Kowlu, ul. Listopadowa Nr. 3.",https://polona.pl/preview/d245ac1c-a12b-4980-b1f2-2a09980f9f39
d245ac1c-a12b-4980-b1f2-2a09980f9f39,"Obwieszczenia Publiczne : dodatek do Dziennika Urzędowego Ministerstwa Sprawiedliwości.   R.17, № 18 A (4 marca 1933)",1933-03-04,30,"w Łucku, działu „A“,
w dniu 7 stycznia 1933 roku, pod Nr, 2817, przy firmie „Geszel Fridlen-
der w Kowlu",https://polona.pl/preview/d245ac1c-a12b-4980-b1f2-2a09980f9f39
faed6b2e-cd66-4a95-882f-6cf3845afe54,"Obwieszczenia Publiczne : dodatek do Dziennika Urzędowego Ministerstwa Sprawiedliwości.   R.17, № 20 (11 marca 1933)",1933-03-11,92,"Przedmiotem przedsiębiorstwa jest prowadzenie apteki w Kowlu,
przy ui. Sienkiewicza Nr. 27. Nr. 1761, przez Ignacego Prusakiewicza, notarjusza
w Kowlu.",https://polona.pl/preview/faed6b2e-cd66-4a95-882f-6cf3845afe54
566649c2-3a9c-416d-b782-694b6d9d601d,"Obwieszczenia Publiczne : dodatek do Dziennika Urzędowego Ministerstwa Sprawiedliwości.   R.17, № 21 (15 marca 1933)",1933-03-15,5,"miesięcznym od daty ukazania
się niniejszego wezwania w druku, zgłosili prawa swoje do pozosta
łego w Kowlu ZC. 39/32. 3201
Sąd grodzki w Kowlu, na mocy art. 1401 U. P.",https://polona.pl/preview/566649c2-3a9c-416d-b782-694b6d9d601d
40ad6db6-94f8-4f56-bf3d-74b5fdcd5c8f,"Obwieszczenia Publiczne : dodatek do Dziennika Urzędowego Ministerstwa Sprawiedliwości.   R.17, № 22 A (18 marca 1933)",1933-03-18,17,"Duwid Sygał i Dawid Klurman,
zam. w Kamieniu-Koszyrskim, Szaja Tejtelbaum, Abram Tejtelbojm
zam. w Kowlu przedsiębiorstwo odstąpione zostało spółce firmowej
,,Sygał, Tejtelbaum i S-ka, dom handlowo-przemysłowy w Kowlu . 7440, wciągnięto wpis treści na
stępującej:
„Sygał, Tejtelbaum i S-ka, dom handlowo-przemysłowy w Kowlu Na mocy aktu, zeznanego przed Jerzym-Hieronimem
Grabowskim, notarjuszem w Kowlu, w dniu 29 grudnia 1932 Nr. 22a
gał, Tejtelbaum i S-ka, dom handlowo przemysłowy w Kowlu, spółka
firmowa"", wciągnięto, jako zmianę",https://polona.pl/preview/40ad6db6-94f8-4f56-bf3d-74b5fdcd5c8f
40ad6db6-94f8-4f56-bf3d-74b5fdcd5c8f,"Obwieszczenia Publiczne : dodatek do Dziennika Urzędowego Ministerstwa Sprawiedliwości.   R.17, № 22 A (18 marca 1933)",1933-03-18,8,"„Ester Fryszberg , drobny handel spożywczy w Kowlu ul.
Warszawska Nr. 118. „Icko Marder"", drobny handel żelaza w Kowlu, ul. Szu-
hajskiego Nr. 4.",https://polona.pl/preview/40ad6db6-94f8-4f56-bf3d-74b5fdcd5c8f
40ad6db6-94f8-4f56-bf3d-74b5fdcd5c8f,"Obwieszczenia Publiczne : dodatek do Dziennika Urzędowego Ministerstwa Sprawiedliwości.   R.17, № 22 A (18 marca 1933)",1933-03-18,7,"„Rywka Bronfeld"", drobny handel spożywczy w Kowlu,
ul. Monopolowa Nr. 34. „Fridlender Chaja-Leja"", skład apteczny w Kowlu, ul. „Demetij Tarasiewicz"", drobny handel wyrobów masar
skich i mięsa w Kowlu, ul. Sienkiewicza 25.",https://polona.pl/preview/40ad6db6-94f8-4f56-bf3d-74b5fdcd5c8f
40ad6db6-94f8-4f56-bf3d-74b5fdcd5c8f,"Obwieszczenia Publiczne : dodatek do Dziennika Urzędowego Ministerstwa Sprawiedliwości.   R.17, № 22 A (18 marca 1933)",1933-03-18,5,"„Hersz Blucher"" — drobna sprzedaż galanterji i manufak
tury ludowej w Kowlu, ul. Pełnomocnictwo do zarządzania i rozporządzania przedsiębior
stwem wydano Jencie Waksmanowej, zam. w Kowlu „Mojsze-Duwid Jakira"" — handel żelaza pod firmą „Wy
roby żelazne"" w Kowlu, ul. Warszawska Nr. 124.",https://polona.pl/preview/40ad6db6-94f8-4f56-bf3d-74b5fdcd5c8f
40ad6db6-94f8-4f56-bf3d-74b5fdcd5c8f,"Obwieszczenia Publiczne : dodatek do Dziennika Urzędowego Ministerstwa Sprawiedliwości.   R.17, № 22 A (18 marca 1933)",1933-03-18,4,"Mickiewicza
Nr. 1.
, . 7375 ' nFiokła Guszyniec’ — drobny handel wyrobami masar-
skiemi i wody sodowej w Kowlu „Józef Feldman — drobny handel mięsem w Kowlu, ul.
Warszawska Nr. 33.",https://polona.pl/preview/40ad6db6-94f8-4f56-bf3d-74b5fdcd5c8f
40ad6db6-94f8-4f56-bf3d-74b5fdcd5c8f,"Obwieszczenia Publiczne : dodatek do Dziennika Urzędowego Ministerstwa Sprawiedliwości.   R.17, № 22 A (18 marca 1933)",1933-03-18,6,"„Plutecka Stefanja“ — sklep spożywczy w Kowlu, ulica
Wierzbowa Nr. 3, wojew. wołyńskiego. „Wiera Kałużna' 1 — sklep spożywczy w Kowlu, ul. Krót
ka Nr. 18. Właścicielka: Kielner Fejga, zamieszkała tamże.
^401, „Stolar Estera — drobny handel spożywczy w Kowlu",https://polona.pl/preview/40ad6db6-94f8-4f56-bf3d-74b5fdcd5c8f
b113fa7d-7b4e-499c-ba81-ffe07bc22a45,"Obwieszczenia Publiczne : dodatek do Dziennika Urzędowego Ministerstwa Sprawiedliwości.   R.17, № 30 (15 kwietnia 1933)",1933-04-15,2,"ogłoszenia niniejszego
w druku zgłosili prawa swoje do majątku, pozostałego po wymienio
nym zmarłym w Kowlu C., wzywa spad
kobierców zmarłego w Kowlu dnia 19 stycznia 1933 r. Co. 28/33). 4729
Sąd grodzki w Kowlu, na mocy art. 1401 U. P.",https://polona.pl/preview/b113fa7d-7b4e-499c-ba81-ffe07bc22a45
92c8d451-02ad-4741-acf0-bcbcb369ebb1,"Obwieszczenia Publiczne : dodatek do Dziennika Urzędowego Ministerstwa Sprawiedliwości.   R.17, № 31 (19 kwietnia 1933)",1933-04-19,2,"C., wzywa spadko
bierców zmarłego w Kowlu dnia 11 stycznia 1933 r. O. 10/32. 4845
Sąd grodzki w Kowlu, na mocy art. 1401 U. P.",https://polona.pl/preview/92c8d451-02ad-4741-acf0-bcbcb369ebb1
d1f5be80-8e96-450f-a2bc-78b47718a199,"Obwieszczenia Publiczne : dodatek do Dziennika Urzędowego Ministerstwa Sprawiedliwości.   R.17, № 34 A (29 kwietnia 1933)",1933-04-29,30,"świadczone zostały w tymże dniu za Nr. repert. 182, przez Jerzego-
Heronima Grabowskiego, notarjusza w Kowlu",https://polona.pl/preview/d1f5be80-8e96-450f-a2bc-78b47718a199
52c26818-1749-4ffc-b0bb-acd3602a18f5,"Obwieszczenia Publiczne : dodatek do Dziennika Urzędowego Ministerstwa Sprawiedliwości.   R.17, № 35 (3 maja 1933)",1933-05-03,46,"umowy prywatnej, podpisy na której poświad
czone zostały przez Hipolita Żyznowskiego, notarjusza w Kowlu",https://polona.pl/preview/52c26818-1749-4ffc-b0bb-acd3602a18f5
52c26818-1749-4ffc-b0bb-acd3602a18f5,"Obwieszczenia Publiczne : dodatek do Dziennika Urzędowego Ministerstwa Sprawiedliwości.   R.17, № 35 (3 maja 1933)",1933-05-03,45,"Wspólnikami są: Bolesław-Ambroży (2-ch imion), Antoni i Zofja
Olszewscy, zam. w Kowlu, ul.",https://polona.pl/preview/52c26818-1749-4ffc-b0bb-acd3602a18f5
332fb1fb-efaa-44fb-8d0d-180a52104269,"Obwieszczenia Publiczne : dodatek do Dziennika Urzędowego Ministerstwa Sprawiedliwości.   R.17, № 38 (13 maja 1933)",1933-05-13,88,"Wpisano na mocy aktu zeznanego przed Ignacym Prusakiewi-
czem, notarjuszem w Kowlu w dniu 17 lutego 1932",https://polona.pl/preview/332fb1fb-efaa-44fb-8d0d-180a52104269
defbd4fc-4258-47ac-9e7c-98626ae8ca20,"Obwieszczenia Publiczne : dodatek do Dziennika Urzędowego Ministerstwa Sprawiedliwości.   R.17, № 38 A (13 maja 1933)",1933-05-13,30,"aktu zeznanego przez wspólników w dn.
6 kwietnia 1932 roku przed Ignacym Prusakiewiczem notarjuszem
w Kowlu",https://polona.pl/preview/defbd4fc-4258-47ac-9e7c-98626ae8ca20
7f0ee790-5aba-4675-a40a-5bf34797f023,"Obwieszczenia Publiczne : dodatek do Dziennika Urzędowego Ministerstwa Sprawiedliwości.   R.17, № 39 (17 maja 1933)",1933-05-17,69,"poz. 10), wzywam wszystkie osoby,
mające jakiekolwiek pretensje do kaucji komornika sądu grodzkiego
w Kowlu",https://polona.pl/preview/7f0ee790-5aba-4675-a40a-5bf34797f023
7f0ee790-5aba-4675-a40a-5bf34797f023,"Obwieszczenia Publiczne : dodatek do Dziennika Urzędowego Ministerstwa Sprawiedliwości.   R.17, № 39 (17 maja 1933)",1933-05-17,72,"C., sąd grodzki w Kowlu, odwołuje pełno
mocnictwo zeznane dnia 30 września 1924 r., przed notarjuszem",https://polona.pl/preview/7f0ee790-5aba-4675-a40a-5bf34797f023
67b579b4-70d0-4070-9b21-4b5a76f7a125,"Obwieszczenia Publiczne : dodatek do Dziennika Urzędowego Ministerstwa Sprawiedliwości.   R.17, № 40 A (20 maja 1933)",1933-05-20,31,"Wspólnikami są Hersz - Wolf Landa, Hersz - Lejb Czajczyniec,
Jowel Waks, Symcha Fidel i Szulirn Fidel zam. w Kowlu dniu 23 marca 1933 roku pod Nr. 7482 wciągnięto wpis
treści następującej:
„Hersz - Wolf Łande i S-ka w Kowlu",https://polona.pl/preview/67b579b4-70d0-4070-9b21-4b5a76f7a125
b7d80f02-0da9-4b6e-8623-61481aa8d931,"Obwieszczenia Publiczne : dodatek do Dziennika Urzędowego Ministerstwa Sprawiedliwości.   R.17, № 45 (7 czerwca 1933)",1933-06-07,44,"Obwieszczenia publiczne.

45

do sądu w Łucku przez Baszejwę Godlsztejn tytułem komornego za lo
kal w Kowlu",https://polona.pl/preview/b7d80f02-0da9-4b6e-8623-61481aa8d931
361caa37-a56b-4e67-8e96-7f17ef1630af,"Obwieszczenia Publiczne : dodatek do Dziennika Urzędowego Ministerstwa Sprawiedliwości.   R.17, № 46 A (10 czerwca 1933)",1933-06-10,29,"„Szmul-Lejba Wajsbrot"", hurtowy skład piwa w Kowlu,
ul. Warszawska 112-a.",https://polona.pl/preview/361caa37-a56b-4e67-8e96-7f17ef1630af
361caa37-a56b-4e67-8e96-7f17ef1630af,"Obwieszczenia Publiczne : dodatek do Dziennika Urzędowego Ministerstwa Sprawiedliwości.   R.17, № 46 A (10 czerwca 1933)",1933-06-10,28,"„Boruch-Awrum Grynblat"", handel przyborów elektrycz
nych, radjowych, naczynia i lamp w Kowlu, ul.",https://polona.pl/preview/361caa37-a56b-4e67-8e96-7f17ef1630af
361caa37-a56b-4e67-8e96-7f17ef1630af,"Obwieszczenia Publiczne : dodatek do Dziennika Urzędowego Ministerstwa Sprawiedliwości.   R.17, № 46 A (10 czerwca 1933)",1933-06-10,31,"Włodzimierz, zamieszkały tamże.
7488. ,,Gumiński Bazyli"", bufet ze sprzedażą słodyczy i wody
sodowej w Kowlu",https://polona.pl/preview/361caa37-a56b-4e67-8e96-7f17ef1630af
1c66a004-ef5b-4270-a268-436ea1752393,"Obwieszczenia Publiczne : dodatek do Dziennika Urzędowego Ministerstwa Sprawiedliwości.   R.17, № 50 (24 czerwca 1933)",1933-06-24,79,"iałów budowlanych Tejwela Fryszberga i Giltli Furszteler, S-ka z ogra
niczoną odpowiedzialnością w Kowlu",https://polona.pl/preview/1c66a004-ef5b-4270-a268-436ea1752393
1c66a004-ef5b-4270-a268-436ea1752393,"Obwieszczenia Publiczne : dodatek do Dziennika Urzędowego Ministerstwa Sprawiedliwości.   R.17, № 50 (24 czerwca 1933)",1933-06-24,9,"sumę 31.500 zł.
na rzecz Augusta Malinowskiego i w sumie 2.732 zł. 97 gr. na rzecz
Urzędu Skarbowego w Kowlu",https://polona.pl/preview/1c66a004-ef5b-4270-a268-436ea1752393
1c66a004-ef5b-4270-a268-436ea1752393,"Obwieszczenia Publiczne : dodatek do Dziennika Urzędowego Ministerstwa Sprawiedliwości.   R.17, № 50 (24 czerwca 1933)",1933-06-24,55,"Praw Nr. 5/1918, poz. 10), zawiadamia, że wobec miano
wania dotychczasowego komornika sądowego w Kowlu",https://polona.pl/preview/1c66a004-ef5b-4270-a268-436ea1752393
2d076744-3b0a-431a-a326-de2c7b905378,"Obwieszczenia Publiczne : dodatek do Dziennika Urzędowego Ministerstwa Sprawiedliwości.   R.17, № 58 (22 lipca 1933)",1933-07-22,94,"Działu „A"",
w dniu 22 maja 1933 roku, pod Nr. 2721 przy firmie „Bracia Wolman,
Fabryka Garbarska w Kowlu",https://polona.pl/preview/2d076744-3b0a-431a-a326-de2c7b905378
2d076744-3b0a-431a-a326-de2c7b905378,"Obwieszczenia Publiczne : dodatek do Dziennika Urzędowego Ministerstwa Sprawiedliwości.   R.17, № 58 (22 lipca 1933)",1933-07-22,47,"Włodzimierskiej Nr. 14,
o powierzchni 9,24 mtr. kw., nabyta przez gminę wyznaniową żydow
ską w Kowlu",https://polona.pl/preview/2d076744-3b0a-431a-a326-de2c7b905378
2d076744-3b0a-431a-a326-de2c7b905378,"Obwieszczenia Publiczne : dodatek do Dziennika Urzędowego Ministerstwa Sprawiedliwości.   R.17, № 58 (22 lipca 1933)",1933-07-22,89,"roku, pod Nr. 7525 wciągnięto wpis treści na
stępującej :
„Chaim Frejd"" — przedsiębiorstwo budowlane w Kowlu 29 kwietnia 1933 roku, pod Nr. 70 wciągnięto wpis
treści następującej przy firmie „Klejman Duwid w Kowlu",https://polona.pl/preview/2d076744-3b0a-431a-a326-de2c7b905378
f0a4b3a1-b9a6-46f7-8215-27dfcfe9ba3b,"Obwieszczenia Publiczne : dodatek do Dziennika Urzędowego Ministerstwa Sprawiedliwości.   R.17, № 63 (9 sierpnia 1933)",1933-08-09,51,"wyznacza
3-ch miesięczny termin do wnoszenia do Powiatowego Urzędu Ziem
skiego w Kowlu wszelkich pretensji publicznej

100

0 5038

38

0.2000

84

0.4200

85

0.2800

Jednocześnie Powiatowy Urząd Ziemski w Kowlu",https://polona.pl/preview/f0a4b3a1-b9a6-46f7-8215-27dfcfe9ba3b
f0a4b3a1-b9a6-46f7-8215-27dfcfe9ba3b,"Obwieszczenia Publiczne : dodatek do Dziennika Urzędowego Ministerstwa Sprawiedliwości.   R.17, № 63 (9 sierpnia 1933)",1933-08-09,75,"„Szamszen - Lejzor Lerner"", drobna sprzedaż artykułów
spożywczych i kolonjalnych w Kowlu, ul. „Teresa-Franciszka Nagucka"", drobny handel galanterji
w Kowlu, ul. Warszawska 29.",https://polona.pl/preview/f0a4b3a1-b9a6-46f7-8215-27dfcfe9ba3b
f0a4b3a1-b9a6-46f7-8215-27dfcfe9ba3b,"Obwieszczenia Publiczne : dodatek do Dziennika Urzędowego Ministerstwa Sprawiedliwości.   R.17, № 63 (9 sierpnia 1933)",1933-08-09,56,"do Powiatowego Urzędu Ziem
skiego w Kowlu wszelkich pretensji o prawo własności do gruntów
scalonych Jowik Jona

Jednocześnie Powiatowy Urząd Ziemski w Kowlu wyznacza
3-ch miesięczny termin do wnoszenia",https://polona.pl/preview/f0a4b3a1-b9a6-46f7-8215-27dfcfe9ba3b
f0a4b3a1-b9a6-46f7-8215-27dfcfe9ba3b,"Obwieszczenia Publiczne : dodatek do Dziennika Urzędowego Ministerstwa Sprawiedliwości.   R.17, № 63 (9 sierpnia 1933)",1933-08-09,48,"Po
wiatowy Urząd Ziemski w Kowlu ogłasza o przeprowadzonem scale
niu gruntów wsi Siedliszcze część Pienińskiej",https://polona.pl/preview/f0a4b3a1-b9a6-46f7-8215-27dfcfe9ba3b
f0a4b3a1-b9a6-46f7-8215-27dfcfe9ba3b,"Obwieszczenia Publiczne : dodatek do Dziennika Urzędowego Ministerstwa Sprawiedliwości.   R.17, № 63 (9 sierpnia 1933)",1933-08-09,52,"Po
wiatowy Urząd Ziemski w Kowlu ogłasza o przeprowadzonem scale
niu gruntów wsi Siedliszcze cz.",https://polona.pl/preview/f0a4b3a1-b9a6-46f7-8215-27dfcfe9ba3b
f0a4b3a1-b9a6-46f7-8215-27dfcfe9ba3b,"Obwieszczenia Publiczne : dodatek do Dziennika Urzędowego Ministerstwa Sprawiedliwości.   R.17, № 63 (9 sierpnia 1933)",1933-08-09,74,"Siedziba w Kowlu, ul. Pomnikowa 36.",https://polona.pl/preview/f0a4b3a1-b9a6-46f7-8215-27dfcfe9ba3b
d4b8af55-fa79-4847-81d2-ce27fd7aa8d2,"Obwieszczenia Publiczne : dodatek do Dziennika Urzędowego Ministerstwa Sprawiedliwości.   R.17, № 64 (12 sierpnia 1933)",1933-08-12,43,"Szosa Państwowa Kowel—Brześć

1

6.1740

Jednocześnie Powiatowy Urząd Ziemski w Kowlu wyznacza
3-ch miesięczny termin do wnoszenia do Powiatowego Urzędu Ziem
skiego w Kowlu wszelkich pretensji o prawo własności",https://polona.pl/preview/d4b8af55-fa79-4847-81d2-ce27fd7aa8d2
d4b8af55-fa79-4847-81d2-ce27fd7aa8d2,"Obwieszczenia Publiczne : dodatek do Dziennika Urzędowego Ministerstwa Sprawiedliwości.   R.17, № 64 (12 sierpnia 1933)",1933-08-12,41,"Po
wiatowy Urząd Ziemski w Kowlu ogłasza o przeprowadzonem scale
niu gruntów wsi Myślina, gmina Niesuchoiże",https://polona.pl/preview/d4b8af55-fa79-4847-81d2-ce27fd7aa8d2
cae7fe63-3578-4f17-a945-55a36975ad31,"Obwieszczenia Publiczne : dodatek do Dziennika Urzędowego Ministerstwa Sprawiedliwości.   R.17, № 70 A (2 września 1933)",1933-09-02,31,"Aktem z dnia 27 stycznia 1933 r.,
sporządzonym w kancelarji notarjusza Grabowskiego w Kowlu, zostały",https://polona.pl/preview/cae7fe63-3578-4f17-a945-55a36975ad31
66f6cbab-281f-45b0-9d3b-e0e4d724a6cc,"Obwieszczenia Publiczne : dodatek do Dziennika Urzędowego Ministerstwa Sprawiedliwości.   R.17, № 71 (6 września 1933)",1933-09-06,3,"zmarłym, składającego się z działki ziemi o obszarze 159,05 sążni
kw. wraz z zabudowaniami, położonej w Kowlu Nr. 71

Sąd grodzki w Kowlu, na mocy art. 1401 U. P.",https://polona.pl/preview/66f6cbab-281f-45b0-9d3b-e0e4d724a6cc
5b454120-60b5-40d4-b9f8-7acd2fab465c,"Obwieszczenia Publiczne : dodatek do Dziennika Urzędowego Ministerstwa Sprawiedliwości.   R.17, № 76 (23 września 1933)",1933-09-23,1,"C„ wzy
wa Jana Dupaka, ostatnio zamieszkałego w Kowlu, obecnie niewiado
mego z miejsca pobytu, aby w",https://polona.pl/preview/5b454120-60b5-40d4-b9f8-7acd2fab465c
41d1f3bc-f224-4562-9fcc-b9119eab83a1,"Obwieszczenia Publiczne : dodatek do Dziennika Urzędowego Ministerstwa Sprawiedliwości.   R.17, № 77 (27 września 1933)",1933-09-27,2,"Kowla, składającego się z nieruchomości położonej
w Kowlu i m. Brzezinach. (Sprawa Nr. Sąd grodzki w Kowlu wzywa spadkobierców, aby w terminie
6-ciu miesięcy od dnia ukazania się niniejszego",https://polona.pl/preview/41d1f3bc-f224-4562-9fcc-b9119eab83a1
41d1f3bc-f224-4562-9fcc-b9119eab83a1,"Obwieszczenia Publiczne : dodatek do Dziennika Urzędowego Ministerstwa Sprawiedliwości.   R.17, № 77 (27 września 1933)",1933-09-27,40,"Powiatowy Urząd Ziem
ski w Kowlu ogłasza o przeprowadzonem scaleniu gruntów wsi Mielce,
gminy Datyń,",https://polona.pl/preview/41d1f3bc-f224-4562-9fcc-b9119eab83a1
41d1f3bc-f224-4562-9fcc-b9119eab83a1,"Obwieszczenia Publiczne : dodatek do Dziennika Urzędowego Ministerstwa Sprawiedliwości.   R.17, № 77 (27 września 1933)",1933-09-27,35,"Sąd grodzki w Kowlu ogłasza, że Worobiej Aleksy, syn Grzego
rza, urodzony w 1879 r. mieszkaniec wsi Myzowo",https://polona.pl/preview/41d1f3bc-f224-4562-9fcc-b9119eab83a1
41d1f3bc-f224-4562-9fcc-b9119eab83a1,"Obwieszczenia Publiczne : dodatek do Dziennika Urzędowego Ministerstwa Sprawiedliwości.   R.17, № 77 (27 września 1933)",1933-09-27,45,"Kruga
do podjęcia depozytu, złożonego sądowi okręgowemu w Łucku przez
Luizę Krygier w Kasie Skarbowej w Kowlu Z. w Kowlu z dnia
13 kwietnia 1932 r. za Nr. 410.",https://polona.pl/preview/41d1f3bc-f224-4562-9fcc-b9119eab83a1
41d1f3bc-f224-4562-9fcc-b9119eab83a1,"Obwieszczenia Publiczne : dodatek do Dziennika Urzędowego Ministerstwa Sprawiedliwości.   R.17, № 77 (27 września 1933)",1933-09-27,36,"Nr. 348/33);
rad osobą i majątkiem ubezwłasnowolnionego postanowieniem sądu
grodzkiego w Kowlu, z dnia",https://polona.pl/preview/41d1f3bc-f224-4562-9fcc-b9119eab83a1
41d1f3bc-f224-4562-9fcc-b9119eab83a1,"Obwieszczenia Publiczne : dodatek do Dziennika Urzędowego Ministerstwa Sprawiedliwości.   R.17, № 77 (27 września 1933)",1933-09-27,43,"wyznacza 3-ch
miesięczny termin do wnoszenia do Powiatowego Urzędu Ziemskiego
w Kowlu wszelkich pretensji Cmentarz

90

1.7126

Razem grunty użyteczności pubł.

3.9799

i

Jednocześnie Powiatowy Urząd Ziemski w Kowlu",https://polona.pl/preview/41d1f3bc-f224-4562-9fcc-b9119eab83a1
217ec986-085c-431c-8f37-088ea056e465,"Obwieszczenia Publiczne : dodatek do Dziennika Urzędowego Ministerstwa Sprawiedliwości.   R.17, № 79 (4 października 1933)",1933-10-04,2,"C. 2340/32). 1152Ś
Sąd grodzki w Kowlu, na mocy art. 94 prawa wekslowego, wzy
wa posiadacza zaginionego Leszno 14, oddanego do in
kasa Bankowi Ludowemu w Kowlu wekslu na sumę 100 zł., płatnego
w dniu 3 lipca 1933 r., z wystawienia Szmula Erlicha, zam. w Kowlu,
przy ul.",https://polona.pl/preview/217ec986-085c-431c-8f37-088ea056e465
45e92337-70f7-4053-a330-1c19be686ddf,"Obwieszczenia Publiczne : dodatek do Dziennika Urzędowego Ministerstwa Sprawiedliwości.   R.17, № 82 (14 października 1933)",1933-10-14,60,"że na skutek podania z dn. 24 lipca 1933 r.
wniesionego przez Aleksandra Kopelczuka, mieszkającego w Kowlu",https://polona.pl/preview/45e92337-70f7-4053-a330-1c19be686ddf
35cf46d2-e560-4988-b656-858306f4e45a,"Obwieszczenia Publiczne : dodatek do Dziennika Urzędowego Ministerstwa Sprawiedliwości.   R.17, № 86 (28 października 1933)",1933-10-28,38,"został ubezwłasnowolniony, nad osobą i majątkiem ubezwłasnowolnio
nego postanowieniem sądu grodzkiego w Kowlu",https://polona.pl/preview/35cf46d2-e560-4988-b656-858306f4e45a
35cf46d2-e560-4988-b656-858306f4e45a,"Obwieszczenia Publiczne : dodatek do Dziennika Urzędowego Ministerstwa Sprawiedliwości.   R.17, № 86 (28 października 1933)",1933-10-28,35,"został ubezwłasnowolniony, nad osobą i majątkiem ubezwłasnowolnio
nego postanowieniem sądu grodzkiego w Kowlu , z dnia 9 października
1933 ir. została ustalona opieka w osobie Michała Czechaniuka, zam.
w Kowlu,",https://polona.pl/preview/35cf46d2-e560-4988-b656-858306f4e45a
e730e60c-648e-451c-8d6c-e7ae70774efc,"Obwieszczenia Publiczne : dodatek do Dziennika Urzędowego Ministerstwa Sprawiedliwości.   R.17, № 86 A (28 października 1933)",1933-10-28,0,"okręgowego w Łucku, działu A,
w dniu 15 września 1933 roku, pod Nr. 1166, przy firmie: „Wolf Li-
twak“ w Kowlu",https://polona.pl/preview/e730e60c-648e-451c-8d6c-e7ae70774efc
dfe2b380-78e3-477c-ab12-457af3d4b938,"Obwieszczenia Publiczne : dodatek do Dziennika Urzędowego Ministerstwa Sprawiedliwości.   R.17, № 88 (4 listopada 1933)",1933-11-04,84,"października 1933 r.
wzywa niewiadomego z miejsca pobytu Stefana Harymowicza, który
stale zamieszkiwał w Kowlu",https://polona.pl/preview/dfe2b380-78e3-477c-ab12-457af3d4b938
dfe2b380-78e3-477c-ab12-457af3d4b938,"Obwieszczenia Publiczne : dodatek do Dziennika Urzędowego Ministerstwa Sprawiedliwości.   R.17, № 88 (4 listopada 1933)",1933-11-04,66,"Powiatowy
Urząd Ziemski w Kowlu ogłasza o przeprowadzonem scaleniu grun
tów wsi Szkroby, gminy Datyń,",https://polona.pl/preview/dfe2b380-78e3-477c-ab12-457af3d4b938
dfe2b380-78e3-477c-ab12-457af3d4b938,"Obwieszczenia Publiczne : dodatek do Dziennika Urzędowego Ministerstwa Sprawiedliwości.   R.17, № 88 (4 listopada 1933)",1933-11-04,77,"wyznacza
3-ch miesięczny termin do wnoszenia ido Powiatowego Urzędu Ziem
skiego w Kowlu, wszelkich pretensji Jezioro Synowo sporne z Klasztorem
w Mielcach

332

18.7342

Jednocześnie Powiatowy Urządl Ziemski w Kowlu",https://polona.pl/preview/dfe2b380-78e3-477c-ab12-457af3d4b938
23990e79-c499-4a1b-968b-d747bbf73232,"Obwieszczenia Publiczne : dodatek do Dziennika Urzędowego Ministerstwa Sprawiedliwości.   R.17, № 89 (8 listopada 1933)",1933-11-08,39,"Powiatowy
Urząd Ziemski w Kowlu ogłasza o przeprowadzonetn scaleniu grun
tów wsi Doszmo, gm.",https://polona.pl/preview/23990e79-c499-4a1b-968b-d747bbf73232
23990e79-c499-4a1b-968b-d747bbf73232,"Obwieszczenia Publiczne : dodatek do Dziennika Urzędowego Ministerstwa Sprawiedliwości.   R.17, № 89 (8 listopada 1933)",1933-11-08,42,"wyznacza
3-ch miesięczny termin do wnoszenia do Powiatowego Urzędu Ziem
skiego w Kowlu wszelkich pretensji gliny

96

0.2111

Jezioro z pasem przybrzeżnym

90

21.2749

Jednocześnie Powiatowy Urząd Ziemski w Kowlu",https://polona.pl/preview/23990e79-c499-4a1b-968b-d747bbf73232
85299e8e-b2ec-4423-abb9-3612501d82ee,"Obwieszczenia Publiczne : dodatek do Dziennika Urzędowego Ministerstwa Sprawiedliwości.   R.17, № 92 (18 listopada 1933)",1933-11-18,48,"Horochowie, 7) Państwowy Bank Rolny, oddział w Łucku, 8) Urząd
Skarbowy Akcyz i Monopoli Państwowych w Kowlu",https://polona.pl/preview/85299e8e-b2ec-4423-abb9-3612501d82ee
d9a8aa3b-9bf1-4bf2-a356-14234173ac0c,"Obwieszczenia Publiczne : dodatek do Dziennika Urzędowego Ministerstwa Sprawiedliwości.   R.17, № 100 A (16 grudnia 1933)",1933-12-16,14,"„Krupiński Jan"", handel bronią, amunicją, przyborami my-
śliwskiemi w Kowlu, ul. Warszawska 22. „Lerner Bejła"", drobny handel spożvwczy w Kowlu, ul.
Listopadowa Nr. 74. „Nojen Szaroszewski"", piwiarnia i domowa sprzedaż pa
pierosów w Kowlu, ul. Kolejowa Nr. 88.",https://polona.pl/preview/d9a8aa3b-9bf1-4bf2-a356-14234173ac0c
d9a8aa3b-9bf1-4bf2-a356-14234173ac0c,"Obwieszczenia Publiczne : dodatek do Dziennika Urzędowego Ministerstwa Sprawiedliwości.   R.17, № 100 A (16 grudnia 1933)",1933-12-16,15,"Właściciel Moijsze Sztejnberg, zamieszkały w Kowlu, ul. Pomnikowa.
dnia 26 czerwca 1933 roku.
7566.",https://polona.pl/preview/d9a8aa3b-9bf1-4bf2-a356-14234173ac0c
d9a8aa3b-9bf1-4bf2-a356-14234173ac0c,"Obwieszczenia Publiczne : dodatek do Dziennika Urzędowego Ministerstwa Sprawiedliwości.   R.17, № 100 A (16 grudnia 1933)",1933-12-16,20,"„Bencjcn Płot"", księgarnia ze sprzedażą materjałów piś
miennych pod firmą „Księgarnia Popularna"" w Kowlu „Gnatiukówna Marja"", drcbna sprzedaż wyrobów masar
skich w Kowlu, ul. Sienkiewicza 21. zamieszkała tamże.
dnia 26 września 1933 roku.
7640. ,,Abram Fryszberg"", drobny handel spożywczy w Kowlu",https://polona.pl/preview/d9a8aa3b-9bf1-4bf2-a356-14234173ac0c
d9a8aa3b-9bf1-4bf2-a356-14234173ac0c,"Obwieszczenia Publiczne : dodatek do Dziennika Urzędowego Ministerstwa Sprawiedliwości.   R.17, № 100 A (16 grudnia 1933)",1933-12-16,18,"„Erlichgerecht Asna"", drobny handel przetworów zbożo
wych w Kowlu, ul. Rynek 13. „Józef Nawrot"", bufet III klasy w Kowlu — Dworzec Ko
lejowy. „Frejłachman Aron"", kawiarnia w Kowlu, ul. Warszaw
ska 64.",https://polona.pl/preview/d9a8aa3b-9bf1-4bf2-a356-14234173ac0c
d9a8aa3b-9bf1-4bf2-a356-14234173ac0c,"Obwieszczenia Publiczne : dodatek do Dziennika Urzędowego Ministerstwa Sprawiedliwości.   R.17, № 100 A (16 grudnia 1933)",1933-12-16,16,"„Wacław Głouszek"", drobny handel spożywczy w Kowlu,
ul. Bilińska 3. „Aron Kac"", handel gotowych ubrań ludowych i tow. włó
kienniczych w Kowlu, ul. Warszawska 52.",https://polona.pl/preview/d9a8aa3b-9bf1-4bf2-a356-14234173ac0c
d9a8aa3b-9bf1-4bf2-a356-14234173ac0c,"Obwieszczenia Publiczne : dodatek do Dziennika Urzędowego Ministerstwa Sprawiedliwości.   R.17, № 100 A (16 grudnia 1933)",1933-12-16,17,"„Sztejnberg Jakób"", drobny handel drożdży w Kowlu, ul.
Warszawska Nr. 25. „Szejnbaum Małka"", drobny handel drożdżami w Kowlu,
ul. Warszawska Nr. 20. „Ester Bucher , drobna sprzedaż słodyczy, wody sodowej
i wyrobów tytuniowych w Kowlu, ul.",https://polona.pl/preview/d9a8aa3b-9bf1-4bf2-a356-14234173ac0c
d9a8aa3b-9bf1-4bf2-a356-14234173ac0c,"Obwieszczenia Publiczne : dodatek do Dziennika Urzędowego Ministerstwa Sprawiedliwości.   R.17, № 100 A (16 grudnia 1933)",1933-12-16,19,"„Kuczyński Jan 1 ', resturacja i domowa sprzedaż papiero
sów w Kowlu, ul. Włodzimierska 5. „Chaim Gewercman 11 , hurtowy skład piwa w Kowlu, ul.
Fabryczna 6. „Awrum-Aron Fisz 11 , drobny handel spożywczy w Kowlu,
ul. Warszawska Nr. 96.",https://polona.pl/preview/d9a8aa3b-9bf1-4bf2-a356-14234173ac0c
53841929-0f3d-466f-903a-e1728ea1565c,"Obwieszczenia Publiczne : dodatek do Dziennika Urzędowego Ministerstwa Sprawiedliwości.   R.17, № 102 (23 grudnia 1933)",1933-12-23,44,"Powiato
wy Urząd Ziemski w Kowlu ogłasza o przeprowadzonem scaleniu grun
tów wsi Horodełec, gminy Stare-Koszary",https://polona.pl/preview/53841929-0f3d-466f-903a-e1728ea1565c
53841929-0f3d-466f-903a-e1728ea1565c,"Obwieszczenia Publiczne : dodatek do Dziennika Urzędowego Ministerstwa Sprawiedliwości.   R.17, № 102 (23 grudnia 1933)",1933-12-23,50,"wyznacza
3-ch miesięczny termin do wnoszenia do Powiatowego Urzędu Ziem
skiego w Kowlu wszelkich pretensji 3.8215

Powiatowa droj|a Kowel—W łodzi mierz

206

8.3599

Jednocześnie Powiatowy Urząd Ziemski w Kowlu",https://polona.pl/preview/53841929-0f3d-466f-903a-e1728ea1565c
53841929-0f3d-466f-903a-e1728ea1565c,"Obwieszczenia Publiczne : dodatek do Dziennika Urzędowego Ministerstwa Sprawiedliwości.   R.17, № 102 (23 grudnia 1933)",1933-12-23,38,"Powiato
wy Urząd Ziemski w Kowlu ogłasza o przeprowadzonem scaleniu grun
tów wsi Krasnow'ola, gminy Stare-Koszary",https://polona.pl/preview/53841929-0f3d-466f-903a-e1728ea1565c
53841929-0f3d-466f-903a-e1728ea1565c,"Obwieszczenia Publiczne : dodatek do Dziennika Urzędowego Ministerstwa Sprawiedliwości.   R.17, № 102 (23 grudnia 1933)",1933-12-23,43,"zwierząt

120

1.0000

Kopalnia na remont grobli

44

0.2400

Jednocześnie Powiatowy Urząd Ziemski w Kowlu wyznacza
o-ch miesięczny termin do wnoszenia do Powiatowego Urzędu Ziem
skiego w Kowlu wszelkich pretensji",https://polona.pl/preview/53841929-0f3d-466f-903a-e1728ea1565c
834107cc-789d-45c4-8fe4-fb49182c8b8e,"Obwieszczenia Publiczne : dodatek do Dziennika Urzędowego Ministerstwa Sprawiedliwości.   R.17, № 103 (27 grudnia 1933)",1933-12-27,4,"(Sprawa Co. 221/33). 15075
Sąd grodzki w Kowlu, z mocy art. 1401 U. P. (Spr. c. p. s. 118/33). 15074
Sąd grodzki w Kowlu, z mocy art, 1401 U. P.",https://polona.pl/preview/834107cc-789d-45c4-8fe4-fb49182c8b8e
67a5fce7-ae0c-4065-831a-4d1b4108b46e,"Obwieszczenia Publiczne : dodatek do Dziennika Urzędowego Ministerstwa Sprawiedliwości.   R.18, № 1 (3 stycznia 1934)",1934-01-03,22,"Obwieszczenie Powiatowego Urzędu Ziemskiego w Kowlu z dn.
11 października 1933 r. o przeprowadzonem scaleniu Powia
towy Urząd Ziemski w Kowlu ogłasza o przeprowadzonem scaleniu
gruntów wsi Bachów, gminy Niesuchoiże",https://polona.pl/preview/67a5fce7-ae0c-4065-831a-4d1b4108b46e
67a5fce7-ae0c-4065-831a-4d1b4108b46e,"Obwieszczenia Publiczne : dodatek do Dziennika Urzędowego Ministerstwa Sprawiedliwości.   R.18, № 1 (3 stycznia 1934)",1934-01-03,33,"wyznacza 3-ch
miesięczny termin do wnoszenia do Powiatowego Urzędu Ziemskiego
w Kowlu wszelkich pretensji Droga sejmikowa Kowel — -Kamień
Koszyrski

312

5.6470
i
1

I

Jednocześnie Powiatowy Urząd Ziemski w Kowlu",https://polona.pl/preview/67a5fce7-ae0c-4065-831a-4d1b4108b46e
cff4f15c-7d17-416f-83da-0e08d3ac9224,"Obwieszczenia Publiczne : dodatek do Dziennika Urzędowego Ministerstwa Sprawiedliwości.   R.18, № 5 (17 stycznia 1934)",1934-01-17,2,"C., sąd grodzki w Kowlu, wzywa spad
kobierców zm.",https://polona.pl/preview/cff4f15c-7d17-416f-83da-0e08d3ac9224
ee659573-c80c-4fff-99d4-5ddacbe73d01,"Obwieszczenia Publiczne : dodatek do Dziennika Urzędowego Ministerstwa Sprawiedliwości.   R.18, № 6 A (20 stycznia 1934)",1934-01-20,19,"listopada 1933 roku, pod Nr, 151, przy firmie „Budulec 11 , spół
ka z ograniczoną odpowiedzialnością w Kowlu",https://polona.pl/preview/ee659573-c80c-4fff-99d4-5ddacbe73d01
13089086-99bf-41fa-bd29-7fa82f7efd32,"Obwieszczenia Publiczne : dodatek do Dziennika Urzędowego Ministerstwa Sprawiedliwości.   R.18, № 8 (27 stycznia 1934)",1934-01-27,61,"Chany Landa i Mojzesza
Goldszmidta w kwocie 435 zł. tytułem komornego za loKal, zajmowany
w ich domu w Kowlu",https://polona.pl/preview/13089086-99bf-41fa-bd29-7fa82f7efd32
4645fbb8-d147-4498-a387-df634f92a353,"Obwieszczenia Publiczne : dodatek do Dziennika Urzędowego Ministerstwa Sprawiedliwości.   R.18, № 14 (17 lutego 1934)",1934-02-17,76,"Właściciel: Hersz Najerman, zamieszkały w Kowlu, ul. Listo
pad owa.
7677. „Zofja Szeloch' 1 — drobny handel spożywczy w Kowlu,
ul, Sienkiewicza Nr. 43,
Właścicielka: Zofja Szeloch",https://polona.pl/preview/4645fbb8-d147-4498-a387-df634f92a353
4645fbb8-d147-4498-a387-df634f92a353,"Obwieszczenia Publiczne : dodatek do Dziennika Urzędowego Ministerstwa Sprawiedliwości.   R.18, № 14 (17 lutego 1934)",1934-02-17,74,"„Abram - Icek Wajsman"" — skład mebli w Kowlu, przy
ul. zamieszkała tamże Nr. 58,
7660, „Perczuk Chaskiel — Wygoda — drobna sprzedaż skóry
i Przyborów szewskich w Kowlu 7659, „Roza Brizełi-Grutzhandler"" — drobny handel płaszczy,
kapeluszy, okryć i futer zwyczajnych w Kowlu",https://polona.pl/preview/4645fbb8-d147-4498-a387-df634f92a353
9ae2914a-6e3a-426f-a357-a76dc13a1544,"Obwieszczenia Publiczne : dodatek do Dziennika Urzędowego Ministerstwa Sprawiedliwości.   R.18, № 14 A (17 lutego 1934)",1934-02-17,14,"aktu
zeznanego przed Antonim Sierakiewiczem zastępcą Jerzego-Heroni-
ma Grabowskiego, notarjusza w Kowlu Wszyscy wspól
nicy zamieszkują w Kowlu.",https://polona.pl/preview/9ae2914a-6e3a-426f-a357-a76dc13a1544
c87ab0e3-1b0c-47f7-b010-35e9be66b44e,"Obwieszczenia Publiczne : dodatek do Dziennika Urzędowego Ministerstwa Sprawiedliwości.   R.18, № 15 (21 lutego 1934)",1934-02-21,38,"Łucku, wydział I cywilny, podaje do wiadomo
ści, iż w sprawie z powództwa Karola Rokickiego, zam. w Kowlu",https://polona.pl/preview/c87ab0e3-1b0c-47f7-b010-35e9be66b44e
c87ab0e3-1b0c-47f7-b010-35e9be66b44e,"Obwieszczenia Publiczne : dodatek do Dziennika Urzędowego Ministerstwa Sprawiedliwości.   R.18, № 15 (21 lutego 1934)",1934-02-21,2,"(Akta Co. 2'34 r.). 1636—3—1
Sąd grodzki w Kowlu zgodnie z art. 1401 U. P.",https://polona.pl/preview/c87ab0e3-1b0c-47f7-b010-35e9be66b44e
7da679cb-73c7-44a6-b721-bf8f10b62598,"Obwieszczenia Publiczne : dodatek do Dziennika Urzędowego Ministerstwa Sprawiedliwości.   R.18, № 18 (3 marca 1934)",1934-03-03,77,"okręgowego w Łucku działu „A‘
w dniu 22 grudnia 1933 roku pod Nr. 7238 przy firmie „Leja Grynberg
w Kowlu",https://polona.pl/preview/7da679cb-73c7-44a6-b721-bf8f10b62598
ae0243a4-9144-4e6b-a201-25f1f4de0999,"Obwieszczenia Publiczne : dodatek do Dziennika Urzędowego Ministerstwa Sprawiedliwości.   R.18, № 20 A (10 marca 1934)",1934-03-10,24,"Obecnie nazwa firmy brzmi: „Przemysł Drzewny Wołyń - Dąb
spółka z ograniczoną odpowiedzialnością w Kowlu Pełnomocnikiem do zastęp-
powania Lejby Sygała vel Segała w spółce, został Mojsze Rabiner,
zam. w Kowlu",https://polona.pl/preview/ae0243a4-9144-4e6b-a201-25f1f4de0999
ae0243a4-9144-4e6b-a201-25f1f4de0999,"Obwieszczenia Publiczne : dodatek do Dziennika Urzędowego Ministerstwa Sprawiedliwości.   R.18, № 20 A (10 marca 1934)",1934-03-10,31,"na mocy aktu zeznanego
w dniu 30 grudnia 1932 roku przed Jerzym-Hieronimem Grabowskim,
notarjuszem w Kowlu",https://polona.pl/preview/ae0243a4-9144-4e6b-a201-25f1f4de0999
ae0243a4-9144-4e6b-a201-25f1f4de0999,"Obwieszczenia Publiczne : dodatek do Dziennika Urzędowego Ministerstwa Sprawiedliwości.   R.18, № 20 A (10 marca 1934)",1934-03-10,25,"Nr. 3484, przed Jerzym - Hieronimem Grabowskim
notarjuszem w Kowlu. ^61
Do rejestru handlowego sądu okręgowego",https://polona.pl/preview/ae0243a4-9144-4e6b-a201-25f1f4de0999
d8948b57-882c-4e2a-9dcd-e4e174747ca9,"Obwieszczenia Publiczne : dodatek do Dziennika Urzędowego Ministerstwa Sprawiedliwości.   R.18, № 21 (14 marca 1934)",1934-03-14,2,"Co. 191/34. 2586
Sąd grodzki w Kowlu, z mocy ait. 94 Prawa Wekslowego, wzy
wa posiadaczy weksli^ zaginionych Terentjemu Łuckiewiczowi, zam.
w Kowlu, przy ulicy Chmielnej 54, 1-szy na sumę 600 złotych, płatny
dnia Siergieja Rypczuka, zam. w Kolodeżnie, gminy
Lubitów, poświadczone przez notarjusza Hipolita Żyznowskiego w
Kowlu",https://polona.pl/preview/d8948b57-882c-4e2a-9dcd-e4e174747ca9
1cf58309-712b-44d8-be0c-ad4fdab34e50,"Obwieszczenia Publiczne : dodatek do Dziennika Urzędowego Ministerstwa Sprawiedliwości.   R.18, № 22 (17 marca 1934)",1934-03-17,65,"Wydział V sądu okręgowego w Warszawie obwieszcza, iż na żą
danie Franciszka-Mateusza Markowskiego, zam. w Kowlu",https://polona.pl/preview/1cf58309-712b-44d8-be0c-ad4fdab34e50
7a9d61ef-6b9a-487f-a54a-b4025dd2a13b,"Obwieszczenia Publiczne : dodatek do Dziennika Urzędowego Ministerstwa Sprawiedliwości.   R.18, № 23 (21 marca 1934)",1934-03-21,60,"„Józef Ptakowski“ — detaliczna sprzedaż materjałów bu
dowlanych i węgla w Kowlu, ul.",https://polona.pl/preview/7a9d61ef-6b9a-487f-a54a-b4025dd2a13b
7a9d61ef-6b9a-487f-a54a-b4025dd2a13b,"Obwieszczenia Publiczne : dodatek do Dziennika Urzędowego Ministerstwa Sprawiedliwości.   R.18, № 23 (21 marca 1934)",1934-03-21,62,"„Fuks Seria"" — kawiarnia i obiady domowe w Kowlu, ul.
Kolejowa Nr. 65. „Mejer Flasztac"" — skup zboża w Kowlu, ul. Południo
wa 3.",https://polona.pl/preview/7a9d61ef-6b9a-487f-a54a-b4025dd2a13b
5511cfd8-1aae-4bd9-bb46-9ec21471b20d,"Obwieszczenia Publiczne : dodatek do Dziennika Urzędowego Ministerstwa Sprawiedliwości.   R.18, № 24 (24 marca 1934)",1934-03-24,57,"lutego 1934 r., wzywa niewiadomą z miejsca pobytu Katarzynę No-
wiczewską, która stale zamieszkiwała w Kowlu",https://polona.pl/preview/5511cfd8-1aae-4bd9-bb46-9ec21471b20d
8c94bc0d-7ec7-4b78-a2b8-6ba6a3d0ac3f,"Obwieszczenia Publiczne : dodatek do Dziennika Urzędowego Ministerstwa Sprawiedliwości.   R.18, № 27 (4 kwietnia 1934)",1934-04-04,33,"8 stycznia 1934 roku,
wzywa niewiadomą z miejsca pobytu Annę Kamińską, która stale za
mieszkiwała w Kowlu",https://polona.pl/preview/8c94bc0d-7ec7-4b78-a2b8-6ba6a3d0ac3f
f71d71fc-3593-451f-8f19-c176234783ad,"Obwieszczenia Publiczne : dodatek do Dziennika Urzędowego Ministerstwa Sprawiedliwości.   R.18, № 29 (11 kwietnia 1934)",1934-04-11,58,"marca 1932 roku, podpisy na której poświadczone zostały przez Hipo
lita Żyznowskiego, notarjusza w Kowlu",https://polona.pl/preview/f71d71fc-3593-451f-8f19-c176234783ad
f71d71fc-3593-451f-8f19-c176234783ad,"Obwieszczenia Publiczne : dodatek do Dziennika Urzędowego Ministerstwa Sprawiedliwości.   R.18, № 29 (11 kwietnia 1934)",1934-04-11,59,"Nr. 793, przed Antonim Sierakiewiczem, zastępcą Tadeusza Limanow
skiego,, p. o, njotarjusza w Kowlu; Nr. 903, przed Jerzym-Heronimem Grabowskim, notarjuszem w' Kowlu.
^ aS t , rwa ” ia s PÓłki od dnia 1 zeznanego w dn. 4 kwietnia 1933 r, repert, Nr. 903, przed
Jerzym-Heronimem Grabowskim, notarjuszem w Kowlu",https://polona.pl/preview/f71d71fc-3593-451f-8f19-c176234783ad
825fc30c-5408-467d-97df-7cc835623fff,"Obwieszczenia Publiczne : dodatek do Dziennika Urzędowego Ministerstwa Sprawiedliwości.   R.18, № 38 (12 maja 1934)",1934-05-12,92,"„Altbach vel Fischler Aron"", hurtowy skład piwa w Kowlu,
ul. Warszawska Nr. 150.",https://polona.pl/preview/825fc30c-5408-467d-97df-7cc835623fff
825fc30c-5408-467d-97df-7cc835623fff,"Obwieszczenia Publiczne : dodatek do Dziennika Urzędowego Ministerstwa Sprawiedliwości.   R.18, № 38 (12 maja 1934)",1934-05-12,93,"„Łapides Sima"", olejarnia motorowa w Kowlu, ul. Podja-
worska Nr. 1. Istnieje od 1930 roku. „Chaja Wajner"", drobny handel starem używanem ubra
niem i starem obuwiem w Kowlu, ul. Handlowa 58. „Masza Szyzgał"", piwiarnia i domowa sprzedaż papierosów
w Kowlu, uł. Łucka 3.",https://polona.pl/preview/825fc30c-5408-467d-97df-7cc835623fff
825fc30c-5408-467d-97df-7cc835623fff,"Obwieszczenia Publiczne : dodatek do Dziennika Urzędowego Ministerstwa Sprawiedliwości.   R.18, № 38 (12 maja 1934)",1934-05-12,91,"„Henryk Rogowski"", drobny handel spożywczy, galanterji
i wyrobów tytoniowych w Kowlu, ul.",https://polona.pl/preview/825fc30c-5408-467d-97df-7cc835623fff
bbd11677-0220-48b1-9a0f-2e6986286028,"Obwieszczenia Publiczne : dodatek do Dziennika Urzędowego Ministerstwa Sprawiedliwości.   R.18, № 42 A (26 maja 1934)",1934-05-26,26,"Wspólnikami są: zamieszkali w Kowlu: Icek Gonik, ul. pod Nr. 7783 wciągnięto wpis treści na
stępującej:
„Zgoda"" — Sznajder, Gonik i S-ka, spółka firmowa w Kowlu",https://polona.pl/preview/bbd11677-0220-48b1-9a0f-2e6986286028
d0bcd0c4-af37-4a38-b82d-e80f3afb16fe,"Obwieszczenia Publiczne : dodatek do Dziennika Urzędowego Ministerstwa Sprawiedliwości.   R.18, № 43 (30 maja 1934)",1934-05-30,23,"nabyta przez Stanisława Janow
skiego i Franciszka Szulca pod zabudowę na 99 lat od gminy miejskiej
w Kowlu",https://polona.pl/preview/d0bcd0c4-af37-4a38-b82d-e80f3afb16fe
6206e936-5114-472c-b798-0a61c8fff31d,"Obwieszczenia Publiczne : dodatek do Dziennika Urzędowego Ministerstwa Sprawiedliwości.   R.18, № 46 (9 czerwca 1934)",1934-06-09,13,"Zarzyckich od Gminy Miejskiej
w Kowlu.",https://polona.pl/preview/6206e936-5114-472c-b798-0a61c8fff31d
eccd1ed8-75f5-4775-9da3-93d5a1a1a81c,"Obwieszczenia Publiczne : dodatek do Dziennika Urzędowego Ministerstwa Sprawiedliwości.   R.18, № 47 (13 czerwca 1934)",1934-06-13,38,"Pieńkowskiego, zam. w Łucku
p-ko Marjanowi Graduszyiiskiemu, zam. w Kowlu, ul. Gniewnie Poznańskim, o wyłączenie z opisu ruchomości opisa
nych przez komornika II rew. sądu grodzkiego w Kowlu",https://polona.pl/preview/eccd1ed8-75f5-4775-9da3-93d5a1a1a81c
d5229cf9-a7f0-450c-869f-3e19d5d5682b,"Obwieszczenia Publiczne : dodatek do Dziennika Urzędowego Ministerstwa Sprawiedliwości.   R.18, № 48 (16 czerwca 1934)",1934-06-16,4,"Sprawa Co. 74/34. 6033
Sąd grodzki w Kowlu na mocy art. 1401 U. P. majątku pozostałego po wymienionej zmarłej
składającego się z pieniędzy i ubrania, a znajdującego się w Kowlu Nr. 150/34 r.
6032
Sąd grodzki w Kowlu na mocy art. 1401 U. P. niniejszego w druku, zgłosili
swe prawa do majątku pozostałego po wymienionym zmarłym, położo
nego w Kowlu",https://polona.pl/preview/d5229cf9-a7f0-450c-869f-3e19d5d5682b
d5229cf9-a7f0-450c-869f-3e19d5d5682b,"Obwieszczenia Publiczne : dodatek do Dziennika Urzędowego Ministerstwa Sprawiedliwości.   R.18, № 48 (16 czerwca 1934)",1934-06-16,1,"z działu
IV wykazu hipotecznego nieruchomości Nr. hip. 27 wraz z tłumacze
niem. 6016
Sąd grodzki w Kowlu Sprawa Co. 56/34 r. 6017
Sąd grodzki w Kowlu z mocy art. 94 prawa wekslowego wzywa
posiadacza wekslu:",https://polona.pl/preview/d5229cf9-a7f0-450c-869f-3e19d5d5682b
855ed0a9-7f07-4246-b1e3-9da67eeeca99,"Obwieszczenia Publiczne : dodatek do Dziennika Urzędowego Ministerstwa Sprawiedliwości.   R.18, № 49 (20 czerwca 1934)",1934-06-20,63,"okręgowego w Łucku, działu A,
w dniu 19 września 1933 r. pod Nr. 6382, przy firmie „Ozjasz Armel
Rozenberg w Kowlu Do rejestru handlowego sądu okręgowego w Łucku, działu A, pod
Nr. 6776, przy firmie „Lejb Licht w Kowlu",https://polona.pl/preview/855ed0a9-7f07-4246-b1e3-9da67eeeca99
9f0fd0d7-048a-4e7c-9fdb-bf7732576a24,"Obwieszczenia Publiczne : dodatek do Dziennika Urzędowego Ministerstwa Sprawiedliwości.   R.18, № 52 (30 czerwca 1934)",1934-06-30,56,"na mocy aktu, zeznanego w dn. 23 sierpnia
1933 r. przed Jerzym Hieronimem Grabowskim, notarjuszem w Kowlu Wspólnicy posiadają w Kowlu składnicę na sprzedaż mąki. Wspólnikami są: Zelman Szowb, zam. w Kowlu, ul.",https://polona.pl/preview/9f0fd0d7-048a-4e7c-9fdb-bf7732576a24
c31b4e25-5d33-41e4-b19b-8aee4b25eb08,"Obwieszczenia Publiczne : dodatek do Dziennika Urzędowego Ministerstwa Sprawiedliwości.   R.18, № 54 (7 lipca 1934)",1934-07-07,48,"„Bronsztejn Ruchla"", drobny handel spożywczy i słodyczy
w Kowlu, ul. Warszawska 30-a.",https://polona.pl/preview/c31b4e25-5d33-41e4-b19b-8aee4b25eb08
c31b4e25-5d33-41e4-b19b-8aee4b25eb08,"Obwieszczenia Publiczne : dodatek do Dziennika Urzędowego Ministerstwa Sprawiedliwości.   R.18, № 54 (7 lipca 1934)",1934-07-07,50,"Wspólnikami są Piotr Mróz, Borys Onochin oraz Mojżesz Sztejn
berg zam. w Kowlu, ul.",https://polona.pl/preview/c31b4e25-5d33-41e4-b19b-8aee4b25eb08
c31b4e25-5d33-41e4-b19b-8aee4b25eb08,"Obwieszczenia Publiczne : dodatek do Dziennika Urzędowego Ministerstwa Sprawiedliwości.   R.18, № 54 (7 lipca 1934)",1934-07-07,47,"„Marjem Koczuba"", drobna sprzedaż artykułów spożyw
czych w Kowlu, ul. Sienkiewicza 23.",https://polona.pl/preview/c31b4e25-5d33-41e4-b19b-8aee4b25eb08
890a8bf6-59d6-4ded-bef3-654344f795d4,"Obwieszczenia Publiczne : dodatek do Dziennika Urzędowego Ministerstwa Sprawiedliwości.   R.18, № 66 A (18 sierpnia 1934)",1934-08-18,26,"„Estera Czertok"" — drobny handel spożywczy, wyroby
tytoniowe, galanterja i spirytus skażony w Kowlu, „Wacław Rytwiński"" — skład maszyn i narzędzi rolni
czych w Kowlu- ul. Warszawska Nr. 124. Właściciel Gilel Goldberg, zamieszkały w Kowlu, przy ul.
Kościuszki Nr. 10.
7873.",https://polona.pl/preview/890a8bf6-59d6-4ded-bef3-654344f795d4
890a8bf6-59d6-4ded-bef3-654344f795d4,"Obwieszczenia Publiczne : dodatek do Dziennika Urzędowego Ministerstwa Sprawiedliwości.   R.18, № 66 A (18 sierpnia 1934)",1934-08-18,25,"„Guz Lejzor” — drobny handel spożywczy w Kowlu, ul.
Rynek 5, powiatu tegoż, wojew. wołyńskiego. „Kałkusińska Stanisława"" — drobna sprzedaż wyrobów
masarskich pod nazwą „Wędliniarnia Udziałowa w Kowlu „Krawczyk Karol"" — detaliczny handel wódek w Kowlu,
ul. Łucka 107, pow. tegoż, wojew. wołyńskiego. „Szejwa Wejc"" — „Żywność"" drobny handel spożywczy
w Kowlu, ul. Warszawska Nr. 163.",https://polona.pl/preview/890a8bf6-59d6-4ded-bef3-654344f795d4
a21c127a-2aa6-41e4-ab80-d26877fe1ad4,"Obwieszczenia Publiczne : dodatek do Dziennika Urzędowego Ministerstwa Sprawiedliwości.   R.18, № 70 A (1 września 1934)",1934-09-01,1,"sądu okręgowego w Łucku działu „A
w dniu 30 maja 1934 roku pod Nr. 5731 przy firmie „Gudys Mordko
w Kowlu",https://polona.pl/preview/a21c127a-2aa6-41e4-ab80-d26877fe1ad4
321a11f2-8026-4579-a95b-5d7a1aafe156,"Obwieszczenia Publiczne : dodatek do Dziennika Urzędowego Ministerstwa Sprawiedliwości.   R.18, № 72 (8 września 1934)",1934-09-08,47,"okręgowego w Łucku działu ,,A“
w dniu 25 czerwca 1934 roku pod Nr. 4592 przy firmie „Kazimierska
Józefa w Kowlu Józefa Kokoruzowa-Kaźmierska"" — handel
win i wódek z wyszynkiem oraz delikatesy i wyroby tytoniowe w Kowlu",https://polona.pl/preview/321a11f2-8026-4579-a95b-5d7a1aafe156
e6d7cb4f-98aa-4b16-a9be-2cc7b7de4b78,"Obwieszczenia Publiczne : dodatek do Dziennika Urzędowego Ministerstwa Sprawiedliwości.   R.18, № 74 (15 września 1934)",1934-09-15,40,"czerwca 1934 r.,
wzywa niewiadomą z miejsca pobytu Paraskiewję Pinkiewicz, która
stale zamieszkiwała w Kowlu",https://polona.pl/preview/e6d7cb4f-98aa-4b16-a9be-2cc7b7de4b78
e76f1b57-de61-4008-a422-5858e535f486,"Obwieszczenia Publiczne : dodatek do Dziennika Urzędowego Ministerstwa Sprawiedliwości.   R.18, № 83 (17 października 1934)",1934-10-17,1,"Co. 36/34. 9819
Sąd grodzki w Kowlu, zgodnie z art. 1401 U. P.",https://polona.pl/preview/e76f1b57-de61-4008-a422-5858e535f486
2052df26-efa8-4cea-8f8b-5d223c056ab9,"Obwieszczenia Publiczne : dodatek do Dziennika Urzędowego Ministerstwa Sprawiedliwości.   R.18, № 85 (24 października 1934)",1934-10-24,3,"budynków na taaowej,
oraz działki ziemi własnej, nie zabudowanej, o obszarze 200 sąż. kwadr.,
położonej w Kowlu ogłoszenia niniejszego w druku, zgłosili
prawa do majątku, pozostałego po wymienionej zmarłej, położonego
w Kowlu Sąd grodzki w Kowlu, z mocy art. 1401 U. P.",https://polona.pl/preview/2052df26-efa8-4cea-8f8b-5d223c056ab9
d01c5ee1-9178-4ace-8075-9e3583db4f34,"Obwieszczenia Publiczne : dodatek do Dziennika Urzędowego Ministerstwa Sprawiedliwości.   R.18, № 89 (7 listopada 1934)",1934-11-07,47,"podania
z dnia 17 października 1934 r. wniesionego przez Marję Zomer z domu
Węgrzynek, mieszkającą w Kowlu",https://polona.pl/preview/d01c5ee1-9178-4ace-8075-9e3583db4f34
355faccf-6b40-497b-a605-100ea543f4dd,"Obwieszczenia Publiczne : dodatek do Dziennika Urzędowego Ministerstwa Sprawiedliwości.   R.18, № 95 (28 listopada 1934)",1934-11-28,31,"października 1934 r.,
wzywa niewiadomego miejsca pobytu Radiona Diatła, który stale za
mieszkiwał w Kowlu",https://polona.pl/preview/355faccf-6b40-497b-a605-100ea543f4dd
155ff50c-be50-4821-bc9a-6b066bdc3f19,"Obwieszczenia Publiczne : dodatek do Dziennika Urzędowego Ministerstwa Sprawiedliwości.   R.18, № 103 (24 grudnia 1934)",1934-12-24,35,"10 października 1934 r.,
wzywa niewiadomego miejsca pobytu Srula Buraka, który stale zamiesz
kiwał w Kowlu",https://polona.pl/preview/155ff50c-be50-4821-bc9a-6b066bdc3f19
c419ca01-ce4b-469e-82cb-424103bf4a98,"Obwieszczenia Publiczne : dodatek do Dziennika Urzędowego Ministerstwa Sprawiedliwości.   R.19, № 12 (9 lutego 1935)",1935-02-09,4,"C. 4/35.
1142

Sąd grodzki w Kowlu, na mocy art. 1401 U. P. zmarłym, a składającego się z gotówki
w kwocie 175 zł. 45 gr., wpłaconych do depozytu sądu grodzkiego w
Kowlu ruchomości oszacowanych na ogólną sumę zł. 778 gr. 34,
znajdujących się na przechowaniu u Lejby Bryzelego, w Kowlu",https://polona.pl/preview/c419ca01-ce4b-469e-82cb-424103bf4a98
f5a2480a-1643-4fa5-872d-828015130a2d,"Obwieszczenia Publiczne : dodatek do Dziennika Urzędowego Ministerstwa Sprawiedliwości.   R.19, № 14 (16 lutego 1935)",1935-02-16,5,"O. 23/33. 1363
Sąd grodzki w Kowlu, zgodnie z art. 1401 U. P.",https://polona.pl/preview/f5a2480a-1643-4fa5-872d-828015130a2d
5ffaabfa-227e-4078-9366-55f2fc2a705b,"Obwieszczenia Publiczne : dodatek do Dziennika Urzędowego Ministerstwa Sprawiedliwości.   R.19, № 21 (13 marca 1935)",1935-03-13,58,"Chomie
Danilukowi i zeznane przez tegoż Izydora Prystupluka przed Hipolitem
Żyznowskim, notarjuszem w Kowlu Sąd grodzki w Kowlu, na zasadzie art. 146044-48 U P.",https://polona.pl/preview/5ffaabfa-227e-4078-9366-55f2fc2a705b
7ae96527-1c82-4bd9-9c1d-cfba6a84870f,"Obwieszczenia Publiczne : dodatek do Dziennika Urzędowego Ministerstwa Sprawiedliwości.   R.19, № 27 (3 kwietnia 1935)",1935-04-03,46,"Skorupskim w Kowlu wpisany do księgi aktów tegoż no-
tarjusza, za Nr. 4182 repertorjum.",https://polona.pl/preview/7ae96527-1c82-4bd9-9c1d-cfba6a84870f
a87e4a6d-18cf-44ba-8beb-64a31330955e,"Obwieszczenia Publiczne : dodatek do Dziennika Urzędowego Ministerstwa Sprawiedliwości.   R.19, № 30 (13 kwietnia 1935)",1935-04-13,1,"(Akta Co. 5/35). 2748—3—2
Sąd grodzki w Kowlu, na mocy art. 1401 U. P.",https://polona.pl/preview/a87e4a6d-18cf-44ba-8beb-64a31330955e
8cfcae57-9a9d-42f0-8a04-5337841dedc0,"Obwieszczenia Publiczne : dodatek do Dziennika Urzędowego Ministerstwa Sprawiedliwości.   R.19, № 51 (26 czerwca 1935)",1935-06-26,3,"Sąd grodzki w Kowlu, na zasadzie art. 1401 U. P. składającego się z niezabu
dowanej własnej działki ziemi o powierzchni 830.60 mtr. kw., położonej
w Kowlu",https://polona.pl/preview/8cfcae57-9a9d-42f0-8a04-5337841dedc0
8cfcae57-9a9d-42f0-8a04-5337841dedc0,"Obwieszczenia Publiczne : dodatek do Dziennika Urzędowego Ministerstwa Sprawiedliwości.   R.19, № 51 (26 czerwca 1935)",1935-06-26,4,"(Akta Co. 133/35). 5261
Sąd grodzki w Kowlu, na zasadzie art. 1401 U. P. pozostałego po zmarłej mienia, skła
dającego się z dwóch działek własnej ziemi z zabudowaniami, poło
żonych w Kowlu Nr. 51

Obwieszczenia publiczne

5

Sąd grodzki w Kowlu, na zasadzie art, 1401 U. P.",https://polona.pl/preview/8cfcae57-9a9d-42f0-8a04-5337841dedc0
d464d0a2-3488-43f0-8744-60838de8c31f,"Obwieszczenia Publiczne : dodatek do Dziennika Urzędowego Ministerstwa Sprawiedliwości.   R.19, № 53 (3 lipca 1935)",1935-07-03,43,"Żyznowskim w Kowlu, wpisany do księgi aktów tegoż
notarjusza, za Nr. 2585 repertorjum.",https://polona.pl/preview/d464d0a2-3488-43f0-8744-60838de8c31f
61dd7401-321e-465d-82a2-96cf594f0b04,"Obwieszczenia Publiczne : dodatek do Dziennika Urzędowego Ministerstwa Sprawiedliwości.   R.19, № 71 (4 września 1935)",1935-09-04,21,"Leona i Eufrozyny z Matyjuków ur. 4 września 1872 r. w drodze po
wrotnej z Rosji do kraju zmarła w Kowlu",https://polona.pl/preview/61dd7401-321e-465d-82a2-96cf594f0b04
1ffd6c60-9bcb-44fe-906b-9b17add0978b,"Obwieszczenia Publiczne : dodatek do Dziennika Urzędowego Ministerstwa Sprawiedliwości.   R.19, № 80 (5 października 1935)",1935-10-05,2,"Akta Co.
194/35. 8028
Sąd grodzki w Kowlu, stosownie do' art. 1401 U. P. Nowy-Mosor, gminy Hołoby, pow. kowelskiego
Akta Co. 177/35. 8027
Sąd grodzki w Kowlu, na zasadzie art Co. 228/35. 8026
Sąd grodzki w Kowlu, na zasadzie art. 1401 U. P.",https://polona.pl/preview/1ffd6c60-9bcb-44fe-906b-9b17add0978b
99451631-e9d4-4eab-b247-26755622f22e,"Obwieszczenia Publiczne : dodatek do Dziennika Urzędowego Ministerstwa Sprawiedliwości.   R.19, № 83 (16 października 1935)",1935-10-16,46,"przez niego sporządzone w dniach
5 lutego i 10 marca 1929 r. przed notarjuszem Hipolitem Żyznowskim
w Kowlu",https://polona.pl/preview/99451631-e9d4-4eab-b247-26755622f22e
aee04bc8-a2a8-4797-98ed-c2cee87e8380,"Obwieszczenia Publiczne : dodatek do Dziennika Urzędowego Ministerstwa Sprawiedliwości.   R.19, № 86 (26 października 1935)",1935-10-26,1,"hipoteczne, odpis wezwania notar-
jalnego, 2 odpisy niniejszego wraz z załącznikami. 8675
Sąd grodzki w Kowlu",https://polona.pl/preview/aee04bc8-a2a8-4797-98ed-c2cee87e8380
d72a1875-2238-44b3-b1c9-03fe2f4bd3c5,"Obwieszczenia Publiczne : dodatek do Dziennika Urzędowego Ministerstwa Sprawiedliwości.   R.19, № 92 (16 listopada 1935)",1935-11-16,1,"Sąd grodzki w Kowlu, na mocy art. 1401 U. P. C., art. 1239
i 1241, t. X cz. I Zb.",https://polona.pl/preview/d72a1875-2238-44b3-b1c9-03fe2f4bd3c5
d72a1875-2238-44b3-b1c9-03fe2f4bd3c5,"Obwieszczenia Publiczne : dodatek do Dziennika Urzędowego Ministerstwa Sprawiedliwości.   R.19, № 92 (16 listopada 1935)",1935-11-16,35,"kiej, powierzchni 3 ha 1837,65 mtr. kw., własność Rzymsko - Kato
lickiego Kościoła Paraf jalnego w Kowlu",https://polona.pl/preview/d72a1875-2238-44b3-b1c9-03fe2f4bd3c5
3e37cd3b-a7d3-4eeb-a06f-cc0072599859,"Obwieszczenia Publiczne : dodatek do Dziennika Urzędowego Ministerstwa Sprawiedliwości.   R.19, № 99 (11 grudnia 1935)",1935-12-11,1,"Nr. sprawy CO. 11/35. 9997
Sąd grodzki w Kowlu na zasadzie art. 94 Prawa Wekslowego wzy
wa posiadacza d'ni od
dnia opublikowania tego ogłoszenia stawił się i okazał pomieniony
weksel sądowi grodzkiemu w Kowlu Edelsztejna, protestowanego w dniu 3 marca 1934 r.
przez Józefa Rawskiego, notarjusza w Kowlu, aby w Jeleńkowskiego na
zlecenie Miejskiej Komunalnej Kasie Oszczędności w Kowlu, żyrowa
nego przez B.",https://polona.pl/preview/3e37cd3b-a7d3-4eeb-a06f-cc0072599859
3e37cd3b-a7d3-4eeb-a06f-cc0072599859,"Obwieszczenia Publiczne : dodatek do Dziennika Urzędowego Ministerstwa Sprawiedliwości.   R.19, № 99 (11 grudnia 1935)",1935-12-11,28,"października 1935 r.,
wzywa niewiadomego miejsca pobytu Michała Owadowieza, który stale
zamieszkiwał w Kowlu",https://polona.pl/preview/3e37cd3b-a7d3-4eeb-a06f-cc0072599859
a483bb62-a9c8-4204-86ac-cd31319a7fe8,"Obwieszczenia Publiczne.   R.20, N° 4 (15 stycznia 1936)",1936-01-15,1,"(Akta Co. 53/35). 216'
Sąd grodzki w Kowlu, na zasadzie art. 1401 U. P.",https://polona.pl/preview/a483bb62-a9c8-4204-86ac-cd31319a7fe8
9df10a62-8fb6-4466-994f-b89837cc8a7c,"Obwieszczenia Publiczne.   R.20, № 24 (25 marca 1936)",1936-03-25,42,"lutego 1936 r.,
wzywa niewiadomego miejsca pobytu Sebastjana Dębskiego, który stale
zamieszkiwał w Kowlu",https://polona.pl/preview/9df10a62-8fb6-4466-994f-b89837cc8a7c
3033b899-172e-4af8-ad4c-e3ff5412f829,"Obwieszczenia Publiczne.   R.20, № 28 (8 kwietnia 1936)",1936-04-08,3,"Nr. 28

Sąd grodzki w Kowlu, na zasadzie art. 1401 U. P.",https://polona.pl/preview/3033b899-172e-4af8-ad4c-e3ff5412f829
3033b899-172e-4af8-ad4c-e3ff5412f829,"Obwieszczenia Publiczne.   R.20, № 28 (8 kwietnia 1936)",1936-04-08,2,"Nr. 46/36).
3362
, Sąd grodzki w Kowlu, na zasadzie art. 1401 U. P.",https://polona.pl/preview/3033b899-172e-4af8-ad4c-e3ff5412f829
8a5ee136-676a-4822-9d33-8aeda6ad937b,"Obwieszczenia Publiczne.   R.20, № 60 (29 lipca 1936)",1936-07-29,1,", wystawionych przez Z-
Kowalskiego z datą wystawienia m.: Kowel dnia 3 grudnia 1934 r. płat
nych w Kowlu Sąd grodzki w Kowlu, na mocy art. 94 prawa wekslowego z dn.
14 listopada 1924 r. (Dz. Ust. R. P.",https://polona.pl/preview/8a5ee136-676a-4822-9d33-8aeda6ad937b
cdace895-8231-4097-aeef-d66c81f4cc0e,"Obwieszczenia Publiczne.   R.20, № 62 (5 sierpnia 1936)",1936-08-05,13,"Podaje się do publicznej wiadomości, że postanowieniem sądu
grodzkiego w Kowlu, z dnia 20 lipca 1936",https://polona.pl/preview/cdace895-8231-4097-aeef-d66c81f4cc0e
1c4d9c87-e43f-4375-85f2-a72ce8f7832f,"Obwieszczenia Publiczne.   R.20, № 74 (16 września 1936)",1936-09-16,2,"położonej w kowelskim powiecie, gminy Hołoby, w kol.
p eresieka, akta Co. 66/36. 8072
Sąd Grodzki w Kowlu",https://polona.pl/preview/1c4d9c87-e43f-4375-85f2-a72ce8f7832f
1c4d9c87-e43f-4375-85f2-a72ce8f7832f,"Obwieszczenia Publiczne.   R.20, № 74 (16 września 1936)",1936-09-16,1,"Bielińskiej nr 20, akta Co.
207/36. 8071

Sąd Grodzki w Kowlu, na zasadzie art. 1401 U. P. Kolejowej 12 i Krakow
skiej 40, akta Co. 243/35. 8070

Sąd Grodzki w Kowlu, na zasadzie art. 1401 U. prawa do
majątku, pozostałego po wymienionym zmarłym, składającego się z nie
ruchomości położonej w Kowlu jego śmierci spadku, składającego
się z majątku ruchomego, akta nr Co. 419/36. 8069

Sąd Grodzki w Kowlu prawa do majątku, pozostałego po wymienionym zmarłym, składającego
się z nieruchomości, położonej w Kowlu",https://polona.pl/preview/1c4d9c87-e43f-4375-85f2-a72ce8f7832f
9d966af4-9bab-4684-a319-5c0a061cd8ea,"Obwieszczenia Publiczne.   R.20, № 95 (28 listopada 1936)",1936-11-28,2,"tymże Sądzie prawa
s woje do pozostałego po nim majątku, sygnatura Co. 860 36. 10699
, Sąd Grodzki w Kowlu",https://polona.pl/preview/9d966af4-9bab-4684-a319-5c0a061cd8ea
98c3756e-a0ff-4ce8-8ea4-036ac61ca642,"Obwieszczenia Publiczne.   R.21, № 11 (6 lutego 1937)",1937-02-06,18,"ogłasza, że na skutek podania z dnia 23 listopada 1936 r.,
wniesionego przez Józefa Kowalskiego, zam. w Kowlu",https://polona.pl/preview/98c3756e-a0ff-4ce8-8ea4-036ac61ca642
0fff8a56-6010-4703-9a07-eca6e248642d,"Obwieszczenia Publiczne.   R.21, № 16 (24 lutego 1937)",1937-02-24,1,"Sąd Grodzki w Kowlu, w myśl art. 1401 U. P.",https://polona.pl/preview/0fff8a56-6010-4703-9a07-eca6e248642d
5eb14b0f-fe56-4c28-b71c-0402b1b56b53,"Obwieszczenia Publiczne.   R.21, № 23 (20 marca 1937)",1937-03-20,62,"1926 r., Nikona Kosjanczuka, przez niego sporządzony w dniu
3 listopada 1922 r., przed notariuszem w Kowlu",https://polona.pl/preview/5eb14b0f-fe56-4c28-b71c-0402b1b56b53
a50792db-6599-4582-bbf3-cf57da392c22,"Obwieszczenia Publiczne.   R.21, № 24 (24 marca 1937)",1937-03-24,3,"niniejszego wezwania zgłosili swoje
prawa do majątku pozostałego po wymienionym zmarłym, położonego
w Kowlu Nr 24

Sąd Grodzki w Kowlu, na zasadzie art, 1401 U, P. właścicielu apteki w Niesuchoiżach, gminy tejże, pow, ko-
welskiego, akta Co. 225/36, 2842

Sąd Grodzki w Kowlu kowelskiego, składającego się
z 245 ha ziemi wraz z zabudowaniami, akta Co, 224/36. 2843

Sąd Grodzki w Kowlu",https://polona.pl/preview/a50792db-6599-4582-bbf3-cf57da392c22
a50792db-6599-4582-bbf3-cf57da392c22,"Obwieszczenia Publiczne.   R.21, № 24 (24 marca 1937)",1937-03-24,2,"Nr 24

Obwieszczenia publiczne.

3

Sąd Grodzki w Kowlu, na zasadzie art. 94 Prawa Wekslowego,
wzywa z tymi wekslami, akta Co. 250/36. 2836

Sąd Grodzki w Kowlu, na zasadzie art. 94 Prawa Wekslowego,
wzywa terminie
do dni 30 od dnia wydrukowania niniejszego obwieszczenia zgłosili się
w Sądzie Grodzkim w Kowlu z weksli po 500 zł, tj. na ogólną kwotę 2,500 złotych, zaginionych Josi-
fowi Kleinermanowi, zam. w Kowlu posiadacza 3 weksli in blanco wystawionego przez Jakuba Szweca,
zam. w Kowlu, przy ul.",https://polona.pl/preview/a50792db-6599-4582-bbf3-cf57da392c22
3f9bacb4-12b1-4fd7-9f96-d860f751eac0,"Obwieszczenia Publiczne.   R.21, № 36 (5 maja 1937)",1937-05-05,2,"pozostałego po zmarłej majątku w postaci rzeczy i gotówki, akta spra
wy Co. 49/37. 4906
Sąd Grodzki w Kowlu",https://polona.pl/preview/3f9bacb4-12b1-4fd7-9f96-d860f751eac0
b1687b68-f415-49f6-9e74-8f61dcbc0707,"Obwieszczenia Publiczne.   R.21, № 37 (8 maja 1937)",1937-05-08,1,"Sąd Grodzki w Kowlu, w myśl art. 1301 U. P.",https://polona.pl/preview/b1687b68-f415-49f6-9e74-8f61dcbc0707
b1687b68-f415-49f6-9e74-8f61dcbc0707,"Obwieszczenia Publiczne.   R.21, № 37 (8 maja 1937)",1937-05-08,19,"Dnia 24 kwietnia 1937 r., Sąd Grodzki w Kowlu, po rozpoznaniu
wniosku Marii Didkowskiej i Włodzimierza odwołać pełnomocnictwo wydane
przez Marię Didkowską z domu Penzowską i Włodzimierza Penzow
skiego, zam. w Kowlu kowelskiego, które to pełnomocnictwo zostało poświadczone
przez Franciszka Skorupskiego, notariusza w Kowlu",https://polona.pl/preview/b1687b68-f415-49f6-9e74-8f61dcbc0707
a93c3904-d804-43f1-94eb-46e5cc06779b,"Obwieszczenia Publiczne.   R.21, № 38 (12 maja 1937)",1937-05-12,1,"obwieszczenia zgłosili swoje prawa
do pozostałego po nim majątku, akta Co. nr 18/37. 5109
Sąd Grodzki w Kowlu Pr., wzywa spadkobierców Łuzera - Owsieja - Ge-
szela Najmarka, zmarłego w Kowlu w dniu 31 marca 1937 obwieszczenia
zgłosili do właściwego Sądu swe prawa do pozostałego po nim majątku
nieruchomego, położonego w Kowlu",https://polona.pl/preview/a93c3904-d804-43f1-94eb-46e5cc06779b
ce4cfe98-b329-4e39-8a06-bd540d3ab86a,"Obwieszczenia Publiczne.   R.21, № 52 (30 czerwca 1937)",1937-06-30,3,"Rożyszcze, majątku, składającego
się z ziemi do 6 dziesięcin, Co. 40/37. 6956
Sąd Grodzki w Kowlu, w",https://polona.pl/preview/ce4cfe98-b329-4e39-8a06-bd540d3ab86a
ce4cfe98-b329-4e39-8a06-bd540d3ab86a,"Obwieszczenia Publiczne.   R.21, № 52 (30 czerwca 1937)",1937-06-30,2,"Nr 52

Obwieszczenia publiczne.

3

Sąd Grodzki w Kowlu, w myśl art. 1401 K. P.",https://polona.pl/preview/ce4cfe98-b329-4e39-8a06-bd540d3ab86a
04df12ee-603e-4b7f-9b94-460a28f8a8e6,"Obwieszczenia Publiczne.   R.21, № 65 (14 sierpnia 1937)",1937-08-14,1,"A.
złożonych do depozytu Sądu Grodzkiego w Kowlu, a także majątku jak
ubrania, naczynia i innych rzeczy obwieszczenia, zgłosili swoje prawa do pozostałego po nim mienia, akta
nr Co. 28/37. 8027
Sąd Grodzki w Kowlu",https://polona.pl/preview/04df12ee-603e-4b7f-9b94-460a28f8a8e6
d1e9f4ad-812f-4186-97ec-95523e7b9724,"Obwieszczenia Publiczne.   R.21, № 71 (4 września 1937)",1937-09-04,31,"kwietnia 1937 r., wzywa
niewiadomego z miejsca pobytu Tarasa Golikowa, który stale zamiesz
kiwał w Kowlu kwietnia 1937 r., wzywa
niewiadomego z miejsca pobytu Michała Logofeta, który stale zamiesz
kiwał w Kowlu kwietnia 1937 r.
wzywa niewiadomą z miejsca pobytu Natalię Nikułinową, która stale
zamieszkiwała w Kowlu",https://polona.pl/preview/d1e9f4ad-812f-4186-97ec-95523e7b9724
d1e9f4ad-812f-4186-97ec-95523e7b9724,"Obwieszczenia Publiczne.   R.21, № 71 (4 września 1937)",1937-09-04,34,"kwietnia 193/ r.,
wzywa niewiadomego z miejsca pobytu Frydrycha Gelmicha, który sta-
le zamieszkiwał w Kowlu 12 kwietnia 1937 r.,
wzywa niewiadomego z miejsca pobytu Jana Tkaczuka, który stale
zamieszkiwał w Kowlu",https://polona.pl/preview/d1e9f4ad-812f-4186-97ec-95523e7b9724
1711cd18-1923-4462-9983-ad901353e96c,"Obwieszczenia Publiczne.   R.21, № 72 (8 września 1937)",1937-09-08,2,"zmar
zli w terminie 6 miesięcy od dnia wydrukowania niniejszego obwie
szczenia, majątek położony w Kowlu C., Sąd Grodzki w Kowlu, wzywa spad
kobierców, zmarłego w dniu 2 grudnia 1932 r., Tadeusza Stachowskiego ziemi, położonej we wsi i gminie Stare Koszary, pow. kowelskiego, akta
C0J94/34. 8823
Sąd Grodzki w Kowlu",https://polona.pl/preview/1711cd18-1923-4462-9983-ad901353e96c
22daad2c-b994-48f2-8835-f8946f8c6719,"Obwieszczenia Publiczne.   R.21, № 78 (29 września 1937)",1937-09-29,3,"Turzysku, gminy tejże, pow. kowelskiego, Co. nr 35,37. 9708
Sąd Grodzki w Kowlu, na zasadzie art. 1401 S. 110/37. 9707
Sąd Grodzki w Kowlu, na zasadzie art. 1401 U. P.",https://polona.pl/preview/22daad2c-b994-48f2-8835-f8946f8c6719
8738996f-f467-4bce-92c1-c39ee84ddf6c,"Obwieszczenia Publiczne.   R.21, № 83 (16 października 1937)",1937-10-16,1,"Sąd Grodzki w Kowlu, w myśl art. 80 § 2 i art.
wzywa nieznanego z miejsca zamieszkania Mitrofana K ’[",https://polona.pl/preview/8738996f-f467-4bce-92c1-c39ee84ddf6c
8738996f-f467-4bce-92c1-c39ee84ddf6c,"Obwieszczenia Publiczne.   R.21, № 83 (16 października 1937)",1937-10-16,3,"gminy Niesuchoiże, pow. k
go, a składającego się z 8 ha ziemi nadziałowej, akta Co. ^
—
Sąd Grodzki w Kowlu Sąd Grodzki w Kowlu, zgodnie z art. 1401 U. P. pieniężnego na książeczkę j03
nr 631.571-D w kwocie 8.320 złotych, akta Co. 258/37.
—""
Sąd Grodzki w Kowlu",https://polona.pl/preview/8738996f-f467-4bce-92c1-c39ee84ddf6c
258501da-af50-444d-8551-3506a10f47b2,"Obwieszczenia Publiczne.   R.21, № 84 (20 października 1937)",1937-10-20,3,"niej majątku nieruchomeg^>
położonego w Grodnie przy ulicy Zbożowej nr 2. 155/37. 105°^
Sąd Grodzki w Kowlu C., wzywa spadk 0 ^
bierców zmarłego Berela Szerbojma, zmarłego w Kowlu w dniu 18 wr 2 ^
śnią 1937 roku szego wezwania zgłosili swoje prawa do majątku pozostałego po wy® 1 */
nionym zmarłym, położonego w Kowlu położonej w U 0
janowce, gminy Maniewicze, powiatu kowelskiego, akta Co. 173/37.
1059 J

Sąd Grodzki w Kowlu położonego na fol^'
Sokolszczyzna, gminy Wielick, powiatu kowelskiego, akta Co. 259/37.
10590
Sąd Grodzki w Kowlu",https://polona.pl/preview/258501da-af50-444d-8551-3506a10f47b2
54a3bc77-8b6a-436c-931f-eee6369a3fa0,"Obwieszczenia Publiczne.   R.21, № 87 (30 października 1937)",1937-10-30,1,"Sąd Grodzki w Kowlu, na mocy art. 1401 U. P.",https://polona.pl/preview/54a3bc77-8b6a-436c-931f-eee6369a3fa0
c6453b9b-5a8d-4368-82d9-7a3f4220a52e,"Obwieszczenia Publiczne.   R.21, № 88 (3 listopada 1937)",1937-11-03,18,"iowetfo ni p n ^ eZnane ^ 0 z m ' e ) sca pobytu Rosyjskiego Han-
^ri^yslov e ° n tyny p an ku, Oddział w Kowlu a 2 ks Banlr P c kiej, przeciwko Rosyjskiemu Handlowo-
i y, ’ cią ża *P- H 777 \vr Vf \ .Odd^eił w Kowlu",https://polona.pl/preview/c6453b9b-5a8d-4368-82d9-7a3f4220a52e
5fb5b3df-6385-4288-8038-1987cba70925,"Obwieszczenia Publiczne.   R.21, № 89 (6 listopada 1937)",1937-11-06,47,"Grabowskim w Kowlu, wpisany do księgi aktów tegoż n°
nr 643 repertorium. Co. 1138/37.",https://polona.pl/preview/5fb5b3df-6385-4288-8038-1987cba70925
c6e18e25-0fb4-40db-896c-32c181ea5c47,"Obwieszczenia Publiczne.   R.21, № 93 (20 listopada 1937)",1937-11-20,78,"Skarbowy Podatkow i Opłat
Skarbowych w Horochowie, 10) Urząd Skarbowy Akcyz i Mono-
P°li Państwowych w Kowlu",https://polona.pl/preview/c6e18e25-0fb4-40db-896c-32c181ea5c47
36f9ba6c-4644-49f6-a1d3-fcff836a78f9,"Obwieszczenia Publiczne.   R.21, № 103 (24 grudnia 1937)",1937-12-24,80,"do spadku po zmarłym, n P •
O unieważnieniu pełnomocnictwa.
t XVII § 1 pkt. 10 Przep
Sąd Grodzki w Kowlu",https://polona.pl/preview/36f9ba6c-4644-49f6-a1d3-fcff836a78f9
31c77c4f-b007-494b-ac8c-f67efaea51fb,"Obwieszczenia Publiczne.   R.21, № 104 (29 grudnia 1937)",1937-12-29,1,"Akta Co 304/37.
, , oW e^-
Sąd Grodzki w Kowlu, na zasadzie art. 94 prawa weK s ■
wzywa posiadacza zaginionych Sąd Grodzki w Kowlu, na zasadzie art. 94 Prawa Weksl?""",https://polona.pl/preview/31c77c4f-b007-494b-ac8c-f67efaea51fb
c25228d6-c92f-4f21-854a-8d3f60d8e307,"Obwieszczenie [Inc.:] Na podstawie art. 52 ordynacji wyborczej (Dz.U.R.P. Nr. 47, poz. 319 z 10 lipca 1935 r.) podaje do publicznej wiadomości, iż pow. kowelski tudzież miasto wydzielone Kowel podzielone zostały na następujące obwody głosowania do Sejmu [...] : Kowel, dn. 28 września 1938 r",1938-01-01,0,"POWIATOWY

Druk K, Czernicki i S-ka w Kowlu",https://polona.pl/preview/c25228d6-c92f-4f21-854a-8d3f60d8e307
d082174f-9db6-4a1c-9cea-6af2123fdaa4,"Obwieszczenia Publiczne.   R.22, № 3 (12 stycznia 1938)",1938-01-12,2,"Kościuszki nr 7, sygn. akt Co. nr 18/37 13686
Sąd Grodzki w Kowlu, na zasadzie art 1401 U. P. Werbiczno, gminy Turzysk, pow.
kowelskiego, akta Co. 356/37. 13687

Sąd Grodzki w Kowlu, stosownie do",https://polona.pl/preview/d082174f-9db6-4a1c-9cea-6af2123fdaa4
106c3bab-d351-4d38-b63f-1b88ab341620,"Obwieszczenia Publiczne.   R.22, № 5 (19 stycznia 1938)",1938-01-19,4,"działka ziemi, o powierzchni 1832 m kw, powództwo Gitli vel
Geni Bregman, postanowienie Sądu Grodzkiego w Kowlu ) działka ziemi o powierzchni 1402 m kw, powództwo Ignacego
Switka, postanowienie Sądu Grodzkiego w Kowlu",https://polona.pl/preview/106c3bab-d351-4d38-b63f-1b88ab341620
26c9e185-8b4a-4c27-b45d-d60bdd91a5f1,"Obwieszczenia Publiczne.   R.22, № 6 (22 stycznia 1938)",1938-01-22,1,"C., wzywa spadkobierców Icka - Lejby Finkielszteina, zmar
łego w dniu 16 grudnia 1927 roku w Kowlu, ażeby",https://polona.pl/preview/26c9e185-8b4a-4c27-b45d-d60bdd91a5f1
0bf72979-a3fc-4d41-8f04-a133823d57d4,"Obwieszczenia Publiczne.   R.22, № 8 (29 stycznia 1938)",1938-01-29,2,"Panacz, g min y si-
niawskiej, pow. nieświeskiego, akta nr Op. 53/37. 450

Sąd Grodzki w Kowlu, na zasadzie",https://polona.pl/preview/0bf72979-a3fc-4d41-8f04-a133823d57d4
5e660415-d9e0-48b5-abbb-cade13a3ec25,"Obwieszczenia Publiczne.   R.22, № 9 (1 lutego 1938)",1938-02-01,3,"miesięcy od dnia niniejszego obwie-
szczenią zgłosili swoje prawa do majątku nieruchomego, położonego w
Kowlu Dziatkowicze, pow. kobryńskiego. 10/38.
630

Sąd Grodzki w Kowlu, w myśl art. 1401 U. P.",https://polona.pl/preview/5e660415-d9e0-48b5-abbb-cade13a3ec25
8a269e9b-1922-4196-b064-79d0f92c5a2a,"Obwieszczenia Publiczne.   R.22, № 12 (12 lutego 1938)",1938-02-12,1,"Sąd Grodzki w Kowlu, w myśl art. 1401 K. P. niniejszego obwieszczenia zgłosili swoje prawa do pozostałego po niej
majątku nieruchomego, położonego w Kowlu",https://polona.pl/preview/8a269e9b-1922-4196-b064-79d0f92c5a2a
77e014fd-2655-4642-9648-682f791b294c,"Obwieszczenia Publiczne.   R.22, № 15 (23 lutego 1938)",1938-02-23,1,"obwieszczenia zgłosili
swoje prawa do pozostałego po jego śmierci majątku, nr Co. 21/38.
1203

Sąd Grodzki w Kowlu",https://polona.pl/preview/77e014fd-2655-4642-9648-682f791b294c
77e014fd-2655-4642-9648-682f791b294c,"Obwieszczenia Publiczne.   R.22, № 15 (23 lutego 1938)",1938-02-23,2,", zgłosili swoje prawa do
majątku spadkowego, składającego się ze współudziału do młyna pa
rowego w Kowlu Nr 15 Obwieszczenia publiczne. 3

Sąd Grodzki w Kowlu, na zasadzie art. 1401 U. P.",https://polona.pl/preview/77e014fd-2655-4642-9648-682f791b294c
9ed02a53-52ec-4792-9f87-0b3c745ff1ef,"Obwieszczenia Publiczne.   R.22, № 19 (9 marca 1938)",1938-03-09,2,"Akta Co.
188/37. 1907

Sąd Grodzki w Kowlu, w myśl art. 1401 U. P.",https://polona.pl/preview/9ed02a53-52ec-4792-9f87-0b3c745ff1ef
f631ec72-86ee-4405-989a-a28f98b97b38,"Obwieszczenia Publiczne.   R.22, № 21 (16 marca 1938)",1938-03-16,1,"Co. 47/38. 2061

Sąd Grodzki w Kowlu, na zasadzie art. 1401 U. P. wydrukowania niniejszego obwieszczenia zgłosili swoje prawa do
pozostałego po nim spadku, położonego w Kowlu",https://polona.pl/preview/f631ec72-86ee-4405-989a-a28f98b97b38
a59003a8-736b-47d8-8a1a-6df6faf1538a,"Obwieszczenia Publiczne.   R.22, № 24 (26 marca 1938)",1938-03-26,47,"kupna-sprzedaży z dnia
11 czerwca 1930 r., nr rep. 2973, sporządzonego u notariusza Hipolita
Żyznowskiego w Kowlu",https://polona.pl/preview/a59003a8-736b-47d8-8a1a-6df6faf1538a
a59003a8-736b-47d8-8a1a-6df6faf1538a,"Obwieszczenia Publiczne.   R.22, № 24 (26 marca 1938)",1938-03-26,2,"Sąd Grodzki w Kowlu, na zasadzie art. 1401 U. P. C., wzywa spad
kobierców Andrzeja Sosnowskiego, s.",https://polona.pl/preview/a59003a8-736b-47d8-8a1a-6df6faf1538a
5187182b-0971-4894-9c12-29688d917c16,"Obwieszczenia Publiczne.   R.22, № 26 (2 kwietnia 1938)",1938-04-02,4,"Starzyńce, gminy wielkobrzostowickiej, pow. grodzieńskiego,
akta nr Co. 111/37. 2683

Sad Grodzki w Kowlu",https://polona.pl/preview/5187182b-0971-4894-9c12-29688d917c16
5187182b-0971-4894-9c12-29688d917c16,"Obwieszczenia Publiczne.   R.22, № 26 (2 kwietnia 1938)",1938-04-02,3,"obwieszczenia, zameldowali swoje prawa do pozostałego po nim mienia
nr Co. 28/38. 2676

Sąd Grodzki w Kowlu",https://polona.pl/preview/5187182b-0971-4894-9c12-29688d917c16
69c4ab61-02e6-4e22-8500-0b9d911b9d68,"Obwieszczenia Publiczne.   R.22, № 28 (9 kwietnia 1938)",1938-04-09,3,"Co. 20/38. 2999

Sąd Grodzki w Kowlu, na zasadzie art. 1401 U. P.",https://polona.pl/preview/69c4ab61-02e6-4e22-8500-0b9d911b9d68
01647611-3554-4a6c-a085-df4d5930d5d8,"Obwieszczenia Publiczne.   R.22, № 31 (20 kwietnia 1938)",1938-04-20,4,"Jurydaka,
powierzchni 3132,40 m kw, nabyta przez Żydowskie Stowarzyszenie
Przyjaciół Szkół Hebrajskich w Kowlu",https://polona.pl/preview/01647611-3554-4a6c-a085-df4d5930d5d8
d7294dac-f50e-44f1-99b3-3bf69dfb7238,"Obwieszczenia Publiczne.   R.22, № 34 (30 kwietnia 1938)",1938-04-30,2,"Nr 34

Obwieszczenia publiczne.

3

Sąd Grodzki w Kowlu, na zasadzie art. 1401 U. P.",https://polona.pl/preview/d7294dac-f50e-44f1-99b3-3bf69dfb7238
71257d3b-ffbd-49df-bfca-66734324dd13,"Obwieszczenia Publiczne.   R.22, № 35 (4 maja 1938)",1938-05-04,25,"skiego, wyznaczyć kuratora w osobie Leopolda Dybowskiego, zamiesz
kałego w Hajnówce. 4118

Sąd Grodzki w Kowlu",https://polona.pl/preview/71257d3b-ffbd-49df-bfca-66734324dd13
0595e404-7aa7-42e2-a006-a64911645345,"Obwieszczenia Publiczne.   R.22, № 36 (7 maja 1938)",1938-05-07,4,"Co. 86/38. 4107

Sąd Grodzki w Kowlu, na zasadzie art. 1401 U. P.",https://polona.pl/preview/0595e404-7aa7-42e2-a006-a64911645345
88a41e24-c0ea-4742-809b-bbedac7e1b75,"Obwieszczenia Publiczne.   R.22, № 38 (14 maja 1938)",1938-05-14,2,"Co. 33/38.
4242

Sąd Grodzki w Kowlu, na zasadzie art. 1401 U. P.",https://polona.pl/preview/88a41e24-c0ea-4742-809b-bbedac7e1b75
f32775a3-f7cb-43a8-bf0c-bc4e0f01525d,"Obwieszczenia Publiczne.   R.22, № 41 (25 maja 1938)",1938-05-25,2,"Co. nr 31/38. 4616
Sąd Grodzki w Kowlu, na zasadzie art. 1401 U. P.",https://polona.pl/preview/f32775a3-f7cb-43a8-bf0c-bc4e0f01525d
2427e65c-7c0e-470e-baf5-c31d3e013582,"Obwieszczenia Publiczne.   R.22, № 42 (28 maja 1938)",1938-05-28,1,"Sąd Grodzki w Kowlu, na zasadzie art. 94 Prawa Wekslowego,
wzywa posiadacza zaginionego wekslu na sumę Co. 115/38. 4901

Sąd Grodzki w Kowlu, na zasadzie art. 94 Prawa Wekslowego,
wzywa posiadacza wekslu",https://polona.pl/preview/2427e65c-7c0e-470e-baf5-c31d3e013582
04a60ea8-8d81-433d-b4fe-40c58d740ab6,"Obwieszczenia Publiczne.   R.22, № 43 (1 czerwca 1938)",1938-06-01,3,"Co. 181/38. 5008

Sąd Grodzki w Kowlu, na zasadzie art. 1401 U. P.",https://polona.pl/preview/04a60ea8-8d81-433d-b4fe-40c58d740ab6
04a60ea8-8d81-433d-b4fe-40c58d740ab6,"Obwieszczenia Publiczne.   R.22, № 43 (1 czerwca 1938)",1938-06-01,26,"Sąd Grodzki w Kowlu ogłasza, że nad Karolem Sawulą, ubez
własnowolnionym, na skutek postanowienia Sądu",https://polona.pl/preview/04a60ea8-8d81-433d-b4fe-40c58d740ab6
cbb8bc43-d1af-4023-9394-ad1bb1bb136c,"Obwieszczenia Publiczne.   R.22, № 46 (11 czerwiec 1938)",1938-06-11,2,"C., wzywa
spadkobierców Abrama Miszułowina, syna Mordki i Sury, zmarłego w
dniu 18 maja 1938 r. w Kowlu Co. 24/38. 5328

Sąd Grodzki w Kowlu, na zasadzie art. 1401 U. P.",https://polona.pl/preview/cbb8bc43-d1af-4023-9394-ad1bb1bb136c
cda7bde5-fe2a-4598-a795-78b2e36a772d,"Obwieszczenia Publiczne.   R.22, № 48 (18 czerwca 1938)",1938-06-18,3,"Wydział Hipoteczny przy Sądzie Grodzkim w Kowlu obwieszcza,
że niżej wymienione nieruchomości zostały zgłosić swoje
prawa do tych nieruchomości w kancelarii Wydziału Hipotecznego przy
Sądzie Grodzkim w Kowlu",https://polona.pl/preview/cda7bde5-fe2a-4598-a795-78b2e36a772d
ad64ce57-a23f-4553-b52e-669ee9af0dfa,"Obwieszczenia Publiczne.   R.22, № 50 (25 czerwca 1938)",1938-06-25,12,"Kowla. 100/38. 5721

Wydział Hipoteczny, przy Sądzie Grodzkim w Kowlu obwieszcza,
że niżej wymienione Ko
wla, powierzchni 2 ha 5728 m kw, nabyta przez Wołyńską Przetwórnię
Mięsa „Porkexport"" w Kowlu, Spółka Nr 50 Obwieszczenia publiczne

Wydział Hipoteczny, przy Sądzie Grodzkim w Kowlu obwieszcza,
że niżej",https://polona.pl/preview/ad64ce57-a23f-4553-b52e-669ee9af0dfa
146da230-2771-4de9-b52c-cee597c33277,"Obwieszczenia Publiczne.   R.22, № 51 (28 czerwca 1938)",1938-06-28,1,"Co.
53/38. 5853

Sąd Grodzki w Kowlu, na zasadzie art. 1401 U. P.",https://polona.pl/preview/146da230-2771-4de9-b52c-cee597c33277
168476bb-b76d-4263-bf96-51dcd0ad5d0d,"Obwieszczenia Publiczne.   R.22, № 53 (6 lipca 1938)",1938-07-06,3,"kancelarii hipotecznej pod skutkami prekluzji. 105/38. 6167

Wydział Hipoteczny przy Sądzie Grodzkim w Kowlu zgłosić swoje
prawa do tej nieruchomości w kancelarii Wydziału Hipotecznego przy
Sądzie Grodzkim w Kowlu",https://polona.pl/preview/168476bb-b76d-4263-bf96-51dcd0ad5d0d
825902f3-815a-4f4f-a350-021625f22d29,"Obwieszczenia Publiczne.   R.22, № 54 (9 lipca 1938)",1938-07-09,3,"Sygn. nr Co. 24 9/38.
' Sad Grodzki w Kowlu, na zasadzie art. 1401 U P.",https://polona.pl/preview/825902f3-815a-4f4f-a350-021625f22d29
e6e4b1c0-a15d-47cf-ae47-4318cc987f95,"Obwieszczenia Publiczne.   R.22, № 55 (13 lipca 1938)",1938-07-13,6,".;
na dzień 25 czerwca 1939 r.
nieruchomość w Kowlu, przy ulicy Łuckiej o obszarze 1681,4 mtr
kw, otrzymana zgłosić
swoje prawa do tych nieruchomości w kancelarii Wydziału Hipotecz
nego przy Sądzie Grodzkim w Kowlu",https://polona.pl/preview/e6e4b1c0-a15d-47cf-ae47-4318cc987f95
e6e4b1c0-a15d-47cf-ae47-4318cc987f95,"Obwieszczenia Publiczne.   R.22, № 55 (13 lipca 1938)",1938-07-13,5,"wyżej z dowodami prawa ich stwierdzają
cymi. nr 142/38. 6504

Wydział Hipoteczny przy Sądzie Grodzkim w Kowlu",https://polona.pl/preview/e6e4b1c0-a15d-47cf-ae47-4318cc987f95
31b04319-0609-4353-aebe-be03976b3dc8,"Obwieszczenia Publiczne.   R.22, № 57 (20 lipca 1938)",1938-07-20,8,"zgłosić swoje
prawa do tych nieruchomości w kancelarii Wydziału Hipotecznego przy
Sądzie Grodzkim w Kowlu przewidzianymi w art.
159 ust. hip. z roku 1919. 1427/38. 6600

Wydział Hipoteczny przy Sądzie Grodzkim w Kowlu regulacyj hipotecznych w terminie następującym:
na dzień 2 października 1938 r.
1) działka ziemi w Kowlu",https://polona.pl/preview/31b04319-0609-4353-aebe-be03976b3dc8
31b04319-0609-4353-aebe-be03976b3dc8,"Obwieszczenia Publiczne.   R.22, № 57 (20 lipca 1938)",1938-07-20,2,"Co. 18/38. 6598
Sąd Grodzki w Kowlu, na zasadzie art. 1401 U. P.",https://polona.pl/preview/31b04319-0609-4353-aebe-be03976b3dc8
31b04319-0609-4353-aebe-be03976b3dc8,"Obwieszczenia Publiczne.   R.22, № 57 (20 lipca 1938)",1938-07-20,1,"Co. 793/37.
6647

Sąd Grodzki w Kowlu, na zasadzie art. 94 Prawa Wekslowego,
wzywa posiadacza zaginionych",https://polona.pl/preview/31b04319-0609-4353-aebe-be03976b3dc8
31b04319-0609-4353-aebe-be03976b3dc8,"Obwieszczenia Publiczne.   R.22, № 57 (20 lipca 1938)",1938-07-20,17,", aby się zgłosił do
uczestniczenia w pomienionym procesie, nr 1/1 C. 14088/38. 6689

Sąd Grodzki w Kowlu",https://polona.pl/preview/31b04319-0609-4353-aebe-be03976b3dc8
afbbdc64-7896-4de8-bd5d-3a8d61a2b0c2,"Obwieszczenia Publiczne.   R.22, № 58 (23 lipca 1938)",1938-07-23,8,"Hi
potecznego, a to pod skutkami prekluzji. 204/38. 6736

Wydział Hipoteczny przy Sądzie Grodzkim w Kowlu",https://polona.pl/preview/afbbdc64-7896-4de8-bd5d-3a8d61a2b0c2
afbbdc64-7896-4de8-bd5d-3a8d61a2b0c2,"Obwieszczenia Publiczne.   R.22, № 58 (23 lipca 1938)",1938-07-23,32,"Nowy-Świat nr 7, kurato
rem nieznanej z miejsca pobytu Marianny Blin. 399/38. 6735

Sąd Grodzki w Kowlu",https://polona.pl/preview/afbbdc64-7896-4de8-bd5d-3a8d61a2b0c2
afbbdc64-7896-4de8-bd5d-3a8d61a2b0c2,"Obwieszczenia Publiczne.   R.22, № 58 (23 lipca 1938)",1938-07-23,1,"sili swoje prawa do pozostałego po nim mienia, składającego się z ma
jątków nieruchomych położonych w Kowlu C., Sąd Grodzki w Kowlu, wzywa
spadkobierców Józefa Gana, zmarłego dnia 1 lipca 1937 r. w Kowlu, aże",https://polona.pl/preview/afbbdc64-7896-4de8-bd5d-3a8d61a2b0c2
afbbdc64-7896-4de8-bd5d-3a8d61a2b0c2,"Obwieszczenia Publiczne.   R.22, № 58 (23 lipca 1938)",1938-07-23,9,"zgłosić swoje
prawa do tych nieruchomości w kancelarii Wydziału Hipotecznego przy
Sądzie Grodzkim w Kowlu",https://polona.pl/preview/afbbdc64-7896-4de8-bd5d-3a8d61a2b0c2
67e95b57-0635-454a-b0d4-02d76e3fec22,"Obwieszczenia Publiczne.   R.22, № 63 (10 sierpnia 1938)",1938-08-10,6,"zgłosić swoje
prawa do tej nieruchomości w kancelarii Wydziału Hipotecznego przy
Sądzie Grodzkim w Kowlu Nr 63

Obwieszczenia publiczne.

7

Wydział Hipoteczny przy Sądzie Grodzkim w Kowlu obwieszcza,
że niżej",https://polona.pl/preview/67e95b57-0635-454a-b0d4-02d76e3fec22
aec10968-9b70-487e-8006-2a75ace84fed,"Obwieszczenia Publiczne.   R.22, № 64 (13 sierpnia 1938)",1938-08-13,5,"zgłosić swoje
prawa do tych nieruchomości w kancelarii Wydziału Hipotecznego przy
Sądzie Grodzkim w Kowlu",https://polona.pl/preview/aec10968-9b70-487e-8006-2a75ace84fed
aec10968-9b70-487e-8006-2a75ace84fed,"Obwieszczenia Publiczne.   R.22, № 64 (13 sierpnia 1938)",1938-08-13,4,"terminie
z prawami swoimi, pod skutkami prekluzji. 150/38. 7247
Wydział Hipoteczny przy Sądzie Grodzkim w Kowlu",https://polona.pl/preview/aec10968-9b70-487e-8006-2a75ace84fed
51fe6283-3b0a-4f63-9232-0782e9ea5481,"Obwieszczenia Publiczne.   R.22, № 69 (31 sierpnia 1938)",1938-08-31,1,"Co. 82/38. 7665
Sąd Grodzki w Kowlu, na zasadzie art. 1401 U. P.",https://polona.pl/preview/51fe6283-3b0a-4f63-9232-0782e9ea5481
ebc7faa5-8306-4534-a7c1-f96bac2135b8,"Obwieszczenia Publiczne.   R.22, № 71 (7 września 1938)",1938-09-07,9,"P. nr 53 za 1928 rok, poz. 510). 941/38. 7727

Wydział Hipoteczny przy Sądzie Grodzkim w Kowlu obwieszcza",https://polona.pl/preview/ebc7faa5-8306-4534-a7c1-f96bac2135b8
ebc7faa5-8306-4534-a7c1-f96bac2135b8,"Obwieszczenia Publiczne.   R.22, № 71 (7 września 1938)",1938-09-07,10,"zgłosić swoje
prawa do tych nieruchomości w kancelarii Wydziału Hipotecznego przy
Sądzie Grodzkim w Kowlu",https://polona.pl/preview/ebc7faa5-8306-4534-a7c1-f96bac2135b8
e6eb2851-f4a2-4b0b-80f4-c7deaebeed51,"Obwieszczenia Publiczne.   R.22, № 75 (21 września 1938)",1938-09-21,10,"zgłosić swoje
prawa do tych nieruchomości w kancelarii Wydziału Hipotecznego przy
Sądzie Grodzkim w Kowlu",https://polona.pl/preview/e6eb2851-f4a2-4b0b-80f4-c7deaebeed51
e6eb2851-f4a2-4b0b-80f4-c7deaebeed51,"Obwieszczenia Publiczne.   R.22, № 75 (21 września 1938)",1938-09-21,9,"hipotece z dowodami prawa ich uza
sadniającymi. 159/38. 8158

Wydział Hipoteczny przy Sądzie Grodzkim w Kowlu",https://polona.pl/preview/e6eb2851-f4a2-4b0b-80f4-c7deaebeed51
03443de7-ec39-498b-b7bb-17f7ec942920,"Obwieszczenia Publiczne.   R.22, № 76 (24 września 1938)",1938-09-24,7,"zgłosić swoje
prawa do tych nieruchomości w kancelarii Wydziału Hipotecznego przy
Sądzie Grodzkim w Kowlu dowodami swych praw, pod skutkami prekluzji. 1190/1. 8274

Wydział Hipoteczny przy Sądzie Grodzkim w Kowlu",https://polona.pl/preview/03443de7-ec39-498b-b7bb-17f7ec942920
ff12b440-c1fa-41fd-ae57-64b00cb5fbad,"Obwieszczenia Publiczne.   R.22, № 78 (1 października 1938)",1938-10-01,2,"obwieszczenia zgłosili swoje prawa do pozostałego po nim
mienia, nr Co. 778/38. 0404

Sąd Grodzki w Kowlu",https://polona.pl/preview/ff12b440-c1fa-41fd-ae57-64b00cb5fbad
114e0412-bbb2-4038-8c87-b1e8d6c4806b,"Obwieszczenia Publiczne.   R.22, № 79 (5 października 1938)",1938-10-05,6,"zgłosić swoje
prawa do tej nieruchomości w kancelarii Wydziału Hipotecznego przy
Sądzie Grodzkim w Kowlu . ^ 8539

Wydział Hipoteczny przy Sądzie Grodzkim w Kowlu obwieszcza,
że niżej wymieniona nieruchomość",https://polona.pl/preview/114e0412-bbb2-4038-8c87-b1e8d6c4806b
bcad0c64-79dd-4a4c-9fd8-99b4205ae28e,"Obwieszczenia Publiczne.   R.22, № 82 (15 października 1938)",1938-10-15,3,"P. nr 53 z 1928 r., poz. 810. 462/38. 8874

Wydział Hipoteczny przy Sądzie Grodzkim w Kowlu obwieszcza zgłosić swoje
prawa do tych nieruchomości w kancelarii Wydziału Hipotecznego przy
Sądzie Grodzkim w Kowlu prekluzji z art. 154 i 160 ust.
hip. z r. 1818. 248/38. 8873

Wydział Hipoteczny przy Sądzie Grodzkim w Kowlu",https://polona.pl/preview/bcad0c64-79dd-4a4c-9fd8-99b4205ae28e
bcad0c64-79dd-4a4c-9fd8-99b4205ae28e,"Obwieszczenia Publiczne.   R.22, № 82 (15 października 1938)",1938-10-15,4,"zgłosić swoje
prawa do tych nieruchomości w kancelarii Wydziału Hipotecznego przy
bądzie Grodzkim w Kowlu",https://polona.pl/preview/bcad0c64-79dd-4a4c-9fd8-99b4205ae28e
6831ce91-3e80-4d1c-ae7a-b23eb0e7ec2b,"Obwieszczenia Publiczne.   R.22, № 83 (19 października 1938)",1938-10-19,1,"6 miesięcy od dnia obwieszczenia, zgłosili swoje prawa do
pozostałego po niej mienia, położonego w Kowlu Sąd Grodzki w Kowlu, na zasadzie art. 1401 U. P. C., wzywa spad
kobierców Jochwed Rejder, c.",https://polona.pl/preview/6831ce91-3e80-4d1c-ae7a-b23eb0e7ec2b
7bf2b9d9-2d0d-4a6d-831e-5244af25297b,"Obwieszczenia Publiczne.   R.22, № 85 (26 października 1938)",1938-10-26,7,"Wydział Hipoteczny przy Sądzie Grodzkim w Kowlu obwieszcza,
że niżej wymienione nieruchomości zostały zgłosić swoje
prawa do tych nieruchomości w kancelarii Wydziału Hipotecznego przy
Sądzie Grodzkim w Kowlu",https://polona.pl/preview/7bf2b9d9-2d0d-4a6d-831e-5244af25297b
56d203ec-04b0-4751-a7be-d59fb4f6b61c,"Obwieszczenia Publiczne.   R.22, № 87 (2 listopada 1938)",1938-11-02,20,"126, zeznane w formie aktu notarialnego, w kancelarii notariusza Je-
rzego-Heronima Grabowskiego w Kowlu Ejnoch, synowej swej
Rejzli Ejnoch, w sprawie dokonania darowizny majątku nieruchomego,
położonego w Kowlu Sąd Grodzki w Kowlu, na zasadzie art. 146041—48 U. P.",https://polona.pl/preview/56d203ec-04b0-4751-a7be-d59fb4f6b61c
56d203ec-04b0-4751-a7be-d59fb4f6b61c,"Obwieszczenia Publiczne.   R.22, № 87 (2 listopada 1938)",1938-11-02,2,"S£ * d Grodzki w Kowlu, na zasadzie art. 1401 U. P.",https://polona.pl/preview/56d203ec-04b0-4751-a7be-d59fb4f6b61c
84bce4d7-a6fb-4f63-92aa-8403b6613076,"Obwieszczenia Publiczne.   R.22, № 93 (23 listopada 1938)",1938-11-23,1,"Co.
nr 169/38. 10142

Sąd Grodzki w Kowlu, na zasadzie art. 1401 U. P.",https://polona.pl/preview/84bce4d7-a6fb-4f63-92aa-8403b6613076
9f2889d9-82b7-491c-85ec-fb7303a5ce11,"Obwieszczenia Publiczne.   R.22, № 94 (26 listopada 1938)",1938-11-26,3,"Co, 1094/38. 10235

Sąd Grodzki w Kowlu, na zasadzie art. 1401 U. P. C., art. 1239
i 1241 t. X, cz. Pr., wzywa spadkobierców Mojsze Sztepera, zmar
łego w Kowlu w dniu 22 października 1938 r., ażeby w ciągu",https://polona.pl/preview/9f2889d9-82b7-491c-85ec-fb7303a5ce11
97a84346-4b1a-464d-a283-e4fb22ffcfb1,"Obwieszczenia Publiczne.   R.22, № 98 (10 grudnia 1938)",1938-12-10,7,"zgłosiły swe prawa, pod skutkami prekluzji. 1162/38.
10796

Wydział Hipoteczny przy Sądzie Grodzkim w Kowlu",https://polona.pl/preview/97a84346-4b1a-464d-a283-e4fb22ffcfb1
97a84346-4b1a-464d-a283-e4fb22ffcfb1,"Obwieszczenia Publiczne.   R.22, № 98 (10 grudnia 1938)",1938-12-10,8,"zgłosić swoje
prawa do tych nieruchomości w kancelarii Wydziału Hipotecznego przy
Sądzie Grodzkim w Kowlu",https://polona.pl/preview/97a84346-4b1a-464d-a283-e4fb22ffcfb1
f7329559-7719-4d02-9b38-f478da685f5a,"Obwieszczenia Publiczne.   1939, nr 2 (7 stycznia)",1939-01-07,16,"dniu 17 listopada
1938 r., ustanowił opiekę i opiekunem mianował
Józefa Brzozowskiego, zamieszkałego w Kowlu Sąd Grodzki w Kowlu ogłasza, że nad Broni
sławą Nieczuja-Wierzbicką, c.",https://polona.pl/preview/f7329559-7719-4d02-9b38-f478da685f5a
67bac81b-d9a0-410a-979d-1b82117a30a6,"Obwieszczenia Publiczne.   1939, nr 5 (18 stycznia)",1939-01-18,8,"Hipotecznego, pod skutkami
prekluzji. 613/Tom. 183

Powiatowy Wydział Hipoteczny przy Są
dzie Grodzkim w Kowlu swoje prawa do tej nieruchomości
w kancelarii Powiatowego Wydziału Hipotecz
nego przy Sądzie Grodzkim w Kowlu",https://polona.pl/preview/67bac81b-d9a0-410a-979d-1b82117a30a6
67bac81b-d9a0-410a-979d-1b82117a30a6,"Obwieszczenia Publiczne.   1939, nr 5 (18 stycznia)",1939-01-18,0,"Sąd Grodzki w Kowlu, na zasadzie art. 94
Prawa Wekslowego, wzywa posiadacza zagubio
nych 2 weksli na",https://polona.pl/preview/67bac81b-d9a0-410a-979d-1b82117a30a6
17c5c4d7-9116-4bc0-ad14-33a20e081452,"Obwieszczenia Publiczne.   1939, nr 6 (21 stycznia)",1939-01-21,1,"Co.
563/38. 203

Sąd Grodzki w Kowlu, na zasadzie art.
1401 U. P.",https://polona.pl/preview/17c5c4d7-9116-4bc0-ad14-33a20e081452
f01ad760-8239-4d9e-882d-02cf92494b77,"Obwieszczenia Publiczne.   1939, nr 7 (25 stycznia)",1939-01-25,2,"daty dokonania obwieszczenia zgłosili swoje
prawa do majątku, składającego się z domu,
położonego w Kowlu obwieszczenia
zgłosili swoje prawa do pozostałego po nim
mienia, nr Co. 1244/38. . 284
Sąd Grodzki w Kowlu",https://polona.pl/preview/f01ad760-8239-4d9e-882d-02cf92494b77
7c45a9d4-ca9c-4937-8ccd-3026b0c74f2c,"Obwieszczenia Publiczne.   1939, nr 8 (28 stycznia)",1939-01-28,9,"10

Obwieszczenia publiczne Nr 8

Powiatowy Wydział Hipoteczny przy Są
dzie Grodzkim w Kowlu, obwieszcza prawa do tych
nieruchomości w kancelarii Powiatowego Wy
działu Hipotecznego przy Sądzie Grodzkim
w Kowlu",https://polona.pl/preview/7c45a9d4-ca9c-4937-8ccd-3026b0c74f2c
7c45a9d4-ca9c-4937-8ccd-3026b0c74f2c,"Obwieszczenia Publiczne.   1939, nr 8 (28 stycznia)",1939-01-28,8,"zgłosić swoje prawa do tych
nieruchomości w kancelarii Wydziału Hipo
tecznego przy Sądzie Grodzkim w Kowlu Sierpnia nr 17
pod skutkami prekluzji. 29/39. 580

Powiatowy Wydział Hipoteczny przy Są
dzie Grodzkim w Kowlu",https://polona.pl/preview/7c45a9d4-ca9c-4937-8ccd-3026b0c74f2c
7d596d99-66bb-4211-b909-998a21f12c1d,"Obwieszczenia Publiczne.   1939, nr 9 (1 lutego)",1939-02-01,8,"Powiatowy Wydział Hipoteczny przy Sądzie
Grodzkim w Kowlu obwieszcza, że niżej wymie
nione nieruchomości prawa do tych nieruchomo
ści w kancelarii Powiatowego Wydziału Hipo
tecznego przy Sądzie Grodzkim w Kowlu R, P, nr 53
z 1928 r., poz. 510). 63/39. 582

Powiatowy Wydział Hipoteczny przy Sądzie
Grodzkim w Kowlu P. nr 53 z 1928 r., poz. 510). 65/39. 584

Powiatowy Wydział Hipoteczny przy Sądzie
Grodzkim w Kowlu prawa do tych nieru
chomości w kancelarii Powiatowego Wydziału
Hipotecznego przy Sądzie Grodzkim w Kowlu",https://polona.pl/preview/7d596d99-66bb-4211-b909-998a21f12c1d
7d596d99-66bb-4211-b909-998a21f12c1d,"Obwieszczenia Publiczne.   1939, nr 9 (1 lutego)",1939-02-01,9,"prawa do tych nieru
chomości w kancelarii Powiatowego Wydziału
Hipotecznego przy Sądzie Grodzkim w Kowlu",https://polona.pl/preview/7d596d99-66bb-4211-b909-998a21f12c1d
7d596d99-66bb-4211-b909-998a21f12c1d,"Obwieszczenia Publiczne.   1939, nr 9 (1 lutego)",1939-02-01,0,"obwieszczenia zgłosili
swoje prawa do pozostałego po jego śmierci ma
jątku. 299/38. 567

Sąd Grodzki w Kowlu",https://polona.pl/preview/7d596d99-66bb-4211-b909-998a21f12c1d
7d596d99-66bb-4211-b909-998a21f12c1d,"Obwieszczenia Publiczne.   1939, nr 9 (1 lutego)",1939-02-01,1,"Co. 15/39. 569
Sąd Grodzki w Kowlu, na zasadzie art. 1401
U. P. Obwieszczenia publiczne Nr 9

Sąd Grodzki w Kowlu, na zasadzie art, 1401
U. P.",https://polona.pl/preview/7d596d99-66bb-4211-b909-998a21f12c1d
dcc71e32-0b62-42e4-b18b-f26a927eded6,"Obwieszczenia Publiczne.   1939, nr 10 (4 lutego)",1939-02-04,7,"Powiatowy Wydział Hipoteczny, przy Są
dzie Grodzkim w Kowlu, obwieszcza, że niżej
wymienione nieruchomości prawa do tych nierucho
mości w kancelarii Powiatowego Wydziału Hi
potecznego przy Sądzie Grodzkim w Kowlu",https://polona.pl/preview/dcc71e32-0b62-42e4-b18b-f26a927eded6
36873da8-69fe-48b8-99c8-42ae8457e55b,"Obwieszczenia Publiczne.   1939, nr 12 (11 lutego)",1939-02-11,10,"swe prawa, pod skutkami preklu
zji. 22/39. 881

Powiatowy Wydział Hipoteczny przy Są
dzie Grodzkim w Kowlu zgłosić swoje prawa do tych nieruchomo
ści w kancelarii Wydziału Hipotecznego przy
Sądzie Grodzkim w Kowlu",https://polona.pl/preview/36873da8-69fe-48b8-99c8-42ae8457e55b
f7f6ca16-a018-42ea-a693-ec7e5f83b24f,"Obwieszczenia Publiczne.   1939, nr 16 (25 lutego)",1939-02-25,37,"celu podjęcia depozytu złożonego przez Igna
cego Stadniuka w dn. 5 lipca 1938 r. w Kasie
Skarbowej w Kowlu",https://polona.pl/preview/f7f6ca16-a018-42ea-a693-ec7e5f83b24f
3dccea1e-b4cd-44f7-87cb-1f438cb04a85,"Obwieszczenia Publiczne.   1939, nr 19 (8 marca)",1939-03-08,1,"Co. 32/39. 1981

Sąd Grodzki w Kowlu, na zasadzie art.
1401 U. P.",https://polona.pl/preview/3dccea1e-b4cd-44f7-87cb-1f438cb04a85
3729bd89-5db1-4136-8f44-c26fbd1d8bce,"Obwieszczenia Publiczne.   1939, nr 22 (18 marca)",1939-03-18,11,"prawa do tych nieru
chomości w kancelarii Powiatowego Wydziału
Hipotecznego, przy Sądzie Grodzkim w Kowlu Sierpnia
nr 17, pod skutkami prekluzji. 104/39. 2441
Powiatowy Wydział Hipoteczny, przy Są
dzie Grodzkim w Kowlu",https://polona.pl/preview/3729bd89-5db1-4136-8f44-c26fbd1d8bce
3729bd89-5db1-4136-8f44-c26fbd1d8bce,"Obwieszczenia Publiczne.   1939, nr 22 (18 marca)",1939-03-18,10,"prawa do tych nieru
chomości w kancelarii Powiatowego Wydziału
Hipotecznego, przy Sądzie Grodzkim w Kowlu art. 154 i 160 ustł hip. z 1818 r. 52/39.
2314

Powiatowy Wydział Hipoteczny, przy Są
dzie Grodzkim w Kowlu",https://polona.pl/preview/3729bd89-5db1-4136-8f44-c26fbd1d8bce
6f6213d2-a57f-4615-b7dc-63dc6c60982c,"Obwieszczenia Publiczne.   1939, nr 23 (22 marca)",1939-03-22,13,"obwieszczenia w Dzienniku Urzędo
wym Ministerstwa Sprawiedliwości nie wpłyną
do Starostwa Powiatowego w Kowlu",https://polona.pl/preview/6f6213d2-a57f-4615-b7dc-63dc6c60982c
1f038cd3-2eec-49d3-81df-660b03c54183,"Obwieszczenia Publiczne.   1939, nr 25 (29 marca)",1939-03-29,8,"prawa do tych nierucho
mości w kancelarii Powiatowego Wydziału Hipo
tecznego, przy Sądzie Grodzkim w Kowlu nr 8), pod skutka
mi prekluzji. 26/39. 2797

Powiatowy Wydział Hipoteczny, przy Są
dzie Grodzkim w Kowlu",https://polona.pl/preview/1f038cd3-2eec-49d3-81df-660b03c54183
28ad0e99-9a98-4e9a-9296-eb59f37f1dae,"Obwieszczenia Publiczne.   1939, nr 27 (5 kwietnia)",1939-04-05,6,"prawa do tych nieru
chomości w kancelarii Powiatowego Wydziału
Hipotecznego, przy Sądzie Grodzkim w Kowlu",https://polona.pl/preview/28ad0e99-9a98-4e9a-9296-eb59f37f1dae
28ad0e99-9a98-4e9a-9296-eb59f37f1dae,"Obwieszczenia Publiczne.   1939, nr 27 (5 kwietnia)",1939-04-05,5,"Hipotecznego, pod skutkami pre
kluzji. 2 5/39. “
Powiatowy Wydział Hipoteczny, przy Są
dzie Grodzkim w Kowlu",https://polona.pl/preview/28ad0e99-9a98-4e9a-9296-eb59f37f1dae
cf4a1de6-c34a-47d9-9199-a8d0ec35e8e0,"Obwieszczenia Publiczne.   1939, nr 28 (8 kwietnia)",1939-04-08,7,"P, nr 53
z 1928 r., poz. 510). 293/39. 3056

Powiatowy Wydział Hipoteczny, przy Sądzie
Grodzkim w Kowlu Sieradzu, pod
skutkami prekluzji. 20/39. 2919

Powiatowy Wydział Hipoteczny, przy Są
dzie Grodzkim w Kowlu prawa do tych nieruchomo
ści w kancelarii Powiatowego Wydziału Hipo
tecznego, przy Sądzie Grodzkim w Kowlu",https://polona.pl/preview/cf4a1de6-c34a-47d9-9199-a8d0ec35e8e0
cf4a1de6-c34a-47d9-9199-a8d0ec35e8e0,"Obwieszczenia Publiczne.   1939, nr 28 (8 kwietnia)",1939-04-08,8,"prawa do tych nieru
chomości w kancelarii Powiatowego Wydziału
Hipotecznego, przy Sądzie Grodzkim w Kowlu",https://polona.pl/preview/cf4a1de6-c34a-47d9-9199-a8d0ec35e8e0
204e4c36-5d7f-4a8b-a1c1-84c6ddd2310d,"Obwieszczenia Publiczne.   1939, nr 31 (19 kwietnia)",1939-04-19,29,"dnia 28 grudnia 1938 r., wzywa
niewiadomą z miejsca pobytu Barbarę Korol,
która stale zamieszkiwała w Kowlu",https://polona.pl/preview/204e4c36-5d7f-4a8b-a1c1-84c6ddd2310d
204e4c36-5d7f-4a8b-a1c1-84c6ddd2310d,"Obwieszczenia Publiczne.   1939, nr 31 (19 kwietnia)",1939-04-19,9,"być
obecne przy jej ogłoszeniu. 1145/39. 3829

Powiatowy Wydział Hipoteczny, przy Są
dzie Grodzkim w Kowlu prawa do tej nierucho
mości w kancelarii Powiatowego Wydziału Hi
potecznego, przy Sądzie Grodzkim w Kowlu",https://polona.pl/preview/204e4c36-5d7f-4a8b-a1c1-84c6ddd2310d
19bc25cc-a3d2-4892-9b95-e1de17eadbff,"Obwieszczenia Publiczne.   1939, nr 40 (20 maja)",1939-05-20,16,". nr 8) pod skut
kami prekluzji. 53/39. 4863

Powiatowy Wydział Hipoteczny, przy Są
dzie Grodzkim w Kowlu prawa do tych nieru
chomości w kancelarii Powiatowego Wydziału
Hipotecznego, przy Sądzie Grodzkim w Kowlu",https://polona.pl/preview/19bc25cc-a3d2-4892-9b95-e1de17eadbff
aea9c867-634b-4416-a6a1-4900546c9a80,"Obwieszczenia Publiczne.   1939, nr 41 (24 maja)",1939-05-24,5,"Powiatowy Wydział Hipoteczny, przy Są
dzie Grodzkim w Kowlu obwieszcza, że niżej
wymieniona nieruchomość",https://polona.pl/preview/aea9c867-634b-4416-a6a1-4900546c9a80
aea9c867-634b-4416-a6a1-4900546c9a80,"Obwieszczenia Publiczne.   1939, nr 41 (24 maja)",1939-05-24,6,"P. nr 53
z 1928 r., poz. 510). 464/39. 4865

Powiatowy Wydział Hipoteczny, przy Są
dzie Grodzkim w Kowlu prawa do tych nieru
chomości w kancelarii Piowiatowego Wydziału
Hipotecznego, przy Sądzie Grodzkim w Kowlu prawa do tej nieruchomości
w kancelarii Powiatowego Wydziału Hipotecz
nego, przy Sądzie Grodzkim w Kowlu",https://polona.pl/preview/aea9c867-634b-4416-a6a1-4900546c9a80
a5673025-6a90-4caf-bbe4-8fdffc030d9d,"Obwieszczenia Publiczne.   1939, nr 46 (10 czerwca)",1939-06-10,1,"w Kowlu, aby w terminie 6 miesięcznym od dnia
wydrukowania wezwania, zgłosili swoje prawa
do pozostałego C., Sąd Grodz
ki w Kowlu, wzywa spadkobierców Mieczysława
Lambacha, zmarłego dnia 29 stycznia 1939 roku po nim majątku składającego się
z majątków nieruchomych, położonych w Kowlu,
przy ulicy Kołodnickiej",https://polona.pl/preview/a5673025-6a90-4caf-bbe4-8fdffc030d9d
78548bbe-3ece-4f44-bbb3-40dd7c5fe159,"Obwieszczenia Publiczne.   1939, nr 47 (14 czerwca)",1939-06-14,1,"Co. 220/39. 6300

Sąd Grodzki w Kowlu, na zasadzie art.
1401 i 1402 U. P.",https://polona.pl/preview/78548bbe-3ece-4f44-bbb3-40dd7c5fe159
d4609cff-90a9-459d-ad32-3dcd255565a5,"Obwieszczenia Publiczne.   1939, nr 50 (24 czerwca)",1939-06-24,9,"swych praw, pod skutka
mi prekluzji. 343/39. 6544

Powiatowy Wydział Hipoteczny przy Są
dzie Grodzkim w Kowlu",https://polona.pl/preview/d4609cff-90a9-459d-ad32-3dcd255565a5
d4609cff-90a9-459d-ad32-3dcd255565a5,"Obwieszczenia Publiczne.   1939, nr 50 (24 czerwca)",1939-06-24,10,"prawa do tych nierucho
mości w kancelarii Powiatowego Wydziału Hi
potecznego przy Sądzie Grodzkim w Kowlu",https://polona.pl/preview/d4609cff-90a9-459d-ad32-3dcd255565a5
d4609cff-90a9-459d-ad32-3dcd255565a5,"Obwieszczenia Publiczne.   1939, nr 50 (24 czerwca)",1939-06-24,1,"Co. 116/39. 6681

Sąd Grodzki w Kowlu, na zasadzie art.
1401 i 1402 U. P.",https://polona.pl/preview/d4609cff-90a9-459d-ad32-3dcd255565a5
28a71649-437b-4734-8df0-d7f7c45b872a,"Obwieszczenia Publiczne.   1939, nr 51 (28 czerwca)",1939-06-28,12,"swych praw pod skutkami preklu
zji. 775/39. 6772

Powiatowy Wydział Hipoteczny przy Są
dzie Grodzkim w Kowlu prawa do tych nierucho
mości w kancelarii Powiatowego Wydziału Hi
potecznego przy Sądzie Grodzkim w Kowlu",https://polona.pl/preview/28a71649-437b-4734-8df0-d7f7c45b872a
b1213ad3-7eac-401e-8428-548d2829ce5f,"Obwieszczenia Publiczne.   1939, nr 54 (8 lipca)",1939-07-08,7,"Hipotecznego, pod skutka
mi prekluzji. 83/39. 7332

Powiatowy Wydział Hipoteczny, przy Są
dzie Grodzkim w Kowlu prawa do tej nieruchomości
w kancelarii Powiatowego Wydziału Hipoteczne
go, przy Sądzie Grodzkim w Kowlu",https://polona.pl/preview/b1213ad3-7eac-401e-8428-548d2829ce5f
b1213ad3-7eac-401e-8428-548d2829ce5f,"Obwieszczenia Publiczne.   1939, nr 54 (8 lipca)",1939-07-08,1,"Co. 15/39. 7116

Sąd Grodzki w Kowlu, na zasadzie art.
1401 i 1402 U. P. Co. 280/39.
7126

Sąd Grodzki w Kowlu, na zasadzie art. 1401
i 1402 U. P. zgłosili swoje prawa do
pozostałego po nim mienia w postaci praw do
połowy nieruchomości, położonej w Kowlu",https://polona.pl/preview/b1213ad3-7eac-401e-8428-548d2829ce5f
9392da46-8662-45cf-a1ef-672473ebb45f,"Obwieszczenia Publiczne.   1939, nr 56 (15 lipca)",1939-07-15,16,"swych praw pod skutkami preklu
zji. 820/39. 7510
Powiatowy Wydział Hipoteczny, przy Są
dzie Grodzkim w Kowlu prawa do tych nieruchomo
ści w kancelarii Powiatowego Wydziału Hipo
tecznego, przy Sądzie Grodzkim w Kowlu",https://polona.pl/preview/9392da46-8662-45cf-a1ef-672473ebb45f
bd8b81a6-d1ee-4ef2-aa93-ca0be376bd1f,"Obwieszczenia Publiczne.   1939, nr 61 (2 sierpnia)",1939-08-02,7,"prawa, pod skutkami
prekluzji. 160/39. 8028

Powiatowy Wydział Hipoteczny, przy Są
dzie Grodzkim w Kowlu prawa do tych nieru
chomości w kancelarii Powiatowego Wydziału
Hipotecznego, przy Sądzie Grodzkim w Kowlu",https://polona.pl/preview/bd8b81a6-d1ee-4ef2-aa93-ca0be376bd1f
650f4aaf-dc75-4bf7-b70d-b0c1c283f5f8,"Obwieszczenia Publiczne.   1939, nr 63 (9 sierpnia)",1939-08-09,4,"prawa do tych nierucho
mości w kancelarii Powiatodego Wydziału Hi
potecznego przy Sądzie Grodzkim w Kowlu Powiatowy Wydział Hipoteczny, przy Są
dzie Grodzkim w Kowlu obwieszcza, że niżej
wymienione nieruchomości",https://polona.pl/preview/650f4aaf-dc75-4bf7-b70d-b0c1c283f5f8
8b2ce004-d339-4da7-ac67-ef1bff09f654,"Obwieszczenia Publiczne : dodatek do Dziennika Urzędowego Ministerstwa Sprawiedliwości.   1948, nr 1 (3 stycznia)",1948-01-03,9,"Grze
gorza i Józefy z Chudzikowskich, który do września
1939 r. zam. w Kowlu i w dniu 23 września 1939",https://polona.pl/preview/8b2ce004-d339-4da7-ac67-ef1bff09f654
eb7e67c4-28ac-4b9e-8f27-74c9862f1533,"Obwieszczenia Publiczne : dodatek do Dziennika Urzędowego Ministerstwa Sprawiedliwości.   1948, nr 3/4 (21 stycznia)",1948-01-21,13,"Ludwin,
który w dniu 14 sierpnia 1939 r. został powołany do
wojska do 50 p.p. w Kowlu i do obecnej chwili",https://polona.pl/preview/eb7e67c4-28ac-4b9e-8f27-74c9862f1533
7683728c-926d-4872-bc83-ca842ff9c593,"Obwieszczenia Publiczne : dodatek do Dziennika Urzędowego Ministerstwa Sprawiedliwości.   1948, nr 5 (22 stycznia)",1948-01-22,16,"Garwolin, ostatnio zam. w Kowlu,
ul.",https://polona.pl/preview/7683728c-926d-4872-bc83-ca842ff9c593
3ba95c51-dc56-4c7f-ba4d-730c0bcc4e97,"Obwieszczenia Publiczne : dodatek do Dziennika Urzędowego Ministerstwa Sprawiedliwości.   1948, nr 9 (27 lutego)",1948-02-27,9,"Józefa i Stanisławy z Karpińskich |
z zawodu stolarz, ostatnio zam. w Kowlu, który j
w '1941 r. w przeddzień",https://polona.pl/preview/3ba95c51-dc56-4c7f-ba4d-730c0bcc4e97
eadd9308-9a6d-41b3-883b-54fc3687c70e,"Obwieszczenia Publiczne : dodatek do Dziennika Urzędowego Ministerstwa Sprawiedliwości.   1948, nr 11 (1 marca)",1948-03-01,1,"Krasnystawskiego, ostatnio zam. w Kowlu, który
pełnił tam służbę kierownika pociągu w czasie
okupacji kowelśkiego,
dnia 10 października 1900 r., który w 1944 roku
został powołany do WP, jako szeregowy 6 p. p.
w Kowlu",https://polona.pl/preview/eadd9308-9a6d-41b3-883b-54fc3687c70e
fb8a5f47-b0ed-4f99-bcde-e15892b26f8e,"Obwieszczenia Publiczne : dodatek do Dziennika Urzędowego Ministerstwa Sprawiedliwości.   1948, nr 18 (16 marca)",1948-03-16,13,"Konstantynów,
woj. lubelskie, konduktora kolejowego, ostatnio
zam. w Kowlu, który wywieziony za granicę",https://polona.pl/preview/fb8a5f47-b0ed-4f99-bcde-e15892b26f8e
2051d503-9d23-467d-8c26-ff2f5279b7ae,"Obwieszczenia Publiczne : dodatek do Dziennika Urzędowego Ministerstwa Sprawiedliwości.   1948, nr 27 (12 maja)",1948-05-12,8,"Jana i Anny z Grochowskich, zam. w Kowlu, pow.",https://polona.pl/preview/2051d503-9d23-467d-8c26-ff2f5279b7ae
eba28fb7-3940-4b63-82f1-890428f0eb5c,"Obwieszczenia Publiczne : dodatek do Dziennika Urzędowego Ministerstwa Sprawiedliwości.   1948, nr 29 (26 maja)",1948-05-26,1,"XII. 1891 r. w Warszawie,
zam. w Kowlu, który w jesieni 1939 r. został za
brany przez Niemców i od tego",https://polona.pl/preview/eba28fb7-3940-4b63-82f1-890428f0eb5c
cd6efabc-1766-4592-af67-d5ed46e60530,"Obwieszczenia Publiczne : dodatek do Dziennika Urzędowego Ministerstwa Sprawiedliwości.   1948, nr 33 (4 czerwca)",1948-06-04,11,"Józefa i Józefy
Korejbo, zam. w 1939 r. w Kowlu, który został areszto
wany przez gestapo i umieszczony",https://polona.pl/preview/cd6efabc-1766-4592-af67-d5ed46e60530
55334491-7724-4ef0-b6de-d61c588f069d,"Obwieszczenia Publiczne : dodatek do Dziennika Urzędowego Ministerstwa Sprawiedliwości.   1948, nr 35 (10 czerwca)",1948-06-10,7,"IV. 1893 r. w Kowlu, zam. w Kowlu, który
przebywał w Warszawie i został wywieziony
w połowie września",https://polona.pl/preview/55334491-7724-4ef0-b6de-d61c588f069d
3e9bedd4-3110-473b-a16b-5b924437134a,"Obwieszczenia Publiczne : dodatek do Dziennika Urzędowego Ministerstwa Sprawiedliwości.   1948, nr 38 (21 lipca)",1948-07-21,6,"Stepnica, ost. zam. w Ko
wlu, który w 1943 r. w Kowlu zaginął w czasie
działań wojennych. (VI.",https://polona.pl/preview/3e9bedd4-3110-473b-a16b-5b924437134a
3e9bedd4-3110-473b-a16b-5b924437134a,"Obwieszczenia Publiczne : dodatek do Dziennika Urzędowego Ministerstwa Sprawiedliwości.   1948, nr 38 (21 lipca)",1948-07-21,12,"XII. 1904 roku
i osi. zam. w Kowlu, pow.",https://polona.pl/preview/3e9bedd4-3110-473b-a16b-5b924437134a
907500ad-5be2-400b-90c1-eef78ddff44a,"Obwieszczenia Publiczne : dodatek do Dziennika Urzędowego Ministerstwa Sprawiedliwości.   1948, nr 39 (24 lipca)",1948-07-24,8,"podporucznik rez. zmobilizowany w nocy z 31.VIII
na 1.IX 1939 wyruszył do 50 p. strzelców kresowych
w Kowlu",https://polona.pl/preview/907500ad-5be2-400b-90c1-eef78ddff44a
358247f8-5d03-4b90-9370-cd87fd686dae,"Obwieszczenia Publiczne : dodatek do Dziennika Urzędowego Ministerstwa Sprawiedliwości.   1948, nr 41 (29 lipca)",1948-07-29,3,"Szlo-
my i Fajgi, ur. 2.II 1879 w Chełmie, który w czerwcu
1940 aresztowany został w Kowlu i wywieziony",https://polona.pl/preview/358247f8-5d03-4b90-9370-cd87fd686dae
f3229363-b0bb-48fe-9c64-464cdd3cb7e7,"Obwieszczenia Publiczne : dodatek do Dziennika Urzędowego Ministerstwa Sprawiedliwości.   1948, nr 42 (4 sierpnia)",1948-08-04,10,"Jana i Marii, zam. do 192/ r. w
Kowlu, a następnie przebywającą od wiosny 1927 r.
w Rosji, od którego",https://polona.pl/preview/f3229363-b0bb-48fe-9c64-464cdd3cb7e7
8ae8c5f4-1c21-49ac-8363-8bbdab167347,"Obwieszczenia Publiczne : dodatek do Dziennika Urzędowego Ministerstwa Sprawiedliwości.   1948, nr 45 (17 września)",1948-09-17,14,"Akacyjna 5, co do Stanisława Wiencfciewicza, ur. 1G.XI
1907 w Kowlu, woj. wołyńskie, ost. zam. w Kowlu",https://polona.pl/preview/8ae8c5f4-1c21-49ac-8363-8bbdab167347
8ae8c5f4-1c21-49ac-8363-8bbdab167347,"Obwieszczenia Publiczne : dodatek do Dziennika Urzędowego Ministerstwa Sprawiedliwości.   1948, nr 45 (17 września)",1948-09-17,4,"Edwarda i Karoliny z Komor
nickich, ost. zam. w Kowlu, który zaginął w czasie
działań wojennych (Zg.",https://polona.pl/preview/8ae8c5f4-1c21-49ac-8363-8bbdab167347
3821e152-eb59-4d6b-bd9b-1cd9a6e5fa16,"Obwieszczenia Publiczne : dodatek do Dziennika Urzędowego Ministerstwa Sprawiedliwości.   1948, nr 47 (23 października)",1948-10-23,15,"P. ce
lem odbycia służby czynnej w 45 p. p. w Kowlu, a na
stępnie brał udział w działaniach wojennych",https://polona.pl/preview/3821e152-eb59-4d6b-bd9b-1cd9a6e5fa16
