Name,Age / Birth Year,Last Known Address in Kowel,Penal Code Charge,Legal Charge in English,kowel_link,object_id,issue_title,issue_date,source_url,excerpt
Kattwinkiel Otto,b. 1891,,,,wanted_by_city,e50c1be7-8145-43f4-b04f-6c5823fab808,1927-02-04_Gazeta_Śledcza_R_8_L_929_4_lutego_1927,1927-02-04,https://polona.pl/preview/e50c1be7-8145-43f4-b04f-6c5823fab808,"Kattwinkiel Otto, ur. 10. 1. 1891 r. w Horde w Niemczech, insp. pocztowy, wzrost średni, tęgi, włosy j.-blond, twarz pełna, czerstwa, brwi łukowate jasne, oczy siwe, nos mały szpiczasty, prosty, wąsy przystrzyżone, zęby wszystkie, końce palców żółte od pa pierosów, nosi binokle, posz. za sprzeniewierzenie 345.000 Mk. n"
Romaniuk Semen,21,,art. 581,Theft,wanted_by_city,642346a8-4a19-4d4f-b551-27db073b9350,1927-02-09_Gazeta_Śledcza_R_8_L_930_9_lutego_1927,1927-02-09,https://polona.pl/preview/642346a8-4a19-4d4f-b551-27db073b9350,"Romaniuk Semen, s. Jakóba, I. 21, ur. w Koło- deżnie, gm. Lubitow, ost. zam. w Nowych Koszarach, gm. Stare Koszary, pow. kowelskiego, osk. z art. 581 k. k., posz. przez Sąd P. w Kowlu, wydz. karny, nr. k. 1839-26 z dn. 13. 1. 27 r.—W razie ujęcia wyż. wym. należy osadzić go w najbliż. więzieniu do dysp. powyż. Sądu."
Danko Józef,40,,art. 574,Unknown - verify (art. 574),wanted_by_city,642346a8-4a19-4d4f-b551-27db073b9350,1927-02-09_Gazeta_Śledcza_R_8_L_930_9_lutego_1927,1927-02-09,https://polona.pl/preview/642346a8-4a19-4d4f-b551-27db073b9350,"Danko Józef, s. Jana, I. 40, ost. zam. na koi. Siniawka, gm. Wieliczka, wyzn. rz.-kat., robotnik, osk. z art. 574 k. k., posz. przez Sąd P. w Kowlu, wydz. karny, nr. k. 383-26 z dn. 14. 1. 27 r. W razie ujęcia wyż. wym. należy osadzić go w najbliż. więzieniu do dysp. powyż. Sądu."
Kopciowski Stanisław,b. 1902,,,,last_address,e7f4da68-61ba-4d30-b94e-05295fe4fd1f,1927-02-11_Gazeta_Śledcza_R_8_L_931_11_lutego_1927,1927-02-11,https://polona.pl/preview/e7f4da68-61ba-4d30-b94e-05295fe4fd1f,"Kopciowski Stanisław, szer. 8 p. p. leg., s. Mikołaja i Katarzyny z Zielińskich, ur. 1902 r. w Lublinie, tamże przynal., zam. na st. kol. Kiwerce, pow. łuckiego, ost. zaś w Kowlu, w d. kolejowym, osk. §§ 92 i 94 k. k. w. i art. 470 cz. I k. k., posz. przez Pro-ra Wojsk. Sądu Okr. w Lublinie, nr. K. 336-26 z dn. 21. 1. "
Grysiuk Siergiej,28,,art. 581,Theft,last_address;wanted_by_city,e329713d-1d1a-4f49-a0f7-19c9c2850638,1927-02-18_Gazeta_Śledcza_R_8_L_933_18_lutego_1927,1927-02-18,https://polona.pl/preview/e329713d-1d1a-4f49-a0f7-19c9c2850638,"Grysiuk Siergiej, s. Piotra i Marji, I. 28, st. mieszk. Kowla, osk. z art. 581 k. k., posz. przez Sąd P. w Kowlu, nr. 10207-26 z dn. 27. 1. 27 r. — W razie ujęcia osadzić najbliższem więzieniu, do do dysp. powyż. Sądu. 24. 4758 1V-27. Nowiak Antoni, s. Jakóba i Ewy, I. 31, ur. w Su wałkach, tamże przynal,, ost. zam. w "
Komierowski Antoni,24,,art. 581,Theft,wanted_by_city,e329713d-1d1a-4f49-a0f7-19c9c2850638,1927-02-18_Gazeta_Śledcza_R_8_L_933_18_lutego_1927,1927-02-18,https://polona.pl/preview/e329713d-1d1a-4f49-a0f7-19c9c2850638,"Komierowski Antoni, s. Bronisława, 1. 24, ost. r zam. w Warszawie przy ul. Al. Gjazdowskie 30, posz. za przest. z art. 607 k. k. przez Sąd P. 13 Okr. m. st. Warszawy, nr. 1514-26 z dn. 10. 11. 26 r. — Grz. Śl. m. st. Warszawy, nr. 57462-26, 50798-26 z dn. 15. 1. 27 r. — W razie ujęcia osadzić w areszcie prewencyjnym, o"
Gromik Michej,18,,art. 581,Theft,wanted_by_city,09913673-dabe-4784-996b-bf3de07657dd,1927-02-21_Gazeta_Śledcza_R_8_L_934_21_lutego_1927,1927-02-21,https://polona.pl/preview/09913673-dabe-4784-996b-bf3de07657dd,"Gromik Michej, s. Matwieja, I. 18, ur. i ost. zam. w kol. Karolinka, gm. Nowy Dwór, pow. kowelskiego, wyzn. prawosł., osk. z art. 581 k. k., posz. przez Sąd P. w Kowlu, wydz. karny, nr. K. 10812-26 z dn. 27. 1. 27 r."
Werner Józef,18,,art. 581,Theft,wanted_by_city,09913673-dabe-4784-996b-bf3de07657dd,1927-02-21_Gazeta_Śledcza_R_8_L_934_21_lutego_1927,1927-02-21,https://polona.pl/preview/09913673-dabe-4784-996b-bf3de07657dd,"Werner Józef, s. Wincentego, 1. 18, ur. w Starym Zamościu, ost. zam. w Rejowcu, kelner, osk. z art. 581 k. k., posz. przez Sąd P. w Kowlu, wydz. karny, nr. K. 4724-26 z dn. 27. 1. 27 r."
Gąsowski Jan,,,art. 574,Unknown - verify (art. 574),wanted_by_city,09913673-dabe-4784-996b-bf3de07657dd,1927-02-21_Gazeta_Śledcza_R_8_L_934_21_lutego_1927,1927-02-21,https://polona.pl/preview/09913673-dabe-4784-996b-bf3de07657dd,"Gąsowski Jan, s. Teodora i Walerji, osk. z art. 574 k. k., posz. przez Sąd P. w Kowlu, nr. 10874-26 z dn. 28. 1. 27 r. W razie ujęcia osadzić w najbiiższem więzieniu do dysp. powyż. Sądu."
Biały Józef,,,,,wanted_by_city,09913673-dabe-4784-996b-bf3de07657dd,1927-02-21_Gazeta_Śledcza_R_8_L_934_21_lutego_1927,1927-02-21,https://polona.pl/preview/09913673-dabe-4784-996b-bf3de07657dd,"Biały Józef, posz. G. Śl. 889 poz. 89. — Sąd P. w Kowlu, wydz. karny, L. K. 3175-25 z dn. 25. 1. 27 r."
Baran Ignacy,,,,,wanted_by_city,176915cf-4997-450d-9950-b661fc646db9,1927-02-28_Gazeta_Śledcza_R_8_L_935_28_lutego_1927,1927-02-28,https://polona.pl/preview/176915cf-4997-450d-9950-b661fc646db9,"Baran Ignacy, s. Wojciecha, ost^ zam. w Kielcach, skazany na 10 zł. grzywny z zamianą na 3 dni aresztu i 1 zł. opłat Sąd. posz. przez Sąd P. w Kowlu, L. K. 3399-24 z dn. 18. 1. 27 r."
Dąbrowski Aleksander,,,,,wanted_by_city,176915cf-4997-450d-9950-b661fc646db9,1927-02-28_Gazeta_Śledcza_R_8_L_935_28_lutego_1927,1927-02-28,https://polona.pl/preview/176915cf-4997-450d-9950-b661fc646db9,"Dąbrowski Aleksander, skazany z art. 138 k. k., na 2 zł. grzywny z zamianą na 1 dzień aresztu i 50 gr. opłat Sąd., posz, przez Sąd P. w Kowlu, L. K. 138-25 z dn. 25. 1. 27 r."
Pacent Feliks,,,,,wanted_by_city,176915cf-4997-450d-9950-b661fc646db9,1927-02-28_Gazeta_Śledcza_R_8_L_935_28_lutego_1927,1927-02-28,https://polona.pl/preview/176915cf-4997-450d-9950-b661fc646db9,"Pacent Feliks, posz. G. Śl. 835 poz. 85.—Sąd P. w Kowlu, L. K. 5918-25 z dn. 8. 2. 27 r."
Grot-Czekalski F\d am,26,,,,last_address,54a01948-f23b-44d9-8227-906fbe1e20e8,1927-03-03_Gazeta_Śledcza_R_8_L_936_3_marca_1927,1927-03-03,https://polona.pl/preview/54a01948-f23b-44d9-8227-906fbe1e20e8,"Grot-Czekalski F\d am, s. Józefa- i flnny, 1. 26, ur. w Szańcu, pow. stopnickiego, ost. zam. w Kowlu, b. redaktor czaso pisma, wzrost wysoki, włosy j.-blond, oczy niebieskie, osk. z art. 154 cz. II k. k., posz. przez Sąd Okr. w Lucku, wydz, I karny, L. ZK. 645-27 z dn. 27. 1. 27 r."
Szachwer Mejer,29,,art. 581,Theft,wanted_by_city,77569277-f7a7-49c5-ab1c-79ed1ee110b5,1927-03-04_Gazeta_Śledcza_R_8_L_937_4_marca_1927,1927-03-04,https://polona.pl/preview/77569277-f7a7-49c5-ab1c-79ed1ee110b5,"Szachwer Mejer, s. Icka, 1. 29, ost. zam. w Rów nem, ul. Niżno-Dworska 15, wyzn. mojż., żonaty, piekarz, osk. z art. 581 k.k., posz. przez Sąd P. w Kowlu, wydz. karny, nr. K. 449-27 z dn. 31.1. 27 r."
Biały Józef,,,,,wanted_by_city,77569277-f7a7-49c5-ab1c-79ed1ee110b5,1927-03-04_Gazeta_Śledcza_R_8_L_937_4_marca_1927,1927-03-04,https://polona.pl/preview/77569277-f7a7-49c5-ab1c-79ed1ee110b5,"Biały Józef, posz. G. Si. 912 poz. 38. — Sąd P. w Kowlu, wydz. karny, L. K. 4739-26 z dn. 25. 1. 27 r."
Wacka Leon,,,art. 581,Theft,wanted_by_city,4ca5dd28-a7f2-429f-8e68-aa5f91f8ac92,1927-03-08_Gazeta_Śledcza_R_8_L_938_8_marca_1927,1927-03-08,https://polona.pl/preview/4ca5dd28-a7f2-429f-8e68-aa5f91f8ac92,"Wacka Leon, s. Gabryela i Marji, ur. 14. 5. 1902 r, w Jeżowie, pow. Nisko, ost. zam. w Leżańsku, pow. Łańcut, wyzn. rz.- kat., stanu wolnego, robotnik, osk. z art. 581 k. k., posz. przez Sąd P. W Kowlu, wydz. karny, nr. K. 7578-26 z dn. 4. 2. 27 r."
Romańczuk Iwan,19,,,,wanted_by_city,4ca5dd28-a7f2-429f-8e68-aa5f91f8ac92,1927-03-08_Gazeta_Śledcza_R_8_L_938_8_marca_1927,1927-03-08,https://polona.pl/preview/4ca5dd28-a7f2-429f-8e68-aa5f91f8ac92,"Romańczuk Iwan, s. Mikołaja i Pryśki, 1. 19, ur. w Starej Wyzwie, gm, Siedliszcze, pow. kowelskiego, tamże ost. zam.. wyzn. prawosł., stanu wolnego, posz. przez Sąd P. w Kowlu, wydz. karny! nr. K. 8396-26 z dn. 4. 2. 27 r. W razie ujęcia osadzić w najbliższem więzieniu do dysp. powyż. Sądu."
Hłuszczak Leonid,20,,art. 581,Theft,wanted_by_city,b00ae848-52d5-4d8e-af2e-c65993dca3c2,1927-03-09_Gazeta_Śledcza_R_8_L_939_9_marca_1927,1927-03-09,https://polona.pl/preview/b00ae848-52d5-4d8e-af2e-c65993dca3c2,"Hłuszczak Leonid, syn Nauma i Wasyliny, 1. 20, E-i ost. zam. w Zabłociu, pow. kowelskiego, osk. z art. 581 k. k., posz. przez Sąd P. w Kowlu, nr. K. 10927-26 z dn. 10. 2. 27 r. — W razie a- ujęcia osadzić w najbliż. więzieniu do dysp. powyż. Sądu. 52"
Siemiątkowski Wincenty,,ul. Zagrodnej 2. — Sąd Okr. w Łucku,,,last_address,495e2f1e-610b-4630-891b-824ab7c098ab,1927-03-11_Gazeta_Śledcza_R_8_L_940_11_marca_1927,1927-03-11,https://polona.pl/preview/495e2f1e-610b-4630-891b-824ab7c098ab,"Siemiątkowski Wincenty, s. Józefa, ost. zam. w Kowlu przy ul. Zagrodnej 2. — Sąd Okr. w Łucku, wydz. 1 karny, sekc. 1, nr. KW. 5-26-72 z dn. 5. 2. 27 r."
Kalinczyk Aleksander,34,,,,wanted_by_city,baca2e14-08f1-47f2-9602-325ee552c047,1927-03-16_Gazeta_Śledcza_R_8_L_942_16_marca_1927,1927-03-16,https://polona.pl/preview/baca2e14-08f1-47f2-9602-325ee552c047,"Kalinczyk Aleksander, s. Wasyla, 1. 34, ur. we wsi Wielimcze, gm. Datyń, Ukrainiec. — Decyzją Starosty w Kowlu, L. 7322-27 z dn. 17. 2. 27 r. Skorowidz nazwisk. Adamowicz Michał Adler Szerar Antonow Jan Arendarski Juljusz Barasz Michał „Bastruk-Wołyniec"" Berdzewski Wacław Bernsztejn Rafael Bieliński Seweryn Biesiadłows"
B a k u ł a Weronika,,ul. Sienkiewicza 17,art. 581,Theft,last_address;wanted_by_city,0a976762-e675-4127-ba9a-9622758f04fe,1927-03-21_Gazeta_Śledcza_R_8_L_944_21_marca_1927,1927-03-21,https://polona.pl/preview/0a976762-e675-4127-ba9a-9622758f04fe,"B a k u ł a Weronika, ost. zam. w Kowlu przy ulicy Sienkiewicza 17, osk. z art. 581 k. k-, posz. przez Sąd P. w Kowlu, nr. 1874-27 z dn. 26. 2. 27 r. — W razie ujęcia osadzić w najbliższern więzieniu do dysp. powyź. Sądu."
Danielewicz Władysław,32,,,,last_address;wanted_by_city,d4613fb2-fe43-4099-a23b-93310f2a7ca8,1927-03-26_Gazeta_Śledcza_R_8_L_948_26_marca_1927,1927-03-26,https://polona.pl/preview/d4613fb2-fe43-4099-a23b-93310f2a7ca8,"Danielewicz Władysław, s. Feliksa, 1. 32, ur. w pow. hrubieszowskim, ost. zam. w Kowlu, stanu wolnego, skazany na 3 dni aresztu.—Sąd P. w Kowlu, L. K. 9007-26 z dn. 3. 3. 27 r. 120. 112694V-27. Kupczak Franciszek, ur. w 1906 r. w Żabnicy, pow. Żywiec, ost. zam. w Ogrodzonej 5, pow. cieszyńskiego, parobek, wzrost średni"
Sochanowski Anastazy,24,,art. 581,Theft,wanted_by_city,2ea8fffe-96da-467a-82e3-2fae2ad71e73,1927-03-29_Gazeta_Śledcza_R_8_L_949_29_marca_1927,1927-03-29,https://polona.pl/preview/2ea8fffe-96da-467a-82e3-2fae2ad71e73,"Sochanowski Anastazy, s. Anastazego, 1. 24, ur. we wsi Szczuryn, ost. zam. w kol. Werbiczno, gm. Turzysk, pow. kowel- skiego, osk. z art. 581 k. k., posz. przez Sąd P. w Kowlu, nr. K. 9348-26 z dn. 10. 3. 27 r."
Domański Andrzej,26,,art. 581,Theft,wanted_by_city,2ea8fffe-96da-467a-82e3-2fae2ad71e73,1927-03-29_Gazeta_Śledcza_R_8_L_949_29_marca_1927,1927-03-29,https://polona.pl/preview/2ea8fffe-96da-467a-82e3-2fae2ad71e73,"Domański Andrzej, s. Antoniego, 1. 26, ur. we wsi Tchurzów, gm. Zawada, ost. zam. w kol. Werbiczno, nr. 1, gm. Tu rzysk, pow. kowelskiego, stanu wolnego, młynarz, osk. z art. 581 k. k., posz. przez Sąd P. w Kowlu, nr. K. 9348-26 z dn. 10. 3. 27 r."
Gorinow Piotr,27,,,,wanted_by_city,2ea8fffe-96da-467a-82e3-2fae2ad71e73,1927-03-29_Gazeta_Śledcza_R_8_L_949_29_marca_1927,1927-03-29,https://polona.pl/preview/2ea8fffe-96da-467a-82e3-2fae2ad71e73,"Gorinow Piotr, s. Pawła, I. 27, poch. z Kozienca* wzrost wyż. średni, włosy c.-blond, oczy piwne. Decyzją Starosty w Kowlu, nr. 10143-27 z dn. 7. 3. 27 r."
Czyżewski Józef,25,,,,last_address;wanted_by_city,03af825d-4924-4f17-9460-c1fb539fd2b9,1927-03-30_Gazeta_Śledcza_R_8_L_950_30_marca_1927,1927-03-30,https://polona.pl/preview/03af825d-4924-4f17-9460-c1fb539fd2b9,"Czyżewski Józef, s. Antoniego, 1. 25, ost. zam. w Kowlu koło depo kolej, (wagon nr. 31), posz. przez Sąd P. w Kowlu, wydz. karny, nr. K. 783-23 z dn. 12. 3. 27 r. — W razie ujęcia osadzić w najbliż. wiezieniu do dysp. powyż. Sądu."
PawJaś Władysław,28,ul. Listopadowej 24,art. 275,Unknown - verify (art. 275),last_address,03af825d-4924-4f17-9460-c1fb539fd2b9,1927-03-30_Gazeta_Śledcza_R_8_L_950_30_marca_1927,1927-03-30,https://polona.pl/preview/03af825d-4924-4f17-9460-c1fb539fd2b9,"PawJaś Władysław, syn Franciszka, 1. 28, ur. w Chełmie, ost. zam. w Kowlu przy ul. Listopadowej 24, osk. z art. 275 k. k., posz. przez Sąd P. w Chełmie Lubel., nr. K. 2607-25 z dn. 8 . 3. 27 r."
Grot-Czekalski Adam,27,,,,last_address,ece8f4f6-2597-4f62-aea1-2cbb924706e0,1927-04-01_Gazeta_Śledcza_R_8_L_951_1_kwietnia_1927,1927-04-01,https://polona.pl/preview/ece8f4f6-2597-4f62-aea1-2cbb924706e0,"Grot-Czekalski Adam, s. Józefa i Anny, 1. 27, mieszk. Kowla, osk. z art. 532 cz. 1 p. 3 k. k., posz. przez Sad Okr.’ w Łucku, wydz. I karny, sekc. 3, nr. U. K. 655-26 z dn. 10. 3. 27 r."
Bielecki Stanisław,25,,art. 581,Theft,wanted_by_city,ece8f4f6-2597-4f62-aea1-2cbb924706e0,1927-04-01_Gazeta_Śledcza_R_8_L_951_1_kwietnia_1927,1927-04-01,https://polona.pl/preview/ece8f4f6-2597-4f62-aea1-2cbb924706e0,"Bielecki Stanisław, s. Antoniego, 1. 25, ost. zam. w kol. Mirosławka, gm. Rożyszcze, pow. łuckiego, osk. z art. 581 k. k., posz. przez Sąd P. w Kowlu, nr. K. 1079-27 z dn. 14. 3. 27 r."
Ołomucki Sender,45,,art. 591,Fraud / Embezzlement,wanted_by_city,ece8f4f6-2597-4f62-aea1-2cbb924706e0,1927-04-01_Gazeta_Śledcza_R_8_L_951_1_kwietnia_1927,1927-04-01,https://polona.pl/preview/ece8f4f6-2597-4f62-aea1-2cbb924706e0,"Ołomucki Sender, s. Pinkusa i Sary, 1. 45, ost. zam. w Białymstoku przy ul. Fabrycznej 18, agent, osk. z art. 591 k. k., posz. przez Sąd P. w Kowlu, nr. 6883-26 z dn. 17. 3. 27 r.; w razie uję cia osadzić w najbliższem więzieniu do dyspozycji powyż. Sądu."
Drzewiecki Antoni,16,,,,wanted_by_city,ece8f4f6-2597-4f62-aea1-2cbb924706e0,1927-04-01_Gazeta_Śledcza_R_8_L_951_1_kwietnia_1927,1927-04-01,https://polona.pl/preview/ece8f4f6-2597-4f62-aea1-2cbb924706e0,"Drzewiecki Antoni, s. Joachima, I. 16, ur. w Sar nach, gm. Nimowicz®, ost. zam. we wsi i gm. Powursk, pow. kowelskie- 9 0, rz -""k at -, fryzjer, posz. przez Sąd P. w Kowlu, wydz. karny, nr. K. 4569-26 z dn. 12. 3. 27 r.; w razie ujęcia osadzić w najbliższem. więzieniu do dyspozycji powyż. Sądu. • iw!’ ,^195-IV-27. Pawł"
Beneda Aleksander,19,,art. 581,Theft,wanted_by_city,1ea2d040-2e80-4b98-bca0-15d4f7a51e94,1927-04-15_Gazeta_Śledcza_R_8_L_956_15_kwietnia_1927,1927-04-15,https://polona.pl/preview/1ea2d040-2e80-4b98-bca0-15d4f7a51e94,"Beneda Aleksander, s. Aleksandra i Marji, 1. 19, ost. zam. w Warszawie przy ul. Wareckiej 9, osk. z art. 581 k. k., posz. przez Sąd P. w Kowlu, nr. 1156-27 z dn. 2. 4. 27 r.; w razie ujęcia osa dzić w najbliższem więzieniu do dyspozycji powyż. Sądu."
Drzewiecki Antoni,16,,art. 581,Theft,wanted_by_city,1ea2d040-2e80-4b98-bca0-15d4f7a51e94,1927-04-15_Gazeta_Śledcza_R_8_L_956_15_kwietnia_1927,1927-04-15,https://polona.pl/preview/1ea2d040-2e80-4b98-bca0-15d4f7a51e94,"Drzewiecki Antoni, s. Joachima, 1. 16, ur. w Sar nach, ost. zam. we wsi Okońsk, gm. Gródek, pow. kowelskiego, uczeń fryzjerski, osk. z art. 581 k. k., posz. przez Sąd P. w Kowlu, nr. 3576-26 z dn. 2. 4. 27 r.; w razie ujęcia osadzić w najbliższem więzieniu do dy spozycji powyż. Sądu."
Lemieszuk Józef,18,,art. 581,Theft,wanted_by_city,9a7f409e-46ef-45f0-b446-5fc36456e2c6,1927-04-22_Gazeta_Śledcza_R_8_L_958_22_kwietnia_1927,1927-04-22,https://polona.pl/preview/9a7f409e-46ef-45f0-b446-5fc36456e2c6,"Lemieszuk Józef, s. Michała, I. 18, st. mieszk. wsi Stara Wyżwa, gm. Siedliszcze, pow. kowelskiego, osk. z art. 581 k. k.—Sąd P. w Kowlu, nr. K. 1675-26 z dn. 7. 4. 27 r."
Felski Józef,31,,art. 581,Theft,wanted_by_city,9a7f409e-46ef-45f0-b446-5fc36456e2c6,1927-04-22_Gazeta_Śledcza_R_8_L_958_22_kwietnia_1927,1927-04-22,https://polona.pl/preview/9a7f409e-46ef-45f0-b446-5fc36456e2c6,"Felski Józef, s. Antoniego i Anny, 1. 31, ost. zam. we wsi i gm. Werba, pow. włodzimierskiego, osk, z art. 581 k. k.— Sąd P. w Kowlu, nr. K. 1759-27 z dn. 7. 4. 27 r."
Manaj Jan,38,,,,wanted_by_city,a2828420-a3c4-40c5-a29c-2396ed1f2081,1927-04-26_Gazeta_Śledcza_R_8_L_959_26_kwietnia_1927,1927-04-26,https://polona.pl/preview/a2828420-a3c4-40c5-a29c-2396ed1f2081,"Manaj Jan, s. Józefa, I. 38, ost. zam. w Ocho cie, gm. Staw, pow. chełmskiego, osk. z art. 5$1 k. k., posz. przez Sąd P. w Kowlu, nr. K. 8083-26 z dn. 7. 4. 27 r."
Swat Juljan,,,,,wanted_by_city,a2828420-a3c4-40c5-a29c-2396ed1f2081,1927-04-26_Gazeta_Śledcza_R_8_L_959_26_kwietnia_1927,1927-04-26,https://polona.pl/preview/a2828420-a3c4-40c5-a29c-2396ed1f2081,"Swat Juljan, posz. G. Śl. 536 poz. 44-ujęty.— Sąd P. w Kowlu, L. 1065 z dn. 1. 4. 27 r."
Papliński Adam,26,ul. Warszawskiej 22,,,last_address,8404aa9e-d9e3-4cea-9d19-a2f92bedb0c3,1927-04-28_Gazeta_Śledcza_R_8_L_960_28_kwietnia_1927,1927-04-28,https://polona.pl/preview/8404aa9e-d9e3-4cea-9d19-a2f92bedb0c3,"Papliński Adam, rez. P. K. G. Kowel, s. Jakóba i Stanisławy, ur. w 1904 r. w Ciechanowie, ost, zam. w Kowlu przy ul. Warszawskiej 22, wyzn. rz.-kat., masarz, wzrost 167 cm., włosy c.-blond, twarz okrągła, oczy niebieskie. — Wojsk. Sąd Rej. w Kowlu, nr. Kr. 45-27 z dn. 12. 4. 27 r. jj 94. 174U-1V-27. (Jiak Jurek, szer. "
Ziser Moszek Majer,50,,,,last_address,39653343-2a27-471d-894d-8d309bad53dc,1927-05-02_Gazeta_Śledcza_R_8_L_961_2_maja_1927,1927-05-02,https://polona.pl/preview/39653343-2a27-471d-894d-8d309bad53dc,"Ziser Moszek Majer, s. Eli i Judy, 1. 50, mieszk Kowla, osk. z art. 429 i 430 cz. 1 k. k., posz. przez Sąd Okr. w Zamościu, wydz. kamy, nr. K. 217-26 z dn. 9. 4. 27 r. fi fi } y 648-IV-27. Szerszeń Leonard, s. Bartłomieja i Balbiny, nr- b. 11. 1902 r. w Zawierciu, przynal. do gm. Irzędze, pow. włoszczow- ■ego os t. zam"
Arjowicz Leon,35,,art. 581,Theft,wanted_by_city,39653343-2a27-471d-894d-8d309bad53dc,1927-05-02_Gazeta_Śledcza_R_8_L_961_2_maja_1927,1927-05-02,https://polona.pl/preview/39653343-2a27-471d-894d-8d309bad53dc,"Arjowicz Leon, s. ftbrama i Sury, 1. 35, przynaL do Zelwy, pow. wołkowyskiego, osk. z art. 581 k. k.—Sąd P. w Kowlu, nr. 2438-27 z dn. 20. 4. 27 r."
Sprawka Stanisław,,,art. 581,Theft,wanted_by_city,39653343-2a27-471d-894d-8d309bad53dc,1927-05-02_Gazeta_Śledcza_R_8_L_961_2_maja_1927,1927-05-02,https://polona.pl/preview/39653343-2a27-471d-894d-8d309bad53dc,"Sprawka Stanisław, s. Michała i Franciszki, ur. we wsi Wola Duża, gm. Bychawa, pow. lubelskiego, osk. z art. 581 k.k.— Sąd P. w Kowlu, nr. 363-27 z dn. 19. 4. 27 r. Unieważnienia paszportów."
Hołowiej Jakób,20,,art. 581,Theft,wanted_by_city,27bf6b30-5947-4123-a88e-0a90a6af5a4b,1927-05-21_Gazeta_Śledcza_R_8_L_967_21_maja_1927,1927-05-21,https://polona.pl/preview/27bf6b30-5947-4123-a88e-0a90a6af5a4b,"Hołowiej Jakób, 1. 20, st. mieszk. wsi Tur, gm. Zabłocie, pow. kowelskiego, osk. z art. 581 k. k. —■ Sąd P. w Kowlu, nr. K. 617-27 z dn. 11. 5. 27 r. 85; 20437-1V-27. Schmidt Alfred, syn Antoniego, ur. w 1897 r. w Stanisławowie (Małopolska), gdzie ost. (w r. 1915) przebywał, b. student.— Konsystorz Ewang.-Reformowany w"
Febki Józef,,,,,wanted_by_city,27bf6b30-5947-4123-a88e-0a90a6af5a4b,1927-05-21_Gazeta_Śledcza_R_8_L_967_21_maja_1927,1927-05-21,https://polona.pl/preview/27bf6b30-5947-4123-a88e-0a90a6af5a4b,"Febki Józef, posz. G. SI. 958 poz. 110. — Sąd P. w Kowlu, L. K. 1752-27 z dn. 25. 4. 27 r."
koniak Władysław s. Leona,19,,art. 581,Theft,last_address;wanted_by_city,aec536d6-dda2-47eb-bc5e-8db26a06bacd,1927-05-31_Gazeta_Śledcza_R_8_L_970_31_maja_1927,1927-05-31,https://polona.pl/preview/aec536d6-dda2-47eb-bc5e-8db26a06bacd,"koniak Władysław s. Leona, 1. 19, ost. zam. w Kowlu, osk, z art. 581 k. k., posz. przez Sąd w Kowlu, nr. K. 2191-27 z dn. 17. 5. 27 r.; w razie ujęcia osadzić w najbliższym więzieniu, do dyspozycji powyż. Sądu."
Rymar Agafja,18,,art. 581,Theft,wanted_by_city,aec536d6-dda2-47eb-bc5e-8db26a06bacd,1927-05-31_Gazeta_Śledcza_R_8_L_970_31_maja_1927,1927-05-31,https://polona.pl/preview/aec536d6-dda2-47eb-bc5e-8db26a06bacd,"Rymar Agafja, c. Omeljana i Paraskiewy, I. 18, st. mieszk. wsi Mielce, gm. Datyń, pow. kowelskiego, osk. z art. 581 k. k. — Sąd P. w Kowlu, nr. K. 225-27 z dn. 16. 5. 27 r."
Dajan Gszer,25,,,,last_address,e96d0011-282d-4606-b1a0-2b3b7e3d6773,1927-06-04_Gazeta_Śledcza_R_8_L_972_4_czerwca_1927,1927-06-04,https://polona.pl/preview/e96d0011-282d-4606-b1a0-2b3b7e3d6773,"Dajan Gszer, syn Michela, 1. 25, st. i ost. zam. w Kowlu, pomocnik handlowy, wzrost średni, brunet, twarz okrągła, oczy siwe, osk. o uchylanie się od służby wojskowej, posz. przez Pro-ra bąau Okr. w Łucku, nr. 1586-27 z dn. 17. 5, 27 r."
Majewski Jan,,,,,wanted_by_city,e96d0011-282d-4606-b1a0-2b3b7e3d6773,1927-06-04_Gazeta_Śledcza_R_8_L_972_4_czerwca_1927,1927-06-04,https://polona.pl/preview/e96d0011-282d-4606-b1a0-2b3b7e3d6773,"Majewski Jan, posz. G. SI. 876 poz. 44 i 887 poz. 38. — Sąd P. w Kowlu, L. K. 362-26 z dn. 28. 4. 27 r."
Szeszewski Luzer,33,,art. 581,Theft,wanted_by_city,87eef868-d8e6-4270-b2ba-68fc72ec1760,1927-06-09_Gazeta_Śledcza_R_8_L_973_9_czerwca_1927,1927-06-09,https://polona.pl/preview/87eef868-d8e6-4270-b2ba-68fc72ec1760,"Szeszewski Luzer, s. Jakóba i Szajndli. lat 25, przynal. do Ozorkowa, ost. zam. w Lodzi przy ul. Aleksandrowskiej 26, handlarz, osk. z art. 581 k. k., posz. przez Sąd P. w Sochaczewie, nr. 3427-26 z dn. 24. 5. 27 r. 23. 22399- VI -27. Gołębiowski Stanisław, s. Józefa, I. 33, st. mleszk. kol. Hirki, gm. Turzysk, pow. ko"
Kuzminiec Jewtuch,17,,,,wanted_by_city,c8a3f2ff-6d8c-4db7-8566-8330fbac77b9,1927-06-13_Gazeta_Śledcza_R_8_L_974_13_czerwca_1927,1927-06-13,https://polona.pl/preview/c8a3f2ff-6d8c-4db7-8566-8330fbac77b9,"Kuzminiec Jewtuch, s. Onisima i Tekli, 1. 17, ost, zam. we wsi Myzowo, gm. Siedliszcze, pow. kowelskiego, skazany na 4 mies. więzienia, posz. przez Sąd P. w Kowlu, nr. K. 8865-26 z dn. 25. 5. 27 r."
Arjowicz Leon,,,,,last_address,f74cf4fa-7254-4c0a-8f97-3686439a2421,1927-06-15_Gazeta_Śledcza_R_8_L_975_15_czerwca_1927,1927-06-15,https://polona.pl/preview/f74cf4fa-7254-4c0a-8f97-3686439a2421,"Arjowicz Leon, s. Arona i Sory, 1. 35 — 36, st. mieszk. Zelw, pow. wołkowyskiego, ost. zam. w Kowlu, malarz, wzrost średni, krępy, włosy j.-biond, twarz okrągła, oczy niebieskie, wąsy golone, osk. z art. 51, 445 p. 2 i art. 448 k. k., posz. przez Sąd Okr, w Grodnie, wydz. karny, nr. K. 270-26 z dn. 31. 5. 27 r."
Bielecki Stanisław,,,,,wanted_by_city,65aeade2-969f-4ded-a8dc-915b9b9dcc8f,1927-06-20_Gazeta_Śledcza_R_8_L_976_20_czerwca_1927,1927-06-20,https://polona.pl/preview/65aeade2-969f-4ded-a8dc-915b9b9dcc8f,"Bielecki Stanisław, posz. G. Śl. 951 poz. 35.— Sąd P. w Kowlu, L. K. 1079-27 z dn. 25. 5. 27 r. 135. 16706-1V’27. Bąk Leon, posz. G. Śl. 958 poz. 26 — ujęty, — Sąd P. w Lipnie, L. K. 1023-27 z dn. 27. 5. 27 r."
Osipow Kiwa,24,,,,last_address,f9bbd55e-7e04-40e4-8bf7-4d1d51e3e855,1927-06-22_Gazeta_Śledcza_R_8_L_977_22_czerwca_1927,1927-06-22,https://polona.pl/preview/f9bbd55e-7e04-40e4-8bf7-4d1d51e3e855,"Osipow Kiwa, syn Szola i Basi, 1. 24, st. i ost. zam. w Kowlu, wzrost niski, włosy ciemne, twarz okrągła, oczy piwne, osk. o uchylanie się od służby wojskowej, posz. przez Pro-ra Sądu Okr. w Łucku, nr. 3545-27 z dn. 8. 6. 27 r."
Stepak Chaim,38,,,,last_address,f9bbd55e-7e04-40e4-8bf7-4d1d51e3e855,1927-06-22_Gazeta_Śledcza_R_8_L_977_22_czerwca_1927,1927-06-22,https://polona.pl/preview/f9bbd55e-7e04-40e4-8bf7-4d1d51e3e855,"Stepak Chaim, s. Mordki Gersza, I. 38, st. i ost. zam. w Kowlu, wzrost średni, brunet, twarz owalna, oczy piwne, osk. o puszczenie w obieg fałsz, bankn., posz. przez Pro-ra Sądu Okr. w Łucku, nr. 2598-27 z dn. 8. 6. 27 r."
Z d u n i k Anna. posz. Gaz. SI. ^ P • Sąd P. 27 Okr. m. st. Warszawy,,,,,wanted_by_city,f9bbd55e-7e04-40e4-8bf7-4d1d51e3e855,1927-06-22_Gazeta_Śledcza_R_8_L_977_22_czerwca_1927,1927-06-22,https://polona.pl/preview/f9bbd55e-7e04-40e4-8bf7-4d1d51e3e855,"Z d u n i k Anna. posz. Gaz. SI. ^ P • Sąd P. 27 Okr. m. st. Warszawy, L. 5059-25 z dn. 25. . - ( 122, 23130-1V-27. Wysocka Helena, posz. G. ŚI. 905 poz. 46 — ujęta. — Sąd P. w Kowlu, L. K. 9576-25 z dn. 31. 5. 27 r. i u Ł 23 ,' 2 P° 39 ' 1V ’ 27 ' Ozimek Aleksander, posz. G. Śl. 966 poz. 10.- Jzba Radna Sądu Okr. w Rz"
Trusowa Marja,,,,,wanted_by_city,f9bbd55e-7e04-40e4-8bf7-4d1d51e3e855,1927-06-22_Gazeta_Śledcza_R_8_L_977_22_czerwca_1927,1927-06-22,https://polona.pl/preview/f9bbd55e-7e04-40e4-8bf7-4d1d51e3e855,"Trusowa Marja, posz. G. SI. 923 poz. lub.— Sąd P. w Kowlu, L. K. 5546-26 z dn. 25. 5. 27 r. 142. 22217-1V»27. Saternus Józef, posz. Gaz. SI. 923 poz. 92. Wojsk. Sąd Okr. w Krakowie, L. KO. 1451-26 z dn. 19. 5. 27 r - 143 22623-1V-27. Podlaszewski Rndrzej, posz. Gaz. Si. 94_> poz. 66. _ Wojsk. Sąd Okr. w Lublinie, L. KO"
Iwanowski Władysław,,,,,wanted_by_city,48a2e90d-8bee-43b9-bc4c-570f24c9eb1f,1927-06-24_Gazeta_Śledcza_R_8_L_978_24_czerwca_1927,1927-06-24,https://polona.pl/preview/48a2e90d-8bee-43b9-bc4c-570f24c9eb1f,"Iwanowski Władysław, ost. zam. w Łanowcu, pow. krzemienieckiego, posz. za przest. z art. 574 cz. 1 k. k. przez Sąd P. w Zdolbunowie, nr. K. 1253-26 z dn. 10. 6. 27 r.; w razie ujęcia osadzić w areszcie prewencyjnym, o czem niezwłocznie zawiadomić powyż. Sąd. r 58 24177-1V-27. Gurbii Antoni, ost. zam. w Równem, koszary "
Kosianowicz Mikołaj,,ul. Kolejowej 63,"art. 280, art. 532",Unknown - verify (art. 280) & Unknown - verify (art. 532),last_address,48a2e90d-8bee-43b9-bc4c-570f24c9eb1f,1927-06-24_Gazeta_Śledcza_R_8_L_978_24_czerwca_1927,1927-06-24,https://polona.pl/preview/48a2e90d-8bee-43b9-bc4c-570f24c9eb1f,"Kosianowicz Mikołaj, ost. zam. w Zdolbunowie przy ul. Żandarmskiej, osk. z art. 280 i 532 k. k. Sąd P. w Zdoibu- nowie, nr. K. 576-25 z dn. 10. 6. 27 r. 86 24178-1V-27. Brzostka Stanisław, ost. zam. w kol. Marjanów- ka, pow. Zdołbunów, osk. z art. 624 k. k. - Sąd P. w Zdołbunowie, nr. - K. 612-25 z dn. 10. 6. 27 r. 87 "
Griunsztejn Etia,36,,,,wanted_by_city,48a2e90d-8bee-43b9-bc4c-570f24c9eb1f,1927-06-24_Gazeta_Śledcza_R_8_L_978_24_czerwca_1927,1927-06-24,https://polona.pl/preview/48a2e90d-8bee-43b9-bc4c-570f24c9eb1f,"Griunsztejn Etia, c. Szlomy, 1. 36, ost. zam. w Turzysku przy ul. Włodzimierskiej, osk. z art. 572 cz. 1 k. k. Sąd P. w Kowlu, nr. 3986-27 z dn. 10. 6. 27 r."
a) Gutman Lejzor,,,,,last_address;wanted_by_city,48a2e90d-8bee-43b9-bc4c-570f24c9eb1f,1927-06-24_Gazeta_Śledcza_R_8_L_978_24_czerwca_1927,1927-06-24,https://polona.pl/preview/48a2e90d-8bee-43b9-bc4c-570f24c9eb1f,"a) Gutman Lejzor, b) Gutman Idei, obaj s. Lej by, ost. zam. w Kowlu, skazani każdy na grzywnę 5 zł. z zamianą na —13311™ 2 dni aresztu i 50 gr. opł. sąd. — Sąd P. w Kowlu, nr. K. 1279-27 z dn. ! 10. 6. 27 r. 99. 24196-1V-27: Rozbicki Czesław, syn Józefa, ost. zam. na st. kol. w Kiwercach, pow. łuckiego, skazany na 5 zł"
Piech Franciszek,,ul. Sienkiewicza 17,art. 581,Theft,last_address;wanted_by_city,48a2e90d-8bee-43b9-bc4c-570f24c9eb1f,1927-06-24_Gazeta_Śledcza_R_8_L_978_24_czerwca_1927,1927-06-24,https://polona.pl/preview/48a2e90d-8bee-43b9-bc4c-570f24c9eb1f,"Piech Franciszek, ost. zam. w Kowlu przy ul. Sienkiewicza 17, osk. z art. 581 k. k. — Sąd P. w Kowlu, nr. 3555-27 z dn. 10. 6. 27 r."
Siołkowski Wacław,,,,,wanted_by_city,48a2e90d-8bee-43b9-bc4c-570f24c9eb1f,1927-06-24_Gazeta_Śledcza_R_8_L_978_24_czerwca_1927,1927-06-24,https://polona.pl/preview/48a2e90d-8bee-43b9-bc4c-570f24c9eb1f,"Siołkowski Wacław, ost. zam. w kol. Werbi- czno, gm. Turzysk, skazany na 10 zł. grzywny z zamianą na 3 dni are sztu i 1 zł. opł. sąd.— Sąd P. w Kowlu, nr. K.' 6833-26 z dn. 10.6. 27 r,"
L e w i n g e r Bluma,,,art. 581,Theft,last_address;wanted_by_city,b78443d3-3e5b-4684-ad71-51a33c74a8e5,1927-07-02_Gazeta_Śledcza_R_8_L_981_2_lipca_1927,1927-07-02,https://polona.pl/preview/b78443d3-3e5b-4684-ad71-51a33c74a8e5,"L e w i n g e r Bluma, c. Nuty, lat 28, ost. zam. w Kowlu, przy ul. Mickiewicza 44, osk. z art. 581 k. k., posz. przez Sad P. w Kowlu, nr. K. 5504-27 z dn. 18. 6. 27 r."
Bortnik Aleksander,,,art. 581,Theft,last_address;wanted_by_city,b78443d3-3e5b-4684-ad71-51a33c74a8e5,1927-07-02_Gazeta_Śledcza_R_8_L_981_2_lipca_1927,1927-07-02,https://polona.pl/preview/b78443d3-3e5b-4684-ad71-51a33c74a8e5,"Bortnik Aleksander, ost. zam. w Kowlu, osk- z art. 581 k. k„ posz. przez Sąd P. w Kowlu, nr. K. 5560-27 z dnia 18. 6. 27 r."
Szewczuk Taras,,ul. Krzywej,art. 581,Theft,last_address;wanted_by_city,b78443d3-3e5b-4684-ad71-51a33c74a8e5,1927-07-02_Gazeta_Śledcza_R_8_L_981_2_lipca_1927,1927-07-02,https://polona.pl/preview/b78443d3-3e5b-4684-ad71-51a33c74a8e5,"Szewczuk Taras, ost. zam. w Kowlu przy ulicy Krzywej, osk. z art. 581 k. k., posz. przez Sąd P. w Kowlu, nr. K. 483-27 z dn. 18. 6. 27 r."
Trusowa Marja,,,,,wanted_by_city,b78443d3-3e5b-4684-ad71-51a33c74a8e5,1927-07-02_Gazeta_Śledcza_R_8_L_981_2_lipca_1927,1927-07-02,https://polona.pl/preview/b78443d3-3e5b-4684-ad71-51a33c74a8e5,"Trusowa Marja, posz. G. Śl. 837 poz. 43 — z powodu ust. m. pob.—Sąd P. w Kowlu, L. K. 9712-25 z dn. 17. 6. 27 r."
Klukasowa Julja,45,,art. 581,Theft,wanted_by_city,42e9d8be-31f1-40c6-8880-0f6a844ee04a,1927-07-09_Gazeta_Śledcza_R_8_L_983_9_lipca_1927,1927-07-09,https://polona.pl/preview/42e9d8be-31f1-40c6-8880-0f6a844ee04a,"Klukasowa Julja, c. Ludwika, 1. 45, ost. zam. w kol. Ossa, gm. Turzysk, osk. z art. 581 k. k., posz. przez Sąd P. w Kowlu, nr. K. 4050-27 z dn. 24. 6. 27 r."
Zdanowski Stanisław,,,art. 581,Theft,last_address;wanted_by_city,b356f97d-8c5e-4935-930b-3667c2ae0f15,1927-07-25_Gazeta_Śledcza_R_8_L_987_25_lipca_1927,1927-07-25,https://polona.pl/preview/b356f97d-8c5e-4935-930b-3667c2ae0f15,"Zdanowski Stanisław, ost. zam. w Kowlu, osk. z art. 581 k. k., posz. przez Sąd P. w Kowlu, nr. K. 6350-27 z dn. 6. 7. 27 r."
Kuperszmid Beła,,,art. 581,Theft,wanted_by_city,b356f97d-8c5e-4935-930b-3667c2ae0f15,1927-07-25_Gazeta_Śledcza_R_8_L_987_25_lipca_1927,1927-07-25,https://polona.pl/preview/b356f97d-8c5e-4935-930b-3667c2ae0f15,"Kuperszmid Beła, c. Jojny i Estery, i. 20, mieszk. Łucka, wzrost wyż. średni, szatynka, włosy obcięte, oczy piwne, nos skrzywiony w prawo, osk. z art. 581 k. k., posz. przez Sąd P. w Kowlu, nr. K. 4506-26 z dn. 9. 7. 27 r."
Olszewski Stanisław,,,,,wanted_by_city,ebca1b22-9ddc-46e1-a914-dd66739ae47d,1927-07-28_Gazeta_Śledcza_R_8_L_988_28_lipca_1927,1927-07-28,https://polona.pl/preview/ebca1b22-9ddc-46e1-a914-dd66739ae47d,"Olszewski Stanisław, posz. Gaz. Śl. 533 poz. 90 — ujęty. — Sąd P. w Kowlu, L. K. 1060-23 z dn. 4. 7. 27 r."
Dziatkowski Antoni,,,,,wanted_by_city,ebca1b22-9ddc-46e1-a914-dd66739ae47d,1927-07-28_Gazeta_Śledcza_R_8_L_988_28_lipca_1927,1927-07-28,https://polona.pl/preview/ebca1b22-9ddc-46e1-a914-dd66739ae47d,"Dziatkowski Antoni, posz. Gaz. Śl. 891 poz. S3. — Sąd P. w Kowlu, L. K. 6791-26 z dn. 4. 7. 27 r,"
Klukasowa Julja,,,,,wanted_by_city,f256f694-3a9b-43b9-b3b5-fb0f3e164564,1927-08-22_Gazeta_Śledcza_R_8_L_994_22_sierpnia_1927,1927-08-22,https://polona.pl/preview/f256f694-3a9b-43b9-b3b5-fb0f3e164564,"Klukasowa Julja, posz. G. Si. 983 poz. 37.— Sąd P. w Kowlu, wydz. karny, L. K. 4050-27 z dn. 30. 7. 27 r."
Frotman Chaim,28,,,,wanted_by_city,f710cc2e-6339-4ad2-9e43-875f6ba770c1,1927-09-06_Gazeta_Śledcza_R_8_L_998_6_września_1927,1927-09-06,https://polona.pl/preview/f710cc2e-6339-4ad2-9e43-875f6ba770c1,"Frotman Chaim, s. Moszka i Michy, 1. 28, ur. i w Opolu, pow. puławskiego, tamże ost. zam,, skazany z art. 581 ■ k. k,, posz. przez Sąd P. w Kowlu, wydz. karny, nr. K. 10203-26 z dnia U. 8. 27 r."
Worcel Gdal,23,,,,last_address,0777b906-f374-4d27-98ce-184966bca803,1927-09-14_Gazeta_Śledcza_R_8_L_1002_14_września_1927,1927-09-14,https://polona.pl/preview/0777b906-f374-4d27-98ce-184966bca803,"Worcel Gdal, s. Hersza, 1. 23, ost. zam. w Kowlu, wzrost średni, włosy czarne, oczy szaro-piwne, osk. o uchylanie się od służby wojsk., posz. przez Pro-ra Sądu Okr. w Łucku, nr. 3294-27 z dn. 25. 8. 27 r."
Bokser lcchok,23,,,,last_address,0777b906-f374-4d27-98ce-184966bca803,1927-09-14_Gazeta_Śledcza_R_8_L_1002_14_września_1927,1927-09-14,https://polona.pl/preview/0777b906-f374-4d27-98ce-184966bca803,"Bokser lcchok, s. Lejzora i Fejgi, 1. 23, ost. zam. w Kowlu, wzrost średni, szatyn, twarz okrągła, oczy szare, osk. o uchy lanie się od służby wojsk., posz: przez Pro-ra Sądu Okr. w Łucku, nr. 3915-27 z dn. 25. 8. 27 r."
Wilg en son Emilja,16,,art. 581,Theft,wanted_by_city,0777b906-f374-4d27-98ce-184966bca803,1927-09-14_Gazeta_Śledcza_R_8_L_1002_14_września_1927,1927-09-14,https://polona.pl/preview/0777b906-f374-4d27-98ce-184966bca803,"Wilg en son Emilja, 1. 16, wyzn. ewang., słu żąca, osk. z art. 581 k. k., posz. przez Sąd P. w Kowlu, wydz. karny, nr. K. 515-27 z dn. 24. 8. 27 r."
Czyk Teodor,,,art. 581,Theft,wanted_by_city,0777b906-f374-4d27-98ce-184966bca803,1927-09-14_Gazeta_Śledcza_R_8_L_1002_14_września_1927,1927-09-14,https://polona.pl/preview/0777b906-f374-4d27-98ce-184966bca803,"Czyk Teodor, s. Jana i Anny, ur. w Białoszowie, gm. Lubitów, pow. kowelskiego, osk. z art. 581 k. k., posz. przez Sąd P. w Kowlu, wydz. karny, nr. K. 10256-26 z dn. 24. 8. 27 r."
Książyk Genowefa,18,,art. 581,Theft,wanted_by_city,0777b906-f374-4d27-98ce-184966bca803,1927-09-14_Gazeta_Śledcza_R_8_L_1002_14_września_1927,1927-09-14,https://polona.pl/preview/0777b906-f374-4d27-98ce-184966bca803,"Książyk Genowefa, s. Jana, 1.18, wyzn. prawosł. niezamężna, służąca, osk. z art. 581 k. k., posz. przez Sąd P. w Kowlu, wydz. karny, nr. K. 6033-27 z dn. 24. 8. 27 r."
L u k a c z Jewdokja,17,,art. 581,Theft,wanted_by_city,30cf1469-54c5-4104-b429-4cc15bb7fbc1,1927-09-16_Gazeta_Śledcza_R_8_L_1003_16_września_1927,1927-09-16,https://polona.pl/preview/30cf1469-54c5-4104-b429-4cc15bb7fbc1,"L u k a c z Jewdokja, c. Kuźmy, 1. 17, ur. we wsi Wlidime, gm. Zbirogi, pow. kobryńskiego, ost. 2 am. w Maciejowie, osk. z art. 581 k. k., posz. przez Sąd P. w Kowlu, wydz. karny, nr. K. 3405-27 z dn. 29. 8. 27 r."
Hubczyk Jewtich,b. 1900,ul. Bilińskiej 18,,,last_address,30cf1469-54c5-4104-b429-4cc15bb7fbc1,1927-09-16_Gazeta_Śledcza_R_8_L_1003_16_września_1927,1927-09-16,https://polona.pl/preview/30cf1469-54c5-4104-b429-4cc15bb7fbc1,"Hubczyk Jewtich, b. szer. 41 p. p., s. Daniła i Marji, ur. w 1900 r. w Kamieniu Koszyrskim, ost. zam. w Kowlu przy ul. Bilińskiej 18, stanu wolnego, rolnik. — Wojsk. Sąd Rej. w Kowlu, nr. Kr. 168-27 z dn. 26. 8. 27 r."
Hubczyk Jewtich,b. 1900,ul. Biliń skiej 18,,,last_address;wanted_by_city,6ce01bcd-fccb-4aa1-aeca-875785cd91ed,1927-09-17_Gazeta_Śledcza_R_8_L_1004_17_września_1927,1927-09-17,https://polona.pl/preview/6ce01bcd-fccb-4aa1-aeca-875785cd91ed,"Hubczyk Jewtich, rez. 41 p. p., s. Daniły i Marji, ur. w 1900 r. w Kamieniu Koszyrskim, ost. zam. w Kowlu przy ul. Biliń skiej 18, stanu wolnego, rolnik.—Wojsk Sąd Rej. w Kowlu, nr. Kr. 168-27 z dn. 30. 8. 27 r."
Zagórski Stanisław Marjan,32,,,,last_address,6ce01bcd-fccb-4aa1-aeca-875785cd91ed,1927-09-17_Gazeta_Śledcza_R_8_L_1004_17_września_1927,1927-09-17,https://polona.pl/preview/6ce01bcd-fccb-4aa1-aeca-875785cd91ed,"Zagórski Stanisław Marjan, kpt. rez., s. Zygmunta i Marji, ur. w 1890 r., ost. zam. w Kowlu, osit. o niestawienie się do raportu kontrolnego. — Wojsk. Sąd Okr. w Luolinie, nr. Ko. 30-27 z dnia 3 9 27 r 130. r ' 34375-1V-27. Zalewski Wacław, s. Józefa i Bronisławy z Do mańskich, 1. 32, ur. w Zakroczymiu*, pow. warszawsk"
Kuźminiec Jewtuch,,,,,wanted_by_city,f098d264-9609-41f5-9b82-2eeadc843125,1927-09-21_Gazeta_Śledcza_R_8_L_1005_21_września_1927,1927-09-21,https://polona.pl/preview/f098d264-9609-41f5-9b82-2eeadc843125,"Kuźminiec Jewtuch, posz. G. ŚI. 974 poz. 45— ujęty.~ Sąd P. w Kowlu, wydz. karny, L. K. 8865-26 z dn. 24. 8. 27 r."
Martyniuk Józef,19,,art. 157,Unknown - verify (art. 157),last_address,c08b4cb7-51e4-48c9-8b18-6a053088f0b4,1927-09-30_Gazeta_Śledcza_R_8_L_1008_30_września_1927,1927-09-30,https://polona.pl/preview/c08b4cb7-51e4-48c9-8b18-6a053088f0b4,"Martyniuk Józef, syn Grzegorza, 1. 19, mieszk. Kowla, ost. zam. w Poznaniu, osk. z art. 157 k. k„ posz. przez Sąd Okr. w Lucku, wydz. I karny, sekc. 3, nr. UK. 363-27 z dn. 19. 9. 27 r."
Cieszyński Grzegorz,22,,,,last_address,a92121d9-ff16-4cf9-b322-a241a9c32a64,1927-10-07_Gazeta_Śledcza_R_8_L_1011_7_października_1927,1927-10-07,https://polona.pl/preview/a92121d9-ff16-4cf9-b322-a241a9c32a64,"Cieszyński Grzegorz, s. Włodzimierza i Tatjany, I. 22, ost. zam. w Kowlu, wzrost średni, dobrze zbudowany, włosy blond, twarz okrągła, oczy szare. osk. z art. 102 cz. 1 k. k., posz. przez Pro-ra Sądu Okr. w Lucku, nr. W. 248-27 z dn. 26. 9. 27 r."
Syłka Paweł,21,,,,last_address,a92121d9-ff16-4cf9-b322-a241a9c32a64,1927-10-07_Gazeta_Śledcza_R_8_L_1011_7_października_1927,1927-10-07,https://polona.pl/preview/a92121d9-ff16-4cf9-b322-a241a9c32a64,"Syłka Paweł, s. Teodora i Tekli, 1. 21, ost. zam. w Kowlu, wzrost wysoki, dobrze zbudowany, twarz podłużna, bez wąsów, oczy niebieskie, osk. z art. 102 cz. I k. k., posz. przez Pro-ra Sądu Okr. w Lucku, nr. W. 248-27 z dn. 26. 9. 27 r."
Drzewiecki Antoni,,,,,wanted_by_city,a92121d9-ff16-4cf9-b322-a241a9c32a64,1927-10-07_Gazeta_Śledcza_R_8_L_1011_7_października_1927,1927-10-07,https://polona.pl/preview/a92121d9-ff16-4cf9-b322-a241a9c32a64,"Drzewiecki Antoni, posz. G. Śl. 951 poz. 48, 956 poz. 47.—ujęty.—Sąd P. w Kowlu, wydz. karny, L. K. 4569-26, 3576-26 z dn. 19. 9. 27 r."
Ouszkin Elja,,,,,last_address,f255177d-e865-4e19-aa84-c6374bb504c9,1927-10-10_Gazeta_Śledcza_R_8_L_1012_10_października_1927,1927-10-10,https://polona.pl/preview/f255177d-e865-4e19-aa84-c6374bb504c9,"Ouszkin Elja, s. Hilera i Mutry, ur. w 1893 r„ mieszk. Kowla, wzrost średni, szczupły, włosy rude, twarz pociągła golona, oczy piwne, osk. z art. 51 i 616 cz. 1 k. k., posz. przez Sąd Okr, w Łucku, wydz. I karny, sekc. 2, nr. ZK. 22191-27 z dn. 28. 9. 27 r."
Prystupa Władysław,41,,art. 581,Theft,wanted_by_city,1909b989-9449-4999-8aa1-3538caee84c1,1927-10-13_Gazeta_Śledcza_R_8_L_1013_13_października_1927,1927-10-13,https://polona.pl/preview/1909b989-9449-4999-8aa1-3538caee84c1,"Prystupa Władysław, s. Stanisława i Katarzyny, I. 41, ost. zam. we wsi Stęzarzycze, gm. Korytnica, pow. włodzimierskiego, osk. z art. 581 k. k., posz. przez Sąd P. w Kowlu, nr. K. 2292-27 z dn. 28. 9. 27 r."
a) Ortenberg Chaim,b. 1896,,,,wanted_by_city,f7d37426-50e2-4f84-aecb-6666d68c776d,1927-10-15_Gazeta_Śledcza_R_8_L_1014_15_października_1927,1927-10-15,https://polona.pl/preview/f7d37426-50e2-4f84-aecb-6666d68c776d,"a) Ortenberg Chaim, ur. w 1896 r. w Berdyczo wie, wzrost średni, włosy c.-blond, oczy szare, wąsy przystrzyżone, b) Ortenberg Oszer, ur. 20. 10. 1880 r. w Berdyczowie, wzrost średni, szatyn, oczy szare, wąsy przystrzyżone. Wymienieni, których wy siedlenie z granic Rzplitej zarządzone zostało reskryptem M. S. Wewn. z dn"
Czyk Teodor,,,,,wanted_by_city,f7d37426-50e2-4f84-aecb-6666d68c776d,1927-10-15_Gazeta_Śledcza_R_8_L_1014_15_października_1927,1927-10-15,https://polona.pl/preview/f7d37426-50e2-4f84-aecb-6666d68c776d,"Czyk Teodor, posz. G. ŚI. 1002 poz. 41 — ujęty.—Sąd P. w Kowlu, L. K. 10256-26 z dn. 28. 9. 27 r."
Wisłocki Franciszek,,,,,last_address,73790e13-29f4-475b-9474-1a52aca2a19e,1927-10-18_Gazeta_Śledcza_R_8_L_1015_18_października_1927,1927-10-18,https://polona.pl/preview/73790e13-29f4-475b-9474-1a52aca2a19e,"Wisłocki Franciszek, s. Franciszka i Marceli, ost. zam. w Kowlu, wzrost średni, włosy blond, twarz podłużna, oczy szare, posz. przez Pro-ra Sądu Okr. w Łucku, nr. 3987-27 z dn. 1. 10. 27 r."
Linczowski Władysław,b. 1903,,,,last_address,73790e13-29f4-475b-9474-1a52aca2a19e,1927-10-18_Gazeta_Śledcza_R_8_L_1015_18_października_1927,1927-10-18,https://polona.pl/preview/73790e13-29f4-475b-9474-1a52aca2a19e,"Linczowski Władysław, 1. około 25, ur. we wsi Rudawa, pow. chrzanowskiego, mieszk. Kowla, ul. Mickiewicza 50, wzrost średni, szatyn, twarz okrągła, oczy niebieskie, osk. z art. 51 i 581 cz. III k. k., posz. przez Sąd Okr. w Łucku, wydz. 1 karny, sekc. 2, nr. ZK, 22789-27 z dn. 5. 9. 27 r. 17. 38540-IV-27, Szenwald Mend"
Jadaniuk Rudolf,,,,,last_address,eb28b5f2-abbd-45d5-84d4-3bbf7b966d48,1927-10-20_Gazeta_Śledcza_R_8_L_1016_20_października_1927,1927-10-20,https://polona.pl/preview/eb28b5f2-abbd-45d5-84d4-3bbf7b966d48,"Jadaniuk Rudolf, s. Józefa i Barbary, f. 34, ur. w Piotrkowicach, pow. Frysztat (Śląsk Ciesz.), przynal. do Ochaby, pow. Bielsko, ost zam. w Kowlu, wzrost wysoki, włosy blond, twarz pociągła, oczy niebieskie, na lewe—nie widzi, włada jeżykami polskim i czeskim, osk. o kradzież. — Urz. SI. P. P. w Lucku, nr. 1108-27 z d"
Parniewski Jan,,,,,wanted_by_city,eb28b5f2-abbd-45d5-84d4-3bbf7b966d48,1927-10-20_Gazeta_Śledcza_R_8_L_1016_20_października_1927,1927-10-20,https://polona.pl/preview/eb28b5f2-abbd-45d5-84d4-3bbf7b966d48,"Parniewski Jan, posz. G. Śl. 884 poz. 57 — ujęty. — Sąd P. w Kowlu, L. K. 5409-26 z dn. 30. 9. 27 r. Sprostowania."
Charliński Mieczysław,28,,art. 581,Theft,wanted_by_city,a3db2ca9-a849-4477-b0fc-e206dcace79d,1927-10-24_Gazeta_Śledcza_R_8_L_1017_24_października_1927,1927-10-24,https://polona.pl/preview/a3db2ca9-a849-4477-b0fc-e206dcace79d,"Charliński Mieczysław, s. Feliksa i Bronisławy, 1. 28, ur. w Warszawie, ost. zam. w Powursku, piekarz, osk. z art. 581 k. k., posz. przez Sąd P. w Kowlu, wydz. karny, nr. K. 7666-27 z dnia 12. 10. 27 r.; w razie ujęcia osadzić w najbliższym więzieniu do dyspo zycji powyż. Sądu."
Makarczuk Teodor,30,,art. 581,Theft,wanted_by_city,a3db2ca9-a849-4477-b0fc-e206dcace79d,1927-10-24_Gazeta_Śledcza_R_8_L_1017_24_października_1927,1927-10-24,https://polona.pl/preview/a3db2ca9-a849-4477-b0fc-e206dcace79d,"Makarczuk Teodor, s. Ławrentego i Nasti, I. 30, ur. we wsi Kukły, gm. Gródek, wyzn. prawosł., stanu wolnego, rolnik, osk. z art. 581 k. k., posz. przez Sąd P. w Kowlu, wydz. karny, nr. K. 7521-27 z dn. 12. 10. 27 r.; wrazie ujęcia osadzić w najbliższym wiezie niu do dyspozycji powyż. Sądu."
S i e c h Marta,,,,,wanted_by_city,4189ebd7-f3ec-4bd3-88b8-f5409c8af8d2,1927-10-29_Gazeta_Śledcza_R_8_L_1018_29_października_1927,1927-10-29,https://polona.pl/preview/4189ebd7-f3ec-4bd3-88b8-f5409c8af8d2,"S i e c h Marta, posz. G. ŚI. 905 poz. 48 — ujęta. — Sąd P. w Kowlu, L. K. 4368-26 z dn. 30. 9. 27 r."
Włoszczowski Stanisław,12,,art. 581,Theft,wanted_by_city,18f9bc73-5907-4f08-a6e2-572276dc6ac8,1927-11-02_Gazeta_Śledcza_R_8_L_1019_2_listopada_1927,1927-11-02,https://polona.pl/preview/18f9bc73-5907-4f08-a6e2-572276dc6ac8,"Włoszczowski Stanisław, s. Jakóba, 1. 12, ost. zam. w Bieliszczach, gm. Maciejów, pow. kowelskiego, wyzn. rz.-kat., osk. z art. 581 k. k., posz. przez Sąd P. w Kowlu, wydz. karny, nr. K. 5659-27 z dn. 19. 10. 27 r."
Zusman Jan Józef,b. 1868,,art. 591,Fraud / Embezzlement,wanted_by_city,fe7deea5-23c2-42e5-bbd9-53486379c74a,1927-11-14_Gazeta_Śledcza_R_8_L_1022_14_listopada_1927,1927-11-14,https://polona.pl/preview/fe7deea5-23c2-42e5-bbd9-53486379c74a,"Zusman Jan Józef, syn Mikołaja i Rozalji, ur. 8. 9. 1868 r. we wsi Suchowola, pow. zamojskiego, osk. z art. 591 k. k„ posz. przez Sąd P. w Kowlu, wydz. karny, nr. K. 7596-27 z dn. 24. 10. 27 r.; w razie ujęcia osadzić w najbliższem więzieniu do dyspozycji powyż. Sądu."
Półtorak Paweł,22,ul. Mickiewicza 10,art. 574,Unknown - verify (art. 574),last_address;wanted_by_city,fe7deea5-23c2-42e5-bbd9-53486379c74a,1927-11-14_Gazeta_Śledcza_R_8_L_1022_14_listopada_1927,1927-11-14,https://polona.pl/preview/fe7deea5-23c2-42e5-bbd9-53486379c74a,"Półtorak Paweł, s. Stanisława, 1. 22, ur. w Ro sji, ost. zam. w Kowlu przy ul. Mickiewicza 10, wyzn. rz.-kat, stanu wolnego, osk. z art. 574 k. k., posz. przez Sąd P. w Kowlu, wydz. kar ny, nr. K. 3338-27 z dn. 24. 10. 27 r.; w razie ujęcia osadzić w najbliż szem więzieniu do dyspozycji powyż. Sądu."
Jarzembek Leon,b. 1907,,art. 591,Fraud / Embezzlement,wanted_by_city,fe7deea5-23c2-42e5-bbd9-53486379c74a,1927-11-14_Gazeta_Śledcza_R_8_L_1022_14_listopada_1927,1927-11-14,https://polona.pl/preview/fe7deea5-23c2-42e5-bbd9-53486379c74a,"Jarzembek Leon, s. Fryderyka i Julji, ur. 22. 1. 1907 r. w Toruniu, osk. z art. 591 k. k., posz. przez Sąd P. w Kowlu, wydz. karny, nr. K. 2876-27 z dn. 31. 10. 27 r.; w razie ujęcia osadzić w najbliższem więzieniu do dyspozycji powyż. Sądu."
Chmielewski Aleksander,,,,,wanted_by_city,373375c4-49ae-4d98-b1fe-517067b90780,1927-11-17_Gazeta_Śledcza_R_8_L_1023_17_listopada_1927,1927-11-17,https://polona.pl/preview/373375c4-49ae-4d98-b1fe-517067b90780,"Chmielewski Aleksander, posz. G. Śl. 849 poz. 102 — ujęty. — Sąd P. w Kowlu, wydz. karny, L. K. 911-26 z dnia 22. 10. 27 r."
Ccddsztejn Mojżesz,,,"art. 31, art. 445",Unknown - verify (art. 31) & Unknown - verify (art. 445),last_address,17bbc569-0ea4-410f-b3c1-65a2b71be249,1927-11-21_Gazeta_Śledcza_R_8_L_1024_21_listopada_1927,1927-11-21,https://polona.pl/preview/17bbc569-0ea4-410f-b3c1-65a2b71be249,"Ccddsztejn Mojżesz, syn Wolta, ur. w lo»J r., mieszk.’Kowla, wzrost wysoki, szczupły, włosy c.-blond, twarz pociągła, oczy niebieskie, nos duży, wąsy przystrzyżone, uszy duze, osk. z-art. 31 i 445 k. k„ posz. przez S. Sl. 2 rew. pow. łuckiego. Sąd Okr. w Lucku, wydz. 1 karny, sekc. 2, nr. ZK. 29229-27 z dn. 10. 11. 27 "
Omelczuk Gawrył,,,,,wanted_by_city,8b3a2456-3e3b-46e5-b24b-550556975ccf,1927-11-29_Gazeta_Śledcza_R_8_L_1027_29_listopada_1927,1927-11-29,https://polona.pl/preview/8b3a2456-3e3b-46e5-b24b-550556975ccf,"Omelczuk Gawrył, s. Kononona, 37, ur. we wsi Smidyń, gm. Maciejów, obywat. rosyjski, wzrost średni, włosy ciemne., oczy piwne. Decyzją Starostwa w Kowlu, nr. 48505 z dn. 31. 10. 27 r."
Michajłow Mikołaj,33,,,,wanted_by_city,8b3a2456-3e3b-46e5-b24b-550556975ccf,1927-11-29_Gazeta_Śledcza_R_8_L_1027_29_listopada_1927,1927-11-29,https://polona.pl/preview/8b3a2456-3e3b-46e5-b24b-550556975ccf,"Michajłow Mikołaj, I. 33, ur. na Litwie, wzrost wysoki, włosy blond, oczy niebieskie. Decyzją Starostwa w Kowlu, nr, 51238-27 z dn. 16. 11. 27 r. Znalezienie zwłok."
Szklany Jan,30,,art. 591,Fraud / Embezzlement,wanted_by_city,a0d3275d-9882-4cb1-be84-593c8cfb2baa,1927-12-12_Gazeta_Śledcza_R_8_L_1031_12_grudnia_1927,1927-12-12,https://polona.pl/preview/a0d3275d-9882-4cb1-be84-593c8cfb2baa,"Szklany Jan, s. Pawła, 1. 30, ur. i ost. zam. we wsi Wola Rogowska, pow. Dąbrowa, osk. z art. 591 k. k., posz. przez Sąd P. w Kowlu, wydz. karny, nr. K. 12862-27 z dn. 21. 11. 27 r."
Księżyk Fedosja,,,,,wanted_by_city,a0d3275d-9882-4cb1-be84-593c8cfb2baa,1927-12-12_Gazeta_Śledcza_R_8_L_1031_12_grudnia_1927,1927-12-12,https://polona.pl/preview/a0d3275d-9882-4cb1-be84-593c8cfb2baa,"Księżyk Fedosja, posz. G. SI. 815 poz. 57. —ujęta.—Sąd P. w Kowlu, L. K. 3326-25 z dn. 14. 11. 27 r. 146. 42586-1 V-27. Majewski Adam, posz. G. SI. 930 poz. 71. Sąd P. w Dąbrowie Górniczej, L. K. 3613-26 z dn. 12. 11. 27 r. 147, 34409-1V-27. Miąsek Władysław, posz. G. SI. 915 poz. bU z powodu osądzenia sprawy. — Sąd P."
Manaj Jan,,,,,wanted_by_city,1757d2f5-7f6a-4757-a680-38914a11eb48,1927-12-14_Gazeta_Śledcza_R_8_L_1032_14_grudnia_1927,1927-12-14,https://polona.pl/preview/1757d2f5-7f6a-4757-a680-38914a11eb48,"Manaj Jan, posz. G. Śl. 959 poz. 38 — ujęty.— Sąd P. w Kowlu, wydz. karny, L. 5099 z dn. 13. 10. 27 r. (pismo Pow. Kom. P. P. w Kowlu, L. 7436 z dn. 17. 10. 27 r.)"
Bore Feliks,25,,,,last_address,f71dd511-2e42-483f-a7b1-ecea91eb45df,1927-12-19_Gazeta_Śledcza_R_8_L_1034_19_grudnia_1927,1927-12-19,https://polona.pl/preview/f71dd511-2e42-483f-a7b1-ecea91eb45df,"Bore Feliks, s. Franciszka, I. 25, ost. zam. w Kowlu, osk. z arc. 591 k. k., posz. przez Sąd P. w Chełmie Lub., nr. K. 3950-27 z dn. 1. 12. 27 r. 1"
Siwkowa Marjanna,32,ul. Warszawskiej 19,art. 58,Unknown - verify (art. 58),last_address;wanted_by_city,f71dd511-2e42-483f-a7b1-ecea91eb45df,1927-12-19_Gazeta_Śledcza_R_8_L_1034_19_grudnia_1927,1927-12-19,https://polona.pl/preview/f71dd511-2e42-483f-a7b1-ecea91eb45df,"Siwkowa Marjanna, c. Walentego i Wiktorji, 1. 32, ur. w Sieradzu, ost. zam. w Kowlu przy ul. Warszawskiej 19, wdo wa, osk. z art. 58i k. k., posz. przez Sąd P. w Kowlu, wydz. karny, nr. , K. 12841-27 z dn. 2. 12. 27 r."
Szachwer Mejer,,,,,wanted_by_city,700be2ad-76ee-47ff-a63d-e3fa32d735ce,1927-12-23_Gazeta_Śledcza_R_8_L_1036_23_grudnia_1927,1927-12-23,https://polona.pl/preview/700be2ad-76ee-47ff-a63d-e3fa32d735ce,"Szachwer Mejer, posz. G. Sl. 937 poz. 29 — ujęty. — Sąd P. w Kowlu, wydz. karny, L. K. 449-27 z dn. 26. 11. 27 r."
Jastrzębski Tadeusz,33,,art. 581,Theft,wanted_by_city,65529ba0-c86f-474f-b769-015aa9ed2a93,1927-12-29_Gazeta_Śledcza_R_8_L_1037_29_grudnia_1927,1927-12-29,https://polona.pl/preview/65529ba0-c86f-474f-b769-015aa9ed2a93,"Jastrzębski Tadeusz, s. Kazimierza, 1. 33, wzrost w.-średni, włosy c.-blond, twarz szczupła, osk. z art. 581 k. k., posz. przez Sąd P. w Kowlu, wydz. karny, nr- K. 10494-27 z dn. 19. 9. 27 r."
Poleszczuk Korniej,18,,art. 581,Theft,last_address;wanted_by_city,65529ba0-c86f-474f-b769-015aa9ed2a93,1927-12-29_Gazeta_Śledcza_R_8_L_1037_29_grudnia_1927,1927-12-29,https://polona.pl/preview/65529ba0-c86f-474f-b769-015aa9ed2a93,"Poleszczuk Korniej, s. Jana, 1. 18, ur. w Tury- czanach, gm. Olesk, pow. włodzimierskiego, ost. zam. w Kowlu, osk. z art. 581 k. k. — Sąd P. w Kowlu, wydz. karny, nr. K. 10276-27 z dn. 9. 12. 27 r."
Senderowicz Antoni,31,,art. 262,Unknown - verify (art. 262),wanted_by_city,65529ba0-c86f-474f-b769-015aa9ed2a93,1927-12-29_Gazeta_Śledcza_R_8_L_1037_29_grudnia_1927,1927-12-29,https://polona.pl/preview/65529ba0-c86f-474f-b769-015aa9ed2a93,"Senderowicz Antoni, s. Michała i Barbary, 1. 31, ur. w Naważycach, pow. Jędrzejów, ost. zam. w Dąbrowie przy ul. 1 Maja 20, wyzn. rz.-kat., żonaty, robotnik, osk. z art. 262 k. k. — Sąd P. w Dąbrowie Górniczej, nr. K. 3407-27 z dn. 10. 12. 27 r. 101. 45323TV-27. Rejf Chemja, s. Jakóba, I. 26, ur. w Grabowie, pow. hrubi"
Grodzki Jan,46,,art. 156,Unknown - verify (art. 156),wanted_by_city,2b0e2cba-5d81-4bda-934f-a5dbe80bd57c,1928-01-07_Gazeta_Śledcza_R_9_L_1039_7_stycznia_1928,1928-01-07,https://polona.pl/preview/2b0e2cba-5d81-4bda-934f-a5dbe80bd57c,"Grodzki Jan, s. Franciszka i Leonory, 1. 46, po chodzi ze wsi Kaszówki, gm. Wielick, osk. z art. 156 k. k., posz. przez Sąd P. w Kowlu, wydz. karny, nr. K. 3966-27 z dn. 13. 12. 27 r."
Mielnik Józef,,,,,wanted_by_city,290742cd-275f-4952-9adb-dd98472498e8,1928-01-13_Gazeta_Śledcza_R_9_L_1041_13_stycznia_1928,1928-01-13,https://polona.pl/preview/290742cd-275f-4952-9adb-dd98472498e8,"Mielnik Józef, posz. G. ŚI. 818 poz. 45 i 855 poz. 59. — Sąd P. w Kowlu, L. K. 4446-26, K. 10539 25 z dn. 23.12.27 r."
Ignatiuk Nikita,21,,art. 581,Theft,wanted_by_city,c6cdc528-3eb5-4402-8b8f-ce147ad0e101,1928-01-19_Gazeta_Śledcza_R_9_L_1043_19_stycznia_1928,1928-01-19,https://polona.pl/preview/c6cdc528-3eb5-4402-8b8f-ce147ad0e101,"Ignatiuk Nikita, s. Charytona, I. 21, ost. zam. W Bruchowiczach, gm. Hołoby, pow. kowelskiego, osk. z art. 581 k. k., Posz. przez Sąd P. w Kowlu, wydz. karny, nr. K. 14652-27 z dn. 24.12. 27 r."
Filipowicz Józefa,50,,art. 581,Theft,last_address;wanted_by_city,c6cdc528-3eb5-4402-8b8f-ce147ad0e101,1928-01-19_Gazeta_Śledcza_R_9_L_1043_19_stycznia_1928,1928-01-19,https://polona.pl/preview/c6cdc528-3eb5-4402-8b8f-ce147ad0e101,"Filipowicz Józefa, c. Jana, I. 50, st. mieszk. Kowla, ost. zam. na kol. przy wsi Maniewicze, osk. z art. 581 k. k., posz. przez Sąd P. w Kowlu, wydz. karny, nr. K. 6787-27 z dn. 24.12. 27 r. ^"
Gołębiowski Stanisław,,,,,wanted_by_city,c6cdc528-3eb5-4402-8b8f-ce147ad0e101,1928-01-19_Gazeta_Śledcza_R_9_L_1043_19_stycznia_1928,1928-01-19,https://polona.pl/preview/c6cdc528-3eb5-4402-8b8f-ce147ad0e101,"Gołębiowski Stanisław, posz. Gaz. Śl. 973 poz. 23—ujęty.—-Sąd P. w Kowlu, wydz. karny, L.K. 2442-27 z dn. 30. 12.27r."
Siemaszko Wacław,25,,"art. 448, art. 440",Bribery & Forgery,last_address,4ef21de4-4451-453b-a4dd-4861cdccc880,1928-01-23_Gazeta_Śledcza_R_9_L_1044_23_stycznia_1928,1928-01-23,https://polona.pl/preview/4ef21de4-4451-453b-a4dd-4861cdccc880,"Siemaszko Wacław, s. Wiktora i Anny, lat 34,. ur. w Pasiece, pow. wileńsko-trockiego, st. mieszk. Wilna, ost. zam. w Grodnie, wzrost wysoki, szatyn, łysy, twarz szeroka, osk. z art. 73 p. 2 k. k., posz. przez Sąd Okr. w Grodnie, nr. Z. A. 30-27 z dnia 28. 12. 27 r. 15. 53-1V-28. Pater Jan, s. Kazimierza i Barbary, 1. 2"
Werner Józef,,,,,wanted_by_city,7d61e5b6-8c2b-446e-80cf-66b28409a94d,1928-01-30_Gazeta_Śledcza_R_9_L_1048_30_stycznia_1928,1928-01-30,https://polona.pl/preview/7d61e5b6-8c2b-446e-80cf-66b28409a94d,"Werner Józef, posz. G. Śl. 934 poz. 33 —ujęty.— Sąd P. w Kowlu, wydz. karny, L. K. 4724-26 z dn. 11. 1. 28 r."
Suchodół Aleksandra,12,,art. 574,Unknown - verify (art. 574),wanted_by_city,def6e6e8-bd70-41ef-8ca6-f096be86a188,1928-02-13_Gazeta_Śledcza_R_9_L_1054_13_lutego_1928,1928-02-13,https://polona.pl/preview/def6e6e8-bd70-41ef-8ca6-f096be86a188,"Suchodół Aleksandra, c. Jana, 1. 12, ost. zam. £owlu przy ul. Brzeskiej 39, osk. z art. 574 k. k., posz. przez Sąd P. w Kowlu, wydz. karny, nr. K. 13553-27 z dn. 27. 1. 28 r. 1 22 - 3412-IV-28. Karczmarczyk Józef, s. Bartłomieja i Antoniny, nr* w Brwinowi e, z. warszawskiej, osk. z art. 581 cz. 1 k. k„ posz. ez Sąd P. "
Bielowski Jan,34,,art. 581,Theft,wanted_by_city,def6e6e8-bd70-41ef-8ca6-f096be86a188,1928-02-13_Gazeta_Śledcza_R_9_L_1054_13_lutego_1928,1928-02-13,https://polona.pl/preview/def6e6e8-bd70-41ef-8ca6-f096be86a188,"Bielowski Jan, s. Roberta i Franciszki, ur. o. 5. 1903 r. w Bytomiu, przynal. do Katowic, ost. zam. w Bielsku przy ulicy Długiej 16, wvzn. rz.-kat., stanu wolnego, muzykant, osk. z § 81 u. k. Sąd Okr. w Cieszynie, oddz. XIV, nr. Vr. 1134-27 z dn. 18. 1. 28 r. 127 2995-1V-28. Jadanik Rudolf, s. Józefa i Barbary, 1. 34, "
Tusiuk Katarzyna,23,,art. 581,Theft,wanted_by_city,553c2b3c-5176-4571-a2c7-107cae93deb5,1928-02-14_Gazeta_Śledcza_R_9_L_1055_14_lutego_1928,1928-02-14,https://polona.pl/preview/553c2b3c-5176-4571-a2c7-107cae93deb5,"Tusiuk Katarzyna, c. Fiedota i Oksenji, I. 23, ur. i zam. we wsi Zaprudje, gm. Górniki, pow. kowelskiego, osk. z art. 581 k. k,, posz. przez Sąd P. w Kowlu, wydz. kamy, nr. K. 11737-27 z dn. 30. 1. 28 r."
S a w c z u k Antonina,25,,art. 581,Theft,wanted_by_city,553c2b3c-5176-4571-a2c7-107cae93deb5,1928-02-14_Gazeta_Śledcza_R_9_L_1055_14_lutego_1928,1928-02-14,https://polona.pl/preview/553c2b3c-5176-4571-a2c7-107cae93deb5,"S a w c z u k Antonina, c. Jakóba i Matrony, 1. 25, ur. i zam. w Swinorzynie, gm. Nowy Dwór, pow. kowelskiego, osk. z art. 581 k. k., posz. przez Sąd P. w Kowlu, wydz. karny, nr. K. 13709-27 I dn. 30. 1. 28 r."
Marzec Stanisław,,,,,wanted_by_city,d55a40d5-8653-45c6-8cf2-62f61699923e,1928-02-16_Gazeta_Śledcza_R_9_L_1056_16_lutego_1928,1928-02-16,https://polona.pl/preview/d55a40d5-8653-45c6-8cf2-62f61699923e,"Marzec Stanisław, posz. G. Śl. 846 poz. 21 — Ujęty.—Sąd P. w Kowlu, wydz. karny, L. K. 393-25 z dn. 23. 1. 28 r."
Skrybant Antoni,b. 1905,,art. 581,Theft,last_address;wanted_by_city,8e35c85e-803a-412a-94b3-6cae806b43d2,1928-02-21_Gazeta_Śledcza_R_9_L_1058_21_lutego_1928,1928-02-21,https://polona.pl/preview/8e35c85e-803a-412a-94b3-6cae806b43d2,"Skrybant Antoni, syn Józefa i Anieli, ur. 4. 2- 1905 r. w Gończych Laszkach, wzrost w.-średni, włosy blond, twarz po ciągła, oczy niebieskie, osk. z art. 581 k. k., posz. przez Sąd P. w Kowlu, wydz. karny, nr. K. 17211-27 z dn. 30. 1. 28 r. 26 4707-IV-28. Margel Samuel, s. Dawida i Racheli, lat 33, ur, w Jarosławiu, mi"
Tosik Józef (bliższych danych brak),,,art. 591,Fraud / Embezzlement,wanted_by_city,8e35c85e-803a-412a-94b3-6cae806b43d2,1928-02-21_Gazeta_Śledcza_R_9_L_1058_21_lutego_1928,1928-02-21,https://polona.pl/preview/8e35c85e-803a-412a-94b3-6cae806b43d2,"Tosik Józef (bliższych danych brak), ur. w Grocho- iicach/ost. zam. w Maciejowie, tkacz, posiada ruchomy warstat tkacki, osk. z art. 591 k. k„ posz. przez Sąd P. w Kowlu, wydz. karny, nr. K. 10673-27 z dnia 31. 1. 28 r."
Cwar Aleksander,,,art. 581,Theft,wanted_by_city,8e35c85e-803a-412a-94b3-6cae806b43d2,1928-02-21_Gazeta_Śledcza_R_9_L_1058_21_lutego_1928,1928-02-21,https://polona.pl/preview/8e35c85e-803a-412a-94b3-6cae806b43d2,"Cwar Aleksander, lat ok. 23 — 24, wzrost mały, szczupły, włosy blond kędzierzawe, oczy niebieskie, osk. z art. 581 k. k., posz. przez Sąd P. w Kowlu, wydz. karny, nr. K. 17211-27 z dn. 31.1.28 r."
SienlawskI Wojciech,37,,,,last_address,e98eebf0-850a-4381-b3f8-4ca96f1c38c8,1928-03-02_Gazeta_Śledcza_R_9_L_1062_2_marca_1928,1928-03-02,https://polona.pl/preview/e98eebf0-850a-4381-b3f8-4ca96f1c38c8,"SienlawskI Wojciech, s. Leonarda i Marji, I. 37, mieszk. Kowla, wzrost w.-średni, szczupły, szatyn, twarz pociągła nieco ospowata, oczy niebieski®, nos duży skrzywiony, wąsy strzyżone, usta szerokie, wargi grube, chód pochyły, mówi po polsku, ukraińsku i rosyj sku, osk. z art. 578 cz. III k. k., posz. przez Sąd Okr. w "
Pacamaniuk Roman,49,,art. 274,Unknown - verify (art. 274),wanted_by_city,ff233f17-b1e5-463f-aa8a-03d2ae2d2d84,1928-03-06_Gazeta_Śledcza_R_9_L_1063_6_marca_1928,1928-03-06,https://polona.pl/preview/ff233f17-b1e5-463f-aa8a-03d2ae2d2d84,"Pacamaniuk Roman, s. Andrzeja, 1. 49, przynal. do wsi Gródek, wyzn. prawosł., stanu wolnego, robotnik, osk. z art. 274 k. k., posz. przez Sąd P. w Kowlu, wydz. karny, nr. K. 16490-27 z dn. 17. 2. 28 r."
Fajntuch Chaim,35,,,,last_address,da4e18c8-bd96-4b4c-bd4d-ffc02b90f98c,1928-04-02_Gazeta_Śledcza_R_9_L_1073_2_kwietnia_1928,1928-04-02,https://polona.pl/preview/da4e18c8-bd96-4b4c-bd4d-ffc02b90f98c,"Fajntuch Chaim, s. Munysza i Pesi, I. 35, mieszk. Kowla, wzrost średni, krępy, brunet, dwie blizny na twarzy, osk. z art. 430 cr. I k. k., posz. przez Sąd Okr. w Lucku, wydz. i kamy, sekc. 2, nr. ZK. 4773 z dn. 9. 3. 28 r."
Czudy Henryk,35,ul. Kościuszki 6,,,last_address;wanted_by_city,da4e18c8-bd96-4b4c-bd4d-ffc02b90f98c,1928-04-02_Gazeta_Śledcza_R_9_L_1073_2_kwietnia_1928,1928-04-02,https://polona.pl/preview/da4e18c8-bd96-4b4c-bd4d-ffc02b90f98c,"Czudy Henryk, s. Franciszka i Moniki, 1. 35, przynal. do Warszawy, ost. zam. w Kowlu przy ul. Kościuszki 6, hand lowiec.— Sąd P. w Kowlu, wydz. karny, nr. K. 9877-27 z dn. 9. 3. 28 r."
Charliński Mieczysław,,,art. 581,Theft,wanted_by_city,da4e18c8-bd96-4b4c-bd4d-ffc02b90f98c,1928-04-02_Gazeta_Śledcza_R_9_L_1073_2_kwietnia_1928,1928-04-02,https://polona.pl/preview/da4e18c8-bd96-4b4c-bd4d-ffc02b90f98c,"Charliński Mieczysław, s. Feliksa i Bronisławy, ur. w Warszawie, tamże zam. przy ul. Siedleckiej 10, ost, zaś we wsi i gm. Powursk, pow. kowelskiego, osk. z art. 581 k. k.—Sąd P. w Kowlu, nr. K. 7666-27 i 9307-27 z dn. 13. 3. 28 r."
Jastrzębski Tadeusz,,,,,wanted_by_city,da4e18c8-bd96-4b4c-bd4d-ffc02b90f98c,1928-04-02_Gazeta_Śledcza_R_9_L_1073_2_kwietnia_1928,1928-04-02,https://polona.pl/preview/da4e18c8-bd96-4b4c-bd4d-ffc02b90f98c,"Jastrzębski Tadeusz, posz. Gaz. Śl. 1037 poz. 54 — ujęty. — Sąd P. w Kowlu, L. K. 10494-27 z dn. 7. 3. 28 r."
Mehedyn Sylwester,35,ul. Legjonowej 35,,,last_address;wanted_by_city,d841e3d3-e34e-4ae7-8470-4ecea45f569e,1928-04-05_Gazeta_Śledcza_R_9_L_1075_5_kwietnia_1928,1928-04-05,https://polona.pl/preview/d841e3d3-e34e-4ae7-8470-4ecea45f569e,"Mehedyn Sylwester, s. Bazylego, 1. 35, ost. zam. w Kowlu przy ul. Legjonowej 35, maszynista. — Sąd P. w Kowlu, wydz. karny,nr. K. 1986-27 z dn. 15. 3. 28 r. 61 9951-1V-28. Winelow Antoni, syn Stefana i Anny, |. 23, ost. zam. w Wilnie przy ul. Kornej 10, osk. z art. z art. 397 k. k. — Sąd P. w Lidzie, nr. K. 9058-27 z d"
Such o dół Aleksandra,,,,,wanted_by_city,d841e3d3-e34e-4ae7-8470-4ecea45f569e,1928-04-05_Gazeta_Śledcza_R_9_L_1075_5_kwietnia_1928,1928-04-05,https://polona.pl/preview/d841e3d3-e34e-4ae7-8470-4ecea45f569e,"Such o dół Aleksandra, posz. G. Śl. 1054 poz. 21 — ujęta. - Sąd P. w Kowlu, L. W. 13563-27 z dn. 12. 3. 28 r."
Wiśniewska Józefa,34,ul. Poprzecznej 18,"art. 138, art. 139",Disobedience / Violation of Police Regulations & Unknown - verify (art. 139),last_address;wanted_by_city,4fff6783-cb08-4347-a806-b5e9bd95ab48,1928-04-16_Gazeta_Śledcza_R_9_L_1077_16_kwietnia_1928,1928-04-16,https://polona.pl/preview/4fff6783-cb08-4347-a806-b5e9bd95ab48,"Wiśniewska Józefa, c. Franciszka, lat 27, ur. w Chełmie, ost. zam. w Kowlu przy ul. Poprzecznej 18, posz. za przest. z art. 581 k. k. przez Sąd P. w Kowlu, wydz. karny, nr. K. 134-28 z dn. 20. 3. 28 r. Ustalenia miejsca pobytu. N |* leży ustol| ć dokładny adres osób następujących I zawiadomić, z podaniem liczby tU’ wła"
Wujeński Walerjan,72,ul. Brzeskiej,art. 138,Disobedience / Violation of Police Regulations,last_address;wanted_by_city,4fff6783-cb08-4347-a806-b5e9bd95ab48,1928-04-16_Gazeta_Śledcza_R_9_L_1077_16_kwietnia_1928,1928-04-16,https://polona.pl/preview/4fff6783-cb08-4347-a806-b5e9bd95ab48,"Wujeński Walerjan, syn Wincentego i Karoliny, 1. 72, ost. zam. w Kowlu przy ul. Brzeskiej, osk. z art. 138 k. k. — Sąd P. w Kowlu, wydz. karny, nr. K. 1057-28 z dn. 20. 3. 28 r."
Baran Ignacy,,,,,wanted_by_city,18b98535-068e-4305-bc0c-07a0631cfc27,1928-04-19_Gazeta_Śledcza_R_9_L_1079_19_kwietnia_1928,1928-04-19,https://polona.pl/preview/18b98535-068e-4305-bc0c-07a0631cfc27,"Baran Ignacy, posz. G. Śl. 935 poz. 29 — z po wodu ust. m pob.— Sąd P. w Kowlu, wydz. karny, L. K. 3399-24 z dnia 26. 3. 28 r. ."
Kamiński Witold (bliższ. danych brak),,,art. 574,Unknown - verify (art. 574),wanted_by_city,dafd6ff6-36a1-43e1-9a41-3dea2ba2c52d,1928-04-26_Gazeta_Śledcza_R_9_L_1081_26_kwietnia_1928,1928-04-26,https://polona.pl/preview/dafd6ff6-36a1-43e1-9a41-3dea2ba2c52d,"Kamiński Witold (bliższ. danych brak), b. fel' czer weteryn. w Turzysku, pow. kowelskiego. osk. z art. 574 k. k., posZ przez Sąd P. w Kowlu, wydz. karny, nr. K. 3604-28 z dn. 28. 3. 28 r."
Garczyński Eugenjusz,,,art. 581,Theft,wanted_by_city,ed607d10-9d55-491c-a426-498e646984ae,1928-04-27_Gazeta_Śledcza_R_9_L_1082_27_kwietnia_1928,1928-04-27,https://polona.pl/preview/ed607d10-9d55-491c-a426-498e646984ae,"Garczyński Eugenjusz, s. Stanisława i Antoniny, ost. zam. w Starym Samborze (w domu swej matki), osk. z art. 581 k. k., posz. przez Sąd P.w Kowlu, wydz, karny, nr. K. 750-28 z dn. 3. 4. 28 r."
Wiśniewska Marja,,ul. Podjaworskiej 10,,,last_address,22faae89-7477-44de-b091-6fa0fc8d8c15,1928-05-01_Gazeta_Śledcza_R_9_L_1084_1_maja_1928,1928-05-01,https://polona.pl/preview/22faae89-7477-44de-b091-6fa0fc8d8c15,"Wiśniewska Marja, c. Władysława Tyla, ost. zam. w Kowlu przy ul. Podjaworskiej 10, osk. z art. 591 cz. i k. k., posz. przez Sąd P. w Siedlcach, nr. K. 5264-27 z dn. 11. 4. 28 r."
Jurecki Władysław,b. 1896,ul. Małopolskiej 22.—Sąd P. w Siedl cach,,,last_address,15349f54-f310-48ae-a24b-d868107a673b,1928-05-07_Gazeta_Śledcza_R_9_L_1086_7_maja_1928,1928-05-07,https://polona.pl/preview/15349f54-f310-48ae-a24b-d868107a673b,"Jurecki Władysław, s. Teofila i Rozalji, ur. 31. 12. 1896 r., ost. zam. w Kowlu przy ul. Małopolskiej 22.—Sąd P. w Siedl cach, nr. K. 1744-27 z dn. 12. 4. 28 r."
Litman Hersz,,ul. Warszawskiej 28,,,last_address,3047c3f0-1976-483c-be2e-0fa801a2ca8b,1928-05-19_Gazeta_Śledcza_R_9_L_1090_19_maja_1928,1928-05-19,https://polona.pl/preview/3047c3f0-1976-483c-be2e-0fa801a2ca8b,"Litman Hersz, s. Lipy i Basi, ost. zam. w Kowlu przy ul. Warszawskiej 28, osk. z art. 262 cz. II k. k.—Sąd P. w Otwocku, nr. K. 170-28 z dn. 25. 4. 28 r."
Kantorowicz Józef,14,,art. 581,Theft,wanted_by_city,da3bed9e-c11e-4750-9482-7ca915882ba6,1928-05-23_Gazeta_Śledcza_R_9_L_1091_23_maja_1928,1928-05-23,https://polona.pl/preview/da3bed9e-c11e-4750-9482-7ca915882ba6,"Kantorowicz Józef, s. Marji, I. 14, ost. ząm. Łucku przy ul. Lubarta, osk. z art. 581 k. k., posz. przez Sąd P. w Kowlu, wydz. karny, nr. K. 2134-28 z dn. 2. 3. 28 r. ur w iqi 15864 ' IV ' 28 ' Hłuszczuk Mikołaj, s. Charytona i Paraskiewy, z art -a? r ‘ w Zabłociu - P ow - kowelskiego. tamże ost. zam., osk. z dn' o k k"
K s i ą ż y k Teodozja,,,,,wanted_by_city,da3bed9e-c11e-4750-9482-7ca915882ba6,1928-05-23_Gazeta_Śledcza_R_9_L_1091_23_maja_1928,1928-05-23,https://polona.pl/preview/da3bed9e-c11e-4750-9482-7ca915882ba6,"K s i ą ż y k Teodozja, c. Jana, I. ?0, ur. w Zady- bach, gm. Turzysk, niezamężna, robotnica, posz. przez Sąd P. w Kowlu, wydz. karny, nr. K. 546-28 z dn. 2. 5. 28 r."
Zozuliński Aleksander (bliższ. danych brak),,,art. 591,Fraud / Embezzlement,wanted_by_city,da3bed9e-c11e-4750-9482-7ca915882ba6,1928-05-23_Gazeta_Śledcza_R_9_L_1091_23_maja_1928,1928-05-23,https://polona.pl/preview/da3bed9e-c11e-4750-9482-7ca915882ba6,"Zozuliński Aleksander (bliższ. danych brak), czasowo przebywał w Kowlu, osk. z art. 591 k. k., posz. przez Sąd P w Kowlu, wydz. karny,,nr. K. 3738-28 z dn. 1. 5. 28 r."
Panasiuk Archip,32,,,,wanted_by_city,d98fa066-41ca-4760-a8f2-663ab3b52eb6,1928-05-29_Gazeta_Śledcza_R_9_L_1093_29_maja_1928,1928-05-29,https://polona.pl/preview/d98fa066-41ca-4760-a8f2-663ab3b52eb6,"Panasiuk Archip, s. Wasyla i Ireny, I. 32, ost. zam. w Serechowiczach, gm. Niesuchoiże, pow. kowelskiego, osk. z art. ^°1 k. k., posz. przez Sąd P. w Kowlu, wydz. karny, nr. K. 16840-28 z dn. 7- 5. 28 r."
Rogal Michał,,,,,wanted_by_city,d98fa066-41ca-4760-a8f2-663ab3b52eb6,1928-05-29_Gazeta_Śledcza_R_9_L_1093_29_maja_1928,1928-05-29,https://polona.pl/preview/d98fa066-41ca-4760-a8f2-663ab3b52eb6,"Rogal Michał,posz. G. Śl. 842 poz. 55. — Sąd P. w Kowlu, wydz. karny, L. K. 1836 z dn. 23. 4. 28 r."
Majewski Stanisław,32,,,,wanted_by_city,5eff2d73-1da2-4b37-beb2-a1cb54ef8b1e,1928-06-14_Gazeta_Śledcza_R_9_L_1098_14_czerwca_1928,1928-06-14,https://polona.pl/preview/5eff2d73-1da2-4b37-beb2-a1cb54ef8b1e,"Majewski Stanisław, s. Stanisława .i Marji, 1. 32, OSt '», za ^^-, Warszawie ’ posz * P rzez Pr °- ra Okr. w Warszawie, nr *. W. 2805-27 z dn. 28. 4. 28 r. (Urz. Śl. m. st. Warszawy, nr. 20470-28 z dn. 21. 5. 28 r.); w razie ujęcia osadzić w więzieniu śledczem w War szawie przy ul. Daniłowiczowskiej 7 do dysp. powyż. P"
Dyszkiewicz Gierard,33,,art. 574,Unknown - verify (art. 574),wanted_by_city,d2135ff5-5bc1-4cad-ae28-8b2affb501d9,1928-06-19_Gazeta_Śledcza_R_9_L_1100_19_czerwca_1928,1928-06-19,https://polona.pl/preview/d2135ff5-5bc1-4cad-ae28-8b2affb501d9,"Dyszkiewicz Gierard, s. Władysława i Franciszki, 1. 33, ost. zam. Warszawie przy ul. Przyokopowej 6, osk. z art. 574 k.k., posz. przez Sąd P. w Kowlu, wydz. karny, nr. K. 7319-27 z dnia 30. 5. 28 r."
Maj Jan,12,,art. 581,Theft,wanted_by_city,426c7263-2966-43da-ab35-38e472026062,1928-06-30_Gazeta_Śledcza_R_9_L_1104_30_czerwca_1928,1928-06-30,https://polona.pl/preview/426c7263-2966-43da-ab35-38e472026062,"Maj Jan, s. Józefa i Bronisławy, 1. 12, ur, w Iłży z. radomskiej, ost. zam. w Grzywiatce, pow. kowelskiego, osk. z art. 581 k. k., posz.- przez Sąd P. w Kowlu, wydz. karny, nr. K. 3456-28 z dn. 9. 6. 28 r."
Hamuła ftfanazy,36,,art. 581,Theft,wanted_by_city,426c7263-2966-43da-ab35-38e472026062,1928-06-30_Gazeta_Śledcza_R_9_L_1104_30_czerwca_1928,1928-06-30,https://polona.pl/preview/426c7263-2966-43da-ab35-38e472026062,"Hamuła ftfanazy, s. Juljana, 1. 36, ost. zam. we wsi Wola, gm. Miesuchoiże, pow. kowelskiego, osk. z art. 581 k. k., posz. przez Sąd P. w Kowlu, wydz. karny, nr. K. 2024-28 z dnia 9. 6. 28 r."
Tomaszewski Kazimierz,24,,art. 581,Theft,wanted_by_city,426c7263-2966-43da-ab35-38e472026062,1928-06-30_Gazeta_Śledcza_R_9_L_1104_30_czerwca_1928,1928-06-30,https://polona.pl/preview/426c7263-2966-43da-ab35-38e472026062,"Tomaszewski Kazimierz, s. Jana i Magdaleny, I. 24, ost. zam. w Lucku przy ul. Włodzimierskiej 64, osk. z art. 581 k. k.—Sąd P. w Kowlu, wydz. karny, nr. K. 2428-28 z dn. 9. 6. 28 r."
Stelmach Kalistrat,,,,,wanted_by_city,8ab183e8-8cc7-4e4f-804b-38a7734f448e,1928-07-07_Gazeta_Śledcza_R_9_L_1106_7_lipca_1928,1928-07-07,https://polona.pl/preview/8ab183e8-8cc7-4e4f-804b-38a7734f448e,"Stelmach Kalistrat, s. Emiljana i Ulany, I. 24* ur. w Krasnym, gm. Werba, pow. włodzimierskiego. — Sąd P. w Kowlu, wydz. karny, nr. K. 7165 z dn. 13. 6. 28 r."
Czudy Henryk (bliższ. danych brak),,ul. Kościuszki 3,,,last_address;wanted_by_city,81e17c72-e6be-4d50-b864-167ffa6f4fb6,1928-07-16_Gazeta_Śledcza_R_9_L_1109_16_lipca_1928,1928-07-16,https://polona.pl/preview/81e17c72-e6be-4d50-b864-167ffa6f4fb6,"Czudy Henryk (bliższ. danych brak), ost. zam. w Kowlu przy ul. Kościuszki 3, (rzekomo wyjechał do Warszawy). — Sąd P. w Kowlu, wydz. karny, nr. K. 8706-27 z dn. 20. 6. 28 r."
Juszczuk Nadzieja Jadwiga,,ul. 3 Maja 14,"art. 51, art. 49, art. 591",Complicity / Aiding and Abetting & Unknown - verify (art. 49) & Fraud / Embezzlement,last_address,c8ddf7cb-b74e-47de-a104-109e84a7bc3a,1928-07-19_Gazeta_Śledcza_R_9_L_1110_19_lipca_1928,1928-07-19,https://polona.pl/preview/c8ddf7cb-b74e-47de-a104-109e84a7bc3a,"Juszczuk Nadzieja Jadwiga, c. Jana i Tatjany, i. 28, st. mieszk. wsi Białoskóry, gm. Dziekanów, pow. hrubieszowskiego, ost. zam. w Kowlu przy ul. 3 Maja 14, osk. z art. 51, 49 i 591 k. k., posz. przez Pro-ra Sądu Okn w Zamościu, nr. W. 160-28 z dn. 22. 6.28 rj"
Flaczyński Antoni,24,ul. Kościelnej 1,,,last_address,d1b95e85-9e0f-4cd1-b93c-283360c9eb8b,1928-07-25_Gazeta_Śledcza_R_9_L_1112_25_lipca_1928,1928-07-25,https://polona.pl/preview/d1b95e85-9e0f-4cd1-b93c-283360c9eb8b,"Flaczyński Antoni, s. Safrona i Anastazji, 1. 24, ost. zam. w Kowlu przy ul. Kościelnej 1, wzrost w.-średni, szatyn, twarz szczupła, oczy piwne, osk. o uchylanie się od sł. wojsk., posz. przez Pro-ra Sądu Okr. w Łucku, nr. 2843 z dn. 30. 6. 28 r."
Blacharczykówna Józefa,18,,art. 465,Unknown - verify (art. 465),last_address,fe52ad8b-6ef8-4427-9780-f3c7ee0f1de6,1928-08-01_Gazeta_Śledcza_R_9_L_1114_1_sierpnia_1928,1928-08-01,https://polona.pl/preview/fe52ad8b-6ef8-4427-9780-f3c7ee0f1de6,"Blacharczykówna Józefa, c. Patrycjusza i Marji, 1. 18, mieszk. Kowla, osk. z art. 465 k. k., posz. przez Sąd Okr. w Lublinie, wydz. I karny, nr. Z. K. 1426-28 z dn. 6. 7. 28 r."
Sprawka Stanisław,,,,,wanted_by_city,fe52ad8b-6ef8-4427-9780-f3c7ee0f1de6,1928-08-01_Gazeta_Śledcza_R_9_L_1114_1_sierpnia_1928,1928-08-01,https://polona.pl/preview/fe52ad8b-6ef8-4427-9780-f3c7ee0f1de6,"Sprawka Stanisław, posz. G. Śl. 961 poz. 90— ujęty.—Sąd P. w Kowlu, wydz. karny, L. K. 363-27 z dn. 11. 7. 28 r."
Oleksiński Czesław,,,,,wanted_by_city,098f2cf3-6523-4c90-92a0-b5848efda2d4,1928-08-17_Gazeta_Śledcza_R_9_L_1119_17_sierpnia_1928,1928-08-17,https://polona.pl/preview/098f2cf3-6523-4c90-92a0-b5848efda2d4,"Oleksiński Czesław, s. Wincentego i Marji, lat 35, ur. w Radzyniu, ost. zam. w Stanisławowie przy ul. Bartosza Gło wackiego 13, wyzn. rz.-kat., krawiec. — Sąd P. w Kowlu, wydz karny, nr. K. 2662-28 z dn. 25. 7. 28 r."
Tarnawski Edward,31,,,,wanted_by_city,098f2cf3-6523-4c90-92a0-b5848efda2d4,1928-08-17_Gazeta_Śledcza_R_9_L_1119_17_sierpnia_1928,1928-08-17,https://polona.pl/preview/098f2cf3-6523-4c90-92a0-b5848efda2d4,"Tarnawski Edward, s, Ludwika i Marji, I. 31, ur. we Lwowie, tamże ost. zam. przy ul. 3 Maja, ost. zaś w Zdołbunowie.— Sąd P. w Kowlu, wydz. karny, nr. K. 7067-27 z dn. 25. 7. 28 r."
Borysiuk Anna,18,,,,wanted_by_city,098f2cf3-6523-4c90-92a0-b5848efda2d4,1928-08-17_Gazeta_Śledcza_R_9_L_1119_17_sierpnia_1928,1928-08-17,https://polona.pl/preview/098f2cf3-6523-4c90-92a0-b5848efda2d4,"Borysiuk Anna, c. Piwona, I. 18, ur. we wsi Bytyń, pow. koweiskiego, wyzn. prawosł., niezamężna. — Sąd P. w Kowlu, wydz. karny, nr. K. 2139-28 z dn. 25. 7. 28 r."
Chaciura Aleksander,18,,,,wanted_by_city,9b956b5a-1b6f-4610-a4ba-c1243dc8dd5f,1928-08-23_Gazeta_Śledcza_R_9_L_1121_23_sierpnia_1928,1928-08-23,https://polona.pl/preview/9b956b5a-1b6f-4610-a4ba-c1243dc8dd5f,"Chaciura Aleksander, s. Michała i Oksenji, 1. 18, pochodzi ze wsi i gm. Hołowna, pow. Lubomi, osk. z art. 581 cz. 1 k. k., posz. przez Sąd P. w Lubomlu, nr. K. 448-26 z dn. 30. 7. 28 r.; w razie ujęcia odesłać do więzienia w Kowlu, do dysp. powyż. Sądu."
Janicki Lucjan,b. 1902,,,,wanted_by_city,9b956b5a-1b6f-4610-a4ba-c1243dc8dd5f,1928-08-23_Gazeta_Śledcza_R_9_L_1121_23_sierpnia_1928,1928-08-23,https://polona.pl/preview/9b956b5a-1b6f-4610-a4ba-c1243dc8dd5f,"Janicki Lucjan, syn Konstantego, ur. 1902 r., pochodzi ze wsi i gm. Growice, pow. radomskiego, osk. z art. 581 cz. I k. k., posz. przez Sąd P. w Lubomlu, nr. K. 502-27 z dn. 30. 7. 28 r.; w razie ujęcia odesłać do więzienia w Kowlu do dysp. powyż. Sądu,"
Rogal Michał,43,,art. 581,Theft,wanted_by_city,9b956b5a-1b6f-4610-a4ba-c1243dc8dd5f,1928-08-23_Gazeta_Śledcza_R_9_L_1121_23_sierpnia_1928,1928-08-23,https://polona.pl/preview/9b956b5a-1b6f-4610-a4ba-c1243dc8dd5f,"Rogal Michał, s. Jana i Marji, 1. 43, pochodzi z Radomia, osk. z art. 581 k. k., posz. przez Sąd P. w Lubomlu, nr. K< 1715-26 z dn. 30. 7. 28 r.; w razie ujęcia odesłać do więzienia w Kowlu, do dysp. powyż. Sądu."
Saczan Jan,b. 1905,,,,wanted_by_city,9b956b5a-1b6f-4610-a4ba-c1243dc8dd5f,1928-08-23_Gazeta_Śledcza_R_9_L_1121_23_sierpnia_1928,1928-08-23,https://polona.pl/preview/9b956b5a-1b6f-4610-a4ba-c1243dc8dd5f,"Saczan Jan, s. Tichona i Epistymji, ur. w 1905 r., pochodzi z Hołowna, pow. Lubomi, osk. z art. 87, 88 i 108 ust. o powsz. ob. sl. wojski, posz. przez Sąd P. w Lubomlu, nr. K. 27-27 z dn. 30. 7. 28 r.; w razie ujęcia odesłać do więzienia w Kowlu do dysp. powyż. Sądu."
Jacyk Bolesław,,,,,wanted_by_city,9b956b5a-1b6f-4610-a4ba-c1243dc8dd5f,1928-08-23_Gazeta_Śledcza_R_9_L_1121_23_sierpnia_1928,1928-08-23,https://polona.pl/preview/9b956b5a-1b6f-4610-a4ba-c1243dc8dd5f,"Jacyk Bolesław, posz. G. Śl. 887 poz. 86, — ujęty. — Sąd P. w Kowlu, wydz. karny, L. K. 6256-26 z dn. 1. 8. 28 r."
Stankiewicz Edward,b. 1906,,,,last_address,5abe9712-bd45-461c-9233-d546649370ce,1928-08-25_Gazeta_Śledcza_R_9_L_1122_25_sierpnia_1928,1928-08-25,https://polona.pl/preview/5abe9712-bd45-461c-9233-d546649370ce,"Stankiewicz Edward, szer. 50 p. strz. kres., syn Klemensa i Klementyny, ur. w 1906 r. w Zamościu, ost. zam. w Kowlu, ul. Bielańska 3, wyzn. rz.-kat, fryzjer, osk. z art. §81 k.k. w. \ art. 49 ki k., posz. przez Wojsk. Sąd Okr. w Lublinie, nr. Ko. 109 28 z dn a 9. 8. 28 r. . ."
S z r o t Marjanna,,,,,wanted_by_city,22e977bd-9139-4d02-8273-b84c019991ee,1928-08-29_Gazeta_Śledcza_R_9_L_1124_29_sierpnia_1928,1928-08-29,https://polona.pl/preview/22e977bd-9139-4d02-8273-b84c019991ee,"S z r o t Marjanna, posz. G. ŚI. 930 poz. 17. — Sąd P. 6 Okr. w Łodzi, L. K. 233-25 z sierpnia 1928 r. d e. ^. 8 ‘ 26 9 56 ;>y-28. Zych Stanisław, posz. Q. Śl. 931 poz. 42.—Sąd P. 6 Okr. w Lodzi, L. K. 561-26 z sierpnia 1928 r. c a d 19 ' 25985-1v_28i Złamański Czesław, posz. G. Śl. 908 poz. 32.— Sąd P. w Kowlu, wydz. "
Porębski Jerzy Zdzisław,,,,,wanted_by_city,3976bd65-25f5-4c09-880d-553bfcc93b64,1928-09-03_Gazeta_Śledcza_R_9_L_1126_3_września_1928,1928-09-03,https://polona.pl/preview/3976bd65-25f5-4c09-880d-553bfcc93b64,"Porębski Jerzy Zdzisław, posz. G. Śl. 884 poz. 43. — Sąd P. w Kowlu, wydz. karny, L. 9024-25 z dn. 9. 8. 28 r."
Sawicki Karol,,,art. 591,Fraud / Embezzlement,wanted_by_city,45af7cff-5974-44d0-b203-49541b4add06,1928-09-12_Gazeta_Śledcza_R_9_L_1129_12_września_1928,1928-09-12,https://polona.pl/preview/45af7cff-5974-44d0-b203-49541b4add06,"Sawicki Karol, s. Antoniego i Anny, lat 34, ur. w Rohatynie, pow. Stanisławów, stanu wolnego, wojażer, osk. z art. 591 k. k., posz. przez Sąd P. w Kowlu, wydz. karny, nr. K. 4426-28 z dnia 28. 8. 28 r. 15 30501-1V-28 Potyrałła Antoni, s. Idziego i Juljanny, ost. zam. w Warszawie przy ul. Puławskiej 17, pracownik Główne"
Krawczuk Grzegorz,,,,,wanted_by_city,df85a8b3-cc6e-4d0f-a68a-d43439207239,1928-09-19_Gazeta_Śledcza_R_9_L_1131_19_września_1928,1928-09-19,https://polona.pl/preview/df85a8b3-cc6e-4d0f-a68a-d43439207239,"Krawczuk Grzegorz, posz. G. Śl. 941 poz. 50a.— Sąd P. w Zdołbunowie, L. K. 24-26 z dn. 28. 8. 28 r. (pismo Urz. Śl. w Lucku, L. US. 5970-28 z dn. 5. 9. 28 r.) 173. 135S0-1V-27. Ołomucki Sender, posz. G. Śl. 951 poz. 46 — ujęty. — Sąd P. w Kowlu, wydz. karny, L. K. 6883-26 z dn. 4. 9. 28 r."
Muczyński Zygmunt,,,,,last_address,246c84bc-7810-49c4-a5c2-516e9c824270,1928-09-28_Gazeta_Śledcza_R_9_L_1135_28_września_1928,1928-09-28,https://polona.pl/preview/246c84bc-7810-49c4-a5c2-516e9c824270,"Muczyński Zygmunt, s. Józefa i Józefy, lat 35, mieszk. Wyszkowa, pow. pułtuskiego, ost. zam* w Kowlu, włosy c.-blond' nos zadarty, osk. z art. 587 cz. 1 k. k., posz. przez Sąd Okr. w Łucku' wydz. 1 karny, sekc. 1, nr. K. 169-28 z dn. 14. 9. 28 r."
Gąsowski Jan,,,,,wanted_by_city,28db7acd-6037-4094-b687-96a8b4c15383,1928-10-01_Gazeta_Śledcza_R_9_L_1136_1_października_1928,1928-10-01,https://polona.pl/preview/28db7acd-6037-4094-b687-96a8b4c15383,"Gąsowski Jan, posz. G. Śl. 934 poz. 40. — Sąd P. w Kowlu, wydz. karny, L. K. 10874-28 z dn. 15. 9. 28 r. 170 20572-VI-27. Gutowska Ludwika, posz. G. Si. 957 poz. 47 — ujęta. — Sąd P. w Lipnie, L. K. 3992-27 z dn. 10. 9. 28 r."
Sawicki Karo!,,,,,wanted_by_city,e67943d5-8555-40b6-8070-df109c228446,1928-10-06_Gazeta_Śledcza_R_9_L_1138_6_października_1928,1928-10-06,https://polona.pl/preview/e67943d5-8555-40b6-8070-df109c228446,"Sawicki Karo!, posz. G. ŚI. 1129 poz. 14 ~~ zgłosił się sam. — Sąd P. w Kowlu, wydz. karny, L. K. 4426-28 z dnia 14. 9. 28 r. ."
Stankiewicz Edward,23,,"art. 440, art. 448",Forgery & Bribery,last_address,5ed09ecd-0b1b-41d8-b8e0-049acc5a1b3e,1928-10-09_Gazeta_Śledcza_R_9_L_1139_9_października_1928,1928-10-09,https://polona.pl/preview/5ed09ecd-0b1b-41d8-b8e0-049acc5a1b3e,"Stankiewicz Edward, s. Klemensa i Klementyny, 1 23, st. mieszk. Kowla, ost. zam. w Brześciu n/Bugiem przy ul. Pio trowskiej 8, wzrost w.-średni, szatyn, twarz pociągła, oczy !bure wpad nięte, nos długi, wąsy strzyżone, nosi baczki, osk z art. 440 i 448 k. k., posz. przez Pro-ra Sądu Okr. w Pińsku, nr. L. G. 25-28 z dn."
Demczuk Dymitr,,,,,wanted_by_city,5ed09ecd-0b1b-41d8-b8e0-049acc5a1b3e,1928-10-09_Gazeta_Śledcza_R_9_L_1139_9_października_1928,1928-10-09,https://polona.pl/preview/5ed09ecd-0b1b-41d8-b8e0-049acc5a1b3e,"Demczuk Dymitr, posz. G. Sl. 887 poz. 42 — ujęty. — Sąd P. w Kowlu, wydz. karny, L. K. 972-26 z dn. 12. 9* 28 r."
Jadanik Rudolf,,,,,wanted_by_city,5ed09ecd-0b1b-41d8-b8e0-049acc5a1b3e,1928-10-09_Gazeta_Śledcza_R_9_L_1139_9_października_1928,1928-10-09,https://polona.pl/preview/5ed09ecd-0b1b-41d8-b8e0-049acc5a1b3e,"Jadanik Rudolf, posz. G. Śl. 1054 poz. 127. —• Sąd P. w Kowlu, wydz. karny, L. K. 11334-27 z dn. 20. 9. 28 r."
Szostakowski Lucjan Seweryn,22,ul. Brze skiej 126,,,last_address,aa8ac254-dbba-4d8e-8671-404f14157aab,1928-10-15_Gazeta_Śledcza_R_9_L_1142_15_października_1928,1928-10-15,https://polona.pl/preview/aa8ac254-dbba-4d8e-8671-404f14157aab,"Szostakowski Lucjan Seweryn, s. Alojzego i Marty, 1. 22, st. mieszk. Warszawy, ost. zam. w Kowlu przy ul. Brze skiej 126, wzrost średni, szczupły, szatyn, twarz szczupła, oczy niebieskie, osk. o uchylanie się od sł. wojsk., posz. przez Pro-ra Sądu Okr. w Łu cku, nr. 3650-28 z dn. 2. 10. 28 r."
Bogufc Władysław,,,,,wanted_by_city,aa8ac254-dbba-4d8e-8671-404f14157aab,1928-10-15_Gazeta_Śledcza_R_9_L_1142_15_października_1928,1928-10-15,https://polona.pl/preview/aa8ac254-dbba-4d8e-8671-404f14157aab,"Bogufc Władysław, posz. G. Sl. 1118 poz. 96.— Sąd P. w Kowlu, wydz. karny, L. K. 136-28 z dn. 1. 10. 28 r."
Goldberg Zelman,23,,,,last_address,4f809b2f-d341-40b2-8c78-50e43e621f4f,1928-10-31_Gazeta_Śledcza_R_9_L_1147_31_października_1928,1928-10-31,https://polona.pl/preview/4f809b2f-d341-40b2-8c78-50e43e621f4f,"Goldberg Zelman, s. Froima, 1. 23, st. zam. w Kowlu przy ul. Łuckiej 80, wzrost średni, włosy blond, oczy niebies kie, osk. o uchylanie się od sł. wojsk., posz. przez Pro-ra Sądu Okr. w Łucku, nr. 3088-28 z dn. 13. 10. 28 r."
Zdankiewicz Antoni,,,,,wanted_by_city,700ab708-51bc-4aaf-ae40-7bb7681a75f2,1928-11-08_Gazeta_Śledcza_R_9_L_1150_8_listopada_1928,1928-11-08,https://polona.pl/preview/700ab708-51bc-4aaf-ae40-7bb7681a75f2,"Zdankiewicz Antoni, posz. G. Śl. 1049 poz. 97. - Sąd P. w Skierniewicach, L. K. 4173-27 z dn. 18. 10. 28 r, 12L 3859-1V-28. Sawczuk Antonina, posz. G. Śl. 1055 poz. ""“ Sąd P. w Kowlu, wydz. karny, L. K. 13709-27 z dn. 20. 10. 28 r. q j J 22, J 31 10-l v - 28 - Podkański Leon, dosz . G. Śl. 1085 poz. 57. — Sąd P. w Kiel"
Gotlib Nuchim,b. 1900,,art. 581,Theft,wanted_by_city,936b7e91-7ba3-4688-9864-ca60701279b8,1928-11-17_Gazeta_Śledcza_R_9_L_1154_17_listopada_1928,1928-11-17,https://polona.pl/preview/936b7e91-7ba3-4688-9864-ca60701279b8,"Gotlib Nuchim, s. Moszka i Rywki, ur. 4. 12. 1900 r., ost. zam. w Radomiu, przynal, do Skaryszewa, skazany z art. —-16120 — 591 k, k. na 3 mies. więzienia, posz. przez Sąd P. w Garwolinie, nr. K 600-27 z dn. 27. 9. 28 r. (Grz. Śl. st. m. Warszawy, nr. 38880*28 z dn. 25. 10. 28 r.) 27. 381951V-28. Danieluk Józef, s. Kon"
Zakuska Wolf,29,,art. 269,Unknown - verify (art. 269),wanted_by_city,936b7e91-7ba3-4688-9864-ca60701279b8,1928-11-17_Gazeta_Śledcza_R_9_L_1154_17_listopada_1928,1928-11-17,https://polona.pl/preview/936b7e91-7ba3-4688-9864-ca60701279b8,"Zakuska Wolf, s. Icka i Jachwy, 1. 29, ost. zam. w Osowie, pow. kostopolskiego, wyzn. mojż., osk. z art. 269 k. k. — Sąd P. w Kowlu, wydz. karny, nr. K. 8385-28 z dn. 24. 10. 28 r."
Sapiecha Aleksander,24,ul. Narożnej 15.—Sąd P. w Kowlu,,,last_address;wanted_by_city,936b7e91-7ba3-4688-9864-ca60701279b8,1928-11-17_Gazeta_Śledcza_R_9_L_1154_17_listopada_1928,1928-11-17,https://polona.pl/preview/936b7e91-7ba3-4688-9864-ca60701279b8,"Sapiecha Aleksander, s. Józefa i Balbiny, 1. 24, ost. zam. w Kowlu przy ul. Narożnej 15.—Sąd P. w Kowlu, wydz. karny, nr. K. 7048-28 z dn. 26. 10. 28 r."
Popis Stanisław,b. 1906,ul. Brzeskiej 172,"art. 53, art. 54, art. 121",Unknown - verify (art. 53) & Unknown - verify (art. 54) & Unknown - verify (art. 121),last_address,d3eb57f5-9b57-4c24-ad5b-2cc617dff3ae,1928-11-27_Gazeta_Śledcza_R_9_L_1158_27_listopada_1928,1928-11-27,https://polona.pl/preview/d3eb57f5-9b57-4c24-ad5b-2cc617dff3ae,"Popis Stanisław, szer. 50 p. strz. kres., s. Lud wika i Teofili, ur. 1. 2. 1906 r. w Kozienicach, ost. zam. w Kowlu przy ul. Brzeskiej 172, murarz, wzrost 163 cm., włosy c.-blond, twarz pociągła, oczy piwne, osk. z art. 53, 54 i 121 k. k. w. i art. 574 k. k., posz. przez Wojsk. Sąd Okr. w Lublinie, nr. KO. 420-28 z dn."
Werner Gustaw,25,,art. 581,Theft,wanted_by_city,0f69dca3-b552-4577-ad94-9b715e7a525c,1928-11-29_Gazeta_Śledcza_R_9_L_1159_29_listopada_1928,1928-11-29,https://polona.pl/preview/0f69dca3-b552-4577-ad94-9b715e7a525c,"Werner Gustaw, s. Gustawa, 1. 25, ur. w Moczuł- kach, gm. Klewań, pow. rówieńskiego, ost. zam. w Grószówce, gm. Lubi- tów, pow. kowelskiego, osk. z art. 581 k. k., posz. przez Sąd P. w Kowlu, wydz. karny, nr. K. 7988-28 z dn. 12. 11. 28 r."
Gertenkrot Gitel,b. 1901,,art. 107,Unknown - verify (art. 107),wanted_by_city,0f69dca3-b552-4577-ad94-9b715e7a525c,1928-11-29_Gazeta_Śledcza_R_9_L_1159_29_listopada_1928,1928-11-29,https://polona.pl/preview/0f69dca3-b552-4577-ad94-9b715e7a525c,"Gertenkrot Gitel, s. Woifa i Dyny, ur. 30. 5. 1901 r. w Łukowie.—Sąd P. w Kowlu, wydz. karny, nr. K. 7337-28 z dn. 9 . 11. 28 r. 0275 "" ! y'??- kostek Wawrzyniec, szer., s. Pawła i Antoniny, ur. w i^GO r. w Sobieskiej Woli, gm. Żółkiewka, pow, krasnystawskiego, przynal. do gm. Zakrzówek, pow. Janów Lub., ost, zam. w gm"
Diner Giecel,37,ul. Szuchajskiego 4,,,last_address,a01e5a3e-ffa1-4181-a192-a1c49303af5e,1928-12-04_Gazeta_Śledcza_R_9_L_1161_4_grudnia_1928,1928-12-04,https://polona.pl/preview/a01e5a3e-ffa1-4181-a192-a1c49303af5e,"Diner Giecel, s. Moszka i Rywki, 1. 37, ost. zam. w Kowlu przy ul. Szuchajskiego 4, wyzn. mojż., krawiec, osk. o przy właszczenie, posz. przez Sąd P. w Kamieniu Koszyrskim, nr. K. 3332-28 z dn. 13. 11. 28 r."
Kotiucha Semen,28,,,,wanted_by_city,1b324e3e-5956-45ba-97a1-3b4175b4fd4b,1928-12-15_Gazeta_Śledcza_R_9_L_1165_15_grudnia_1928,1928-12-15,https://polona.pl/preview/1b324e3e-5956-45ba-97a1-3b4175b4fd4b,"Kotiucha Semen, s. Andrzeja, 1. 28, ost. zam. we wsi Czeremoszno, gm. Powursk, pow. kowelskiego, wzrost średni brunet, twarz pociągła, osk. z art. 51 i 583 p. 2 k. k., posz. przez Pro-ra Sądu Okr. w Lucku, nr. W. 331-28 z dn. 20. 11. 28 r., w razie ujęcia od stawić do więzienia w Kowlu, o czem powiadomić powyż. Pro-ra."
a) Tugarynow Aleksander,b. 1868,,,,wanted_by_city,1b324e3e-5956-45ba-97a1-3b4175b4fd4b,1928-12-15_Gazeta_Śledcza_R_9_L_1165_15_grudnia_1928,1928-12-15,https://polona.pl/preview/1b324e3e-5956-45ba-97a1-3b4175b4fd4b,"a) Tugarynow Aleksander, s. Mikołaja i Raisy, ur. 27. 10. 1868 r., b) ZapolskI Mikołaj, s. Jana i Agaty, ur. 3.11:1883r. nauczyciel, c) Gordijenko Jerzy, s. Cyryla i Stefanji, ur. 28. 5, 1894 r.— Starostwo w Kowlu, nr. 6772-28-3. (Urz. Wojew. w Łucku, nr. 2272-2-B-28 z dn. 15. 11. 28 r.)"
Pozdrowski Tadeusz,,,,,wanted_by_city,1b324e3e-5956-45ba-97a1-3b4175b4fd4b,1928-12-15_Gazeta_Śledcza_R_9_L_1165_15_grudnia_1928,1928-12-15,https://polona.pl/preview/1b324e3e-5956-45ba-97a1-3b4175b4fd4b,"Pozdrowski Tadeusz, posz. G. Śl. 908 poz. 29.— Sąd P. w Kowlu, wydz. karny, L. K. 5575-28 z dn. 28. 11. 28 r."
Maj mark Gitla,,,"art. 51, art. 448, art. 441",Complicity / Aiding and Abetting & Bribery & Unknown - verify (art. 441),last_address,632902c3-f2ef-4d44-ad9c-d6936c519ba3,1928-12-22_Gazeta_Śledcza_R_9_L_1168_22_grudnia_1928,1928-12-22,https://polona.pl/preview/632902c3-f2ef-4d44-ad9c-d6936c519ba3,"Maj mark Gitla, c. Szlomy, ur w 1902 r rza?v U nka nS tw ar POW ‘ brubieszowsk5e 9°. ost. zam. w Kowlu, wzrost średni] nrl o owalna, oczy szare, osk. z art. 51, 448 i 441 k. k posz przez o. SI. 2 rew. pow. włodzimierskiego. Sąd Okr w Łucku wvdz i karny, sekc. 2, nr. 33575-28 z dn. 29. 11 28 r. 7 mb»«£ 6 'i 43778_iV "" 2"
Fijałkowski Franciszek,,,,,wanted_by_city,c7984d3f-ef39-40be-9cb1-53d152756c5a,1929-01-07_Gazeta_Śledcza_R_10_L_1172_7_stycznia_1929,1929-01-07,https://polona.pl/preview/c7984d3f-ef39-40be-9cb1-53d152756c5a,"Fijałkowski Franciszek, posz. G. Sl. 862 poz. 33. — Sąd P. w Kowlu, wydz. karny, L. K. 2911-25 z dn. 12. 12. 28 r."
Gro mik Michej,,,,,wanted_by_city,71bf3891-2038-4b28-bae5-a05e8539dc6a,1929-01-11_Gazeta_Śledcza_R_10_L_1175_11_stycznia_1929,1929-01-11,https://polona.pl/preview/71bf3891-2038-4b28-bae5-a05e8539dc6a,"Gro mik Michej, posz G. Śl. 934 poz. 32. — Sąd P. w Kowlu, wydz. karny, L. K. 10812-26 z dn. 22. 12. 28 r."
L iw ar Julja,26,,art. 581,Theft,last_address,e8fb0b11-d789-4148-bc72-9cf0e2b86843,1929-01-15_Gazeta_Śledcza_R_10_L_1176_15_stycznia_1929,1929-01-15,https://polona.pl/preview/e8fb0b11-d789-4148-bc72-9cf0e2b86843,"L iw ar Julja, c. Aleksandra i Pauliny, I. 26, mieszk. Kowla, ul. Bileńska 9, ost. zam. w Ratnie w szpitalu Sejmikowym, osk. z art. 581 k. k., posz. przez Sąd P. w Ratnie, pow. kowelskiego, nr. 1084-28 z dn. 15. 12. 28 r."
Mielniczuk Jan,,,,,wanted_by_city,e8fb0b11-d789-4148-bc72-9cf0e2b86843,1929-01-15_Gazeta_Śledcza_R_10_L_1176_15_stycznia_1929,1929-01-15,https://polona.pl/preview/e8fb0b11-d789-4148-bc72-9cf0e2b86843,"Mielniczuk Jan, posz. G. Śl. 928 poz."" 34.— Sąd P. w Kowlu, wydz. karny, L. K. 9127-26 z dn. 19. 12. 28 r."
Dutkiewicz Stanisław,,,,,wanted_by_city,5df453a1-a9ba-4eb6-9336-fb4a6c2a45c2,1929-01-19_Gazeta_Śledcza_R_10_L_1178_19_stycznia_1929,1929-01-19,https://polona.pl/preview/5df453a1-a9ba-4eb6-9336-fb4a6c2a45c2,"Dutkiewicz Stanisław, posz. G. Sl. 637 poz. 58, 905 poz. 49. — Sąd Grodzki w Kowlu, wydz. karny, L. K. 3972-23 z dnia 4. 1. 29 r."
Bedyński Jan,,,,,wanted_by_city,d37d8fda-80b5-4de7-962e-c70b101b445b,1929-02-05_Gazeta_Śledcza_R_10_L_1184_5_lutego_1929,1929-02-05,https://polona.pl/preview/d37d8fda-80b5-4de7-962e-c70b101b445b,"Bedyński Jan, posz. G. Sl. 978 poz. 100. — Sąd Grodzki w Kowlu, wydz. karny, L. K. 478-27 z dn. 15. 1. 29 r. 12 J’j 2 ? 29 ' 1 ^ 29 - Ignatowicz Leokadja, posz. G. Śl. 1039 poz. 14 r 29 r ° dzk ' W Ski8,u > P° w - grodzieńskiego, L. K. 249-26 z dnia"
Kaplikiewicz Stanisław,,,,,wanted_by_city,7aa73bd9-2e9a-4355-a9cc-4163f5dfcb3d,1929-03-08_Gazeta_Śledcza_R_10_L_1197_8_marzec_1929,1929-03-08,https://polona.pl/preview/7aa73bd9-2e9a-4355-a9cc-4163f5dfcb3d,"Kaplikiewicz Stanisław, posz. G. Śl. 852 poz. 59 — ujęty. — Sąd Grodzki w Kowlu, wydz. karny, L. K. 158-26 z dnia 13. 2. 29 r."
Pisinger (nie Pisiuger) Roman,,,,,wanted_by_city,a6d6bbb6-a3d9-4394-baaa-48e18d41143b,1929-03-25_Gazeta_Śledcza_R_10_L_1203_25_marca_1929_dod,1929-03-25,https://polona.pl/preview/a6d6bbb6-a3d9-4394-baaa-48e18d41143b,"Pisinger (nie Pisiuger) Roman, posz. G. Śl. 887 poz. 36. — Sąd Grodzki w Kowlu, wydz. karny, L. K. 727-25 z dn. 7. 3. 29 r."
Pupek Leopold,,,,,wanted_by_city,2e93b91e-9706-4104-b9d4-ab8df2e2f265,1929-04-05_Gazeta_Śledcza_R_10_L_1207_5_kwiecień_1929,1929-04-05,https://polona.pl/preview/2e93b91e-9706-4104-b9d4-ab8df2e2f265,"Pupek Leopold, posz. G. Sl. 835 poz. 73.—Sąd Grodzki w Kowlu, wydz. kamy. L. K. 1212-25 z dn. 6. 3. 29 r."
Sochanowski Anastazy,,,,,wanted_by_city,58a3f750-f61e-4771-bccc-17cd34f3d974,1929-04-13_Gazeta_Śledcza_R_10_L_1210_13_kwiecień_1929,1929-04-13,https://polona.pl/preview/58a3f750-f61e-4771-bccc-17cd34f3d974,"Sochanowski Anastazy, posz. G. Śl. 949 poz. *1. -— Sąd Grodzki w Kowlu, wydz. karny, L. K. 9348-26 z dn. 20. 3. 29 r."
Domański Andrzej,,,,,wanted_by_city,58a3f750-f61e-4771-bccc-17cd34f3d974,1929-04-13_Gazeta_Śledcza_R_10_L_1210_13_kwiecień_1929,1929-04-13,https://polona.pl/preview/58a3f750-f61e-4771-bccc-17cd34f3d974,"Domański Andrzej, posz. G. Śl. 949 poz. 42. — Sąd Grodzki w Kowlu, wydz. karny, L. K. 9348-26 z dn. 20. 3. 29 r. 132. 1 1076-1V-29. Strasburg Lejbuś, posz. G. Śl. 978 poz. 111 — u jęty. — Urz. Śl. w Warszawie, L. Kr. 6365-29, B. X. Rep. 833 z dn. 18. ■V 29 r."
Gartenkrot Gitel,,,,,wanted_by_city,a7d8330b-d011-47b0-b29b-76ed1393c7a7,1929-05-25_Gazeta_Śledcza_R_10_L_1223_25_maj_1929,1929-05-25,https://polona.pl/preview/a7d8330b-d011-47b0-b29b-76ed1393c7a7,"Gartenkrot Gitel, posz. G. Śl. 1159 poz. 64. — Sąd Grodzki w Kowlu, wydz. karny, L. K. 7337-28 z dn. 1. 5. 29 r."
Tyllng Romuald,,,,,wanted_by_city,c7396c60-5f24-4b86-b886-c417eb92c6c6,1929-05-31_Gazeta_Śledcza_R_10_L_1225_31_maj_1929,1929-05-31,https://polona.pl/preview/c7396c60-5f24-4b86-b886-c417eb92c6c6,"Tyllng Romuald, posz. G. Śl. 891 poz. 84. — Sąd Grodzki w Kowlu, wydz. kamy, L. K. 1258-26 z dn. 10. 5. 29 r."
Radwanowa Anastazja,37,,,,wanted_by_city,6b25b603-64dd-4ba2-a7d6-284a752beeaa,1929-06-04_Gazeta_Śledcza_R_10_L_1226_4_czerwiec_1929,1929-06-04,https://polona.pl/preview/6b25b603-64dd-4ba2-a7d6-284a752beeaa,"Radwanowa Anastazja, c. Jana, 1. 37, ur. w gub. czernihowskiej (Rosja), ost. zam. we wsi Horodno, gm. Hołomo, pow Lubomi, wyzn. rz.-kat., osk. z art. 581 cz. II i III k. k., posz, przez Sąd Grodzki w Lubomlu, nr. K. 207-26 z dn. 28. 4. 29 r.; w razie ujęcia odstawić do więzienia w Kowlu do dysp. powyż. Sądu."
Radwan Karol,42,,,,wanted_by_city,6b25b603-64dd-4ba2-a7d6-284a752beeaa,1929-06-04_Gazeta_Śledcza_R_10_L_1226_4_czerwiec_1929,1929-06-04,https://polona.pl/preview/6b25b603-64dd-4ba2-a7d6-284a752beeaa,"Radwan Karol, s. Jana i Julji, 1. 42, ur. w My ślenicach, pow. wadowskiego (Małopolska), ost. zam. we wsi Horodno, gm. Hołowno, pow. Lubomi, wyzn. rz.-kat., fryzjer, osk z art. 581 cz. II i 111 k. k., posz. przez Sąd Grodzki w Lubomlu, nr. K. 207-26 z dn. 28. 4. 29 r.; w razie ujęcia odstawić do więzienia w Kowlu do dy"
Kra luk Elżbieta,b. 1889,,art. 581,Theft,wanted_by_city,6b25b603-64dd-4ba2-a7d6-284a752beeaa,1929-06-04_Gazeta_Śledcza_R_10_L_1226_4_czerwiec_1929,1929-06-04,https://polona.pl/preview/6b25b603-64dd-4ba2-a7d6-284a752beeaa,"Kra luk Elżbieta, c. Józefa 1 Tekli z d. Pachol- czuk ur. 8. 3. 1889 r. w Żmudzi, pow. chełmskiego, z. lubelskiej, wyzn. prawosł., służąca, osk. z art. 581 k. k., posz. przez Sąd Grodzki w Lu bomlu, nr. K. 2794-27 z dn. 28. 4. 29 r.; w razie ujęcia odstawić do więzienia w Kowlu do dysp. powyż. Sądu."
Getrajtman Hersz,,,,,wanted_by_city,6b25b603-64dd-4ba2-a7d6-284a752beeaa,1929-06-04_Gazeta_Śledcza_R_10_L_1226_4_czerwiec_1929,1929-06-04,https://polona.pl/preview/6b25b603-64dd-4ba2-a7d6-284a752beeaa,"Getrajtman Hersz, s. Judki i Sury, ur. w Józe- fowie, pow. puławskiego, tamże przynal., ost. zam. w Bereżce, pow. Lu- boml, osk. z art. 581 cz. I k. k., posz. przez Sąd Grodzki w Lubomlu, nr. K. 1846-27 z dn. 28. 4. 29 r.; w razie ujęcia odstawić do więzienia w Kowlu do dysp. powyż. Sądu."
Kogucik Karol,30,,art. 591,Fraud / Embezzlement,wanted_by_city,6b25b603-64dd-4ba2-a7d6-284a752beeaa,1929-06-04_Gazeta_Śledcza_R_10_L_1226_4_czerwiec_1929,1929-06-04,https://polona.pl/preview/6b25b603-64dd-4ba2-a7d6-284a752beeaa,"Kogucik Karol, s. Stanisława i Marjanny, 1. 30, przynal. do wsi Jankowce, gm. Bereżce, pow. Lubomi, tamże ost. zam., wyzn. rz.-kat., kowal, osk. z art. 591 k. k., posz. przez Sąd Grodzki w Lubomlu, nr. K. 114-28 z dn. 28. 4. 29 r.; w razie ujęcia odstawie do więzienia w Kowlu do dysp. powyż. Sądu. 3b. 16680-1V-29. Mołd"
Lewicz Marja,26,,art. 581,Theft,wanted_by_city,6b25b603-64dd-4ba2-a7d6-284a752beeaa,1929-06-04_Gazeta_Śledcza_R_10_L_1226_4_czerwiec_1929,1929-06-04,https://polona.pl/preview/6b25b603-64dd-4ba2-a7d6-284a752beeaa,"Lewicz Marja, c. Piotra i Marji, 1. 26, przynal. do gm. Olesk, pow. włodzimierskiego, tamże ost. zam., wyzn. prawosł., osk. z art. 581 k. k., posz. przez Sąd Grodzki w Lubomlu, nr. K. 61-26 z dn. 28. 4. 29 r.; w razie ujęcia odstawić do więzienia w Kowlu do dysp. powyż. Sądu."
Kenig Otton,b. 1903,,art. 591,Fraud / Embezzlement,wanted_by_city,e55cc86e-5ef3-45d8-aa7b-b48b77b8eae7,1929-06-07_Gazeta_Śledcza_R_10_L_1228_7_czerwca_1929,1929-06-07,https://polona.pl/preview/e55cc86e-5ef3-45d8-aa7b-b48b77b8eae7,"Kenig Otton, s. Roberta i Pauliny, lat 24, urodz. w Nowosolnej, pow. łódzkiego, ost. zam. w Łodzi przy ul. Brzezińskiej 3, biuralista, osk. z art. 591 k. k., posz. przez Sąd Grodzki w Wieluniu, nr. K. 3295-28 z dnia 4. 5. 29 r. . 37 17668-1V-29. Tkaczuk Jadwiga, c. Jana i Jadwigi, urodz. w 1903 r. we wsi Okońsk, gm. Gr"
Szablewski Józef,,,,,wanted_by_city,e55cc86e-5ef3-45d8-aa7b-b48b77b8eae7,1929-06-07_Gazeta_Śledcza_R_10_L_1228_7_czerwca_1929,1929-06-07,https://polona.pl/preview/e55cc86e-5ef3-45d8-aa7b-b48b77b8eae7,"Szablewski Józef, posz. G. Sl. 884 poz. 56 — ujęty. — Sąd Grodzki w Kowlu, L. K. 5173-26 z dn. 14. 5. 29 r. 126 37593-1V-28. Sobociński Antoni, posz. G. Śl. 692 poz. 69 — z powodu ukończenia sprawy. - Sąd.Grodzki w Aleksandrowie Kujaw.. L. K. 12-25 z dn. 15. 5. 29 r."
Goldberg Srul,22,,,,last_address,3a911cca-8ab1-4f74-b1be-57b2a64093b2,1929-06-13_Gazeta_Śledcza_R_10_L_1231_13_czerwca_1929,1929-06-13,https://polona.pl/preview/3a911cca-8ab1-4f74-b1be-57b2a64093b2,"Goldberg Srul, s. Abrama i Chaji, 1. 22, mieszk. Kowla, ul. Warszawska 101, wzrost średni, włosy blond, twarz pociągła, oczy bure, osk. z art. 476 cz. 1 k. k., posz. przez Sąd Okr. w Łomży, nr. 406-28 z dn. 15. 5. 29 r."
Dziedzic Michał,b. 1903,ul. Legjonów 10,"art. 441, art. 448",Unknown - verify (art. 441) & Bribery,last_address,e348a198-4050-4f51-af18-30bbb32be094,1929-06-15_Gazeta_Śledcza_R_10_L_1232_15_czerwca_1929,1929-06-15,https://polona.pl/preview/e348a198-4050-4f51-af18-30bbb32be094,"Dziedzic Michał, s. Jana i Magdaleny z Antec- kich, ur. 9. 9. 1903 r. we wsi Berac, gm. Klimontów, pow. sandomier skiego, przynal. do gm. Łagów, pow. opatowskiego, ost. zam. w Kowlu przy ul. Legjonów 10, wyzn. rz.-kat., wyrobnik, wzrost niski, włosy c.-blond, twarz okrągła blada, oczy niebieskie, nos spłaszczony, osk. "
Chołodowsk! Władysław,,ul. * Młynarskiej.—Konsystorz Prawosławny w Krzemieńcu. .,,,last_address,e348a198-4050-4f51-af18-30bbb32be094,1929-06-15_Gazeta_Śledcza_R_10_L_1232_15_czerwca_1929,1929-06-15,https://polona.pl/preview/e348a198-4050-4f51-af18-30bbb32be094,"Chołodowsk! Władysław, s. Władysława i Marji, I. 35. ost. zam. w Kowlu przy ul* Młynarskiej.—Konsystorz Prawosławny w Krzemieńcu. ."
Nesthejmer Adam,44,ul. Legjonów 4 (rodzi- nU em ‘ W ? wlu p,art. 586,Unknown - verify (art. 586),last_address,486ca24b-fed6-4696-8855-c24f4f0607e0,1929-07-02_Gazeta_Śledcza_R_10_L_1238_2_lipca_1929_dod,1929-07-02,https://polona.pl/preview/486ca24b-fed6-4696-8855-c24f4f0607e0,"Nesthejmer Adam, s. Wilhelma i Elizy, ur. 27. 3. 1899 r. w kol. Natalin, gm. Czarnków, pow. łuckiego, tamże przynależny ' ost. zam., wyzn. ewang., rolnik, wzrost s'redni, włosy blond, twarz okrą- gła, oczy piwne. osk. o uchylanie się od sł. wojsk. posz. przez Pro-ra Sądu Okr. w Łucku, nr. 1615-29 z dn. 10. 6. 29 r. K -"
Kucyper Anna,,,art. 581,Theft,last_address,486ca24b-fed6-4696-8855-c24f4f0607e0,1929-07-02_Gazeta_Śledcza_R_10_L_1238_2_lipca_1929_dod,1929-07-02,https://polona.pl/preview/486ca24b-fed6-4696-8855-c24f4f0607e0,"Kucyper Anna, c. Wojciecha i Franciszki, ur. 13. 7. 19o3 r. w Uniejowie, gm. Wielkie Zagórze, pow. miechowskiego, tamże przynal., ost. zam. w Kowlu przy ui. Monopolowej 89, wyzn. rz,-kat., robotnica, osk. z art. 581 k. k., posz. przez Sąd Grodzki w Łucku, nr. K. 3038-23 .z dn. 10. 6. 29 r,."
ftrjonowlcz Leon,b. 1912,,art. 581,Theft,last_address;wanted_by_city,ab3d38b7-455d-49fa-a18d-371711bcc408,1929-07-20_Gazeta_Śledcza_R_10_L_1245_20_lipca_1929_dod,1929-07-20,https://polona.pl/preview/ab3d38b7-455d-49fa-a18d-371711bcc408,"ftrjonowlcz Leon, s. Abrama 1 Sury, 1. 35— przynal. do gm. Zelwa, pow. wołkowyskiego, ost. zam. w Kowlu przy u • Włodzimierskiej 55, wyzn. mojż., malarz, osk. z art. 581 k. k., po 5< ’ przez Sąd Grodzki w Kowlu, nr. K. 2296-28 z dn. 1. 7. 29 r. 25 24837-1V-29. Kostański Henryk Herman, ur. w 1912 r. w 5 U ' praślu, pow,"
Morozow Michał,17,,,,wanted_by_city,083c2796-72c9-461d-b3db-7fa2a0a2bd84,1929-08-07_Gazeta_Śledcza_R_10_L_1250_7_sierpnia_1929,1929-08-07,https://polona.pl/preview/083c2796-72c9-461d-b3db-7fa2a0a2bd84,"Morozow Michał, s. Dymitra, 1. 17, ost. zam- ""^'j/ Aleksandrówka, gm. i pow. kostopolskicgo, posz. za przest. z art. 58 prsez Sąd Grodzki w Kowlu, wydz. karny, nr. K. 4595-29 z dn. 18./.* ' ^"
Szyfer Liba Ruchla,,,,,last_address;wanted_by_city,083c2796-72c9-461d-b3db-7fa2a0a2bd84,1929-08-07_Gazeta_Śledcza_R_10_L_1250_7_sierpnia_1929,1929-08-07,https://polona.pl/preview/083c2796-72c9-461d-b3db-7fa2a0a2bd84,"Szyfer Liba Ruchla, c. Pinchasa i Symy- ^ {{v ; ur. w Tarnogrodzie, pow. biłgorajskiego, ost. zam. w Kowlu przy 11 • narskiej 7, wzrost średni, włosy j. blond rudawe, twarz okrągła? p 0. Przest. z art. 581 k. k. przez Sąd Grodzki w Kowlu, wydz. karny, nr. K. * 1 794-28 z dn. 18.7.29 r."
Tokarczyk Władysław,,ul. Mo nopolowej 1(5,,,last_address;wanted_by_city,083c2796-72c9-461d-b3db-7fa2a0a2bd84,1929-08-07_Gazeta_Śledcza_R_10_L_1250_7_sierpnia_1929,1929-08-07,https://polona.pl/preview/083c2796-72c9-461d-b3db-7fa2a0a2bd84,"Tokarczyk Władysław, s. Ludwika i Marjannv, 1. ^5, ur. w Krynicy, pow. Kamień-Koszyrski, ost. zain. w Kowlu przy ul. Mo nopolowej 1(5, posz. za przest. z art. 581 k. k. przez Sąd Grodzki w Kowlu. w ydz. karny, nr. K. 1293-29 z dn. 18.7.29 r."
Tkaczuk Iwan v. Kowalczuk Jewłampij,15,,,,wanted_by_city,083c2796-72c9-461d-b3db-7fa2a0a2bd84,1929-08-07_Gazeta_Śledcza_R_10_L_1250_7_sierpnia_1929,1929-08-07,https://polona.pl/preview/083c2796-72c9-461d-b3db-7fa2a0a2bd84,"Tkaczuk Iwan v. Kowalczuk Jewłampij, s. An- ^ rze ja i Tatjanv, 1. 15, ost. zam. we wsi Zasmyki, gm. Lubitów, pow. kowel- s kieg 0j posz Z a przest. z art. 581 k. k. przez Sąd Grodzki w Kowlu, wydz. kar nj% nr. K. 6949-28 z dn. 18.7.29 r."
Lackowski Jan,34,ul. Mickiewicza Posz. za przest. z art. 581 k. k. przez Sąd Grodzki w Kowlu,,,last_address;wanted_by_city,083c2796-72c9-461d-b3db-7fa2a0a2bd84,1929-08-07_Gazeta_Śledcza_R_10_L_1250_7_sierpnia_1929,1929-08-07,https://polona.pl/preview/083c2796-72c9-461d-b3db-7fa2a0a2bd84,"Lackowski Jan, s. Rozalji, 1. 34, ur. i przynal. do Siedliszcze, pow. chełmskiego, ost. zam. w Kowlu przy ul. Mickiewicza Posz. za przest. z art. 581 k. k. przez Sąd Grodzki w Kowlu, wydz. karny. nr - K. .3396-29 z dn. 18.7.29 r."
Siemiątkowski Wincenty,,,,,wanted_by_city,3ca5c860-aa8e-48a3-a02a-f3cd82b1a167,1929-08-24_Gazeta_Śledcza_R_10_L_1255_24_sierpnia_1929,1929-08-24,https://polona.pl/preview/3ca5c860-aa8e-48a3-a02a-f3cd82b1a167,"Siemiątkowski Wincenty, posz. G. Śl. 912 56 — z powodu odbycia kary. — Sąd Grodzki w Kowlu, wydz. karu)) K. 9200-26 z dn. 7.8.29 r."
Senigórski Jan,24,ul. Warszaw- kad,"art. 142, art. 154",Unknown - verify (art. 142) & Unknown - verify (art. 154),last_address,87e88be3-db19-4d6e-a5fe-e32dba0878e4,1929-08-31_Gazeta_Śledcza_R_10_L_1257_31_sierpnia_1929_dod,1929-08-31,https://polona.pl/preview/87e88be3-db19-4d6e-a5fe-e32dba0878e4,"Senigórski Jan, s. Piotra i Anastazji, po""' 1894 r. w Zduńskiej Woli, st. zam. we wsi Grodzisko, gm- # K r< f # częstochowskiego, osk. z art. 142 i 154 k. k., posz. przez Sąd Gr< n * vV jęzi L>I1 ’‘ picach, nr. K. 966-29 dn. 12.8.29 r.; w razie ujęcia odstawie (( w Częstochowie do dysp. powyż. Sądu. , ; Teofil 38. 3082"
Podolanka Marcin,b. 1907,,art. 53,Unknown - verify (art. 53),last_address,d029b8b3-1f9b-4521-aa91-f89665c6bf61,1929-09-05_Gazeta_Śledcza_R_10_L_1258_5_września_1929,1929-09-05,https://polona.pl/preview/d029b8b3-1f9b-4521-aa91-f89665c6bf61,"Podolanka Marcin, szer. 13 baonu K. O. P., s. tam 9 ' Eugenji, ur. w 1907 r. w Ożydowie, pow. Złoczów, tamże ost. osk’ w y r obnik, wzrost 162 cm., włosy ciemne, twarz owalna, oczy siwe, Polii 2 art * 53 > 56 ' 121 k. k. w., posz. przez Wojsk. Sąd Rej. w Tarno- '£ ddz - 1, nr. Sr. 90-29 z dn. 20. 8. 29 r. jar, n ■ 3143"
Przygrodzki Władysław,64,,art. 381,Unknown - verify (art. 381),wanted_by_city,19ee0532-6299-4947-8209-ba43de7522a6,1929-09-24_Gazeta_Śledcza_R_10_L_1264_24_września_1929,1929-09-24,https://polona.pl/preview/19ee0532-6299-4947-8209-ba43de7522a6,"Przygrodzki Władysław, s. Wawrzyńca i K z m ., Ur - 23.5.1894 r. w Łodzi na Bałutach, przynal. do gm. Staw, pow. kaliskiego, ost. zam. w Łodzi przy ul. Sierakowskiej 33, wyzn. rz. kat., stanu wolnego, slusarz, wzrost średni, włosy ciemne, twarz owklna, oczy szare, posz. przez bąd Grodzki w Kole, nr. K. 5277-29 z dn. 9."
Kuźmicz Stefan,17,,,,wanted_by_city,0c337109-b238-4b8f-984f-643fc1370dae,1929-09-25_Gazeta_Śledcza_R_10_L_1265_25_września_1929,1929-09-25,https://polona.pl/preview/0c337109-b238-4b8f-984f-643fc1370dae,"Kuźmicz Stefan, s. Kiryła, 1. 17, ost. zam. we wsi Chojniki, gm. maleckiej, pow. prużańskiego, wyrobnik, osk. z art. I 38 k. — Sąd Grodzki w Kowlu, wydz. karny, nr. K. 8138-28 z dn. 10.9.29 r."
Skok Jakób,22,,art. 138,Disobedience / Violation of Police Regulations,wanted_by_city,0c337109-b238-4b8f-984f-643fc1370dae,1929-09-25_Gazeta_Śledcza_R_10_L_1265_25_września_1929,1929-09-25,https://polona.pl/preview/0c337109-b238-4b8f-984f-643fc1370dae,"Skok Jakób, s. Jana i Tatjany, 1. 22, ost. zai»; w kol. Rafałówka, pow. sarneńskiego, osk. z art. 138 k. k. — Sąd Grodzki w Kowlu, wydz. karny, nr. K. 9976-28 z dn. 10.9.29 r. 72* 34746-IV-29. Balcerak Anna, c. Apolonji, ost. zam. w j szawie przy ul. Marszałkowskiej 125 m. 14, osk. z art. 138 k. k. — ^ Grodzki w Wołomi"
Ziółkowski Józef,37,,art. 138,Disobedience / Violation of Police Regulations,wanted_by_city,9a0038f7-aff0-4fc5-ad9e-32f38d5436dd,1929-09-30_Gazeta_Śledcza_R_10_L_1266_30_września_1929,1929-09-30,https://polona.pl/preview/9a0038f7-aff0-4fc5-ad9e-32f38d5436dd,"Ziółkowski Józef, s. Stanisława i Juljanny, 1. 37, ost. zam. w os. Przytyk, pow. radomskiego, osk. z art. 138 k. k. — Sąd Grodzki w Kowlu, wydz. karny, nr. K. 1559-29 i nr. K. 1695-29 z dn. 12. 9.29 r."
Borysiuk Dorofiej,18,,art. 581,Theft,wanted_by_city,9a0038f7-aff0-4fc5-ad9e-32f38d5436dd,1929-09-30_Gazeta_Śledcza_R_10_L_1266_30_września_1929,1929-09-30,https://polona.pl/preview/9a0038f7-aff0-4fc5-ad9e-32f38d5436dd,"Borysiuk Dorofiej, s. Jakima i '1 acjanny, 1. 18, ost. zam. we wsi i gm. Gródek, pow. kowelskiego, osk. z art. 581 k. k. Sąd Grodzki w Kowlu, wydz. karny, nr. K. 7310-29 z dn. 12.9.29 r."
Wiśniewski Michał,40,,art. 138,Disobedience / Violation of Police Regulations,wanted_by_city,207c2a59-2a1e-48fa-8463-b6f6962dd59f,1929-10-02_Gazeta_Śledcza_R_10_L_1267_2_października_1929,1929-10-02,https://polona.pl/preview/207c2a59-2a1e-48fa-8463-b6f6962dd59f,"Wiśniewski Michał, s. Wojciecha i Marji, 1. 40, ost. zam. w Stolinie, osk. z art. 138 k. k. — Sąd Grodzki w Kowlu, wydz. karny, nr. K. 1006-29 z dn. 17.9.29 r."
Deja Franciszka,33,,art. 138,Disobedience / Violation of Police Regulations,wanted_by_city,207c2a59-2a1e-48fa-8463-b6f6962dd59f,1929-10-02_Gazeta_Śledcza_R_10_L_1267_2_października_1929,1929-10-02,https://polona.pl/preview/207c2a59-2a1e-48fa-8463-b6f6962dd59f,"Deja Franciszka, c. Piotra i Wiktorji, 1. 33, ost. zam. w Radomiu przy ul. Długiej 10, osk. z art. 138 k. k. — Sąd Grodzki w Kowlu, wydz. karny, nr. K. 1003-29 z dn. 17.9.29 r."
Smalec Jan,19,,art. 138,Disobedience / Violation of Police Regulations,wanted_by_city,207c2a59-2a1e-48fa-8463-b6f6962dd59f,1929-10-02_Gazeta_Śledcza_R_10_L_1267_2_października_1929,1929-10-02,https://polona.pl/preview/207c2a59-2a1e-48fa-8463-b6f6962dd59f,"Smalec Jan, s. Jana i Katarzyny, 1. 19, ost. zarU' w Maniewiczach, gm. Gródek, pow. kowelskicgo, osk. z art. 138 k. k. —' Sąd Grodzki w Kowlu, wydz. karny, nr. K. 1000-29 z dn. 17.9.29 r."
Kotiuk Kostyna,21,,art. 138,Disobedience / Violation of Police Regulations,wanted_by_city,207c2a59-2a1e-48fa-8463-b6f6962dd59f,1929-10-02_Gazeta_Śledcza_R_10_L_1267_2_października_1929,1929-10-02,https://polona.pl/preview/207c2a59-2a1e-48fa-8463-b6f6962dd59f,"Kotiuk Kostyna, c. Stefana i Marji, 1. 21, ° s ^‘ zam. w Kupiczowie, pow. kowelskiego, osk. z art. 138 k. k. — Sąd Grodzki w Kowlu, wydz. karny, nr. K. 988-29 z dn. 17.9.29 r."
Baj Ignacy,19,,art. 138,Disobedience / Violation of Police Regulations,wanted_by_city,207c2a59-2a1e-48fa-8463-b6f6962dd59f,1929-10-02_Gazeta_Śledcza_R_10_L_1267_2_października_1929,1929-10-02,https://polona.pl/preview/207c2a59-2a1e-48fa-8463-b6f6962dd59f,"Baj Ignacy, s. Ignacego i Marji, 1. 19, ost. zai* 1, w pow. tomaszowskim, osk. z art. 138 k. k. — Sąd Grodzki w Kowlu, wyd*' karny, nr. K. 92-29 z dn. 19.9.29 r."
Sajuk Mikołaj,26,,art. 581,Theft,wanted_by_city,207c2a59-2a1e-48fa-8463-b6f6962dd59f,1929-10-02_Gazeta_Śledcza_R_10_L_1267_2_października_1929,1929-10-02,https://polona.pl/preview/207c2a59-2a1e-48fa-8463-b6f6962dd59f,"Sajuk Mikołaj, s. Mikołaja, 1. 26, ost. zatf*’ w Turzysku, pow. kowelskiego, wyzn. prawosł. żonaty, osk. z art. 581 k. k- "" Sąd Grodzki w Kowlu, wydz. karny, nr. K. 79-29 z dn. 16.9.29 r."
Król Ludwik,,,art. 138,Disobedience / Violation of Police Regulations,wanted_by_city,207c2a59-2a1e-48fa-8463-b6f6962dd59f,1929-10-02_Gazeta_Śledcza_R_10_L_1267_2_października_1929,1929-10-02,https://polona.pl/preview/207c2a59-2a1e-48fa-8463-b6f6962dd59f,"Król Ludwik, s. Jana i Antoniny, ur. w 1895 r '> ost. zam. w gm. Białopole, pow. hrubieszowskiego, osk. z art. 138 k. k. — Sąd Grodzki w Kowlu, wydz. karny, nr. K. 15106-27 z dn. 16.9.29 r."
Chomicz Bazyli,24,,art. 138,Disobedience / Violation of Police Regulations,wanted_by_city,207c2a59-2a1e-48fa-8463-b6f6962dd59f,1929-10-02_Gazeta_Śledcza_R_10_L_1267_2_października_1929,1929-10-02,https://polona.pl/preview/207c2a59-2a1e-48fa-8463-b6f6962dd59f,"Chomicz Bazyli, s. Awakuma i Justyny, 1. 24, ost. zam. we wsi Kortelisy, gm. Gorniki, pow. kowelskiego, osk. z art. 138 k. k.— Sąd Grodzki w Kowlu, w-ydz. karny, nr. K. 3346-28 z dn. 16.9.29 r."
Srajczuk Piotr,b. 1904,,art. 138,Disobedience / Violation of Police Regulations,wanted_by_city,207c2a59-2a1e-48fa-8463-b6f6962dd59f,1929-10-02_Gazeta_Śledcza_R_10_L_1267_2_października_1929,1929-10-02,https://polona.pl/preview/207c2a59-2a1e-48fa-8463-b6f6962dd59f,"Srajczuk Piotr, s. Michała i Katarzyny, ur. w 1904 r., ost. zam. w- Horodence, woj. stanisławowskiego, osk. z art. 138 k. k. — Sąd Grodzki w Kowlu, wydz. karny, nr. K. 10940-28 z dn. 16.9.29 r."
Gutman Chaim,,,art. 398,Unknown - verify (art. 398),wanted_by_city,207c2a59-2a1e-48fa-8463-b6f6962dd59f,1929-10-02_Gazeta_Śledcza_R_10_L_1267_2_października_1929,1929-10-02,https://polona.pl/preview/207c2a59-2a1e-48fa-8463-b6f6962dd59f,"Gutman Chaim, s. Lejbisza i Małki, ost. zam. w Maniewiczach, gm. Gródek, pow. kowelskiego, osk. z art. 398 k. k. — Sąd Grodzki w Kowlu, wydz. karny, nr. K. 9180-28 z dn. 16.9.29 r."
Josowicz Matys* s. Noecha,32,ul. Komorowskiej 18,art. 138,Disobedience / Violation of Police Regulations,last_address;wanted_by_city,207c2a59-2a1e-48fa-8463-b6f6962dd59f,1929-10-02_Gazeta_Śledcza_R_10_L_1267_2_października_1929,1929-10-02,https://polona.pl/preview/207c2a59-2a1e-48fa-8463-b6f6962dd59f,"Josowicz Matys* s. Noecha, 1. 32, ost. zam. w Kowlu przy ul. Komorowskiej 18, robotnik, osk. z art. 138 k. k., posz. przez Sąd Grodzki w Kowlu, wydz. karny, nr. K. 8186-28 z dn. 16.9.29 r."
Striczuk Klimenty,21,,art. 138,Disobedience / Violation of Police Regulations,wanted_by_city,207c2a59-2a1e-48fa-8463-b6f6962dd59f,1929-10-02_Gazeta_Śledcza_R_10_L_1267_2_października_1929,1929-10-02,https://polona.pl/preview/207c2a59-2a1e-48fa-8463-b6f6962dd59f,"Striczuk Klimenty, s. Makarego i Melanji, 1. 21, ost. zam. we wsi Bobły, gm. Turzysk, pow. kowelskiego, osk. z art. 138 k. k. — Sąd Grodzki w Kowlu, wydz. karny, nr. K. 5972-28 z dn. 16.9.29 r."
Sompor Stanisław,,,,,wanted_by_city,207c2a59-2a1e-48fa-8463-b6f6962dd59f,1929-10-02_Gazeta_Śledcza_R_10_L_1267_2_października_1929,1929-10-02,https://polona.pl/preview/207c2a59-2a1e-48fa-8463-b6f6962dd59f,"Sompor Stanisław, s. Tomasza i Pauliny, ur. 21.4. *903 r., ost. zam. we wsi Cecylówka, gm. Brzoza, pow. kozienickiego, osk. 55 art. 581 k. k. — Sąd Grodzki w Kowlu, wydz. karny, nr. K. 9187-28 z dn. 16.9.29 r."
Kłys Michał,b. 1878,,,,wanted_by_city,207c2a59-2a1e-48fa-8463-b6f6962dd59f,1929-10-02_Gazeta_Śledcza_R_10_L_1267_2_października_1929,1929-10-02,https://polona.pl/preview/207c2a59-2a1e-48fa-8463-b6f6962dd59f,"Kłys Michał, s. Tomasza Teofila, ur. w 1878 r., ° S C zam. we wsi Niechcice, gm. Gfcnkowice, pow. piotrkowskiego, osk. z art. G38 k. k. — Sad Grodzki w Kowlu, wvdz. karny, nr. K. 135-29 z dn. 16. 9.29 r ."
Pod lak Franciszka,,ul. Sadowej 16,art. 138,Disobedience / Violation of Police Regulations,last_address,207c2a59-2a1e-48fa-8463-b6f6962dd59f,1929-10-02_Gazeta_Śledcza_R_10_L_1267_2_października_1929,1929-10-02,https://polona.pl/preview/207c2a59-2a1e-48fa-8463-b6f6962dd59f,"Pod lak Franciszka, c. Józefa i Katarzyny, 1. W, ost. zam. w Kowlu przy ul. Sadowej 16, osk. z art. 138 k. k. — Sąd G rodzki w Kowlu, wydz. karny, nr. K. 11909-28 z dn. 16.9.29 r. Komunikaty. — Communiques."
Woiński Walerjąn,,,,,wanted_by_city,ba47c688-a8cd-4114-9f6f-0f71af3fc232,1929-10-05_Gazeta_Śledcza_R_10_L_1268_5_października_1929,1929-10-05,https://polona.pl/preview/ba47c688-a8cd-4114-9f6f-0f71af3fc232,"Woiński Walerjąn, s. Wincentego i Karoliny, !• 72. ost. zam. we wsi Duży Porsk, gin. Wiclick, pow. kowelskiego, robotnik, osk. 7 ‘ art - 1; 18 k. k- — Sąd Grodzki w Kowlu, wydz. karny, nr. K. 1872-29 z dn. 17.9.29 r."
Superson Jan,31,,art. 138,Disobedience / Violation of Police Regulations,wanted_by_city,ba47c688-a8cd-4114-9f6f-0f71af3fc232,1929-10-05_Gazeta_Śledcza_R_10_L_1268_5_października_1929,1929-10-05,https://polona.pl/preview/ba47c688-a8cd-4114-9f6f-0f71af3fc232,"Superson Jan, s. Marcina i Marji, 1. 31, ost. zam. w kol. Tubiczów, gm. Turzysk, pow. kowelskiego, osk. z art. 138 k. k. — Sąd Grodzki w Kowlu, wydz. karny, nr. K. 1861-29 z dn. 17.9.29 r."
Włoszczowski Andrzej,31,,art. 138,Disobedience / Violation of Police Regulations,wanted_by_city,ba47c688-a8cd-4114-9f6f-0f71af3fc232,1929-10-05_Gazeta_Śledcza_R_10_L_1268_5_października_1929,1929-10-05,https://polona.pl/preview/ba47c688-a8cd-4114-9f6f-0f71af3fc232,"Włoszczowski Andrzej, s. Michała i Marjanny, 1. 31, ost. zam. we Włodawie przy ul. Niecałej 9, osk. z art. 138 k. k. — Sąd Grodzki w Kowlu, wydz. karny, nr. K. 1565-29 z dn. 17.9.29 r."
Rozbicki Wincenty,27,,art. 138,Disobedience / Violation of Police Regulations,wanted_by_city,ba47c688-a8cd-4114-9f6f-0f71af3fc232,1929-10-05_Gazeta_Śledcza_R_10_L_1268_5_października_1929,1929-10-05,https://polona.pl/preview/ba47c688-a8cd-4114-9f6f-0f71af3fc232,"Rozbicki Wincenty, s. Stanisława, i Franciszki, 1. 27, ost. zam. we wsi Jasienice, gm. Tłuszcz, pow. radzymińskiego, osk. z art. 138 k. k. — Sąd Grodzki w Kowlu, wydz. karny, nr. K. 1555-29 z dn 17.9.29 r."
Kusz nie ryk Darja,23,,art. 138,Disobedience / Violation of Police Regulations,wanted_by_city,ba47c688-a8cd-4114-9f6f-0f71af3fc232,1929-10-05_Gazeta_Śledcza_R_10_L_1268_5_października_1929,1929-10-05,https://polona.pl/preview/ba47c688-a8cd-4114-9f6f-0f71af3fc232,"Kusz nie ryk Darja, c. Nikifora i Efrosynji, 1. 23, ost. zam. we wsi Naulisie, gm. Ołtusz, pow. brzeskiego, osk. z art. 138 k. k. — Sąd Grodzki w Kowlu, wydz. karny, nr, K. 1539-29 z dn. 17.9.29 r."
Stawski Aleksander,,,art. 138,Disobedience / Violation of Police Regulations,wanted_by_city,ba47c688-a8cd-4114-9f6f-0f71af3fc232,1929-10-05_Gazeta_Śledcza_R_10_L_1268_5_października_1929,1929-10-05,https://polona.pl/preview/ba47c688-a8cd-4114-9f6f-0f71af3fc232,"Stawski Aleksander, s. Antoniego i Karoliny, 1 . 20, ost. zam. we wsi Wólka Gołębska, gm. Gołąb, pow. puławskiego; osk. z art. 138 k. k. — Sąd Grodzki w Kowlu, wydz. karny, nr. K. 1306-29 z dn 17 9.29 r."
Szek Lejzor Mendel,b. 1907,,,,wanted_by_city,ba47c688-a8cd-4114-9f6f-0f71af3fc232,1929-10-05_Gazeta_Śledcza_R_10_L_1268_5_października_1929,1929-10-05,https://polona.pl/preview/ba47c688-a8cd-4114-9f6f-0f71af3fc232,"Szek Lejzor Mendel, s. Chaima Ela i Pesi, ur. "" 1907 r., ost. zam. w Lublinie przy ul. Kalinowszczyzna 56, osk. z art. ] 38 k. k. — Sąd Grodzki w Kowlu, wvdz. karnv, nr. K."" 1321-2.9 z dn 17 9.29 r."
Ostymczuk Natalja,9,,,,wanted_by_city,ba47c688-a8cd-4114-9f6f-0f71af3fc232,1929-10-05_Gazeta_Śledcza_R_10_L_1268_5_października_1929,1929-10-05,https://polona.pl/preview/ba47c688-a8cd-4114-9f6f-0f71af3fc232,"Ostymczuk Natalja, c. Teodora i Marji, 1. 9, ost. zam. w folw. Czapczyk, gm. Kuchocka Wola, pow. pińskiego, osk. '* ; ‘rt. 138 k. k. — Sąd Grodzki w Kowlu, wvdz. karnv, nr. K. 1402-29 z dn. ■ -9.29 r."
Szczeszewski Lejzor,25,,,,last_address;wanted_by_city,ba47c688-a8cd-4114-9f6f-0f71af3fc232,1929-10-05_Gazeta_Śledcza_R_10_L_1268_5_października_1929,1929-10-05,https://polona.pl/preview/ba47c688-a8cd-4114-9f6f-0f71af3fc232,"Szczeszewski Lejzor, s. Mordki i Frejdy, 1. 25, ( ‘ s b zam. w Kowlu przy ul. Artyleryskiej 6, ślusarz,—Sąd Grodzki w Kowlu, • V( lz. karny, nr. K. 1526-29 z dn. 17.9.29 r. 3<J"
Chwedyn Antoni,b. 1906,,art. 138,Disobedience / Violation of Police Regulations,wanted_by_city,ba47c688-a8cd-4114-9f6f-0f71af3fc232,1929-10-05_Gazeta_Śledcza_R_10_L_1268_5_października_1929,1929-10-05,https://polona.pl/preview/ba47c688-a8cd-4114-9f6f-0f71af3fc232,"Chwedyn Antoni, s. Walentego i Anny, ur. w 1906 r., ost. zam. w kol. Panowej, gm. Berezno, pow. kostopolskiego, osk. z art. 138 k. k. — Sąd Grodzki w Kowlu, wydz. karny, nr. K. 428-29 z dn. 17.9.29 r."
L e g i s z Anna,19,,art. 398,Unknown - verify (art. 398),wanted_by_city,ba47c688-a8cd-4114-9f6f-0f71af3fc232,1929-10-05_Gazeta_Śledcza_R_10_L_1268_5_października_1929,1929-10-05,https://polona.pl/preview/ba47c688-a8cd-4114-9f6f-0f71af3fc232,"L e g i s z Anna, c. Szymona, 1. 19, ost. zam. w kol. Różyn, gm. Stare Koszary, pow. kowelskiego, osk. z art. 398 k. k. — Sąd Grodzki w Kowlu, wydz. karny, nr. K. 643-29 z dn. 17.9.29 r."
Kluczyk Michał,30,ul. Pogranicznej 6,art. 581,Theft,last_address;wanted_by_city,ba47c688-a8cd-4114-9f6f-0f71af3fc232,1929-10-05_Gazeta_Śledcza_R_10_L_1268_5_października_1929,1929-10-05,https://polona.pl/preview/ba47c688-a8cd-4114-9f6f-0f71af3fc232,"Kluczyk Michał, s. Stanisława, 1. 30, ost. zam. w Kowlu przy ul. Pogranicznej 6, osk. z art. 581 k. k. — Sąd Grodzki w Kowlu, wydz. karny, nr. K. 8493-28 z dn. 16.9.29 r."
Fuks Icek,,,art. 398,Unknown - verify (art. 398),wanted_by_city,ba47c688-a8cd-4114-9f6f-0f71af3fc232,1929-10-05_Gazeta_Śledcza_R_10_L_1268_5_października_1929,1929-10-05,https://polona.pl/preview/ba47c688-a8cd-4114-9f6f-0f71af3fc232,"Fuks Icek, s. Wiktora, ost. zam. w os. Maniewi- cze, gm. Gródek, pow. kowelskiego, osk. z art. 398 k. k. — Sąd Grodzki w Kowlu, wydz. karny, nr. K. 9184-28 z dn. 16.9.29 r."
Kwiecień Jan,25,,art. 138,Disobedience / Violation of Police Regulations,wanted_by_city,ba47c688-a8cd-4114-9f6f-0f71af3fc232,1929-10-05_Gazeta_Śledcza_R_10_L_1268_5_października_1929,1929-10-05,https://polona.pl/preview/ba47c688-a8cd-4114-9f6f-0f71af3fc232,"Kwiecień Jan, s. Stanisława i Marji, 1 25, ost. zam. w Markuszowie, pow. puławskiego, piekarz, osk. z art. 138 k. k. — Sąd Grodzki w Kowlu, wydz. karny, nr. K. 1870-29 z dn. 17.9.29 r."
Szachwer Mejer Chaim,31,,art. 138,Disobedience / Violation of Police Regulations,wanted_by_city,ba47c688-a8cd-4114-9f6f-0f71af3fc232,1929-10-05_Gazeta_Śledcza_R_10_L_1268_5_października_1929,1929-10-05,https://polona.pl/preview/ba47c688-a8cd-4114-9f6f-0f71af3fc232,"Szachwer Mejer Chaim, s. Icka, 1. 31, ost. zam. w Brześciu n/B. przy ul. Listowskiego 165, osk. z art. 138 k. k. — Sąd Grodzki w Kowlu, wydz. karny, nr. K. 1589-29 z dn. 17.9.29 r."
Epel Srul,16,,art. 581,Theft,wanted_by_city,ba47c688-a8cd-4114-9f6f-0f71af3fc232,1929-10-05_Gazeta_Śledcza_R_10_L_1268_5_października_1929,1929-10-05,https://polona.pl/preview/ba47c688-a8cd-4114-9f6f-0f71af3fc232,"Epel Srul, s. Jankla, 1. 16, ost. zam. we wsi Ma- niewicze, gm. Gródek, pow. kowelskiego, osk. z art. 581 k. k. — Sąd Grodzki w Kowlu, wydz. kąrny, nr. K. 1228-29 z dn. 17.9.29 r."
Bożek Iwan,19,,art. 581,Theft,wanted_by_city,ba47c688-a8cd-4114-9f6f-0f71af3fc232,1929-10-05_Gazeta_Śledcza_R_10_L_1268_5_października_1929,1929-10-05,https://polona.pl/preview/ba47c688-a8cd-4114-9f6f-0f71af3fc232,"Bożek Iwan, s. Chrycia, 1. 19, ost. zam. w gm. Lu- bitów, pow. kowelskiego, osk. z art. 581 k. k. — Sąd Grodzki w Kowlu, wydz. karny, nr. K. 12166-28 z dn. 16.9.29 r."
Wójcik Henryk,b. 1911,,art. 138,Disobedience / Violation of Police Regulations,wanted_by_city,ba47c688-a8cd-4114-9f6f-0f71af3fc232,1929-10-05_Gazeta_Śledcza_R_10_L_1268_5_października_1929,1929-10-05,https://polona.pl/preview/ba47c688-a8cd-4114-9f6f-0f71af3fc232,"Wójcik Henryk, s. Marcelego i Marjanny, ur. -■ 7.1911 r., ost. zam. Borysławiu przy ul. Pańskiej 24, robotnik, osk. z art. 138 k. k. — Sąd Grodzki w Kowlu, wydz. karny, nr. K. 146-29 z dn. 16.9.29 r."
M o n c z u k Tatjana,80,,art. 138,Disobedience / Violation of Police Regulations,wanted_by_city,ba47c688-a8cd-4114-9f6f-0f71af3fc232,1929-10-05_Gazeta_Śledcza_R_10_L_1268_5_października_1929,1929-10-05,https://polona.pl/preview/ba47c688-a8cd-4114-9f6f-0f71af3fc232,"M o n c z u k Tatjana, c. Filipa i Matrony, I. 80, ost. zam. we wsi Komarowa, gm. Maciejów, pow. kowelskiego, osk. z art. 138 k. k. — Sąd Grodzki w Kowlu, wydz. karny, nr. K. 149-29 z dn. 16.9.29 r."
Smowski Roman,,,art. 407,Unknown - verify (art. 407),wanted_by_city,ba47c688-a8cd-4114-9f6f-0f71af3fc232,1929-10-05_Gazeta_Śledcza_R_10_L_1268_5_października_1929,1929-10-05,https://polona.pl/preview/ba47c688-a8cd-4114-9f6f-0f71af3fc232,"Smowski Roman, s. Jana, ost. zam. w Lublinie przy ul. Foksalnej 12, osk. z art. 407 k. k. -— Sąd Grodzki w Kowlu, wydz. karny, nr. K. 244-29 z dn. 16.9.29 r."
S o 1 u k o w a Olena,21,,art. 262,Unknown - verify (art. 262),wanted_by_city,ba47c688-a8cd-4114-9f6f-0f71af3fc232,1929-10-05_Gazeta_Śledcza_R_10_L_1268_5_października_1929,1929-10-05,https://polona.pl/preview/ba47c688-a8cd-4114-9f6f-0f71af3fc232,"S o 1 u k o w a Olena, c. Matwieja, 1. 21, ost. zam. We wsi Piaseczno, gm. Powursk, pow. kowelskiego, osk. z art. 262 k. k. Sąd Grodzki w Kowlu, wydz. karny, nr. K. 2825-29 z dn. 19.9.29 r."
Ziomek Stanisław,b. 1899,,art. 138,Disobedience / Violation of Police Regulations,wanted_by_city,ba47c688-a8cd-4114-9f6f-0f71af3fc232,1929-10-05_Gazeta_Śledcza_R_10_L_1268_5_października_1929,1929-10-05,https://polona.pl/preview/ba47c688-a8cd-4114-9f6f-0f71af3fc232,"Ziomek Stanisław, s. Jana i Anieli, ur. w 1899 r., ost. zam. we wsi Czarnecka Góra, gm. Duraczów, pow. koneckiego, robot nik, osk. z art. 138 k. k. — Sąd Grodzki w Kowlu, wydz. karny, nr. K. 2886-29 z dn. 19.9.29 r."
Bojarski Włodzimierz,,,art. 138,Disobedience / Violation of Police Regulations,wanted_by_city,ba47c688-a8cd-4114-9f6f-0f71af3fc232,1929-10-05_Gazeta_Śledcza_R_10_L_1268_5_października_1929,1929-10-05,https://polona.pl/preview/ba47c688-a8cd-4114-9f6f-0f71af3fc232,"Bojarski Włodzimierz, s. Jana i Olgi, 1. 30. ost. zam. w Warszawie przy ul. Leszczyńskiej 9, artysta, osk. z art. 138 k. k. Sąd Grodzki w Kowlu, wydz. karny, nr. K. 2891-29 z dn. 19.9.29 r."
Waszczuk Michał,21,,art. 547,Unknown - verify (art. 547),last_address;wanted_by_city,ba47c688-a8cd-4114-9f6f-0f71af3fc232,1929-10-05_Gazeta_Śledcza_R_10_L_1268_5_października_1929,1929-10-05,https://polona.pl/preview/ba47c688-a8cd-4114-9f6f-0f71af3fc232,"Waszczuk Michał, s. Nikity, 1. 21, ost. zam. we wsi Wólka, pow. Kamień Koszyrski lub w Kowlu przy ul. Listopadowej 79, ""'yzn. prawosł., stanu wolnego, osk. z art. 547 k. k. Sąd Grodzki w Kowlu* w ydz. karny, nr. K. 3161-29 z dn. 19.9.29 r."
M oszkowicz Zofja,,,art. 138,Disobedience / Violation of Police Regulations,wanted_by_city,ba47c688-a8cd-4114-9f6f-0f71af3fc232,1929-10-05_Gazeta_Śledcza_R_10_L_1268_5_października_1929,1929-10-05,https://polona.pl/preview/ba47c688-a8cd-4114-9f6f-0f71af3fc232,"M oszkowicz Zofja, c. Grzegorza i Zenobji, k 27, służąca, osk. z art. 138 k. k. — Sąd Grodzki w Kowlu, wydz. karny, nr - K. 2317-29 z dn. 19.9.29 r. Unieważnione paszporty zagraniczne. Passeports etrangers annules."
Siekierzycki Wincenty,47,,art. 138,Disobedience / Violation of Police Regulations,wanted_by_city,091db71d-b80e-46a5-a327-a266fdc53a6e,1929-10-10_Gazeta_Śledcza_R_10_L_1269_10_października_1929_dod,1929-10-10,https://polona.pl/preview/091db71d-b80e-46a5-a327-a266fdc53a6e,"Siekierzycki Wincenty, s. Karoliny, 1. 47, ost. zam. w Nieświeżu przy ul. Słuckiej 9, kucharz, osk. z art. 138 k. k. — Sąd Grodzki w Kowlu, wydz. karny, nr. K. 2439-29 z dn. 19.9.29 r."
Dobrakowski Jan Mieczysław,b. 1910,ul. Myśliwskiej 15,art. 138,Disobedience / Violation of Police Regulations,last_address;wanted_by_city,091db71d-b80e-46a5-a327-a266fdc53a6e,1929-10-10_Gazeta_Śledcza_R_10_L_1269_10_października_1929_dod,1929-10-10,https://polona.pl/preview/091db71d-b80e-46a5-a327-a266fdc53a6e,"Dobrakowski Jan Mieczysław, s. Jana i Leonory, ur. w 1910 r., ost. zam. w Kowlu przy ul. Myśliwskiej 15, osk. z art. 138 k. k. — Sąd Grodzki w Kowlu, wydz. karny, nr. K. 2443-29 z dn. 19.9.29 r."
Waszczuk Michał,21,,art. 209,Unknown - verify (art. 209),last_address;wanted_by_city,091db71d-b80e-46a5-a327-a266fdc53a6e,1929-10-10_Gazeta_Śledcza_R_10_L_1269_10_października_1929_dod,1929-10-10,https://polona.pl/preview/091db71d-b80e-46a5-a327-a266fdc53a6e,"Waszczuk Michał, s. Nikity i Mokryny, 1. 21, ost. zam. w gm. Kaczyn, pow. Kamień-Koszyrski lub w Kowlu przy ul. Listopa dowej, wyzn. prawosł., stanu wolnego, robotnik, osk. z art. 209 k. k. — Sąd Grodzki w Kowlu, wydz. karny, nr. K. 2465-29 z dn. 19.9.29 r."
Cukier Symcha,b. 1903,,art. 138,Disobedience / Violation of Police Regulations,wanted_by_city,091db71d-b80e-46a5-a327-a266fdc53a6e,1929-10-10_Gazeta_Śledcza_R_10_L_1269_10_października_1929_dod,1929-10-10,https://polona.pl/preview/091db71d-b80e-46a5-a327-a266fdc53a6e,"Cukier Symcha, s. Dawida i Chaji Sury, ur. w 1903 r., ost. zam. w Katowicach przy ul. Sienkiewicza 37, osk. z art. 138 k. k. — Sąd Grodzki w Kowlu, wydz. karny, nr. K. 6565-28 z dn. 19.9.2.9 r."
Janczak Szczepan,,,art. 581,Theft,wanted_by_city,091db71d-b80e-46a5-a327-a266fdc53a6e,1929-10-10_Gazeta_Śledcza_R_10_L_1269_10_października_1929_dod,1929-10-10,https://polona.pl/preview/091db71d-b80e-46a5-a327-a266fdc53a6e,"Janczak Szczepan, s. Antoniego, ost. zam. w maj. Dolsk, gm. Turzysk, pow. kowelskiego, osk. z art. 581 k. k. — Sąd Grodzki w Kowlu, wydz. karny, nr. K. 2543-29 z dn. 19.9.29 r."
Ostapczuk Mikołaj,16,,art. 138,Disobedience / Violation of Police Regulations,wanted_by_city,091db71d-b80e-46a5-a327-a266fdc53a6e,1929-10-10_Gazeta_Śledcza_R_10_L_1269_10_października_1929_dod,1929-10-10,https://polona.pl/preview/091db71d-b80e-46a5-a327-a266fdc53a6e,"Ostapczuk Mikołaj, s. Karpa i Uljany, 1. 16, ost. zam. we wsi Owadno, gm. Werba, pow. włodzimierskiego, robotnik, osk. z art. 138 k. k. — Sąd Grodzki w Kowlu, wydz. karny, nr. K. 2548-29 z dn. 19.9.29 r."
Świerczewski Tadeusz,b. 1909,,art. 138,Disobedience / Violation of Police Regulations,wanted_by_city,091db71d-b80e-46a5-a327-a266fdc53a6e,1929-10-10_Gazeta_Śledcza_R_10_L_1269_10_października_1929_dod,1929-10-10,https://polona.pl/preview/091db71d-b80e-46a5-a327-a266fdc53a6e,"Świerczewski Tadeusz, s. Marji, ur. w 1909 r., ost. zam. w Dzierzgowie, pow. przasnyskiego, osk. z art. 138 k. k. — Sąd Grodzki w Kowlu, wydz. karny, nr. K. 2556-29 z dn. 19.9.29 r."
Nassalski Wacław,b. 1888,,art. 138,Disobedience / Violation of Police Regulations,wanted_by_city,091db71d-b80e-46a5-a327-a266fdc53a6e,1929-10-10_Gazeta_Śledcza_R_10_L_1269_10_października_1929_dod,1929-10-10,https://polona.pl/preview/091db71d-b80e-46a5-a327-a266fdc53a6e,"Nassalski Wacław, s. Michała i Marji, ur. w 1888 r., ost. zam. w Łucku przy ul. Piłsudskiego 45, kancelista, osk. z art. 138 k. k. — Sąd Grodzki w Kowlu, wydz. karny, nr. K. 2560-29 z dn. 19.9.29 r."
Wasiak Jan,b. 1893,,art. 138,Disobedience / Violation of Police Regulations,wanted_by_city,091db71d-b80e-46a5-a327-a266fdc53a6e,1929-10-10_Gazeta_Śledcza_R_10_L_1269_10_października_1929_dod,1929-10-10,https://polona.pl/preview/091db71d-b80e-46a5-a327-a266fdc53a6e,"Wasiak Jan, s. Kacpra i Agnieszki, ur. w 1893 r., ost. zam. w gm. Brus, pow. łódzkiego, piekarz, osk. z art. 138 k. k. — Sąd Grodzki w Kowlu, wydz. karny, nr. K. 2749-29 z dn. 19.9.29 r."
Denert Robert,18,,art. 188,Unknown - verify (art. 188),wanted_by_city,091db71d-b80e-46a5-a327-a266fdc53a6e,1929-10-10_Gazeta_Śledcza_R_10_L_1269_10_października_1929_dod,1929-10-10,https://polona.pl/preview/091db71d-b80e-46a5-a327-a266fdc53a6e,"Denert Robert, s. Krystjana i Pauliny, 1. 18, ost. zam. w kol. Kamionka, gm. Ludwipol, pow. kostopolskiego lub w Lublinie przy ul. Snopkowskiej 7, robotnik, osk. z art. 188 k. k. — Sąd Grodzki w Kowlu, wydz. karny, nr. K. 2752-29 z dn. 19.9.29 r. 32.. 35973-IV-29. Kuźmiuk Mikołaj, s. Filipa i Pauliny, 1. 22, ost. zam. "
Gwiazda Leonard,20,,art. 138,Disobedience / Violation of Police Regulations,wanted_by_city,091db71d-b80e-46a5-a327-a266fdc53a6e,1929-10-10_Gazeta_Śledcza_R_10_L_1269_10_października_1929_dod,1929-10-10,https://polona.pl/preview/091db71d-b80e-46a5-a327-a266fdc53a6e,"Gwiazda Leonard, s. Antoniego i Bronisławy, 1. 20, ost. zam. w Radomiu przy ul. Długiej 10, ślusarz, osk. z art. 138 k. k. — Sąd Grodzki w Kowlu, wydz. karny, nr. K. 2238-29 z dn. 19.9.29 r."
HIawaty Jan,43,,art. 262,Unknown - verify (art. 262),wanted_by_city,091db71d-b80e-46a5-a327-a266fdc53a6e,1929-10-10_Gazeta_Śledcza_R_10_L_1269_10_października_1929_dod,1929-10-10,https://polona.pl/preview/091db71d-b80e-46a5-a327-a266fdc53a6e,"HIawaty Jan, s. Jana, 1. 43, ost. zam. we Lwowie przy ul. Kleparowskiej 15, wyzn. rz. kat., agronom, osk. z art. 262 k. k. — .Sąd Grodzki w Kowlu, wydz. karny, nr. K. 2214-29 z dn. 19.9.29 r."
Macik Aleksander,23,,art. 138,Disobedience / Violation of Police Regulations,wanted_by_city,091db71d-b80e-46a5-a327-a266fdc53a6e,1929-10-10_Gazeta_Śledcza_R_10_L_1269_10_października_1929_dod,1929-10-10,https://polona.pl/preview/091db71d-b80e-46a5-a327-a266fdc53a6e,"Macik Aleksander, s. Wincentego i Marji, 1. 23, ost. zam. we wsi Prawiedniki, gm. Zemborzyce, pow. lubelskiego, rolnik, osk. z art. 138 k. k. — Sąd Grodzki w Kowlu, wydz. karny, nr. K. 2056-29 z dn. 19.9.29 r."
K o t i u k Gostyna,20,,art. 138,Disobedience / Violation of Police Regulations,wanted_by_city,091db71d-b80e-46a5-a327-a266fdc53a6e,1929-10-10_Gazeta_Śledcza_R_10_L_1269_10_października_1929_dod,1929-10-10,https://polona.pl/preview/091db71d-b80e-46a5-a327-a266fdc53a6e,"K o t i u k Gostyna, c. Stefana i Marji, 1. 20, ost. zam. w Kryniczowie, gm. Nowy Dwór, pow. kowelskiego, robotnik, osk* z art. 138 k. k. — Sąd Grodzki w Kowlu, wydz. karny, nr. K. 2053-29 z dn. 19.9.29 r."
K r u c z y k Ejdla,30,,art. 138,Disobedience / Violation of Police Regulations,wanted_by_city,091db71d-b80e-46a5-a327-a266fdc53a6e,1929-10-10_Gazeta_Śledcza_R_10_L_1269_10_października_1929_dod,1929-10-10,https://polona.pl/preview/091db71d-b80e-46a5-a327-a266fdc53a6e,"K r u c z y k Ejdla, c. Srula i Frymy, 1. 30, osi. zam. w Wiśniowcu, pow. krzemienieckiego, osk. z art. 138 k. k. — Sąd Grodzki w Kowlu, wydz. karny, nr. K. 1263-29 z dn. 19.9.29 r."
Jaworski Jan,57,,art. 138,Disobedience / Violation of Police Regulations,wanted_by_city,091db71d-b80e-46a5-a327-a266fdc53a6e,1929-10-10_Gazeta_Śledcza_R_10_L_1269_10_października_1929_dod,1929-10-10,https://polona.pl/preview/091db71d-b80e-46a5-a327-a266fdc53a6e,"Jaworski Jan, s. Marcina i Salomei, 1. 57, ost. zam. w Antonówce-Wąskotorówce, pow. sarneńskiego, robotnik, osk. z art. 138 k. k. — Sąd Grodzki w Kowlu, wydz. karny, nr. K. 299-29 z dn. 19.9.29 r."
Mazier Stanisław,b. 1897,,art. 138,Disobedience / Violation of Police Regulations,wanted_by_city,091db71d-b80e-46a5-a327-a266fdc53a6e,1929-10-10_Gazeta_Śledcza_R_10_L_1269_10_października_1929_dod,1929-10-10,https://polona.pl/preview/091db71d-b80e-46a5-a327-a266fdc53a6e,"Mazier Stanisław, s. Józefa i Franciszki, ur. w 1897 r., ost. zam. w gm. Silno, pow. łuckiego, rolnik, osk. z art. 138 k. k. — Sąd Grodzki w Kowlu, wydz. karny, nr. K. 11635-28 z dn. 19.9.29 r."
Szyfer Liba Ruchla,36,,art. 581,Theft,last_address;wanted_by_city,091db71d-b80e-46a5-a327-a266fdc53a6e,1929-10-10_Gazeta_Śledcza_R_10_L_1269_10_października_1929_dod,1929-10-10,https://polona.pl/preview/091db71d-b80e-46a5-a327-a266fdc53a6e,"Szyfer Liba Ruchla, c. Pinchosa i Symy, 1. 36, ost. zam. w Chełmie przy ul. Obłońskiej 15 lub w Kowlu przy ul. Młynar skiej 15 ^ zamężna, włosy j. blond, twarz pociągła, osk. z art. 581 k. k. — Sąd Grodzki w Kowlu, wydz. karny, nr. K. 9278-28 z dn. 19.9.29 r."
Polejczuk Piotr,,,art. 138,Disobedience / Violation of Police Regulations,wanted_by_city,091db71d-b80e-46a5-a327-a266fdc53a6e,1929-10-10_Gazeta_Śledcza_R_10_L_1269_10_października_1929_dod,1929-10-10,https://polona.pl/preview/091db71d-b80e-46a5-a327-a266fdc53a6e,"Polejczuk Piotr, s. Piotra i Matrony, 1. 16-17, ost. zam. we wsi Bytoń, gm. Hołoby, pow. kowelskiego, wzrost średni, brunet, °czy czarne, osk. z art. 138 k. k. — Sąd Grodzki w Kowlu, wydz. karny, np - K. 1570-28 z dn. 19.9.29 r."
Nowicki Jerzy,31,,art. 591,Fraud / Embezzlement,wanted_by_city,091db71d-b80e-46a5-a327-a266fdc53a6e,1929-10-10_Gazeta_Śledcza_R_10_L_1269_10_października_1929_dod,1929-10-10,https://polona.pl/preview/091db71d-b80e-46a5-a327-a266fdc53a6e,"Nowicki Jerzy, s. Włodzimierza, 1. 31, ost. zam. we wsi Perkowicze, gm. Lubitów, pow. kowelskiego, ksiądz prawosł., wzrost średni, włosy blond, twarz okrągła, oczy siwe, osk. z art. 591 k. k. — Sąd Grodzki w Kowlu, wydz. karny, nr. 1096-29 z dn. 19.9.29 r."
Magiera Grzegorz,25,,,,wanted_by_city,091db71d-b80e-46a5-a327-a266fdc53a6e,1929-10-10_Gazeta_Śledcza_R_10_L_1269_10_października_1929_dod,1929-10-10,https://polona.pl/preview/091db71d-b80e-46a5-a327-a266fdc53a6e,"Magiera Grzegorz, s. Józefa, 1. 25, ost. zam. we ■wsi Podhorce, gm. Werbkowice, pow. hrubieszowskiego, robotnik. — Sąd Grodzki w Kowlu, wydz. karny, nr. K. 1042-29 z dn. 19.9.29 r."
Ge f ter Brandla,22,,,,wanted_by_city,091db71d-b80e-46a5-a327-a266fdc53a6e,1929-10-10_Gazeta_Śledcza_R_10_L_1269_10_października_1929_dod,1929-10-10,https://polona.pl/preview/091db71d-b80e-46a5-a327-a266fdc53a6e,"Ge f ter Brandla, c. Chaima i Kejli, 1. 22, ost. zam. w Równem przy ul. Poniatowskiego 99, wyzn. mojż., zamężna, służąca, °sk. z art. 269 k. k. — Sąd Grodzki w Kowlu, wydz. karny, nr. K. 2816-29 '* dn. 19.9.29 r."
Pozichowski Stanisław,,,art. 138,Disobedience / Violation of Police Regulations,wanted_by_city,091db71d-b80e-46a5-a327-a266fdc53a6e,1929-10-10_Gazeta_Śledcza_R_10_L_1269_10_października_1929_dod,1929-10-10,https://polona.pl/preview/091db71d-b80e-46a5-a327-a266fdc53a6e,"Pozichowski Stanisław, s. Adolfa i Klementyny, ■ 22, ost. zam. w Małotkowie, gm. Białowieża, pow. krzemienieckiego, rol- n *k, osk. z art. 138 k. k. — Sąd Grodzki w Kowlu, wydz. karny, nr. K. 1588-29 z dn. 17.9.29 r."
Olikow Arsym,28,ul. Brzeskiej 61,art. 581,Theft,last_address;wanted_by_city,091db71d-b80e-46a5-a327-a266fdc53a6e,1929-10-10_Gazeta_Śledcza_R_10_L_1269_10_października_1929_dod,1929-10-10,https://polona.pl/preview/091db71d-b80e-46a5-a327-a266fdc53a6e,"Olikow Arsym, s. Jana, 1. 28, ost. zam. w Kobry- p U U ^' ^*°drzecze 12, stanu wolnego, szewc, osk. z art. 581 k. k. — Sąd Grodzki w Kowlu, wydz. karny, nr. K. 1960-29 z dn. 19.9.29 r. 48. 35989 IV -29. Pugacz Jankiel, s. Wiktora i Hany, 1. 16, ost. zam. w Kowlu przy ul. Brzeskiej 61, rzemieślnik, osk. z art. 138 k. k."
Ochocka Janina,20,,,,wanted_by_city,091db71d-b80e-46a5-a327-a266fdc53a6e,1929-10-10_Gazeta_Śledcza_R_10_L_1269_10_października_1929_dod,1929-10-10,https://polona.pl/preview/091db71d-b80e-46a5-a327-a266fdc53a6e,"Ochocka Janina, c. Sylwestra i Stefanidy, 1. 20, ost. zam. w Łucku przy ul. Gdańskiej 17, osk. z art. 138 k.\. — Sąd Grodzki w Kowlu, wydz. karny, nr. K. 1887-29 z dn. 19.9.29 r."
Franc Jan,37,,art. 138,Disobedience / Violation of Police Regulations,wanted_by_city,091db71d-b80e-46a5-a327-a266fdc53a6e,1929-10-10_Gazeta_Śledcza_R_10_L_1269_10_października_1929_dod,1929-10-10,https://polona.pl/preview/091db71d-b80e-46a5-a327-a266fdc53a6e,"Franc Jan, s. Władysław i Franciszki, 1. 37, ost. zam. w Łukowie, robotnik, osk. z art. 138 k. k. — Sąd Grodzki w Kowlu, wydz. karny, nr. K. 1880-29 z dn. 19.9.29 r."
Oleśnicki Jerzy,47,ul. Włodzimierskiej 49,art. 284,Unknown - verify (art. 284),last_address;wanted_by_city,091db71d-b80e-46a5-a327-a266fdc53a6e,1929-10-10_Gazeta_Śledcza_R_10_L_1269_10_października_1929_dod,1929-10-10,https://polona.pl/preview/091db71d-b80e-46a5-a327-a266fdc53a6e,"Oleśnicki Jerzy, s. Walentego i Teofili, 1. 47, ost. zam. w Kowlu przy ul. Włodzimierskiej 49, osk. z art. 284 k. k. — Sąd Grodzki w Kowlu, wydz. karny, nr. K. 468-29 z dn. 19.9.29 r."
Olchowik Pelagja,22,,art. 581,Theft,wanted_by_city,091db71d-b80e-46a5-a327-a266fdc53a6e,1929-10-10_Gazeta_Śledcza_R_10_L_1269_10_października_1929_dod,1929-10-10,https://polona.pl/preview/091db71d-b80e-46a5-a327-a266fdc53a6e,"Olchowik Pelagja, c. Dymida i Ulany, 1. 22, ost. zam. w Maniewiczach, gm. Gródek, pow. kowelskiego, wyzn. prawosł., ro botnica, osk. z art. 581 k. k. — Sąd Grodzki w Kowlu, wydz. karny, nr. K. 3742-29 z dn. 20.9.29 r."
Nassalski Wacław,41,ul. Mickiewicza 7,art. 138,Disobedience / Violation of Police Regulations,last_address;wanted_by_city,091db71d-b80e-46a5-a327-a266fdc53a6e,1929-10-10_Gazeta_Śledcza_R_10_L_1269_10_października_1929_dod,1929-10-10,https://polona.pl/preview/091db71d-b80e-46a5-a327-a266fdc53a6e,"Nassalski Wacław, s. Michała i Marji, 1. 41, ost. zam. w Kowlu przy ul. Mickiewicza 7, osk. z art. 138 k. k. —‘Sąd Grodzki w Kowlu, wydz. karny, nr. K. 3678-29 z dn. 20.9.29 r."
Goldstein Aron,b. 1891,,art. 138,Disobedience / Violation of Police Regulations,wanted_by_city,091db71d-b80e-46a5-a327-a266fdc53a6e,1929-10-10_Gazeta_Śledcza_R_10_L_1269_10_października_1929_dod,1929-10-10,https://polona.pl/preview/091db71d-b80e-46a5-a327-a266fdc53a6e,"Goldstein Aron, s. Mendla i Sury, ur. w 1891 r., ost. zam. we Włodzimierzu przy ul. Rybnej 7, kupiec, osk. z art. 138 k. k. — Sąd Grodzki w Kowlu, wydz. karny, nr. K. 3666-29 z dn. 20.9.29 r."
Goldstein Mendel,b. 1907,,art. 138,Disobedience / Violation of Police Regulations,wanted_by_city,091db71d-b80e-46a5-a327-a266fdc53a6e,1929-10-10_Gazeta_Śledcza_R_10_L_1269_10_października_1929_dod,1929-10-10,https://polona.pl/preview/091db71d-b80e-46a5-a327-a266fdc53a6e,"Goldstein Mendel, s. Lejby i Chulki, ur. w 1907 r., ost. zam. we Włodzimierzu przy ul. Rybnej 7, kupiec, osk. z art. 138 k. k. — Sąd Grodzki w Kowlu, wydz. karny, nr. K. 3665-29 z dn. 19.9.29 r."
Komsta Stanisław,24,ul. Kolejowej 18,art. 574,Unknown - verify (art. 574),last_address;wanted_by_city,091db71d-b80e-46a5-a327-a266fdc53a6e,1929-10-10_Gazeta_Śledcza_R_10_L_1269_10_października_1929_dod,1929-10-10,https://polona.pl/preview/091db71d-b80e-46a5-a327-a266fdc53a6e,"Komsta Stanisław, 1. 24, ost. zam. w Kowlu przy ul. Kolejowej 18, wzrost niski, brunet, twarz pociągła, wąsy strzyżone, osk. z art. 574 k. k. — Sąd Grodzki w Kowlu, wydz. karny, nr. K. 3515-29 z dn. 19.9.29 r. 58. 36000-IV r -29. Androsiuk Jan, s. Gabryela, ost. zam. we wsi Targowiszcze, gm. Maciejów, pow. kowelskiego,"
Sznajder Leon,24,,art. 138,Disobedience / Violation of Police Regulations,wanted_by_city,091db71d-b80e-46a5-a327-a266fdc53a6e,1929-10-10_Gazeta_Śledcza_R_10_L_1269_10_października_1929_dod,1929-10-10,https://polona.pl/preview/091db71d-b80e-46a5-a327-a266fdc53a6e,"Sznajder Leon, s. Androna i Jewrosinji, 1. 24 , ost. zam. we wsi Podrzecze, gm. Chocieszów, pow. Kamień-Koszyrski, rolnik, osk. z art. 138 k. k. — Sąd Grodzki w Kowlu, wydz. karny, nr. K. 3334-2*9 z dn. 19.9.29 r."
Kubejka Jan,17,,art. 138,Disobedience / Violation of Police Regulations,wanted_by_city,091db71d-b80e-46a5-a327-a266fdc53a6e,1929-10-10_Gazeta_Śledcza_R_10_L_1269_10_października_1929_dod,1929-10-10,https://polona.pl/preview/091db71d-b80e-46a5-a327-a266fdc53a6e,"Kubejka Jan, s. Bartłomieja i Marji, 1. 17, ost. zam. we wsi Książowca, pow. jarosławskiego, robotnik, osk. z art. 138 k. k. — Sąd Grodzki w Kowlu, wydz. karny, nr. K. 3326-29 z dn. 19.9.29 r."
Zielińska Józefa,31,,art. 262,Unknown - verify (art. 262),wanted_by_city,091db71d-b80e-46a5-a327-a266fdc53a6e,1929-10-10_Gazeta_Śledcza_R_10_L_1269_10_października_1929_dod,1929-10-10,https://polona.pl/preview/091db71d-b80e-46a5-a327-a266fdc53a6e,"Zielińska Józefa, c. Franciszka i Zofji z Ma- lewiczów, 1. 31, ost. zam. w Lublinie przy ul. Niskiej 2, wyzn. rz. kat., za- mężna, hafciarka, osk. z art. 262 k. k. — Sąd Grodzki w Kowlu, wydz. kar ny, nr. K. 451-29 z dn. 19.9.29 r."
Szymański Władysław,19,,art. 138,Disobedience / Violation of Police Regulations,wanted_by_city,091db71d-b80e-46a5-a327-a266fdc53a6e,1929-10-10_Gazeta_Śledcza_R_10_L_1269_10_października_1929_dod,1929-10-10,https://polona.pl/preview/091db71d-b80e-46a5-a327-a266fdc53a6e,"Szymański Władysław, s. Edwarda i Marji, 1. 19, ost. zam. w kol. Dubeczno, gm. Hańsk, pow. włodawskiego, osk. z art. 138 k. k. — Sąd Grodzki w Kowlu, wydz. karny, nr. K. 6386-28 z dn. 19.9.29 r."
Simon Leon,b. 1896,,art. 591,Fraud / Embezzlement,last_address;wanted_by_city,091db71d-b80e-46a5-a327-a266fdc53a6e,1929-10-10_Gazeta_Śledcza_R_10_L_1269_10_października_1929_dod,1929-10-10,https://polona.pl/preview/091db71d-b80e-46a5-a327-a266fdc53a6e,"Simon Leon, s. Jana i Otylji, ur. 17.9.1896 r., ost. zam. w Kowlu, wzrost średni, szczupły, pochyły, włosy blond, cera blada, oczy niebieskie, nos orli. usta małe, osk. z art. 591 k. k. — Sąd Grodzki w Kowlu, wydz. karny, nr. K. 5067-29 z dn. 20.9.29 r."
Łuczyński Władysław,21,,art. 138,Disobedience / Violation of Police Regulations,wanted_by_city,091db71d-b80e-46a5-a327-a266fdc53a6e,1929-10-10_Gazeta_Śledcza_R_10_L_1269_10_października_1929_dod,1929-10-10,https://polona.pl/preview/091db71d-b80e-46a5-a327-a266fdc53a6e,"Łuczyński Władysław, s. Jana i Heleny, 1. 21, ost. zam. w Warszawie przy ul. Pańskiej 110, kelner, osk. z art. 138 k. k. — Sąd Grodzki w Kowlu, wydz. karny, nr. K. 4277-29 z dn. 20.9.29 r."
Pakuła Katarzyna,24,,art. 138,Disobedience / Violation of Police Regulations,wanted_by_city,091db71d-b80e-46a5-a327-a266fdc53a6e,1929-10-10_Gazeta_Śledcza_R_10_L_1269_10_października_1929_dod,1929-10-10,https://polona.pl/preview/091db71d-b80e-46a5-a327-a266fdc53a6e,"Pakuła Katarzyna, c. Michała i Antoniny, 1. 24, ost. zam. w Rokitnicy, gm. Lubitów, pow. kowelskiego, osk. z art. 138 k. k. — Sąd Grodzki w Kowlu, wydz. karny, nr. K. 4275-29 z dn. 20.9.29 r. 66. 36008-IY r -29. Kowalski Kazimierz Wiktor, s. Kazimierza i Józe fy, 1. 26, ost. zam. w Warszawie przy ul. Jagiellońskiej 19,"
Nesteruk Bazyli,17,,art. 138,Disobedience / Violation of Police Regulations,wanted_by_city,091db71d-b80e-46a5-a327-a266fdc53a6e,1929-10-10_Gazeta_Śledcza_R_10_L_1269_10_października_1929_dod,1929-10-10,https://polona.pl/preview/091db71d-b80e-46a5-a327-a266fdc53a6e,"Nesteruk Bazyli, s. Afanazego i Marty, 1. 17, ost. zam. we wsi Nowośnitki, gm. Rudniki, pow. prużańskiego, osk. z art. 138 k. k- — Sąd Grodzki w Kowlu, wydz. karny, nr. K. 4263-29 z dn. 20.9.29 r."
Kędzior Józef,22,,art. 138,Disobedience / Violation of Police Regulations,wanted_by_city,091db71d-b80e-46a5-a327-a266fdc53a6e,1929-10-10_Gazeta_Śledcza_R_10_L_1269_10_października_1929_dod,1929-10-10,https://polona.pl/preview/091db71d-b80e-46a5-a327-a266fdc53a6e,"Kędzior Józef, s. Andrzeja i Agnieszki, 1. 22, ost. zam. we wsi Stodoły, gm. Wojciechowice, pow. opatowskiego, rolnik, osk. z art. 138 k. k. — Sąd Grodzki w Kowlu, wydz. karny, nr. K. 4156-29 z dn. 20.9.29 r."
Jarosiewicz Edward Władysław,27,,art. 138,Disobedience / Violation of Police Regulations,wanted_by_city,091db71d-b80e-46a5-a327-a266fdc53a6e,1929-10-10_Gazeta_Śledcza_R_10_L_1269_10_października_1929_dod,1929-10-10,https://polona.pl/preview/091db71d-b80e-46a5-a327-a266fdc53a6e,"Jarosiewicz Edward Władysław, s. Edwarda i Ka tarzyny, 1. 27, ost. zam. w Warszawie przy ul. Małej 3 lub Nowy Zjazd 3, fryzjer, osk. z art. 138 k. k. — Sąd Grodzki w Kowlu, wydz. karny, nr. K 460-29 z dn. 19.9.29 r. '"
Biały Kazimierz,b. 1894,ul. Maciejow- ® Kj ^8,art. 138,Disobedience / Violation of Police Regulations,last_address;wanted_by_city,091db71d-b80e-46a5-a327-a266fdc53a6e,1929-10-10_Gazeta_Śledcza_R_10_L_1269_10_października_1929_dod,1929-10-10,https://polona.pl/preview/091db71d-b80e-46a5-a327-a266fdc53a6e,"Biały Kazimierz, s. Kazimierza i Wiktorji, ur. 31. 6.1894 r., ost. zam. we wsi Stężyce, pow. włodzimierskiego, wzrost średni, szatyn, twarz pociągła, oczy niebieskie, osk. z art. 138 k. k. — Sąd Grodzki w Kowlu, wydz. karny, nr. K. 871-29 z dn. 19.9.29 r. , ^K 36013-IV-29. Miler Jojna, ost. zam. w Kowlu przy ul. Maciej"
Klejnszmid Adam,,,,,wanted_by_city,091db71d-b80e-46a5-a327-a266fdc53a6e,1929-10-10_Gazeta_Śledcza_R_10_L_1269_10_października_1929_dod,1929-10-10,https://polona.pl/preview/091db71d-b80e-46a5-a327-a266fdc53a6e,"Klejnszmid Adam, s. Michała i Heleny, ur. w 1903 z 'art^ zani- we ws ' .Francuzy, gm. Rożyszcze, pow. łuckiego, rolnik, osk. 1Q a !! k- k. — Sąd Grodzki w Kowlu, wydz. karny, nr. K. 2314-29 z dn. r. ur 31 c -i ń087-IY-29. Zadrożyński Piotr, s. Walentego i Bronisławy, k ]-' ' r '> ost. zam. w Warszawie przy ul. Żytniej "
Gefter Srul Moszek,24,,art. 269,Unknown - verify (art. 269),wanted_by_city,459336f4-668d-43af-8ee5-140849b27506,1929-10-14_Gazeta_Śledcza_R_10_L_1270_14_października_1929,1929-10-14,https://polona.pl/preview/459336f4-668d-43af-8ee5-140849b27506,"Gefter Srul Moszek, s. Jana i Cliai, 1. 24, ost. zam. w Równem przy ul. Poniatowskiego 99, wyzn. mojż., drukarz, osk. z art. 269 k. k. — Sąd Grodzki w Kowlu, wydz. karny, nr. K. 2815-29 z dn. 23. 9.29 r ."
Rybałt Piotr. s. Macieja i Marjanny,24,,art. 138,Disobedience / Violation of Police Regulations,wanted_by_city,459336f4-668d-43af-8ee5-140849b27506,1929-10-14_Gazeta_Śledcza_R_10_L_1270_14_października_1929,1929-10-14,https://polona.pl/preview/459336f4-668d-43af-8ee5-140849b27506,"Rybałt Piotr. s. Macieja i Marjanny, 1. 24, ost. Zam. w Majdanie Nieprzyskim, gm. Krasnogród, pow. zamojskiego, osk. z art. 138 k. k. — Sąd Grodzki w Kowlu, wydz. karny, nr. K. 5311-29 z dn. 23.0.29 r. f"
Winiarska Leokadja,,,art. 138,Disobedience / Violation of Police Regulations,wanted_by_city,459336f4-668d-43af-8ee5-140849b27506,1929-10-14_Gazeta_Śledcza_R_10_L_1270_14_października_1929,1929-10-14,https://polona.pl/preview/459336f4-668d-43af-8ee5-140849b27506,"Winiarska Leokadja, c. Antoniego i Otyłji. k 15, ost. zam. w Mińsku Mazowieckim, osk. z art. 138 k. k. — Sąd Grodzki w Kowlu, wydz. karny, nr. K. 5306-29 z dn. 23.9.29 r."
Badowska Marta,19,,art. 138,Disobedience / Violation of Police Regulations,wanted_by_city,459336f4-668d-43af-8ee5-140849b27506,1929-10-14_Gazeta_Śledcza_R_10_L_1270_14_października_1929,1929-10-14,https://polona.pl/preview/459336f4-668d-43af-8ee5-140849b27506,"Badowska Marta, c. Antoniego i Otylji, 1. 19, °st. zam. w Mińsku Mazowieckim przy ul. Piłsudskiego 17, osk. z art. 138 k. k. — Sąd Grodzki w Kowlu, wydz. karny, nr. K. 5307-29 z dn. 23.9.29 r."
Tomaszewski Franciszek,22,,art. 138,Disobedience / Violation of Police Regulations,wanted_by_city,5ea9ef83-e8ed-4df8-846a-f82a9741d25b,1929-10-18_Gazeta_Śledcza_R_10_L_1272_18_października_1929,1929-10-18,https://polona.pl/preview/5ea9ef83-e8ed-4df8-846a-f82a9741d25b,"Tomaszewski Franciszek, s. Edwarda i Pauliny, 1. 22, ost. zam. w Łęcznie, pow. lubartowskiego, piekarz, osk. z art. 138 k. k. — Sąd Grodzki w Kowlu, wydz. karny, nr. K. 2442-29 z dn. 28.9.29 r."
K i j e w s k a v. Rajz m a n Ryfka,,,art. 581,Theft,last_address;wanted_by_city,6eba0c32-847c-464c-a72e-c94118c6aa95,1929-10-22_Gazeta_Śledcza_R_10_L_1273_22_października_1929,1929-10-22,https://polona.pl/preview/6eba0c32-847c-464c-a72e-c94118c6aa95,"K i j e w s k a v. Rajz m a n Ryfka, c. Chaima i Mani, ost. zam. we Lwowie przy ul. Allembeków 5 i w Kowlu przy ul. Piaskowej 18, krawcowa, osk. z art. 581 k. k. — Sąd Grodzki w Kowlu, wydz. karny, nr. K. 2447-29 z dn. 30.9.29 r."
Hajdys Antoni,,ul. Kolejowej 61. osk. z art. 138 k. k. Sąd Grodzki w Kowlu,art. 138,Disobedience / Violation of Police Regulations,last_address;wanted_by_city,6eba0c32-847c-464c-a72e-c94118c6aa95,1929-10-22_Gazeta_Śledcza_R_10_L_1273_22_października_1929,1929-10-22,https://polona.pl/preview/6eba0c32-847c-464c-a72e-c94118c6aa95,"Hajdys Antoni, s. Wawrzyńca i Antoniny, 1. 29. ost. zam. w Kowlu przy ul. Kolejowej 61. osk. z art. 138 k. k. Sąd Grodzki w Kowlu, wydz. karny, nr. K. 4810--29 z dn. 30.9.29 r. <"
Chyl Froim. s. Krsza i Perli. 1. 16,,,art. 138,Disobedience / Violation of Police Regulations,wanted_by_city,6eba0c32-847c-464c-a72e-c94118c6aa95,1929-10-22_Gazeta_Śledcza_R_10_L_1273_22_października_1929,1929-10-22,https://polona.pl/preview/6eba0c32-847c-464c-a72e-c94118c6aa95,"Chyl Froim. s. Krsza i Perli. 1. 16, ost. zam. w Ko- *du przy ul. Wojskowej 16, osk. z art. 138 k. k. — Sąd Grodzki w Kowlu, ^ydz. karny, nr. K. 4808-29 z dn. 30.9.29 r."
Mackiewicz Marja,43,ul. Poprzecznej 7,art. 581,Theft,last_address;wanted_by_city,6eba0c32-847c-464c-a72e-c94118c6aa95,1929-10-22_Gazeta_Śledcza_R_10_L_1273_22_października_1929,1929-10-22,https://polona.pl/preview/6eba0c32-847c-464c-a72e-c94118c6aa95,"Mackiewicz Marja, c. Adama i Anny, 1. 43, ost. zam. w Kowlu przy ul. Poprzecznej 7, wyzn. rz. kat., zamężna, osk. z art. 581 k. k. — Sąd Grodzki w Kowlu, wydz. karny, nr. K. 1783-29 z dn. 30.9.29 r."
Koatański Henryk Herman,,,,,wanted_by_city,6eba0c32-847c-464c-a72e-c94118c6aa95,1929-10-22_Gazeta_Śledcza_R_10_L_1273_22_października_1929,1929-10-22,https://polona.pl/preview/6eba0c32-847c-464c-a72e-c94118c6aa95,"Koatański Henryk Herman, posz. G. Śl. 1245 poz. 25. — Sąd Grodzki w Kowlu, L. K. 9316-28 z dn. <.10.29 r. 137 2388-IV-28. Przeździecki Józef, posz. G. Śl. 1051 poz. <5. Sąd Grodzki w Warszawie, oddz. 11, L. 2728-27 z dn. 27.9.29 r. (pismo Urz. Śl. w Warszawie, L. 1984-28 z dn. 5.10.29 r.)"
FJińczuk Korniła,21,,art. 138,Disobedience / Violation of Police Regulations,wanted_by_city,0accb09b-37b3-4eca-89ce-3c10f1d6fa13,1929-10-24_Gazeta_Śledcza_R_10_L_1274_24_października_1929,1929-10-24,https://polona.pl/preview/0accb09b-37b3-4eca-89ce-3c10f1d6fa13,"FJińczuk Korniła, s. Michała i Teodozji, 1. 21, ost. sam. we wsi Dalniki, gm. Kamień-Koszyrski, piekarz, osk. z art. 138 k. k.— Sąd Grodzki w Kowlu, wydz. karny, nr. K. 3898-29 z dn. 5.10.29 r."
Rutman Aron,37,,art. 571,Unknown - verify (art. 571),wanted_by_city,0accb09b-37b3-4eca-89ce-3c10f1d6fa13,1929-10-24_Gazeta_Śledcza_R_10_L_1274_24_października_1929,1929-10-24,https://polona.pl/preview/0accb09b-37b3-4eca-89ce-3c10f1d6fa13,"Rutman Aron, s. Icka Moszka i Siej wy, 1. 37, ost. z um. w os. Solec, jtow. iłżeckiego, wyzn. mojż., szewc, osk. z art. 571 k. k. — Sąd Grodzki w Kowlu, wydz. karny, nr. K. 611-29 z dn. 5.10.29 r."
Pieszka Franciszek,23,,art. 581,Theft,wanted_by_city,0accb09b-37b3-4eca-89ce-3c10f1d6fa13,1929-10-24_Gazeta_Śledcza_R_10_L_1274_24_października_1929,1929-10-24,https://polona.pl/preview/0accb09b-37b3-4eca-89ce-3c10f1d6fa13,"Pieszka Franciszek, s. Stanisława i Cecylji, I. 23, hst. zam. w Jodłówce, pow. Jarosław, wyzn. rz. kat., stanu wolnego, robot nik, osk. z art. 581 k. k. —— Sąd Grodzki w Kowlu, wydz. karny, nr. K. 8548- « dn. 5.10.29 r."
Czerniak Jan,b. 1907,,art. 138,Disobedience / Violation of Police Regulations,last_address;wanted_by_city,0accb09b-37b3-4eca-89ce-3c10f1d6fa13,1929-10-24_Gazeta_Śledcza_R_10_L_1274_24_października_1929,1929-10-24,https://polona.pl/preview/0accb09b-37b3-4eca-89ce-3c10f1d6fa13,"Czerniak Jan, s. Edwarda i Anny, ur. w 1907 r., ost. zam. w Kowlu, osk. z art. 138 k. k. — Sąd Grodzki w Kowlu, wydz. karny, nr. K. 3058-29 z dn. 7.10.29 r."
Lange Ludmiła,22,,art. 138,Disobedience / Violation of Police Regulations,wanted_by_city,0accb09b-37b3-4eca-89ce-3c10f1d6fa13,1929-10-24_Gazeta_Śledcza_R_10_L_1274_24_października_1929,1929-10-24,https://polona.pl/preview/0accb09b-37b3-4eca-89ce-3c10f1d6fa13,"Lange Ludmiła, c. Jana i Marji, 1. 22, osk. z art. 138 k. k. — Sąd Grodzki w Kowlu, wydz. karny, nr. K. 11671-28 z dn 7. 10.29 r."
Paprow s k a Marja (bliższ. danych brak),,,art. 138,Disobedience / Violation of Police Regulations,wanted_by_city,1afea15c-f4a8-4d02-b457-c50355dfcc83,1929-10-26_Gazeta_Śledcza_R_10_L_1275_26_października_1929,1929-10-26,https://polona.pl/preview/1afea15c-f4a8-4d02-b457-c50355dfcc83,"Paprow s k a Marja (bliższ. danych brak), osk. z art. 138 k. k. — Sąd Grodzki w Kowlu, wydz. karny, nr. K. 11946-28 z dn. 16.9.29 r. 41- 38574-1V-29. Jaczewicz v. Jaczewin Bronisław, s. Feliksa i Sta nisławy, nauczyciel, osk. z art. 138 i 139 k. k. — Sąd Grodzki w Jadowie, nr - K. 1454-29 z dn. 12.10.29 r."
Krawczyk Piotr,40,,art. 138,Disobedience / Violation of Police Regulations,wanted_by_city,8dea009b-8214-46b4-9424-986e9c3a71c0,1929-10-30_Gazeta_Śledcza_R_10_L_1276_30_października_1929_dod,1929-10-30,https://polona.pl/preview/8dea009b-8214-46b4-9424-986e9c3a71c0,"Krawczyk Piotr, s. Franciszka i Anny, 1. 40, ost. zam. w Mielnicy, pow. kowelskiego, rolnik, osk. z art. 138 k. k. Sąd Grodzki w Kowlu, wydz. karny, nr. K. 11663-28 z dn. 15.10.29 r. 84. 39358-IV-2.9. Przyrowski Stanisław, s. Franciszka i F.wy, ur. 28. 1.1909 r., ost. zam. w kol. Piotrowice, gm. Growice i w Kowlu, Jedl"
Cepik Lida,b. 1906,,art. 138,Disobedience / Violation of Police Regulations,wanted_by_city,aa164309-383b-4e65-ba40-53300468f429,1929-11-04_Gazeta_Śledcza_R_10_L_1277_4_listopada_1929,1929-11-04,https://polona.pl/preview/aa164309-383b-4e65-ba40-53300468f429,"Cepik Lida, c. Jakóba i Pauliny, ur. w 1906 r., * )s t. zam. w Lublinie przy ul. Piekarskiej 33, osk. z art. 138 k. k. Sąd Grodzki w Kowlu, wydz. karny, nr. K. 3675-29 z dn. 16.10.29 r."
Madej Jan,,,,,wanted_by_city,aa164309-383b-4e65-ba40-53300468f429,1929-11-04_Gazeta_Śledcza_R_10_L_1277_4_listopada_1929,1929-11-04,https://polona.pl/preview/aa164309-383b-4e65-ba40-53300468f429,"Madej Jan, posz. G. Śl. 1135 poz. 23. — Sad Grodzki w Szydłowcu, L. K. 2650-28 z dn. 21.10.29 r. r 127 1 2711 T- IV - 29 - Morozow Michał, posz. G. Śl. 1250 poz. 51. — Sąd Grodzki w Kowlu, wydz. karny, L. K. 4595-29 z dn. 19.10.29 r. ■"
Mitkalik Lewek (bliższ. danych brak),,,"art. 624, art. 627",Unknown - verify (art. 624) & Unknown - verify (art. 627),wanted_by_city,663c5258-77a3-448e-9ff2-d400e1aa4b13,1929-11-22_Gazeta_Śledcza_R_10_L_1282_22_listopada_1929,1929-11-22,https://polona.pl/preview/663c5258-77a3-448e-9ff2-d400e1aa4b13,"Mitkalik Lewek (bliższ. danych brak), osk. z art. 624 i 627 k. k. — Sąd Grodzki w Kowlu, wvdz. karny, nr. K. 117.9-20 z dn 17.9.29 r."
Stawski Aleksander,24,ul. Jaworowej 6,art. 138,Disobedience / Violation of Police Regulations,last_address;wanted_by_city,815bedef-03d6-4bc4-8589-a679e6abccc0,1929-11-23_Gazeta_Śledcza_R_10_L_1283_23_listopada_1929,1929-11-23,https://polona.pl/preview/815bedef-03d6-4bc4-8589-a679e6abccc0,"Stawski Aleksander, s. Antoniego i Karoliny, ur. w 1908 r., ost. zam. w Dorohusku, gm. Turka, pow. chełmskiego, osk. z art. 138 k. k. Sąd Grodzki w Kowlu, wydz. karny, nr. K. 4769-29 z dn. 28. 10.29 r. 36 41406-IV-29. Lendas Aleksander, s. Andrzeja i Ewy, 1. 24, ost. zam. w Łucku, rolnik, osk. z art. 138 k. k. — Sąd Gr"
Starościk Wacław,33,ul. '. Kołodnickiej 4,art. 138,Disobedience / Violation of Police Regulations,last_address;wanted_by_city,815bedef-03d6-4bc4-8589-a679e6abccc0,1929-11-23_Gazeta_Śledcza_R_10_L_1283_23_listopada_1929,1929-11-23,https://polona.pl/preview/815bedef-03d6-4bc4-8589-a679e6abccc0,"Starościk Wacław, s. Józefa i Wiktorji, 1. 33, ost. zam. we wsi i gm. Opinogóra, pow. ciechanowskiego, osk. z art. 138 k. k. Sąd Grodzki w Kowlu, wydz. karny, nr. K. 4814-29 z dn. 28.10.29 r. 39 41409-IV-29. Wiktorcwicz Aleksander, s. Ludwika i Józefy, 1. 27, ur.'w kol. Samorządld, gm. Górzno, pow. garwolińskiego, ost."
Glanowski Juljan,25,,art. 262,Unknown - verify (art. 262),wanted_by_city,3645cd57-681e-4e31-8fef-7777d3235f95,1929-11-28_Gazeta_Śledcza_R_10_L_1285_28_listopada_1929,1929-11-28,https://polona.pl/preview/3645cd57-681e-4e31-8fef-7777d3235f95,"Glanowski Juljan, s. Wincentego i Józefy, 1. 25, ost. zam. w Niwce przy ul. Fabrycznej, pow. będzińskiego, robotnik, osk. z art. 262 k. k. — Sąd Grodzki w Sosnowcu, oddz. I karny, nr. K. I. 963-29 z dn. 8.11.29 r. 80. 42439 -IV- 29 . Kacperek (Kasperek) Józef, s. Józefa i Karoliny, 1. 25 ost. zam. we wsi Zwoła, gm. Sar"
Kowalski Kazimierz Wiktor,,,,,wanted_by_city,3645cd57-681e-4e31-8fef-7777d3235f95,1929-11-28_Gazeta_Śledcza_R_10_L_1285_28_listopada_1929,1929-11-28,https://polona.pl/preview/3645cd57-681e-4e31-8fef-7777d3235f95,"Kowalski Kazimierz Wiktor, posz. G. Śl. 1269 poz. 66. — Sąd Grodzki w Kowlu, wydz. karny, L. 4268-29 z dn. 6.11.29 r."
Kokoszka Stanisław,23,,art. 468,Unknown - verify (art. 468),last_address,196a2153-b9cc-4149-af03-9613deb0f628,1929-11-30_Gazeta_Śledcza_R_10_L_1286_30_listopada_1929_dod,1929-11-30,https://polona.pl/preview/196a2153-b9cc-4149-af03-9613deb0f628,"Kokoszka Stanisław, s. Szczepana i Antoniny, 1. 23, mieszk. Kowla, osk. z art. 468 k. k., posz. przez Sąd Okr. w Łucku, wydz. I karny, sekc. 2, nr. UK. 497-29 z dn. 9.11.29 r."
Godlewski Franciszek,26,,art. 262,Unknown - verify (art. 262),wanted_by_city,c283a816-ebb2-4c12-b4e6-fcae86c9ab59,1929-12-05_Gazeta_Śledcza_R_10_L_1288_5_grudnia_1929_dod,1929-12-05,https://polona.pl/preview/c283a816-ebb2-4c12-b4e6-fcae86c9ab59,"Godlewski Franciszek, s. Stanisława, 1. 26, ur. w gm. Lubitów, pow. kowelskiego, ost. zam. w Warszawie przy ul. Grójec kiej 13, osk. z art. 262 k. k. — Sąd Grodzki w Kowlu, wydz. karny, nr K 2979-29 z dn. 16.11.29 r."
Kociołek Genowefa,,,,,wanted_by_city,05c2bf02-fc6e-4f69-b213-198f42387862,1929-12-09_Gazeta_Śledcza_R_10_L_1289_9_grudnia_1929,1929-12-09,https://polona.pl/preview/05c2bf02-fc6e-4f69-b213-198f42387862,"Kociołek Genowefa, posz. G. Śl. 1092 poz. 76. -— Sąd Grodzki w Żelechowie, L. K. 1237-29 z dn. 25.11.29 r. 112 . 36006-IV-29. Łuczyński Władysław, posz. G. Śl. 1269 poz. 64. — Sąd Grodzki w Kowlu, wydz. karny, L. K. 4277-29 z dn. 21.11.29 r."
Fajnbuch Benjamin,b. 1901,ul. Łuckiej 25 lub w Białymstoku przy ul. Suchej 17,,,last_address,8d2518a9-17a1-44f9-a738-c100eb7b5476,1929-12-12_Gazeta_Śledcza_R_10_L_1290_12_grudnia_1929,1929-12-12,https://polona.pl/preview/8d2518a9-17a1-44f9-a738-c100eb7b5476,"Fajnbuch Benjamin, s. Abrama i Fejgi, ur. w 1901 r. w Warszawie, ost. zam. w Kowlu przy ul. Łuckiej 25 lub w Białymstoku przy ul. Suchej 17, wyzn. mojż., piekarz, wzrost 168 cm., włosy blond, oczy szare, posz. za przest. z art. 76 i 98 k. k. w. przez Wojsk. Sąd Rej. w Kowlu, nr. Kr. 191-29 z dn. 23.11.29 r."
Kolomański Adam,b. 1896,,art. 581,Theft,wanted_by_city,8d2518a9-17a1-44f9-a738-c100eb7b5476,1929-12-12_Gazeta_Śledcza_R_10_L_1290_12_grudnia_1929,1929-12-12,https://polona.pl/preview/8d2518a9-17a1-44f9-a738-c100eb7b5476,"Kolomański Adam, ur. 7.1.1896 r. w Grabinie, pow. Gostynin, ost. zam. w Płocku przy ul. Kościuszki 1. —- Starosta Pow. w Płocku, nr. 601-rej. z dn. 20.11.29 r. 75* 43927-IV-29. Milniczuk Jan, szer. 2 p. strz. kon., s. Antoniego i Jadwigi, ur. w 1905 r. w Mogilnicy, gm. Siedliszcze, pow. chełmskiego, sta nu wolnego, rol"
Simon Leon,35,,art. 591,Fraud / Embezzlement,wanted_by_city,8d2518a9-17a1-44f9-a738-c100eb7b5476,1929-12-12_Gazeta_Śledcza_R_10_L_1290_12_grudnia_1929,1929-12-12,https://polona.pl/preview/8d2518a9-17a1-44f9-a738-c100eb7b5476,"Simon Leon, s. Jana i Otylji, 1. 35, ur. w Wejhe rowie, kupiec, właściciel biura rolniczo-techn. w Kowlu, tamże ost. zam. przj ul. Łuckiej 46, osk. z art. 591 k. k. — Sąd Grodzki w Kowlu, wydz. karny, nr. K. 3546-29 z dn. 15.11.29 r."
Sitkowski Bronisław,24,,art. 398,Unknown - verify (art. 398),wanted_by_city,8d2518a9-17a1-44f9-a738-c100eb7b5476,1929-12-12_Gazeta_Śledcza_R_10_L_1290_12_grudnia_1929,1929-12-12,https://polona.pl/preview/8d2518a9-17a1-44f9-a738-c100eb7b5476,"Sitkowski Bronisław, s. Jana, 1. 24, ost. zam. w Ko wlu przy ul. Łuckiej 49, robotnik, osk. z art. 398 k. k. — Sąd Grodzki w Kowlu, wydz. karny, nr. K. 1021-29 z dn. 9.11.29 r."
Zieliński Antoni,,,,,wanted_by_city,8d2518a9-17a1-44f9-a738-c100eb7b5476,1929-12-12_Gazeta_Śledcza_R_10_L_1290_12_grudnia_1929,1929-12-12,https://polona.pl/preview/8d2518a9-17a1-44f9-a738-c100eb7b5476,"Zieliński Antoni, s. Franciszka i Stefanji, 1 . 27, ost. zam. w Baranowiczach przy ul. Szeptyckiego 26, leśnik, osk. z art. 138 k- k. — Sąd Grodzki w Kowlu, wydz. karny, nr. K. 5826-29 z dn. 9.11.29 r."
Sapiecha Aleksander,,ul. Narożnej 23,art. 591,Fraud / Embezzlement,last_address;wanted_by_city,8d2518a9-17a1-44f9-a738-c100eb7b5476,1929-12-12_Gazeta_Śledcza_R_10_L_1290_12_grudnia_1929,1929-12-12,https://polona.pl/preview/8d2518a9-17a1-44f9-a738-c100eb7b5476,"Sapiecha Aleksander, s. Józefa i Balbiny, 1 . 23, ur. w Dębinie, pow. baranowickiego, ost. zam. w Kowlu przy ul. Narożnej 23, wdowiec, kancelista, osk. z art. 591 k. k. — Sąd Grodzki w Kowlu, wydz. karny, nr. K. 2084-29 z dn. 15.11.29 r."
Sereluk Piotr,45,,art. 138,Disobedience / Violation of Police Regulations,wanted_by_city,8d2518a9-17a1-44f9-a738-c100eb7b5476,1929-12-12_Gazeta_Śledcza_R_10_L_1290_12_grudnia_1929,1929-12-12,https://polona.pl/preview/8d2518a9-17a1-44f9-a738-c100eb7b5476,"Sereluk Piotr, s. Stepana, 1. 45, ost. zam. we w T si Czarnoplisy, gm. Maciejów, pow. kowelskiego, osk. z art. 138 k. k. — Sąd Grodzki w Kowlu, wydz. karny, nr. K. 9718-28 z dn. 16.11.29 r."
Gudsztadt Rafał,b. 1899,,art. 581,Theft,wanted_by_city,8d2518a9-17a1-44f9-a738-c100eb7b5476,1929-12-12_Gazeta_Śledcza_R_10_L_1290_12_grudnia_1929,1929-12-12,https://polona.pl/preview/8d2518a9-17a1-44f9-a738-c100eb7b5476,"Gudsztadt Rafał, s. Szmula Zajwela i Mali, ur. 16.12.1899 r., ost. zam. w Warszawie przy ul. Nowolipki 32, stanu wolnego, elektrotechnik, osk. z art. 581 k. k. — Sąd Grodzki w Kowlu, wydz. karny, nr. K. 5583-29 z dn. 9.11.29 r."
Kowalski Stanisław,29,,art. 284,Unknown - verify (art. 284),wanted_by_city,8d2518a9-17a1-44f9-a738-c100eb7b5476,1929-12-12_Gazeta_Śledcza_R_10_L_1290_12_grudnia_1929,1929-12-12,https://polona.pl/preview/8d2518a9-17a1-44f9-a738-c100eb7b5476,"Kowalski Stanisław, s. Józefa, 1. 29, przynal. do Kozienic, ost. zam. w Sarnach przy ul. Krzywej, osk. z art. 284 k. k. — Sąd Grodzki w Kowlu, wydz. karny, nr. K. 9863-28 z dn. 16.11.29 r."
Januszuk Platon,26,,art. 284,Unknown - verify (art. 284),last_address;wanted_by_city,8d2518a9-17a1-44f9-a738-c100eb7b5476,1929-12-12_Gazeta_Śledcza_R_10_L_1290_12_grudnia_1929,1929-12-12,https://polona.pl/preview/8d2518a9-17a1-44f9-a738-c100eb7b5476,"Januszuk Platon, s. Prokopa i Darji, 1. 26, ost. zam. we wsi i gm. Stare Koszary, pow. kowelskiego albo w Kowlu przy ul. Sien kiewicza 39, stanu wolnego, rolnik, osk. z art. 284 k. k. — Sąd Grodzki w Kowlu, wydz. karny, nr. K. 5891-28 z dn. 9.11.29 r. ,®4-_ 43916-IV-29. a) Doloszyński Tadeusz, s. Józefa, 1. 15, b) Do- "
Czechaniuk Siergiej (bliższ. danych brak),,,art. 262,Unknown - verify (art. 262),wanted_by_city,8d2518a9-17a1-44f9-a738-c100eb7b5476,1929-12-12_Gazeta_Śledcza_R_10_L_1290_12_grudnia_1929,1929-12-12,https://polona.pl/preview/8d2518a9-17a1-44f9-a738-c100eb7b5476,"Czechaniuk Siergiej (bliższ. danych brak), osk. z art. 262 k. k. — Sąd Grodzki w Kowlu, wydz. karny, nr. K. 12204-28 z dn. 16.10.29 r. r. w Bielsku, temże jprzynal^i os^am przy ul 7 Ł 1 ^ 2 °- 61901 szofer, osk. z §§ 152i lVb) u k - Sari' Ok Za “. koWC J 4 > kat., Vr. XIV. 507-29 z d„. 7 11 29 n § ^ W Clesz >'"" ie ’ ^y"
Denert Robert,,,,,wanted_by_city,8d2518a9-17a1-44f9-a738-c100eb7b5476,1929-12-12_Gazeta_Śledcza_R_10_L_1290_12_grudnia_1929,1929-12-12,https://polona.pl/preview/8d2518a9-17a1-44f9-a738-c100eb7b5476,"Denert Robert, posz. G. Śl. 1269 poz. 31. — Sąd Grodzki w Kowlu, wydz. karny, L. K. 2752-29 z dn. 21.11.29 r."
Gwiazda Leonard,,,,,wanted_by_city,8d2518a9-17a1-44f9-a738-c100eb7b5476,1929-12-12_Gazeta_Śledcza_R_10_L_1290_12_grudnia_1929,1929-12-12,https://polona.pl/preview/8d2518a9-17a1-44f9-a738-c100eb7b5476,"Gwiazda Leonard, posz. G. Śl. 1269 poz. 33. — Sąd Grodzki w Kowlu, wydz. karny, L. K. 2238-29 z dn. 26.11.29 r."
Łotowski Aleksander,b. 1890,,art. 591,Fraud / Embezzlement,wanted_by_city,3ba53ae1-9e1b-429b-b932-df2f488dafd0,1929-12-19_Gazeta_Śledcza_R_10_L_1292_19_grudnia_1929_dod,1929-12-19,https://polona.pl/preview/3ba53ae1-9e1b-429b-b932-df2f488dafd0,"Łotowski Aleksander, s. Michała i Zofji, ur. 27.7. 1890 r. w Białymstoku, tamże ost. zam. przy ul. Warszawskiej 78, osk. z art. 591 k. k. — Sąd Grodzki w Kowlu, wydz. karny, nr. K. 8969-29 z dn. 22. 10.29 r."
Kowalski Kazimierz Wiktor,26,,art. 138,Disobedience / Violation of Police Regulations,wanted_by_city,3ba53ae1-9e1b-429b-b932-df2f488dafd0,1929-12-19_Gazeta_Śledcza_R_10_L_1292_19_grudnia_1929_dod,1929-12-19,https://polona.pl/preview/3ba53ae1-9e1b-429b-b932-df2f488dafd0,"Kowalski Kazimierz Wiktor, s. Kazimierza i Jó zefy, 1. 26, ost. zam. w Warszawie przy ul. Jagiellońskiej 19 lub Muranow- skiej 8, osk. z art. 138 k. k. — Sąd Grodzki w Kowlu, wydz. karny, nr. K. 4264-29 z dn. 23.11.29 r."
A rsz ulik Darja,25,,,,wanted_by_city,3ba53ae1-9e1b-429b-b932-df2f488dafd0,1929-12-19_Gazeta_Śledcza_R_10_L_1292_19_grudnia_1929_dod,1929-12-19,https://polona.pl/preview/3ba53ae1-9e1b-429b-b932-df2f488dafd0,"A rsz ulik Darja, c. Tychona i Marji, 1. 25, ost. zam. we wsi Gruziatyn, gm. Trościańce, pow. łuckiego, służąca, osk. z artf 138 k. k. — Sąd Grodzki w Kowlu, wj-dz. karny, nr. K. 6067-29 z dn. 23. 11.29 r."
Kowalczuk Jan,,,art. 138,Disobedience / Violation of Police Regulations,wanted_by_city,3ba53ae1-9e1b-429b-b932-df2f488dafd0,1929-12-19_Gazeta_Śledcza_R_10_L_1292_19_grudnia_1929_dod,1929-12-19,https://polona.pl/preview/3ba53ae1-9e1b-429b-b932-df2f488dafd0,"Kowalczuk Jan, s. Aleksandra i Marji, ost. zam. w Brodach przy ul. Małe Folwarki 9, lub w Powursku, pow. kowelskiego, brukarz, osk. z art. 138 k. k. — Sąd Grodzki w Kowlu, wydz. karny, nr. K. 5218-29 z dn. 23.11.29 r."
Szyfer Liba Ruchla,,,,,wanted_by_city,3ba53ae1-9e1b-429b-b932-df2f488dafd0,1929-12-19_Gazeta_Śledcza_R_10_L_1292_19_grudnia_1929_dod,1929-12-19,https://polona.pl/preview/3ba53ae1-9e1b-429b-b932-df2f488dafd0,"Szyfer Liba Ruchla, posz. G. Śl. 1250 poz. 52, 1269 poz. 40 —- ujęta. — Sąd Grodzki w Kowlu, wydz. karny, L. K. 9278 i 11794-28 z dn. 7.12.29 r."
Wejs Mejlach,32,,art. 138,Disobedience / Violation of Police Regulations,wanted_by_city,42557da0-b183-41d0-877b-d9f2f7c904a2,1930-01-02_Gazeta_Śledcza_R_11_L_1295_2_stycznia_1930,1930-01-02,https://polona.pl/preview/42557da0-b183-41d0-877b-d9f2f7c904a2,"Wejs Mejlach, s. Icka, 1. 32, ur. w Gródku Jagiel lońskim, ost. zam. w Turczynie, pow. łuckiego, wzrost wysoki, szatyn, twarz owalna, oczv bronzowe, osk. z art. 138 k. k. — Sąd Grodzki w Kowlu, wydz. kamy, nr. K. 2893-29 z dn. 19.9.29 r."
Stojanowicz Karp,34,,art. 138,Disobedience / Violation of Police Regulations,wanted_by_city,319a5f00-b909-43e3-9730-bd4c59e712a3,1930-01-09_Gazeta_Śledcza_R_11_L_1297_9_stycznia_1930_dod,1930-01-09,https://polona.pl/preview/319a5f00-b909-43e3-9730-bd4c59e712a3,"Stojanowicz Karp, s. Andrzeja i Chrysti, 1. 34, wyzn. prawosł., cygan, kowal, wzrost 170 cm., szatyn, oczy ciemne, osk. z art. 138 k. k. — Sąd Grodzki w Kowlu, wydz. karny, nr. K. 10344-28 z dn. 16. 10.29 r."
Szczęsny Wacław,,,,,wanted_by_city,319a5f00-b909-43e3-9730-bd4c59e712a3,1930-01-09_Gazeta_Śledcza_R_11_L_1297_9_stycznia_1930_dod,1930-01-09,https://polona.pl/preview/319a5f00-b909-43e3-9730-bd4c59e712a3,"Szczęsny Wacław, posz. G. Śl. 1255 poz. 51 — z powódu osądzenia sprawy. - Sąd Grodzki w Skierniewiczach, L. K. 2662- 29 z dn. 18.12.29 r. 131 36722-IV-29. Sawko-Sawicki Wincenty, posz. G. Sl. 1271 poz. 34. - Sąd Grodzki w Białymstoku, oddz. karny, L. K. 6485-29 z dn. 19. 1! 2S> I*.,. 46046 -IV- 29 . Przesmycka Stanisła"
Wacka Leon,,,,,wanted_by_city,a73ef2e8-fa74-412d-aacf-f7483378f10a,1930-01-13_Gazeta_Śledcza_R_11_L_1298_13_stycznia_1930,1930-01-13,https://polona.pl/preview/a73ef2e8-fa74-412d-aacf-f7483378f10a,"Wacka Leon, posz. G. Śl. 938 poz. 27. — Sąd Grodzki w Kowlu, wydz. karny, L. K. 7578-26 z dn. 19.12.29 r."
K s i ą ż y k Teodozja,,,,,wanted_by_city,848ab501-7c0c-4895-bb52-e30b90587cc4,1930-01-24_Gazeta_Śledcza_R_11_L_1303_24_stycznia_1930_dod,1930-01-24,https://polona.pl/preview/848ab501-7c0c-4895-bb52-e30b90587cc4,"K s i ą ż y k Teodozja, posz. G. Śl. 1091 poz. 56.— Sąd Grodzki w Kowlu, wydz. karny, L. K. 546-28 z dn. 9.1.30 r."
Jarosiewicz Edward Władysław,,,,,wanted_by_city,1d0fe422-fc92-43e7-ae48-991d43508b2e,1930-01-27_Gazeta_Śledcza_R_11_L_1304_27_stycznia_1930_dod,1930-01-27,https://polona.pl/preview/1d0fe422-fc92-43e7-ae48-991d43508b2e,"Jarosiewicz Edward Władysław, posz. G. Śl. 1269 poz. 69. — Sąd Grodzki w Kowlu, wydz. karny, L. K. 460-29 z dą. 7.1.30 r."
Ołeśnścki Jerzy,46,,art. 441,Unknown - verify (art. 441),last_address,a9f6d522-4787-4c99-9ce3-1e7f3d4f5a0a,1930-02-03_Gazeta_Śledcza_R_11_L_1307_3_lutego_1930,1930-02-03,https://polona.pl/preview/a9f6d522-4787-4c99-9ce3-1e7f3d4f5a0a,"Ołeśnścki Jerzy, s. Walentego, 1. 46, mieszk. Kowla, osk. z art. 441 k. k., pasz. przez Sąd Okr. w Łucku, wydz. I karny, śekc. 2, nr. UK. 692-28 z dn. 8.1.30 r. 1 !"
Werner Józef,23,,art. 262,Unknown - verify (art. 262),wanted_by_city,cb7da6a2-b069-4ffb-8735-fb79a9830bb4,1930-02-05_Gazeta_Śledcza_R_11_L_1308_5_lutego_1930,1930-02-05,https://polona.pl/preview/cb7da6a2-b069-4ffb-8735-fb79a9830bb4,"Werner Józef, s. Wincentego, 1. 23, ur. w Zamościu, ost. zam. w Lublinie przy uł. Dolnej Panny Marji 27, osk. z art. 262 k. k. Sąd Grodzki w Kowlu, wydz. karny, nr. K. 1297-29 z dn. 9.1.30 r."
Drzewiecka v. Jankiewicz Elżbieta,,,art. 156,Unknown - verify (art. 156),wanted_by_city,cb7da6a2-b069-4ffb-8735-fb79a9830bb4,1930-02-05_Gazeta_Śledcza_R_11_L_1308_5_lutego_1930,1930-02-05,https://polona.pl/preview/cb7da6a2-b069-4ffb-8735-fb79a9830bb4,"Drzewiecka v. Jankiewicz Elżbieta, c. Joachima, ost. zam. w Maniewiczach, gm. Gródek, pow. kowelskiego i w Brze ściu n/B., osk. z art. 156 k. k. — Sąd Grodzki w Kowlu, wydz. karny, nr. K. 2457-29 z dn. 9.1.30 r."
Ziomka Stanisław,28,,art. 581,Theft,wanted_by_city,cb7da6a2-b069-4ffb-8735-fb79a9830bb4,1930-02-05_Gazeta_Śledcza_R_11_L_1308_5_lutego_1930,1930-02-05,https://polona.pl/preview/cb7da6a2-b069-4ffb-8735-fb79a9830bb4,"Ziomka Stanisław, s. Jana i Anieli, 1. 28, ost. zam. w gm. Stare Koszary, pow. kowelskiego, robotnik, osk. z art. 581 k. k. Sąd Grodzki w Kowlu, wydz. karny, nr. K. 5624-29 z dn. 9.1.30 r."
Ostapczuk Mikołaj,,,,,wanted_by_city,923eac13-f920-40f1-b907-e974cf1b20cb,1930-02-06_Gazeta_Śledcza_R_11_L_1309_6_lutego_1930_dod,1930-02-06,https://polona.pl/preview/923eac13-f920-40f1-b907-e974cf1b20cb,"Ostapczuk Mikołaj, posz. G. Śl. 1269 poz. 27. — ; Sąd Grodzki w Kowlu, wydz. karny, L. K. 2548-29 z dn. 17.1.30 r."
Kaniowska Józefa,,,,,wanted_by_city,3af7473d-1e9b-4436-901c-1434d717e271,1930-02-11_Gazeta_Śledcza_R_11_L_1311_11_lutego_1930,1930-02-11,https://polona.pl/preview/3af7473d-1e9b-4436-901c-1434d717e271,"Kaniowska Józefa, f>osz. G. ŚL 891 J>oz. 71.—-Sąd Grodzki w Kowlu, wydz. karny, L. K. 5523-26 z dn. 22.1.30 v."
Moroz Sergjusz,b. 1893,,,,wanted_by_city,82566be7-6f31-457e-88d3-3c1329e00118,1930-02-15_Gazeta_Śledcza_R_11_L_1314_15_lutego_1930,1930-02-15,https://polona.pl/preview/82566be7-6f31-457e-88d3-3c1329e00118,"Moroz Sergjusz, s. Androna i Anny, ur. w 1893 r., | ost. zam. we wsi Bilinie, gm. Lubitów, pow. kowelskiego, tamże przynal., j Wzrost średni, włosy blond, twarz pociągła, oczy szare, wąsy strzyżone, osk. z art. 578 cz. III k. k., posz. przez Sędziego Okr. Śl. 1 rew 7 , pow. kowelskiego j w Kowlu, nr. 130, 46-2S z dn. 3"
Janowski Antoni,b. 1861,,art. 591,Fraud / Embezzlement,wanted_by_city,4fdb2f4b-0bb4-4b3c-8344-44ebc72f202e,1930-02-17_Gazeta_Śledcza_R_11_L_1315_17_lutego_1930,1930-02-17,https://polona.pl/preview/4fdb2f4b-0bb4-4b3c-8344-44ebc72f202e,"Janowski Antoni, s. Michała i Agnieszki, ur. 4.1. 1861 r. w Gaju, pow. Strzelno. — Sąd Grodzki w Kleczewie, nr K 1080-29 z dn. 27.1.30 r. 07. 4661-11 -30. Śliwowski Jerzy, s. Ewarysta i Wandy, ur. 6.2.1915. r., ost. zam. w Warszawie przy ul. Małej 13,-stanu wolnego,.osk. z art. 591 k. k. Sąd Grodzki w Kowlu, wydz. karn"
Drzewicki Antoni,,,art. 581,Theft,wanted_by_city,4fdb2f4b-0bb4-4b3c-8344-44ebc72f202e,1930-02-17_Gazeta_Śledcza_R_11_L_1315_17_lutego_1930,1930-02-17,https://polona.pl/preview/4fdb2f4b-0bb4-4b3c-8344-44ebc72f202e,"Drzewicki Antoni, s. Joachima, 1. 21', ost. zam, w Rafałówce, pow. sarneńskiego, wzrost w. średni, szczupły, włosy blond, oczy niebieskie, osk. z art. 581 k. k. — Sąd Grodzki w Kowlu, wydz. karny/ nr. K. 10314-29 z dn. 29.1.30 r."
Hauser Antonina,45,,art. 397,Unknown - verify (art. 397),last_address,4fdb2f4b-0bb4-4b3c-8344-44ebc72f202e,1930-02-17_Gazeta_Śledcza_R_11_L_1315_17_lutego_1930,1930-02-17,https://polona.pl/preview/4fdb2f4b-0bb4-4b3c-8344-44ebc72f202e,"Hauser Antonina, c. Kajetana i Józefy, ost. zam. w Krasnymstawie, osk. z art. 397 k. k. — Sad Grodzki w Chełmie Lub., nr. K. 275-29 z dn. 31.1.30 i J . 82 4686-1V-30. Litwin Sergjusz, s. Pawła i Weroniki, 1. 45, ost. zam. w 'Chełmie, osk. z art. 581 k. k. — Sąd Grodzki w Chełmie Lud., nr. K. 1656-28 z dn. 31.1.30 r. S3"
Kotański Mieczysław,37,,art. 138,Disobedience / Violation of Police Regulations,wanted_by_city,75905966-ba8d-4aab-93b9-3dd4b7a4fb6c,1930-02-19_Gazeta_Śledcza_R_11_L_1316_19_lutego_1930,1930-02-19,https://polona.pl/preview/75905966-ba8d-4aab-93b9-3dd4b7a4fb6c,"Kotański Mieczysław, s. Michała i Małgorzaty, 1. 37, ost. zam. we Włodzimierzu przy ul. Kolejowej 36, osk. z art. 138 k. k. —■ Sąd Grodzki w Kowlu, wydz. karny, nr. K. 8197-29 z dn. 4.2.30 r."
Koleśnik Nikifor,30,,art. 138,Disobedience / Violation of Police Regulations,wanted_by_city,75905966-ba8d-4aab-93b9-3dd4b7a4fb6c,1930-02-19_Gazeta_Śledcza_R_11_L_1316_19_lutego_1930,1930-02-19,https://polona.pl/preview/75905966-ba8d-4aab-93b9-3dd4b7a4fb6c,"Koleśnik Nikifor, 1. 30, ost. zam. we wsi Łubowo, gm. Białokrynica, pow. krzemienieckiego, osk, z art. 138 k. k. — Sąd Grodzki w Kowlu, wydz. karny, nr. K. 6473-29 z dn. 4.2.30 r."
Gismach Moszek,15,,art. 138,Disobedience / Violation of Police Regulations,wanted_by_city,75905966-ba8d-4aab-93b9-3dd4b7a4fb6c,1930-02-19_Gazeta_Śledcza_R_11_L_1316_19_lutego_1930,1930-02-19,https://polona.pl/preview/75905966-ba8d-4aab-93b9-3dd4b7a4fb6c,"Gismach Moszek, s. Matysa i Chany, 1. 15, ost. zam. 1 w Jarosławiu przy ul. Krakowskiej 2, osk. z art. 138 k. k. — Sąd Grodzki w Kowlu, wydz. karny, nr. K. 7840-29 z dn. 4.2.30 r."
Wawrzyszyrt Stefan,28,,art. 138,Disobedience / Violation of Police Regulations,wanted_by_city,75905966-ba8d-4aab-93b9-3dd4b7a4fb6c,1930-02-19_Gazeta_Śledcza_R_11_L_1316_19_lutego_1930,1930-02-19,https://polona.pl/preview/75905966-ba8d-4aab-93b9-3dd4b7a4fb6c,"Wawrzyszyrt Stefan, s. Grzegorza i Florji, 1. 28, ost. zam. w Łucku przy uł. Jagiellońskiej 12, osk. z art. 138 k. k. — Sąd Grodzki w Kowlu, wydz. karny, nr. 6057-29 z dn. 4.2.30 r."
Kowal Andrzej,22,,,,wanted_by_city,75905966-ba8d-4aab-93b9-3dd4b7a4fb6c,1930-02-19_Gazeta_Śledcza_R_11_L_1316_19_lutego_1930,1930-02-19,https://polona.pl/preview/75905966-ba8d-4aab-93b9-3dd4b7a4fb6c,"Kowal Andrzej, s. Nikity i Jefimji, 1. 22, ost. zam. w Maniewiczach, gm. Gródek, pow. kowelskiego, wyzn. prawosł., stanu wol- ' nego, szewc, osk. z art. 51 i 581 k, k. — Sąd Grodzki w Kowlu, wydz. karny, nr. K. 3740-29 z dn. 4.2.30 r."
Kołtuński Tadeusz,26,,art. 138,Disobedience / Violation of Police Regulations,wanted_by_city,75905966-ba8d-4aab-93b9-3dd4b7a4fb6c,1930-02-19_Gazeta_Śledcza_R_11_L_1316_19_lutego_1930,1930-02-19,https://polona.pl/preview/75905966-ba8d-4aab-93b9-3dd4b7a4fb6c,"Kołtuński Tadeusz, s. Stanisława i Józefy, 1. 26, ost. zam. w Toruniu przy ul. Mickiewicza 5, marynarz, osk. z art. 138 k. k. -=—, Sąd Grodzki w Kowlu, wydz. karny, nr. K. 6720-29 z dn. 4.2.30 r."
Mazuryrt Aleksander,30,,art. 138,Disobedience / Violation of Police Regulations,wanted_by_city,75905966-ba8d-4aab-93b9-3dd4b7a4fb6c,1930-02-19_Gazeta_Śledcza_R_11_L_1316_19_lutego_1930,1930-02-19,https://polona.pl/preview/75905966-ba8d-4aab-93b9-3dd4b7a4fb6c,"Mazuryrt Aleksander, s. Szymona, 1. 30, ost. zam, we wsi Czerśla, gm. Powursk, pow. kowelskiego, ost. zam. w gm. Powursk, pow. kowelskiego, osk. z art. 138 k. k. — Sąd Grodzki w Kowlu, wydz. kar ny, nr. K. 6066-29 z dn. 4.2.30 r."
Fediuk Anna,20,,art. 188,Unknown - verify (art. 188),wanted_by_city,75905966-ba8d-4aab-93b9-3dd4b7a4fb6c,1930-02-19_Gazeta_Śledcza_R_11_L_1316_19_lutego_1930,1930-02-19,https://polona.pl/preview/75905966-ba8d-4aab-93b9-3dd4b7a4fb6c,"Fediuk Anna, c. Stefana, 1. 20, ost. zam. w Niem- chojeżach, pow. kowelskiego, osk. z art. 188 k. k. — Sąd Grodzki w Kowlu, wydz. karny, nr. K. 6475-29 z dn. 4.2.30 r."
Majno Mikołaj,32,,,,wanted_by_city,75905966-ba8d-4aab-93b9-3dd4b7a4fb6c,1930-02-19_Gazeta_Śledcza_R_11_L_1316_19_lutego_1930,1930-02-19,https://polona.pl/preview/75905966-ba8d-4aab-93b9-3dd4b7a4fb6c,"Majno Mikołaj, s. Juljana i Pelagji, 1. 32, ost. zam, w Turzysku, pow. kowelskiego, wyzn. prawosł., student, osk. z art. 611 Jk„ k. — Sąd Grodzki w Kowlu, wydz. karny, nr. K. 5965-29 z dn, 4.2.30 r."
Sanicki Lejba Mordka,,,art. 138,Disobedience / Violation of Police Regulations,wanted_by_city,75905966-ba8d-4aab-93b9-3dd4b7a4fb6c,1930-02-19_Gazeta_Śledcza_R_11_L_1316_19_lutego_1930,1930-02-19,https://polona.pl/preview/75905966-ba8d-4aab-93b9-3dd4b7a4fb6c,"Sanicki Lejba Mordka, s. Joska i Dwojry, ost, zam. w Równem przy ul. Wiejskiej 38, krawiec, osk. z art. 138 k. k. — Sąd Grodzki w Kowlu, wydz. karny, nr. K. 4149-29 z dn. 4.2.30 r. Z('- : ■ Unieważnione paszporty zagraniczne. Passeports etrangers annules."
Gołuch Stefan,,,,,wanted_by_city,75905966-ba8d-4aab-93b9-3dd4b7a4fb6c,1930-02-19_Gazeta_Śledcza_R_11_L_1316_19_lutego_1930,1930-02-19,https://polona.pl/preview/75905966-ba8d-4aab-93b9-3dd4b7a4fb6c,"Gołuch Stefan, posz. G. Śl. 887 poz. 44 -— unie winniony. — Sąd Grodzki w Kowlu. wydz. karny, L. K. 9793-26 z dn. 22.1. 30 r. (pismo Wydz. Śl. w Katowicach, L. 635-IV-30 z dn. 30.1.30 r.)"
Gawroński Józef,,,art. 581,Theft,last_address;wanted_by_city,0081bc85-a7de-4ea0-baa0-f68483c42c90,1930-02-21_Gazeta_Śledcza_R_11_L_1317_21_lutego_1930,1930-02-21,https://polona.pl/preview/0081bc85-a7de-4ea0-baa0-f68483c42c90,"Gawroński Józef, s. Stanisława i P — •ost. zam. w Modlinie, wyzn. rz. kat., żonaty, robotni s, osi . z ai . - ■ Sad Grodzki w Kowlu, wydz. karny, nr. K. 2932-29 z dn. 5. .30 r. 49 5600-1V-30. Tarasiewicz Bazyli, s. Daniły i Marji, 1.--5, ost. z - w Kowlu przy ul Wola 4. wyzn. prawosł., handlarz, wzrost 170 cm., włosy w"
Kowalski Kazimierz Wiktor,,,,,wanted_by_city,0081bc85-a7de-4ea0-baa0-f68483c42c90,1930-02-21_Gazeta_Śledcza_R_11_L_1317_21_lutego_1930,1930-02-21,https://polona.pl/preview/0081bc85-a7de-4ea0-baa0-f68483c42c90,"Kowalski Kazimierz Wiktor, posz. G. Śl. 1292 poz. 82. — Sąd Grodzki w Kowlu, wydz. karny, L. K. 4264-29 z dn. 3.2.30 r. ."
Wałek Hieronim,40,ul. Mickiewi cza 6,art. 532,Unknown - verify (art. 532),last_address,15fd041a-0271-4ef8-9be9-eb234f22d328,1930-02-24_Gazeta_Śledcza_R_11_L_1318_24_lutego_1930_dod,1930-02-24,https://polona.pl/preview/15fd041a-0271-4ef8-9be9-eb234f22d328,"Wałek Hieronim, s. Józefa i Pauliny, 1. 40, ur. w Świętochłowicach, ost. zam. we wsi Smolary, gm. Powur.sk, pow. kowel skiego, osk. z art. 532 k. k. — Sąd Pow. w Kowlu, wydz. karny, nr. K. 5130- 29 z dn. 10.2.30 r. 86. 6215 ~I\ -30. Koziełło Stefan, s. Tomasza i Agnieszki, 1. 36, ost. zam. w Warszawie przy ul. Kamionko"
Grabowski Mieczysław,19,ul. Warszawskiej 24,art. 138,Disobedience / Violation of Police Regulations,last_address,15fd041a-0271-4ef8-9be9-eb234f22d328,1930-02-24_Gazeta_Śledcza_R_11_L_1318_24_lutego_1930_dod,1930-02-24,https://polona.pl/preview/15fd041a-0271-4ef8-9be9-eb234f22d328,"Grabowski Mieczysław, s. Jakóba i Heleny, 1. 19, ost. zam. w Kowlu przy ul. Warszawskiej 24, rzeźnik, osk. z art. 138 k. k. — Sąd Pow. w Kowlu, wydz. karny, nr. K. 4811-29 z dn. 10.2.30 r."
Ś w i e r g a 1 s k a Antonina,,,art. 138,Disobedience / Violation of Police Regulations,last_address,15fd041a-0271-4ef8-9be9-eb234f22d328,1930-02-24_Gazeta_Śledcza_R_11_L_1318_24_lutego_1930_dod,1930-02-24,https://polona.pl/preview/15fd041a-0271-4ef8-9be9-eb234f22d328,"Ś w i e r g a 1 s k a Antonina, c. Pawła i Józefy, I. 58. o.st. zam. w Kowlu przy ul. Wierzbowej 4, osk. z art. 138 k. k. — Sąd Pow. w Kowlu, wydz. karny, nr. K. 9109-29 z dn. 10.2.30 r."
Wyszyński Poliewkt,,,,,wanted_by_city,b2cf877a-9f23-4257-9b60-105eeea4573c,1930-03-08_Gazeta_Śledcza_R_11_L_1322_8_marca_1930,1930-03-08,https://polona.pl/preview/b2cf877a-9f23-4257-9b60-105eeea4573c,"Wyszyński Poliewkt, posz. G. Śl. 126S poz. 55.— Sąd Grodzki w Kowlu, wydz. karny, L. K. 301-29 z dn. 20.2.30 r."
Gorodecki Jan,,,,,wanted_by_city,618334ee-13f0-417a-95ce-c2b33fc1c34f,1930-03-14_Gazeta_Śledcza_R_11_L_1324_14_marca_1930,1930-03-14,https://polona.pl/preview/618334ee-13f0-417a-95ce-c2b33fc1c34f,"Gorodecki Jan, posz. G. Śl. 927 poz. 118. — Sąd Grodzki w Kowlu, wydz. karny, L. K. 6435-26 z dn. 26.2.30 r."
Budan Adam,,,,,wanted_by_city,618334ee-13f0-417a-95ce-c2b33fc1c34f,1930-03-14_Gazeta_Śledcza_R_11_L_1324_14_marca_1930,1930-03-14,https://polona.pl/preview/618334ee-13f0-417a-95ce-c2b33fc1c34f,"Budan Adam, posz. G. Śl. 1294 poz. 70. — Sąd Grodzki w Kowlu, wydz. karny, L. K. 6013-29 z dn. 26.2.30 r."
Grabowski Mieczysław,19,,,,last_address,bed8df7d-e859-478e-9e4f-75bfa79f125c,1930-03-31_Gazeta_Śledcza_R_11_L_1330_31_marca_1930_dod,1930-03-31,https://polona.pl/preview/bed8df7d-e859-478e-9e4f-75bfa79f125c,"Grabowski Mieczysław, s. Jakóba i Heleny, 1. 19, • st. zam. w Kowlu przy ul. Warszawskiej 24. —- Sąd Pow. w Kowlu, wydz. .karny, nr. K. 3723-29 z dn. 11.8.30 r."
Dubińska Jenta,,ul. 50 Pułku Strz. Kres. 16,art. 262,Unknown - verify (art. 262),last_address,bed8df7d-e859-478e-9e4f-75bfa79f125c,1930-03-31_Gazeta_Śledcza_R_11_L_1330_31_marca_1930_dod,1930-03-31,https://polona.pl/preview/bed8df7d-e859-478e-9e4f-75bfa79f125c,"Dubińska Jenta, c. Trofima, 1/29, ost. zam. w Kowlu przy ul. 50 Pułku Strz. Kres. 16, osk. z art. 262 k. k. — Sąd Pow. w Kowlu, wydz. karny, nr. K. 6897-29 z dn. 11.3.30 r. 77. 108 59-IV-30. Rojtblat Pinchas, s. Jankla, ost. zam. w Kowlu pi*zy ul. Fabrycznej 7, osk. z art. 138 k. k. — Sąd Pow. w Kowlu, wydz. kar ny, nr"
Lancisz Moszek,21,ul. Listopadowej 16 i w Łucku,art. 138,Disobedience / Violation of Police Regulations,last_address,bed8df7d-e859-478e-9e4f-75bfa79f125c,1930-03-31_Gazeta_Śledcza_R_11_L_1330_31_marca_1930_dod,1930-03-31,https://polona.pl/preview/bed8df7d-e859-478e-9e4f-75bfa79f125c,"Lancisz Moszek, s. Fajwisza i Etli, 1. 21, ost. zam. w Kowlu przy ul. Listopadowej 16 i w Łucku, osk. z art. 138 k. k. — Sąd Pow. w Kowlu, wydz. karny, nr. K. 3054-29 z dn. 11.3.30 r."
Tomaszewski Kazimierz,,,,,wanted_by_city,ce7329ca-18d6-458f-a66b-d6d0d4d85cbb,1930-04-04_Gazeta_Śledcza_R_11_L_1332_4_kwietnia_1930,1930-04-04,https://polona.pl/preview/ce7329ca-18d6-458f-a66b-d6d0d4d85cbb,"Tomaszewski Kazimierz, posz. G. Śl. 1104 poz. 81 — z powodu umorzenia sprawy. — Sąd Grodzki w Kowlu, wydz. karny, L. K. 2428-28 z dn. 17.3.30 r."
Gopel Liba Ruchła,36,ul. Młynar skiej 1 1,art. 581,Theft,last_address,507add3c-186f-42ed-abc2-f1858529b693,1930-04-16_Gazeta_Śledcza_R_11_L_1336_16_kwietnia_1930,1930-04-16,https://polona.pl/preview/507add3c-186f-42ed-abc2-f1858529b693,"Gopel Liba Ruchła, c. Pinchosa i Szyfry, 1. 36, ur. w Tarnogrodzie, pow. biłgorajskiego, ost. zam. w Kowlu przy ul. Młynar skiej 1 1 , handlująca, osk. z art. 581 k. k. — Sąd Pow. w Kowlu, wydz. karny, nr. K. 63-29 z dn. 27.3.30 r. 73.^ 12981-IV-30. Wydra Stefan, s. Józefa i Katarzyny, 1. 17, ost. zam. w Kielcach przy "
Warszawski Szaja,,,,,wanted_by_city,650861fe-fca8-4c00-95d3-a0494275b806,1930-04-28_Gazeta_Śledcza_R_11_L_1340_28_kwietnia_1930,1930-04-28,https://polona.pl/preview/650861fe-fca8-4c00-95d3-a0494275b806,"Warszawski Szaja, posz. G. Śl. 658 poz. 28 — : s?d - »«*•**•. l - z dn. 9.4.30 r. (zob. p>oz. 108) G Śl q 2 78 1461 ®; I y _30 - a) Jefimow Sergjusz, b) Sokolow Samson, po SL 973 P° z - 10 i 11. — Sąd Pow. w Iwieńcu, L. 389 z dn. 5.4.30 r. sz* o!, 28 ' l 4 ® 2 |-IV-30. Szostak Antoni v. Rymowicz, posz. G. Śl. 1021 poz."
Domański Marjan,,,,,wanted_by_city,5a855015-0459-4ef1-89aa-6356cc71442c,1930-05-07_Gazeta_Śledcza_R_11_L_1344_7_maja_1930,1930-05-07,https://polona.pl/preview/5a855015-0459-4ef1-89aa-6356cc71442c,"Domański Marjan, posz. G. Śl. 1269 poz. 50. — Sąd Grodzki w Kowlu, wydz. karny, L. K. 1881-29 z dn. 14.4.30 r."
Ziółkowski Józef,,,,,wanted_by_city,fbe48e99-a6c0-4a3d-a272-5f37eacbca51,1930-05-19_Gazeta_Śledcza_R_11_L_1348_19_maja_1930,1930-05-19,https://polona.pl/preview/fbe48e99-a6c0-4a3d-a272-5f37eacbca51,"Ziółkowski Józef, posz. G. Śl. 1266 poz. 61. — Sąd Grodzki w Kowlu, wydz. karny, L. K. 1559-29 z dn. 5.5.30 r. 129. 3567-9-IV-29. Włoszczowski Andrzej, posz. G. Śl. 1268 poz. 36. — Sąd Grodzki w Kowlu, wydz. karny, L. K. 1565-29 z dn. 5.5.30 r."
Borowiecki Władysław,,ul. Puławskiej 1,,,last_address,058ff73e-00c7-4cdf-aa86-6a64b624541d,1930-05-23_Gazeta_Śledcza_R_11_L_1350_23_maja_1930_dod,1930-05-23,https://polona.pl/preview/058ff73e-00c7-4cdf-aa86-6a64b624541d,"Borowiecki Władysław, s. Adama i Marjanny, nr. 17.1.1903 r. w Marjanowie, pow. będzińskiego, ost. zam. w Kowlu przy ul. Puławskiej 1, wyzn. rz. kat., robotnik, wzrost 178 cm., włosy blond, twarz pełna, oczy niebieskie. — Wojsk. Sąd Rej. w Kowlu, nr. Kr. 83-80."
Frydman Motel,30,,,,wanted_by_city,e3a32d58-895d-44e6-9389-32f296ea6ae1,1930-06-02_Gazeta_Śledcza_R_11_L_1352_2_czerwca_1930,1930-06-02,https://polona.pl/preview/e3a32d58-895d-44e6-9389-32f296ea6ae1,"Frydman Motel, s. Berka i Brenzli, 1. 30, ost. zam. w gm. Siedliszcze, pow. kowelskiego, wzrost w. średni, szczupły, włosy j. blond, twarz piegowata, oczy niebieskie, nos długi, osk. z art. 51 i 589 cz. II k. k., posz. przez Sędziego Śl. 3 rew. pow. kowelskiego w Kowlu, nr. 321-a z dn. 30.4.30 r."
Woźniak Zofja,,,,,wanted_by_city,e3a32d58-895d-44e6-9389-32f296ea6ae1,1930-06-02_Gazeta_Śledcza_R_11_L_1352_2_czerwca_1930,1930-06-02,https://polona.pl/preview/e3a32d58-895d-44e6-9389-32f296ea6ae1,"Woźniak Zofja, posz. G. Śl. 1242 poz. 81 z powodu odbycia kary. — Sąd Pow. w Kole, L. K. 5707-28 z dn 14J5.30 r. 150 1674S-IV-30. Wojtowicz Jan, posz. G. Sl. 899 poz. 30 z po wodu umorzenia sprawy. — Sad Grodzki w Kąmieńcu-Lit., L. 1217-26 z dn. 151 10876-IV-30. Tarasiewicz Bazyli, posz. G. Śl. 1317 poz. 49, 1330 poz. "
Bejner Josel Ber,,,,,wanted_by_city,e3a32d58-895d-44e6-9389-32f296ea6ae1,1930-06-02_Gazeta_Śledcza_R_11_L_1352_2_czerwca_1930,1930-06-02,https://polona.pl/preview/e3a32d58-895d-44e6-9389-32f296ea6ae1,"Bejner Josel Ber, posz. G. Śl. 1308 poz. 56. — Sąd Grodzki w Kowlu, wydz karny, L. K. 6058--.9 z dn. K.5.. ■ 153 30S35-IV-29. Chlebowski Ryszard Kazimierz, P° SZ _ G - Sl Koi poz. 92 — z powodu ust. m. pob. — Sad Pow. w Sosnowcu, L. K. II. 515-29 z dn. 16.5.30 r."
Werner Józef,,,,,wanted_by_city,27c635e2-d9bd-4699-83e1-ad02bf2a769c,1930-06-13_Gazeta_Śledcza_R_11_L_1356_13_czerwca_1930,1930-06-13,https://polona.pl/preview/27c635e2-d9bd-4699-83e1-ad02bf2a769c,"Werner Józef, posz. G. Śl. 1308 poz., 53. — Sąd Grodzki w Kowlu, wydz. karny, L. K. 1297-29 z dn. 28.5.30 r."
Kohut Paweł,b. 1900,ul. Łuckiej 45,,,last_address,077d4023-58f1-44b6-8352-4f55d037375d,1930-06-20_Gazeta_Śledcza_R_11_L_1358_20_czerwca_1930,1930-06-20,https://polona.pl/preview/077d4023-58f1-44b6-8352-4f55d037375d,"Kohut Paweł, s. Jana i Ewy, ur. w 1900 r. w Gole szowie, ost. zam. w Kowlu przy ul. Łuckiej 45, wyzn. ewang., żonaty, posz. przez Sąd Pow. w Bielsku, nr. S. 40-30 z dn. 24.5.30 r. (Komis. P. P. Woj. Śl. w Bielsku, nr. 3546 z dn. 27.5.30 r.)"
a) Kulicki Grzegorz,22,,art. 451,Unknown - verify (art. 451),last_address,5040d593-9ba3-4251-81e5-1630cfcb99d5,1930-07-08_Gazeta_Śledcza_R_11_L_1364_8_lipca_1930_dod,1930-07-08,https://polona.pl/preview/5040d593-9ba3-4251-81e5-1630cfcb99d5,"a) Kulicki Grzegorz, s. Michała i Warwary, 1. 22, ur w Brykuli Nowej, Łsraże st. zam., ost. w Podhajcach, stanu wolnego, wyrobnik, osk. z §§ 99, 171, 174 cz. U i 176 cz. 11 u. k b) Kardasz Sta nisław, s. Gobrjela i Rozalji, 1. 19, ur. w Sokołowie, zam. w Bisniawie, wyzs. rz. kat, stanu wolnego, wyrobnik, osk. z §§ 99 i"
Kicia Arsenij,b. 1906,,"art. 51, art. 585, art. 49, art. 483",Complicity / Aiding and Abetting & Unknown - verify (art. 585) & Unknown - verify (art. 49) & Unknown - verify (art. 483),wanted_by_city,d471c616-9b6a-412b-83e9-cbab9eb4aa53,1930-07-15_Gazeta_Śledcza_R_11_L_1366_15_lipca_1930,1930-07-15,https://polona.pl/preview/d471c616-9b6a-412b-83e9-cbab9eb4aa53,"Kicia Arsenij, s. Charytoaa i Justyny, ur. w 1906 r. we wsi Bielicze, gm. Grzebowica, pow. włodzimierskiego, tamże ost. zam., wzrost średni, krepy, włosy, blond, twarz okrągła, oczy niebieskie, osk! z art. 51, 585, 49 i 483 k. k., posz. przez Sędziego Okr. SI. 1 rew. pow. kowalskiego w Kowlu, nr. 580, 46-29 z dn. 20.6,"
Kawczyński (Krawczyński) Józef,,,,,wanted_by_city,f05e46ba-a775-4a7c-8f88-df2a5d7c8910,1930-07-23_Gazeta_Śledcza_R_11_L_1369_23_lipca_1930_dod,1930-07-23,https://polona.pl/preview/f05e46ba-a775-4a7c-8f88-df2a5d7c8910,"Kawczyński (Krawczyński) Józef, posz. G. Sl. 908 po;. 31 — z powodu ust. m. pob. — Sąd Grodzki w Kowlu, wydz. karny, L. K. 1391-24 z dn. 30.6.30 r."
Mamoniuk Łukasz,,,,,wanted_by_city,2a1a56ea-8d8e-48e3-8f74-ef81b204c8ec,1930-07-28_Gazeta_Śledcza_R_11_L_1370_28_lipca_1930,1930-07-28,https://polona.pl/preview/2a1a56ea-8d8e-48e3-8f74-ef81b204c8ec,"Mamoniuk Łukasz, posz. G. Śl. 1347 poz. 75 — z powodu ust. m. pob. — Wojsk Sąd Rejon, w Kowlu, L, Kr. 85-30 z dn. 11.7.30 r."
Złoto Pinkus,35,,,,wanted_by_city,17ccc434-d299-4ed1-ab1d-e6f22d436a7e,1930-07-30_Gazeta_Śledcza_R_11_L_1371_30_lipca_1930,1930-07-30,https://polona.pl/preview/17ccc434-d299-4ed1-ab1d-e6f22d436a7e,"Złoto Pinkus, s. Lejzora iChany, 1. 35, ost. zam. w Lublinie przy ul. Krakowskie Przedmieście 53, wzrost niski, barczysty, włosy rude, osk. o kradzież, posz przez Sędziego Okr. SI. 1 rew. pow. kowelskiego w Kowlu, nr. 20-28. 625 z dn. 28.6.30 r."
Rzeźnicki Władysław,47,,,,wanted_by_city,bebefd9f-8140-4465-81c2-01d8e081a7c9,1930-08-02_Gazeta_Śledcza_R_11_L_1372_2_sierpnia_1930,1930-08-02,https://polona.pl/preview/bebefd9f-8140-4465-81c2-01d8e081a7c9,"Rzeźnicki Władysław, s. Wawrzyńca i Jadwigi, ur. 12,11.1900 r., ost. zam. w Warszawie przy ul. Przemysłowej 36, osk. z art. 4 6 cz. 1 k. k., posz. przez Pro-ra Sądu Okr. w Warszawie, nr. Kp, 2016-30 z dn. 9.7.30 r. 11. 2S554-IV-30. Obidowski Kazimierz, s. Teodora i Wandy, 1.47, ost. zam. w Hołobach, tejże gm., paw. kow"
Hartung Wojciech,24,,,,last_address,38703c40-8f34-427a-9961-002a5fc6bcf9,1930-08-12_Gazeta_Śledcza_R_11_L_1375_12_sierpnia_1930,1930-08-12,https://polona.pl/preview/38703c40-8f34-427a-9961-002a5fc6bcf9,"Hartung Wojciech, s. Henryka i Matyldy, ur. 4.4. 1907 r w Budapeszcie, ost. zam. w Chorzelach, pow. przasrsys lego, wyzn. ewan 9 Uc straży graniczne, wzrost wyroki twarz owalna, oczy piwne, posz. przez Sędziego Sl. Okr. w . rzasnysz , nr. S. 24-29 z dn. 17.7.30 r. 1 27779-1V-30. Sikora Florian, s. Jana i Katarzyny z d."
Gaj Jan,,ul. Łódzkiej 27. robotnik,art. 138,Disobedience / Violation of Police Regulations,last_address,c8d22323-1a96-4675-a78b-843e8faaf45b,1930-09-18_Gazeta_Śledcza_R_11_L_1388_18_września_1930,1930-09-18,https://polona.pl/preview/c8d22323-1a96-4675-a78b-843e8faaf45b,"Gaj Jan, syn Piotra i Franciszki, lat 25, ost. zam. w Kowlu przy ul. Łódzkiej 27. robotnik, osk. z art. 138 k. k. — Sąd Pow. w Krasnymstawie, nr. K. 2288-29 z dn. 6.9.30 r."
Gurtensztejn Izrael,b. 1891,ul. Pomni kowej 3,,,last_address,30e37dca-f17a-4a17-a541-37aa474af2b9,1930-09-23_Gazeta_Śledcza_R_11_L_1390_23_września_1930,1930-09-23,https://polona.pl/preview/30e37dca-f17a-4a17-a541-37aa474af2b9,"Gurtensztejn Izrael, syn Berka i Małki, urodź. w 1891 r. w Kamieniu Koszyrskim, ost. zam. w Kowlu przy ul. Pomni kowej 3, wyzn, mojż., wzrost średni, włosy blond, wargi wywinięte, osk. o fałszerstwo weksli, posz. przez Pro-ra Sądu Okr. w Lucku, nr. U. 2870-30."
Cesarski v. Plutecki Franciszek. syn Józe y z d. PluteckieJ,60,,art. 289,Unknown - verify (art. 289),last_address,30e37dca-f17a-4a17-a541-37aa474af2b9,1930-09-23_Gazeta_Śledcza_R_11_L_1390_23_września_1930,1930-09-23,https://polona.pl/preview/30e37dca-f17a-4a17-a541-37aa474af2b9,"Cesarski v. Plutecki Franciszek. syn Józe y z d. PluteckieJ, ur. 11.11.1911 r. w Turku, przynal. do Koźminka, pow. kolskiego, osk. z art. 581 cz. 1 k. k., posz. przez Sąd Pow. w Koninie, nr. K.^l 03 34586 Z IV-^ O 9 Poruchała Władysław, syn Stanisława i Marjanny z d Gotowało, ur. 7.1.1906 r. we wsi Bylew, pow. koniński"
Bukowski Franciszek,b. 1876,,,,last_address,8fe57713-4005-430b-b5c4-27937736237d,1930-10-02_Gazeta_Śledcza_R_11_L_1394_2_października_1930,1930-10-02,https://polona.pl/preview/8fe57713-4005-430b-b5c4-27937736237d,"Bukowski Franciszek, syn Michała i Anny z d. Nowak, ur, 13.2.1876 r. we Włościsłowie, pow. Słupca, ost. zam. w Lu- bostroniu, pow. szubińskiego, posz. przez Pro-ra Sądu Okr. w Bydgoszczy, nr. W. 531-30 z dnia 21.8.30 r.; w razie ujęcia odstawić do więz. w Szu binie do dyspozycji powyż. Pro-ra. 14. 35929-1V-30: Raje Aad"
Dziattówna Anna,,ul. Cerkiewnej 7,art. 262,Unknown - verify (art. 262),last_address,b7d7175d-6ac8-41f5-a0f1-9b5b6d46f8a0,1930-10-20_Gazeta_Śledcza_R_11_L_1399_20_października_1930,1930-10-20,https://polona.pl/preview/b7d7175d-6ac8-41f5-a0f1-9b5b6d46f8a0,"Dziattówna Anna, c. Kazimierza, lat 19, ur. w gm. Niesuchoiże, pow. kowelskiego, tamże przynal., ost. zam. w Kowlu przy ulicy Cerkiewnej 7, osk. z art. 262 k. k. — Sąd Pow. w Kowlu,, * nr. K. 11249-29 z dnia 2.10.30 r."
Kokoruza Paweł,,,,,last_address,bafcec13-0165-4c3b-aa9f-51bcb6f5e0eb,1930-10-23_Gazeta_Śledcza_R_11_L_1400_23_października_1930,1930-10-23,https://polona.pl/preview/bafcec13-0165-4c3b-aa9f-51bcb6f5e0eb,"Kokoruza Paweł, s. Aleksandra i Heleny, lat 38, mieszk. Kowla, wyzn. rz. kat., żonaty, urzędnik, osk. z art. 86 u. k. s., posz. przez Sąd Okr. w Lucku, wydz. II karno-skarb., nr. KS. 89-29-91- 11627 z dn. 4.10.30 r."
Siter Ruwin,,,,,last_address,bbe4c40a-d6ef-40ca-9533-e7bfd30a4033,1930-10-30_Gazeta_Śledcza_R_11_L_1402_30_października_1930,1930-10-30,https://polona.pl/preview/bbe4c40a-d6ef-40ca-9533-e7bfd30a4033,"Siter Ruwin, s. Michela, mieszk. Kowla, ul. War szawska 49, esk. z art. 476 cz. I k. k., posz. przez Sąd Okr. w Lucku, wydz. I karny, sekc. 2, nr. UK. 73-10658-30 z dn. 7.10.30 r.; w razie uję cia odstawić do najbliższ. więzienia, o czem powiadomić powyż. Sąd."
Gołębiowski Stanisław,,,art. 138,Disobedience / Violation of Police Regulations,last_address,bbe4c40a-d6ef-40ca-9533-e7bfd30a4033,1930-10-30_Gazeta_Śledcza_R_11_L_1402_30_października_1930,1930-10-30,https://polona.pl/preview/bbe4c40a-d6ef-40ca-9533-e7bfd30a4033,"Gołębiowski Stanisław, s. Piotra i Heleny, ur. ! ..-W-., w. , . 2 w 1913 r., przynal. do Kowla, ost. zam. w Jędrzejowie (rodzice zam. w Kowlu przy ul. Sienkiewicza 30), osk. z art. 138 k. k, oąd ow. w Kowlu, nr. Kg. 1531-30 z dn. 7.10.30 r."
Złapczyński Zygmunt,,ul. Sienkiewicza 19,art. 262,Unknown - verify (art. 262),last_address,bbe4c40a-d6ef-40ca-9533-e7bfd30a4033,1930-10-30_Gazeta_Śledcza_R_11_L_1402_30_października_1930,1930-10-30,https://polona.pl/preview/bbe4c40a-d6ef-40ca-9533-e7bfd30a4033,"Złapczyński Zygmunt, s. Stanisława, lat 36, ost. zam. w Kowlu przy ul. Sienkiewicza 19, osk. z art. 262 k. k. Sąd Paw< w Kowlu, nr. Kg. 2067-30 z dn. 7.10.30 r."
Oksenluk Andrzej,,ul. Kołcdnickiej 24,art. 262,Unknown - verify (art. 262),last_address,09476f09-2fe6-4862-8adc-582434aa3080,1930-11-03_Gazeta_Śledcza_R_11_L_1403_3_listopada_1930,1930-11-03,https://polona.pl/preview/09476f09-2fe6-4862-8adc-582434aa3080,"Oksenluk Andrzej, syn Chwedora, ost. zam. w gm. Miedwicze, pow. łuckiego. — Sąd Pow. w Kowlu, nr. K. 7903-29 z dnia 9.10.30 r. 88. 38720-1V-30 Pierechod Józef, syn Konstantego, lat 36, ost. zam. w Kowlu przy ulicy Kołcdnickiej 24, osk. z art. 262 k. k. — Sąd Pow. w Kowlu, nr. K. 5897-29 z dnia 9.10.30 r."
Michalski Stanisław,,ul. Mokrej 24 lub w Brześciu n/B. przy ul. Myśliwskiej 13,art. 398,Unknown - verify (art. 398),last_address,09476f09-2fe6-4862-8adc-582434aa3080,1930-11-03_Gazeta_Śledcza_R_11_L_1403_3_listopada_1930,1930-11-03,https://polona.pl/preview/09476f09-2fe6-4862-8adc-582434aa3080,"Michalski Stanisław, syn Jana, lat 25, ost. zam. w Kowlu przy ul. Mokrej 24 lub w Brześciu n/B. przy ul. Myśliwskiej 13, wyzn. rz. kat., osk. z art. 398 k. k.~Sąd Pow. w Kowlu, nr. K. 3841-29 z dnia 9.10.30 r."
Bereżecki Władysław,28,,"art. 262, art. 3, art. 284",Unknown - verify (art. 262) & Unknown - verify (art. 3) & Unknown - verify (art. 284),last_address,09476f09-2fe6-4862-8adc-582434aa3080,1930-11-03_Gazeta_Śledcza_R_11_L_1403_3_listopada_1930,1930-11-03,https://polona.pl/preview/09476f09-2fe6-4862-8adc-582434aa3080,"Bereżecki Władysław, syn Seweryna i Jadwigi, 1. 28, ur. w Tesługowie, pow. dubieńskiego, tamże ost. z*m. lub w Kowlu przy ul. Strażackiej 3, wyzn. rz. kat., osk. z art. 262 3 284 k. k. — Sąd Pow. w Kowlu, nr. K. 3034-29 z dnia 9.10.30 r."
W a 1 e n c i k Stanisława,b. 1907,,art. 138,Disobedience / Violation of Police Regulations,last_address,973b684e-0c7a-4eeb-a898-495c3aede8c9,1930-11-07_Gazeta_Śledcza_R_11_L_1404_7_listopada_1930_dod,1930-11-07,https://polona.pl/preview/973b684e-0c7a-4eeb-a898-495c3aede8c9,"W a 1 e n c i k Stanisława, c. Adama i Katarzyny, ur. w 1907 r. w gm. Godów, pow lubelskiego, przynal. do gm. Bsłżyca, pow. lubelskiego, ost. zam. w Kowlu, os. Górka nr. 18, wyzn. rz. kat., krawcowa, osie. z art. 490 k. k. — Sąd Pow. w Kowlu, nr. K. 5425-29 z dnia 14.10.30 r. 62. 3S021-1V-30. Mazur Stanisław, syn Józef"
Szek Lejzor,23,ul. Dużej Kałodnickiej 4 i w Lublinie,art. 138,Disobedience / Violation of Police Regulations,last_address,973b684e-0c7a-4eeb-a898-495c3aede8c9,1930-11-07_Gazeta_Śledcza_R_11_L_1404_7_listopada_1930_dod,1930-11-07,https://polona.pl/preview/973b684e-0c7a-4eeb-a898-495c3aede8c9,"Szek Lejzor, syn Chaima i Eli, lat 22, ost. zam. w Lublinie przy ulicy Kalinowszczyraa 56, piekarz, osk. z art. 138 k. k.~ Sąd Pow. w Kowlu, nr, K. 6015-29 z dnia 14.10.30 r. 64. 3 023-1V-30. Wójcik Władysława, c. Tomasza i Marji, 1. 23, ost, zam. w Kowlu przy ulicy Dużej Kałodnickiej 4 i w Lublinie, osk. z art. 138 k."
"Jelskf Piotr przezwisko „Totka""",27,,art. 51,Complicity / Aiding and Abetting,wanted_by_city,de264fec-b4d5-4c17-8609-c514d5387835,1930-11-12_Gazeta_Śledcza_R_11_L_1405_12_listopada_1930_dod,1930-11-12,https://polona.pl/preview/de264fec-b4d5-4c17-8609-c514d5387835,"Jelskf Piotr przezwisko „Totka"", s. Antoniego i Barbary, I. 27, ur. w Dołhiaawie, tamże przynal. i ost. zam., wzrost w. średni, szatyn, twarz owalna, oczy piwne, os*, z art. 5. p. 2 i 7 p. 1 Rozp. Prez. Rz. P. z dn. 16,2.28 r., posz przez Pro-ra Sądu Okr. w Wil nie, nr. W. 2776-30 z dn. 13.10.30 r,; w razie ujęcia odst"
Karaś Ofit,,ul. d/łodzimierskiej 49,art. 138,Disobedience / Violation of Police Regulations,last_address,de264fec-b4d5-4c17-8609-c514d5387835,1930-11-12_Gazeta_Śledcza_R_11_L_1405_12_listopada_1930_dod,1930-11-12,https://polona.pl/preview/de264fec-b4d5-4c17-8609-c514d5387835,"Karaś Ofit, a. Mikołaja, lat 29, ost. zam. w Ho- rodnie, poe\ Lubomia, osk. z art. 138 k. k.—Sąd Pow. w Kowlu, nr. K. 8045-29 z dnia 15.10.30 r. 68. 39228 IV-30. Oleśnicki Jerzy, syn Walentego i Teofili, lat 47, ost. zam. w Kowlu przy ulicy d/łodzimierskiej 49, biuralista, osk. z art. 138 k. k.—Sąd Pow. w Kowlu, nr. K."
Gruszka Kirył,,ul. Łuckiej 8 r osk. z art 398 k. k. -Sąd Pow. w Kowlu,art. 398,Unknown - verify (art. 398),last_address,de264fec-b4d5-4c17-8609-c514d5387835,1930-11-12_Gazeta_Śledcza_R_11_L_1405_12_listopada_1930_dod,1930-11-12,https://polona.pl/preview/de264fec-b4d5-4c17-8609-c514d5387835,"Gruszka Kirył, svn Nikifora, lat 23, przynal. do gm. Niesuchoiże, pow. kowalskiego, ost. zam. w Kowlu przy ul. Łuckiej 8 r osk. z art 398 k. k. -Sąd Pow. w Kowlu, nr. K. 7323-29 z dn. 15.10.30 r."
Grabowski Jan,20,ul. Fabrycznej 2,art. 138,Disobedience / Violation of Police Regulations,last_address,de264fec-b4d5-4c17-8609-c514d5387835,1930-11-12_Gazeta_Śledcza_R_11_L_1405_12_listopada_1930_dod,1930-11-12,https://polona.pl/preview/de264fec-b4d5-4c17-8609-c514d5387835,"Grabowski Jan, s. Stanisław* i Antoniny, 1. 20, ost. zam. w Kowlu przy ul Fabrycznej 2, osk. z art. 138 k. k. — Sąd Pow. w Kowlu, ur. K. 9225-29 z dn. 15.10.30 r."
Wojciechowski Antoni,36,ul. Sienkiewicza 18,art. 490,Unknown - verify (art. 490),last_address,de264fec-b4d5-4c17-8609-c514d5387835,1930-11-12_Gazeta_Śledcza_R_11_L_1405_12_listopada_1930_dod,1930-11-12,https://polona.pl/preview/de264fec-b4d5-4c17-8609-c514d5387835,"Wojciechowski Antoni, syn Józefa, 1. 36, ost. zam. w Kowlu przy ul. Sienkiewicza 18, osk. z art. 490 k. k.—Sąd Pow. w Kowlu, nr. K. 8055-29 z dn. 15.10.30 r."
Gurtensztejn Izrael,b. 1891,ul. Pomnikowej 3,,,last_address,65f975e6-b35c-4d5c-bab6-ce03862b5c15,1930-12-04_Gazeta_Śledcza_R_11_L_1412_4_grudnia_1930_dod,1930-12-04,https://polona.pl/preview/65f975e6-b35c-4d5c-bab6-ce03862b5c15,"Gurtensztejn Izrael, s. Berka i Małki, ur. w 1891 r. w Kamieniu Koszyrskim, ost. zam. w Kowlu przy ul. Pomnikowej 3, wyzn. mojż., wzrost średni, włosy blond, oczy bronzowe, wargi wywinięte, osk. o fałszerstwo, posz. przez Pro-ra Sądu Okr. w Lucku, nr. CJ. 2879-30 z dn. 12.11.30 r."
Czerwonogóry Mendel,,ul. Piaskowej 22,art. 397,Unknown - verify (art. 397),last_address,4cb4c3e8-ccc2-48e2-a7fc-490feab2c435,1930-12-11_Gazeta_Śledcza_R_11_L_1414_11_grudnia_1930,1930-12-11,https://polona.pl/preview/4cb4c3e8-ccc2-48e2-a7fc-490feab2c435,"Czerwonogóry Mendel, s. Ejnocha i Estery, ost. zam. w Kowlu przy ul. Piaskowej 22, osk. z art. 397 k. k. — Sąd Pow. w Bielsku Podlaskim, nr. Kg. 485-30 z dn. 5.11.30 r. £"
Daszczyk Jan,,ul. Warszawskiej 28 wyzn. rz. kat.,,,last_address,aab8c6ed-99d4-4eb2-9a47-66a6844022a9,1930-12-13_Gazeta_Śledcza_R_11_L_1415_13_grudnia_1930,1930-12-13,https://polona.pl/preview/aab8c6ed-99d4-4eb2-9a47-66a6844022a9,"Daszczyk Jan, s. Pawła i Katarzyny, lat 40, ur. w gm. Tarło, pow. Lubomia, ost. zam. w Kowlu przy ul. Warszawskiej 28 wyzn. rz. kat., drogomistrz, ©sk. z art. 262 k. k.—Sąd Pow. w Kowlu, nr, K. 10686 i 10345-29."
Kuna Aleksander,26,ul. Nadbrzeżnej 22,,,last_address,aab8c6ed-99d4-4eb2-9a47-66a6844022a9,1930-12-13_Gazeta_Śledcza_R_11_L_1415_13_grudnia_1930,1930-12-13,https://polona.pl/preview/aab8c6ed-99d4-4eb2-9a47-66a6844022a9,"Kuna Aleksander, syn Michała i Katarzyny z d. Dzięgiel, 1. 26, ur. w gm. Kurów, pow. puławskiego, tamie przynal., ost. zam. w Kowlu przy ul. Nadbrzeżnej 22, wyzn. rz. kat., osk, z art. 262 k; k. — Sąd Pow. w Kowlu, n% K. 10553-29."
Hołubienko Anna,25,ul. Królowej Bony 1,,,last_address,f98fc867-4df2-44bf-b07b-7ed28cc5188f,1930-12-20_Gazeta_Śledcza_R_11_L_1418_20_grudnia_1930,1930-12-20,https://polona.pl/preview/f98fc867-4df2-44bf-b07b-7ed28cc5188f,"Hołubienko Anna, c. Stefana, I. 25, ost. zam. w Kowlu przy ul. Królowej Bony 1, służąca, osk. z art. 280 k, k.— Sąd Pow. w Kowlu, nr. Kg. 652-30 z dn. 18.11,30 r."
Wójcik Kazimierz,b. 1897,,art. 138,Disobedience / Violation of Police Regulations,last_address,f98fc867-4df2-44bf-b07b-7ed28cc5188f,1930-12-20_Gazeta_Śledcza_R_11_L_1418_20_grudnia_1930,1930-12-20,https://polona.pl/preview/f98fc867-4df2-44bf-b07b-7ed28cc5188f,"Wójcik Kazimierz, s. Józefa i Anieli, ur. 25.2. 1897 r., ost. zam. w Stanlsławicach, pow. kozienickiego, osk. z art. 138 k. k.—Sąd Pow. w Kowlu, nr. K. 7144 29 z dn. 20.11.30 r. 81. 440661V-30. LebSedziński Kazimierz, s. Józefa i Laokadji, lat 33, ost. zam. w Kowlu przy ui. Sienkiewicza 22, cieśla, osk, z art. 138 k. k"
Open Szmul,20,ul. Kolejowej 13,art. 138,Disobedience / Violation of Police Regulations,last_address,f98fc867-4df2-44bf-b07b-7ed28cc5188f,1930-12-20_Gazeta_Śledcza_R_11_L_1418_20_grudnia_1930,1930-12-20,https://polona.pl/preview/f98fc867-4df2-44bf-b07b-7ed28cc5188f,"Open Szmul, s. Abrama i Cyrli, 1. 20, ost. zam. w Kowlu przy ul. Kolejowej 13, krawiec, osk. z art. 138 k. k. —Sąd Pow. w Kowlu, nr. K. 6736-29 z dn. 20.11.30 r."
Mil la Ita,19,,,,last_address,f98fc867-4df2-44bf-b07b-7ed28cc5188f,1930-12-20_Gazeta_Śledcza_R_11_L_1418_20_grudnia_1930,1930-12-20,https://polona.pl/preview/f98fc867-4df2-44bf-b07b-7ed28cc5188f,"Mil la Ita, c. Lory, 1. 19, ost. zam. w Kowlu 2 art - 138 k - k - - 8,3 fW - K °’ lu ' 30,pfzy C 2 | U Zamkowej°l 2' fcSTO ^ “ rKo.rT’ K Tob2 2""fd„ KO ,1 y , r S r. !k ' 2 “*• 138 k - k ' “ 5,8 p ° w - ost z!m .^Hhczyk Teodor, s. Maksyma i Marji, lat 18, z art 138 k w U !f r p Wy2wa - 9 ™' Sled [* szcze . P«w. kowelski"
Wyrozembskl Benedykt,,,,,last_address,f98fc867-4df2-44bf-b07b-7ed28cc5188f,1930-12-20_Gazeta_Śledcza_R_11_L_1418_20_grudnia_1930,1930-12-20,https://polona.pl/preview/f98fc867-4df2-44bf-b07b-7ed28cc5188f,"Wyrozembskl Benedykt, s. Wincentego, lat 38, Ł \ k W ust zam. w Kowlu przy ul. Brzeskiej 134, wyzn. rz. iSkSll. 19 il.M 2 art 262 k ' k - ~ 5,8 PoW ' * K °"" 1 "" «• K -"
Grabowski Mieczysław,20,ul. Warszawskiej 24,art. 262,Unknown - verify (art. 262),last_address,f98fc867-4df2-44bf-b07b-7ed28cc5188f,1930-12-20_Gazeta_Śledcza_R_11_L_1418_20_grudnia_1930,1930-12-20,https://polona.pl/preview/f98fc867-4df2-44bf-b07b-7ed28cc5188f,"Grabowski Mieczysław, s. Jakóba, I. 20, ost. zam. w Kowlu przy ul. Warszawskiej 24, wyzn. rz. kat, robotnik, osk. z art. 262 k. k.~Sąd Pow. w Kowlu, nr. K. 1235-29 z dn. 19.11.30 r."
Jochanowicz Stanisław,,ul. Podjawerskiej 5 i w Lublinie,art. 284,Unknown - verify (art. 284),last_address,f98fc867-4df2-44bf-b07b-7ed28cc5188f,1930-12-20_Gazeta_Śledcza_R_11_L_1418_20_grudnia_1930,1930-12-20,https://polona.pl/preview/f98fc867-4df2-44bf-b07b-7ed28cc5188f,"Jochanowicz Stanisław, s. Feliksa, lat 28, ost zam. w Kowlu przy ul. Podjawerskiej 5 i w Lublinie, wyzn. rz. kat, urzędnik kolej., osk. z art 284 k. k.— Sąd Pow. w Kowlu. nr. K. 9067-28 z dn. 19.11.30 r."
Wojciechowski Antoni,33,ul. Sienkiewicza 18,art. 490,Unknown - verify (art. 490),last_address,24ba2e79-b4c2-4de6-9a39-64a0c0b82265,1930-12-29_Gazeta_Śledcza_R_11_L_1420_29_grudnia_1930,1930-12-29,https://polona.pl/preview/24ba2e79-b4c2-4de6-9a39-64a0c0b82265,"Wojciechowski Antoni, s. Józefa i Marji, I. 33, ost zam. w Kowlu przy ul. Sienkiewicza 18, osk. z art. 490 k. k. — Sąd Pow. w Kowlu, nr. K. 8706 29 z dn. 24,11.30 r."
Jabłońska Helena,,ul. Listopadowej 83 i Bielińskiej 13,art. 581,Theft,last_address,24ba2e79-b4c2-4de6-9a39-64a0c0b82265,1930-12-29_Gazeta_Śledcza_R_11_L_1420_29_grudnia_1930,1930-12-29,https://polona.pl/preview/24ba2e79-b4c2-4de6-9a39-64a0c0b82265,"Jabłońska Helena, c. Antoniego i Franciszki, ur. w J913 r. w Hołobach, pow. kowelskiego, tamże przynal., ost. zam. w Kowlu przy ul. Listopadowej 83 i Bielińskiej 13, wyzn. rz. kat, robot nica, osk. z art. 581 k. k.—Sąd Pow. w Kowlu, nr. K. 8672-29 z dnia 24.11.30 r."
Fajgiei Jankiel Icchek,37,,"art. 51, art. 440, art. 448, art. 593",Complicity / Aiding and Abetting & Forgery & Bribery & Receiving Stolen Goods,last_address;wanted_by_city,045cf82f-9c0a-4e93-a6af-49c614952477,1930-12-31_Gazeta_Śledcza_R_11_L_1421_31_grudnia_1930,1930-12-31,https://polona.pl/preview/045cf82f-9c0a-4e93-a6af-49c614952477,"Fajgiei Jankiel Icchek, s. Chaitna Chaskiela 1 Su ry, 1. 37, ur. w Turzysku, paw. kowalskiego, ost. zam. w Kowlu przy ai. Łuckiej 103, osk. z art. 51, 440, 448 i 593 k. k,, posz. przez Sędziego Si. 3 rew. pow. kowelskiego w Kowlu, nr, 1784, S. 11-27 z dn. 29.11.30 r."
Igliński Aleksander,b. 1905,ul. Chmielnej 25,art. 581,Theft,last_address,045cf82f-9c0a-4e93-a6af-49c614952477,1930-12-31_Gazeta_Śledcza_R_11_L_1421_31_grudnia_1930,1930-12-31,https://polona.pl/preview/045cf82f-9c0a-4e93-a6af-49c614952477,"Igliński Aleksander, syn Stefana i Anny, ur. w 1905 r. w Łukowie, przynai. do gm. Wojsławice, pow. chełmskiego, ost. zam. w Kowlu przy ul. Chmielnej 25, wyzn. prawosł., handlarz, osk* z art. 581 k. k. — Sąd Pow. w Kowlu, nr. K. 9824-29 z dn. 26.11.30 r."
Leszczuk Marja,35,ul. Kolejowej 32,art. 138,Disobedience / Violation of Police Regulations,last_address,045cf82f-9c0a-4e93-a6af-49c614952477,1930-12-31_Gazeta_Śledcza_R_11_L_1421_31_grudnia_1930,1930-12-31,https://polona.pl/preview/045cf82f-9c0a-4e93-a6af-49c614952477,"Leszczuk Marja, c. Tymofleja i Ewy, 1. 35, ost. zam. w Kowlu przy ul. Kolejowej 32, służąca, osk. z art. 138 k. k. — Sąd Pow. w Kowiu, nr. K. 10160-29 z dn. 26.11.30 r."
Gorczyński Aleksander,b. 1898,ul. Wło dzimierskiej 80,art. 591,Fraud / Embezzlement,last_address,045cf82f-9c0a-4e93-a6af-49c614952477,1930-12-31_Gazeta_Śledcza_R_11_L_1421_31_grudnia_1930,1930-12-31,https://polona.pl/preview/045cf82f-9c0a-4e93-a6af-49c614952477,"Gorczyński Aleksander, s. Stanisława i Antoniny, ur. 27.11.1898 r. w Starym Samborze, ost zam. w Kowlu przy ul. Wło dzimierskiej 80, wyzn. rz. kat., wzrost n. średni, włosy blond, twarz pod łużna rumiana, oczy niebieskie, osk. z art. 591 k. k»—Sąd Pow. w Kowlu, nr. K. 10347-29 z dn. 26.11.30 r."
Kopycki Antoni,19,ul. Ogrodowej 15,art. 138,Disobedience / Violation of Police Regulations,last_address,045cf82f-9c0a-4e93-a6af-49c614952477,1930-12-31_Gazeta_Śledcza_R_11_L_1421_31_grudnia_1930,1930-12-31,https://polona.pl/preview/045cf82f-9c0a-4e93-a6af-49c614952477,"Kopycki Antoni, s. Jana I Heleny, 1. 19, ost. zana. w Kowlu przy ul. Ogrodowej 15, osk. z art. 138 k. k. — Sąd Pow. w Kowlu, nr. K. 10528-29 z dn. 26.11.30 r."
Jakubowski Michał,70,ul. Brzeskiej 114,art. 138,Disobedience / Violation of Police Regulations,last_address,045cf82f-9c0a-4e93-a6af-49c614952477,1930-12-31_Gazeta_Śledcza_R_11_L_1421_31_grudnia_1930,1930-12-31,https://polona.pl/preview/045cf82f-9c0a-4e93-a6af-49c614952477,"Jakubowski Michał, s. Franciszka i Anny, I. 70, ost. zam. w Kowlu przy ul. Brzeskiej 114, osk. z art. 138 k. k. — Sąd Pow. w Kowlu, nr. K. 10587-29 z dn. 26.11.30 r."
O m e 1 c z u k Mar ja,22,ul. Niecałej 3,art. 138,Disobedience / Violation of Police Regulations,last_address,045cf82f-9c0a-4e93-a6af-49c614952477,1930-12-31_Gazeta_Śledcza_R_11_L_1421_31_grudnia_1930,1930-12-31,https://polona.pl/preview/045cf82f-9c0a-4e93-a6af-49c614952477,"O m e 1 c z u k Mar ja, c. Antoniego i Zieni, 1. 22, ar. we wsi Bilin, gm. Lubitów, pow. kewelskieg©, tamże przynal., ost. zam. w Kowlu przy ul. Niecałej 3, wyzn. prawosł., osk. z art. 138 k. k. — Sąd Sąd Pow, w Kowlu, nr. K. 2105-29 z dn. 20.11.30 r."
Nikenczuk Paraskiewa,28,ul. Pogranicznej 6,art. 138,Disobedience / Violation of Police Regulations,last_address,045cf82f-9c0a-4e93-a6af-49c614952477,1930-12-31_Gazeta_Śledcza_R_11_L_1421_31_grudnia_1930,1930-12-31,https://polona.pl/preview/045cf82f-9c0a-4e93-a6af-49c614952477,"Nikenczuk Paraskiewa, c. Stefana i Lucji, Ł 28, ost. zam, w Kowlu przy ul. Pogranicznej 6, osk. z art. 138 k. k. — Sąd Pow. w Kowlu, nr. K. 9398-29 z dn. 25.11.30 r."
Burak Chaim,29,,art. 138,Disobedience / Violation of Police Regulations,last_address,045cf82f-9c0a-4e93-a6af-49c614952477,1930-12-31_Gazeta_Śledcza_R_11_L_1421_31_grudnia_1930,1930-12-31,https://polona.pl/preview/045cf82f-9c0a-4e93-a6af-49c614952477,"Burak Chaim, s. icka i Chai, 1. 29, ost. zam. w Kowlu pr 2 y ul. Łuckiej 188, osk. z art. 138 k. k.—Sąd Pow. w Kowlu, nr. K. 9399-29 z dn. 25.11,30 r."
Celnikier Gierszoa,37,ul. Brzeskiej 56,art. 138,Disobedience / Violation of Police Regulations,last_address,045cf82f-9c0a-4e93-a6af-49c614952477,1930-12-31_Gazeta_Śledcza_R_11_L_1421_31_grudnia_1930,1930-12-31,https://polona.pl/preview/045cf82f-9c0a-4e93-a6af-49c614952477,"Celnikier Gierszoa, s. flrona Dawida, I. 37, ost. “ m * rześcia n / B ‘» P r2 y ul - Szlachtuzony zaułek 35-c, garbarz, osk. z art. 138 k. k. — Sąd Pow. w Kowlu, nr. K. 9117-29 z dn. 25.11.30 r. . i. 45356 ' , V-30. Dąbrowski Mieczysław, syn Bolesława i finny, tat 24, ost. zam. w Kowlu przy ul. Brzeskiej 56, osk. z art"
S a ch o r czy k Olga,b. 1892,ul. Warszawskiej 104,art. 138,Disobedience / Violation of Police Regulations,last_address,045cf82f-9c0a-4e93-a6af-49c614952477,1930-12-31_Gazeta_Śledcza_R_11_L_1421_31_grudnia_1930,1930-12-31,https://polona.pl/preview/045cf82f-9c0a-4e93-a6af-49c614952477,"S a ch o r czy k Olga, c. Iwana i Paraski, lat 27, ost. zam. we wsi Turopin, gm. Werba, pow. Włodzimierz, osk. z art. 138 k. k. — Sąd Pow. w Kowlu, nr. K. 9223-29 z dnia 25.11.30 r. _^ 3 * 45358-1V-30. C h a r k o t Rozalja, c. Stanisława i Katarzyny, * a '1 ' ® s * - zam - we wsi Kawęczyn, gm. Zwierzyniec, pow. zamojs"
